Reporting Area,Cryptosporidiosis,Cryptosporidiosis,Cryptosporidiosis,Cryptosporidiosis,Cyclosporiasis,Cyclosporiasis,Cyclosporiasis,Cyclosporiasis
Reporting Area,Current week,Previous 52 weeks Max †,Cum YTD 2022 †,Cum YTD 2021 †,Current week,Previous 52 weeks Max †,Cum YTD 2022 †,Cum YTD 2021 †
"U.S. Residents, excluding U.S. Territories",66,304,3236,2478,15,220,136,203
New England,3,20,113,123,1,13,3,11
Connecticut,-,6,9,17,-,7,-,5
Maine,1,6,17,24,-,2,-,-
Massachusetts,2,7,59,45,1,6,3,5
New Hampshire,-,6,8,14,-,1,-,-
Rhode Island,-,3,12,9,-,1,-,1
Vermont,-,4,8,14,-,0,-,-
Middle Atlantic,5,56,446,340,3,52,22,38
New Jersey,-,14,39,48,-,22,-,10
New York (excluding New York City),-,25,172,113,-,28,3,6
New York City,-,20,78,81,3,12,19,22
Pennsylvania,5,18,157,98,N,NC,N,N
East North Central,4,75,561,366,1,54,21,45
Illinois,-,19,139,78,-,21,5,15
Indiana,-,2,3,9,-,5,1,2
Michigan,1,13,91,67,-,10,4,6
Ohio,-,25,174,101,-,15,4,12
Wisconsin,3,36,154,111,1,25,7,10
West North Central,7,48,328,331,-,37,8,13
Iowa,1,24,134,125,-,16,4,7
Kansas,4,7,31,32,-,12,-,3
Minnesota,-,0,-,-,-,0,-,-
Missouri,-,11,83,57,-,11,1,2
Nebraska,2,7,35,39,-,8,3,-
North Dakota,-,5,15,14,-,2,-,1
South Dakota,-,5,30,64,-,4,-,-
South Atlantic,11,45,539,455,2,59,24,34
Delaware,-,3,11,7,-,2,-,-
District of Columbia,-,1,-,4,-,0,-,-
Florida,-,16,191,127,-,41,8,7
Georgia,3,13,140,85,1,12,9,2
Maryland,1,6,39,22,1,6,3,3
North Carolina,-,11,-,91,-,21,-,14
South Carolina,2,8,67,26,-,8,2,1
Virginia,5,12,69,69,-,4,2,6
West Virginia,-,5,22,24,-,3,-,1
East South Central,5,32,191,180,1,8,2,1
Alabama,1,7,35,43,-,3,-,-
Kentucky,2,11,73,59,N,NC,N,N
Mississippi,-,5,20,11,N,NC,N,N
Tennessee,2,19,63,67,1,8,2,1
West South Central,10,37,274,189,4,37,20,9
Arkansas,4,6,30,24,-,2,2,-
Louisiana,2,11,70,34,-,11,-,1
Oklahoma,2,5,26,31,N,NC,N,N
Texas,2,35,148,100,4,31,18,8
Mountain,10,24,303,224,3,24,15,42
Arizona,3,8,46,31,1,5,1,1
Colorado,3,11,118,65,2,18,12,31
Idaho,1,6,32,25,N,NC,N,N
Montana,-,4,17,28,-,1,-,1
Nevada,-,2,10,6,N,NC,N,N
New Mexico,-,4,17,9,-,2,-,1
Utah,3,9,59,55,-,6,2,8
Wyoming,-,2,4,5,-,1,-,-
Pacific,11,34,481,270,-,14,21,10
Alaska,-,5,1,-,-,0,-,-
California,6,27,326,147,-,10,19,7
Hawaii,-,1,3,1,-,0,-,-
Oregon,2,5,53,63,-,4,1,3
Washington,3,9,98,59,-,1,1,-
U.S. Territories,-,1,-,-,-,1,-,-
American Samoa,N,NC,N,N,N,NC,N,N
Commonwealth of Northern Mariana Islands,-,0,-,-,-,0,-,-
Guam,-,0,-,-,-,0,-,-
Puerto Rico,-,1,-,-,-,1,-,-
U.S. Virgin Islands,-,0,-,-,-,0,-,-
Non-U.S. Residents,-,1,-,-,-,1,-,-
Total,66,304,3236,2478,15,221,136,203
