Reporting Area,Rabies,Rabies,Rabies,Rabies,Rabies,Rabies,Rabies,Rabies
Reporting Area,Animal,Animal,Animal,Animal,Human,Human,Human,Human
Reporting Area,Current week,Previous 52 weeks Max †,Cum YTD 2022 †,Cum YTD 2021 †,Current week,Previous 52 weeks Max †,Cum YTD 2022 †,Cum YTD 2021 †
"U.S. Residents, excluding U.S. Territories",31,54,717,1134,-,1,-,2
New England,1,13,59,71,-,0,-,-
Connecticut,-,0,-,-,-,0,-,-
Maine,1,4,19,37,-,0,-,-
Massachusetts,-,0,-,-,-,0,-,-
New Hampshire,-,4,25,18,-,0,-,-
Rhode Island,-,13,-,5,-,0,-,-
Vermont,-,3,15,11,-,0,-,-
Middle Atlantic,14,12,154,194,-,0,-,-
New Jersey,-,0,-,-,-,0,-,-
New York (excluding New York City),14,12,154,188,-,0,-,-
New York City,-,0,-,6,-,0,-,-
Pennsylvania,-,0,-,-,-,0,-,-
East North Central,4,9,75,67,-,0,-,1
Illinois,3,6,39,22,-,0,-,1
Indiana,-,0,-,-,-,0,-,-
Michigan,1,3,18,21,-,0,-,-
Ohio,-,3,18,24,-,0,-,-
Wisconsin,N,NC,N,N,-,0,-,-
West North Central,1,5,25,33,-,0,-,1
Iowa,-,0,-,-,-,0,-,-
Kansas,-,0,-,-,-,0,-,-
Minnesota,-,0,-,-,-,0,-,1
Missouri,1,3,16,10,-,0,-,-
Nebraska,-,2,9,23,-,0,-,-
North Dakota,-,0,-,-,-,0,-,-
South Dakota,-,0,-,-,-,0,-,-
South Atlantic,-,24,57,241,-,0,-,-
Delaware,-,0,-,-,-,0,-,-
District of Columbia,-,0,-,-,-,0,-,-
Florida,-,24,43,85,-,0,-,-
Georgia,-,0,-,-,-,0,-,-
Maryland,-,0,-,-,-,0,-,-
North Carolina,-,9,-,143,-,0,-,-
South Carolina,N,NC,N,N,-,0,-,-
Virginia,-,0,-,-,-,0,-,-
West Virginia,-,2,14,13,-,0,-,-
East South Central,6,6,36,33,-,0,-,-
Alabama,4,3,29,24,-,0,-,-
Kentucky,2,4,7,9,-,0,-,-
Mississippi,-,0,-,-,-,0,-,-
Tennessee,-,0,-,-,-,0,-,-
West South Central,3,29,279,297,-,1,-,-
Arkansas,-,2,13,15,-,0,-,-
Louisiana,-,0,-,-,-,0,-,-
Oklahoma,-,4,18,25,-,0,-,-
Texas,3,26,248,257,-,1,-,-
Mountain,2,7,31,60,-,1,-,-
Arizona,2,3,17,32,-,0,-,-
Colorado,-,0,-,-,-,0,-,-
Idaho,-,0,-,-,-,1,-,-
Montana,-,3,5,11,-,0,-,-
Nevada,-,1,2,8,-,0,-,-
New Mexico,-,1,7,5,-,0,-,-
Utah,-,1,-,4,-,0,-,-
Wyoming,-,0,-,-,-,0,-,-
Pacific,-,13,1,138,-,0,-,-
Alaska,-,0,-,-,-,0,-,-
California,-,13,-,125,-,0,-,-
Hawaii,-,0,-,-,-,0,-,-
Oregon,-,2,1,13,-,0,-,-
Washington,-,0,-,-,-,0,-,-
U.S. Territories,-,0,-,-,-,0,-,-
American Samoa,U,NC,U,U,U,NC,U,U
Commonwealth of Northern Mariana Islands,-,0,-,-,-,0,-,-
Guam,-,0,-,-,-,0,-,-
Puerto Rico,-,0,-,-,-,0,-,-
U.S. Virgin Islands,-,0,-,-,-,0,-,-
Non-U.S. Residents,-,0,-,-,-,0,-,-
Total,31,54,717,1134,-,1,-,2
