Reporting Area,Q fever,Q fever,Q fever,Q fever
Reporting Area,Total,Total,Total,Total
Reporting Area,Current week,Previous 52 weeks Max †,Cum YTD 2023 †,Cum YTD 2022 †
"U.S. Residents, excluding U.S. Territories",1,9,18,35
New England,-,0,-,-
Connecticut,-,0,-,-
Maine,-,0,-,-
Massachusetts,-,0,-,-
New Hampshire,N,NC,N,N
Rhode Island,-,0,-,-
Vermont,-,0,-,-
Middle Atlantic,1,2,2,-
New Jersey,-,0,-,-
New York (excluding New York City),1,1,2,-
New York City,-,1,-,-
Pennsylvania,-,2,-,-
East North Central,-,2,3,1
Illinois,-,1,1,1
Indiana,-,0,-,-
Michigan,-,1,-,-
Ohio,-,2,2,-
Wisconsin,-,1,-,-
West North Central,-,3,2,1
Iowa,-,2,1,-
Kansas,-,2,-,-
Minnesota,-,1,-,-
Missouri,-,1,-,-
Nebraska,-,1,1,-
North Dakota,-,1,-,-
South Dakota,-,1,-,1
South Atlantic,-,2,2,5
Delaware,-,1,-,-
District of Columbia,-,0,-,-
Florida,-,2,-,1
Georgia,-,0,-,-
Maryland,-,2,-,-
North Carolina,-,0,-,2
South Carolina,-,0,-,-
Virginia,-,1,2,1
West Virginia,-,0,-,1
East South Central,-,1,-,2
Alabama,-,1,-,2
Kentucky,-,1,-,-
Mississippi,-,0,-,-
Tennessee,-,1,-,-
West South Central,-,1,2,1
Arkansas,-,1,1,-
Louisiana,-,1,1,1
Oklahoma,-,0,-,-
Texas,-,1,-,-
Mountain,-,2,2,6
Arizona,-,1,1,-
Colorado,-,1,-,-
Idaho,-,1,1,-
Montana,-,1,-,-
Nevada,-,2,-,2
New Mexico,-,0,-,-
Utah,-,2,-,3
Wyoming,-,1,-,1
Pacific,-,4,5,19
Alaska,-,0,-,-
California,-,4,3,18
Hawaii,-,0,-,-
Oregon,-,1,2,-
Washington,-,1,-,1
U.S. Territories,-,0,-,-
American Samoa,N,NC,N,N
Commonwealth of Northern Mariana Islands,-,0,-,-
Guam,N,NC,N,N
Puerto Rico,-,0,-,-
U.S. Virgin Islands,-,0,-,-
Non-U.S. Residents,-,0,-,-
Total,1,9,18,35
