Reporting Area,"Carbapenemase-Producing Organisms (CPO), Total §,¶","Carbapenemase-Producing Organisms (CPO), Total §,¶","Carbapenemase-Producing Organisms (CPO), Total §,¶","Carbapenemase-Producing Organisms (CPO), Total §,¶"
Reporting Area,Current week,Previous 52 weeks Max †,Cum YTD 2023 †,Cum YTD 2022 †
"U.S. Residents, excluding U.S. Territories",10,NC,385,NN
New England,-,NC,3,NN
Connecticut,-,NC,-,NN
Maine,-,NC,-,NN
Massachusetts,-,NC,-,NN
New Hampshire,-,NC,3,NN
Rhode Island,-,NC,-,NN
Vermont,-,NC,-,NN
Middle Atlantic,1,NC,82,NN
New Jersey,-,NC,-,NN
New York (excluding New York City),-,NC,-,NN
New York City,-,NC,18,NN
Pennsylvania,1,NC,64,NN
East North Central,1,NC,41,NN
Illinois,-,NC,-,NN
Indiana,-,NC,19,NN
Michigan,-,NC,17,NN
Ohio,-,NC,-,NN
Wisconsin,1,NC,5,NN
West North Central,-,NC,7,NN
Iowa,-,NC,4,NN
Kansas,-,NC,3,NN
Minnesota,-,NC,-,NN
Missouri,-,NC,-,NN
Nebraska,-,NC,-,NN
North Dakota,-,NC,-,NN
South Dakota,-,NC,-,NN
South Atlantic,4,NC,57,NN
Delaware,-,NC,-,NN
District of Columbia,-,NC,-,NN
Florida,N,NC,N,NN
Georgia,-,NC,14,NN
Maryland,-,NC,-,NN
North Carolina,-,NC,11,NN
South Carolina,-,NC,-,NN
Virginia,4,NC,32,NN
West Virginia,-,NC,-,NN
East South Central,-,NC,-,NN
Alabama,N,NC,N,NN
Kentucky,-,NC,-,NN
Mississippi,-,NC,-,NN
Tennessee,-,NC,-,NN
West South Central,-,NC,-,NN
Arkansas,-,NC,-,NN
Louisiana,-,NC,-,NN
Oklahoma,-,NC,-,NN
Texas,-,NC,-,NN
Mountain,2,NC,75,NN
Arizona,2,NC,71,NN
Colorado,-,NC,-,NN
Idaho,-,NC,-,NN
Montana,-,NC,-,NN
Nevada,-,NC,2,NN
New Mexico,-,NC,-,NN
Utah,-,NC,2,NN
Wyoming,-,NC,-,NN
Pacific,2,NC,120,NN
Alaska,-,NC,-,NN
California,2,NC,116,NN
Hawaii,-,NC,2,NN
Oregon,-,NC,-,NN
Washington,-,NC,2,NN
U.S. Territories,-,NC,-,NN
American Samoa,-,NC,-,NN
Commonwealth of Northern Mariana Islands,-,NC,-,NN
Guam,-,NC,-,NN
Puerto Rico,-,NC,-,NN
U.S. Virgin Islands,-,NC,-,NN
Non-U.S. Residents,-,NC,-,NN
Total,10,NC,385,NN
