Reporting Area,Brucellosis,Brucellosis,Brucellosis,Brucellosis,Campylobacteriosis,Campylobacteriosis,Campylobacteriosis,Campylobacteriosis,"Candida auris  , clinical §","Candida auris  , clinical §","Candida auris  , clinical §","Candida auris  , clinical §"
Reporting Area,Current week,Previous 52 weeks Max †,Cum YTD 2022 †,Cum YTD 2021 †,Current week,Previous 52 weeks Max †,Cum YTD 2022 †,Cum YTD 2021 †,Current week,Previous 52 weeks Max †,Cum YTD 2022 †,Cum YTD 2021 †
"U.S. Residents, excluding U.S. Territories",-,6,63,60,865,1641,31594,36094,30,41,550,341
New England,-,2,2,2,67,104,1788,1904,-,0,-,-
Connecticut,-,0,-,-,14,22,349,403,-,0,-,-
Maine,-,0,-,-,5,11,101,172,-,0,-,-
Massachusetts,-,0,-,1,36,55,974,841,-,0,-,-
New Hampshire,-,0,-,-,3,20,174,228,-,0,-,-
Rhode Island,-,2,2,-,4,11,118,175,-,0,-,-
Vermont,-,0,-,1,5,8,72,85,-,0,-,-
Middle Atlantic,-,3,9,3,132,249,4651,5177,1,8,48,21
New Jersey,-,1,1,-,9,51,840,1026,-,0,-,-
New York (excluding New York City),-,2,2,-,32,103,857,1268,-,0,-,-
New York City,-,1,1,3,60,83,1656,1312,-,0,-,-
Pennsylvania,-,1,5,-,31,84,1298,1571,1,8,48,21
East North Central,-,1,6,6,67,218,3637,4417,2,16,105,242
Illinois,-,1,3,1,7,64,1190,1209,-,14,20,213
Indiana,-,0,-,-,-,23,33,447,-,5,46,26
Michigan,-,1,3,-,18,47,562,892,-,1,-,-
Ohio,-,1,-,5,19,95,1219,1122,2,5,39,3
Wisconsin,-,0,-,-,23,46,633,747,-,0,-,-
West North Central,-,2,6,13,49,163,1958,3462,-,0,-,-
Iowa,-,1,-,-,28,40,625,744,-,0,-,-
Kansas,-,1,1,-,1,33,196,432,-,0,-,-
Minnesota,-,2,4,12,-,58,-,887,-,0,-,-
Missouri,-,0,-,-,-,32,542,696,-,0,-,-
Nebraska,-,1,1,1,15,23,298,402,-,0,-,-
North Dakota,-,0,-,-,-,9,96,113,-,0,-,-
South Dakota,-,0,-,-,5,19,201,188,-,0,-,-
South Atlantic,-,2,6,6,115,291,4780,6664,21,8,31,20
Delaware,-,0,-,-,5,8,124,112,-,1,1,2
District of Columbia,-,0,-,-,-,1,1,5,-,0,-,-
Florida,-,1,5,3,38,133,2278,2403,N,NC,N,N
Georgia,-,0,-,-,13,44,675,904,-,1,-,-
Maryland,-,1,1,-,13,27,501,440,21,8,30,17
North Carolina,-,0,-,3,-,54,-,1156,-,0,-,1
South Carolina,-,0,-,-,15,30,362,381,-,0,-,-
Virginia,-,0,-,-,31,89,767,1036,-,0,-,-
West Virginia,-,0,-,-,-,22,72,227,-,0,-,-
East South Central,-,1,1,-,56,97,1909,1752,-,0,-,-
Alabama,-,1,-,-,12,33,503,470,N,NC,N,N
Kentucky,-,1,1,-,18,43,579,603,-,0,-,-
Mississippi,-,0,-,-,2,20,313,152,-,0,-,-
Tennessee,-,0,-,-,24,34,514,527,-,0,-,-
West South Central,-,2,12,11,74,287,3148,3382,5,6,41,19
Arkansas,-,1,5,-,19,32,380,341,-,0,-,-
Louisiana,-,0,-,1,13,32,425,236,-,2,3,-
Oklahoma,-,0,-,-,30,43,546,544,-,0,-,-
Texas,-,2,7,10,12,249,1797,2261,5,6,38,19
Mountain,-,2,3,3,61,157,2728,2612,-,21,94,-
Arizona,-,2,1,1,27,65,910,707,-,21,93,-
Colorado,-,1,-,-,23,49,699,579,-,0,-,-
Idaho,-,0,-,-,-,17,240,316,-,0,-,-
Montana,-,0,-,-,-,19,169,166,-,0,-,-
Nevada,-,1,1,1,4,12,107,169,-,1,1,-
New Mexico,-,0,-,1,1,24,179,227,-,0,-,-
Utah,-,1,1,-,6,22,339,326,-,0,-,-
Wyoming,-,0,-,-,-,9,85,122,-,0,-,-
Pacific,-,2,18,16,244,323,6995,6724,1,21,231,39
Alaska,-,0,-,-,1,7,64,44,-,0,-,-
California,-,2,12,14,167,237,5012,4616,1,21,231,39
Hawaii,-,1,-,1,21,27,330,322,-,0,-,-
Oregon,-,1,3,-,16,34,533,660,-,0,-,-
Washington,-,1,3,1,39,59,1056,1082,-,0,-,-
U.S. Territories,-,2,-,1,2,5,54,78,-,0,-,-
American Samoa,-,0,-,-,-,0,-,-,-,0,-,-
Commonwealth of Northern Mariana Islands,-,0,-,-,-,1,-,3,-,0,-,-
Guam,-,2,-,1,-,1,-,13,-,0,-,-
Puerto Rico,-,0,-,-,2,5,54,62,-,0,-,-
U.S. Virgin Islands,-,0,-,-,-,0,-,-,-,0,-,-
Non-U.S. Residents,-,0,-,-,-,1,1,-,-,0,-,-
Total,-,6,63,61,867,1642,31649,36172,30,41,550,341
