Reporting Area,Mumps,Mumps,Mumps,Mumps,Novel Influenza A virus infections §,Novel Influenza A virus infections §,Novel Influenza A virus infections §,Novel Influenza A virus infections §
Reporting Area,Current week,Previous 52 weeks Max †,Cum YTD 2022 †,Cum YTD 2021 †,Current week,Previous 52 weeks Max †,Cum YTD 2022 †,Cum YTD 2021 †
"U.S. Residents, excluding U.S. Territories",4,11,182,101,-,0,-,-
New England,-,1,4,5,-,0,-,-
Connecticut,-,0,-,1,-,0,-,-
Maine,-,0,-,1,-,0,-,-
Massachusetts,-,1,4,2,-,0,-,-
New Hampshire,-,0,-,-,-,0,-,-
Rhode Island,-,1,-,1,-,0,-,-
Vermont,-,1,-,-,-,0,-,-
Middle Atlantic,-,3,25,18,-,0,-,-
New Jersey,-,2,-,2,-,0,-,-
New York (excluding New York City),-,1,6,2,-,0,-,-
New York City,-,2,11,8,-,0,-,-
Pennsylvania,-,2,8,6,-,0,-,-
East North Central,-,6,46,22,-,0,-,-
Illinois,-,2,14,11,-,0,-,-
Indiana,-,3,10,3,-,0,-,-
Michigan,-,2,7,-,-,0,-,-
Ohio,-,2,13,5,-,0,-,-
Wisconsin,-,1,2,3,-,0,-,-
West North Central,-,3,15,11,-,0,-,-
Iowa,-,2,3,7,-,0,-,-
Kansas,-,1,2,-,-,0,-,-
Minnesota,-,0,-,-,-,0,-,-
Missouri,-,1,3,1,-,0,-,-
Nebraska,-,3,6,2,-,0,-,-
North Dakota,-,1,1,1,-,0,-,-
South Dakota,-,0,-,-,-,0,-,-
South Atlantic,2,3,29,14,-,0,-,-
Delaware,-,0,-,-,-,0,-,-
District of Columbia,-,1,2,-,-,0,-,-
Florida,1,2,10,5,-,0,-,-
Georgia,-,2,3,1,-,0,-,-
Maryland,-,1,3,1,-,0,-,-
North Carolina,-,1,-,1,-,0,-,-
South Carolina,-,1,1,-,-,0,-,-
Virginia,1,2,9,6,-,0,-,-
West Virginia,-,1,1,-,-,0,-,-
East South Central,-,1,7,4,-,0,-,-
Alabama,-,1,4,-,-,0,-,-
Kentucky,-,1,2,3,-,0,-,-
Mississippi,-,1,-,1,-,0,-,-
Tennessee,-,1,1,-,-,0,-,-
West South Central,-,3,29,8,-,0,-,-
Arkansas,-,1,2,-,-,0,-,-
Louisiana,-,1,4,-,-,0,-,-
Oklahoma,-,2,2,-,-,0,-,-
Texas,-,3,21,8,-,0,-,-
Mountain,1,3,9,7,-,0,-,-
Arizona,-,1,1,2,-,0,-,-
Colorado,1,1,2,-,-,0,-,-
Idaho,-,1,1,2,-,0,-,-
Montana,-,1,-,-,-,0,-,-
Nevada,-,0,-,-,-,0,-,-
New Mexico,-,2,1,2,-,0,-,-
Utah,-,1,4,1,-,0,-,-
Wyoming,-,0,-,-,-,0,-,-
Pacific,1,2,18,12,-,0,-,-
Alaska,-,0,-,-,-,0,-,-
California,1,2,11,10,-,0,-,-
Hawaii,-,1,2,1,-,0,-,-
Oregon,-,2,4,1,-,0,-,-
Washington,-,1,1,-,-,0,-,-
U.S. Territories,-,0,-,-,-,0,-,-
American Samoa,-,0,-,-,-,0,-,-
Commonwealth of Northern Mariana Islands,-,0,-,-,-,0,-,-
Guam,-,0,-,-,-,0,-,-
Puerto Rico,-,0,-,-,-,0,-,-
U.S. Virgin Islands,-,0,-,-,-,0,-,-
Non-U.S. Residents,-,0,-,-,-,0,-,-
Total,4,11,182,101,-,0,-,-
