Reporting Area,Leptospirosis §,Leptospirosis §,Leptospirosis §,Leptospirosis §
Reporting Area,Current week,Previous 52 weeks Max †,Cum YTD 2023 †,Cum YTD 2022 †
"U.S. Residents, excluding U.S. Territories",-,7,22,12
New England,-,1,1,-
Connecticut,N,NC,N,N
Maine,-,1,1,-
Massachusetts,N,NC,N,N
New Hampshire,-,0,-,-
Rhode Island,-,1,-,-
Vermont,-,0,-,-
Middle Atlantic,-,3,8,4
New Jersey,-,1,-,1
New York (excluding New York City),N,NC,N,N
New York City,-,3,6,3
Pennsylvania,-,2,2,-
East North Central,-,3,3,1
Illinois,-,1,1,1
Indiana,-,1,-,-
Michigan,-,1,1,-
Ohio,-,2,1,-
Wisconsin,-,0,-,-
West North Central,-,1,1,-
Iowa,N,NC,N,N
Kansas,-,0,-,-
Minnesota,-,1,-,-
Missouri,-,1,1,-
Nebraska,-,0,-,-
North Dakota,-,0,-,-
South Dakota,-,0,-,-
South Atlantic,-,2,2,-
Delaware,-,1,-,-
District of Columbia,-,1,-,-
Florida,-,1,2,-
Georgia,-,0,-,-
Maryland,-,2,-,-
North Carolina,-,1,-,-
South Carolina,-,0,-,-
Virginia,-,1,-,-
West Virginia,-,0,-,-
East South Central,-,1,-,-
Alabama,-,1,-,-
Kentucky,-,0,-,-
Mississippi,N,NC,N,N
Tennessee,N,NC,N,N
West South Central,-,0,-,-
Arkansas,-,0,-,-
Louisiana,-,0,-,-
Oklahoma,-,0,-,-
Texas,N,NC,N,N
Mountain,-,1,1,-
Arizona,-,0,-,-
Colorado,N,NC,N,N
Idaho,-,1,1,-
Montana,-,0,-,-
Nevada,-,0,-,-
New Mexico,-,0,-,-
Utah,-,0,-,-
Wyoming,-,0,-,-
Pacific,-,2,6,7
Alaska,-,0,-,-
California,-,2,3,1
Hawaii,-,1,-,6
Oregon,-,1,3,-
Washington,-,1,-,-
U.S. Territories,-,17,49,53
American Samoa,-,0,-,-
Commonwealth of Northern Mariana Islands,-,0,-,-
Guam,-,0,-,-
Puerto Rico,-,17,49,53
U.S. Virgin Islands,-,0,-,-
Non-U.S. Residents,-,0,-,-
Total,-,19,71,65
