Reporting Area,Cryptosporidiosis,Cryptosporidiosis,Cryptosporidiosis,Cryptosporidiosis
Reporting Area,Current week,Previous 52 weeks Max †,Cum YTD 2023 †,Cum YTD 2022 †
"U.S. Residents, excluding U.S. Territories",48,369,4195,4601
New England,4,19,153,167
Connecticut,-,2,10,21
Maine,-,4,18,20
Massachusetts,3,14,84,74
New Hampshire,-,4,16,13
Rhode Island,1,5,20,26
Vermont,-,4,5,13
Middle Atlantic,8,81,515,624
New Jersey,-,36,108,148
New York (excluding New York City),2,11,105,172
New York City,-,20,107,110
Pennsylvania,6,21,195,194
East North Central,6,86,846,791
Illinois,-,21,200,172
Indiana,-,16,144,99
Michigan,1,27,136,131
Ohio,1,23,217,204
Wisconsin,4,28,149,185
West North Central,8,68,403,611
Iowa,2,21,155,191
Kansas,1,5,38,41
Minnesota,-,33,-,157
Missouri,3,10,104,109
Nebraska,1,7,43,53
North Dakota,-,6,18,21
South Dakota,1,6,45,39
South Atlantic,7,85,914,825
Delaware,-,3,9,18
District of Columbia,-,2,18,-
Florida,1,20,300,229
Georgia,2,19,178,180
Maryland,2,12,64,46
North Carolina,-,16,124,128
South Carolina,-,10,72,70
Virginia,2,15,129,102
West Virginia,-,11,20,52
East South Central,1,29,218,285
Alabama,-,8,10,62
Kentucky,1,15,89,97
Mississippi,-,4,36,37
Tennessee,-,15,83,89
West South Central,5,52,275,375
Arkansas,1,7,26,34
Louisiana,-,7,68,77
Oklahoma,4,7,48,27
Texas,-,45,133,237
Mountain,3,35,348,371
Arizona,-,8,59,48
Colorado,-,12,93,128
Idaho,-,6,31,34
Montana,-,4,27,28
Nevada,-,4,6,20
New Mexico,-,5,15,30
Utah,2,10,100,76
Wyoming,1,4,17,7
Pacific,6,41,523,552
Alaska,1,1,6,1
California,4,33,392,380
Hawaii,-,3,18,6
Oregon,1,8,61,55
Washington,-,8,46,110
U.S. Territories,-,0,-,1
American Samoa,N,NC,N,N
Commonwealth of Northern Mariana Islands,-,0,-,-
Guam,-,0,-,-
Puerto Rico,-,0,-,1
U.S. Virgin Islands,-,0,-,-
Non-U.S. Residents,-,0,-,1
Total,48,369,4195,4603
