Reporting Area,Cyclosporiasis,Cyclosporiasis,Cyclosporiasis,Cyclosporiasis
Reporting Area,Current week,Previous 52 weeks Max †,Cum YTD 2023 †,Cum YTD 2022 †
"U.S. Residents, excluding U.S. Territories",2,290,43,42
New England,-,9,1,2
Connecticut,-,3,-,-
Maine,-,1,-,-
Massachusetts,-,6,1,2
New Hampshire,-,1,-,-
Rhode Island,-,2,-,-
Vermont,-,1,-,-
Middle Atlantic,-,26,3,7
New Jersey,-,9,-,2
New York (excluding New York City),-,0,-,3
New York City,-,18,3,2
Pennsylvania,N,NC,N,N
East North Central,1,39,5,4
Illinois,-,29,3,-
Indiana,-,2,-,-
Michigan,1,6,2,2
Ohio,-,7,-,-
Wisconsin,-,10,-,2
West North Central,-,10,6,1
Iowa,-,4,-,1
Kansas,-,5,1,-
Minnesota,-,0,-,-
Missouri,-,5,2,-
Nebraska,-,3,3,-
North Dakota,-,0,-,-
South Dakota,-,1,-,-
South Atlantic,-,133,15,17
Delaware,-,2,-,-
District of Columbia,-,1,1,-
Florida,-,74,8,7
Georgia,-,40,2,2
Maryland,-,6,2,1
North Carolina,-,34,-,5
South Carolina,-,14,-,1
Virginia,-,11,2,1
West Virginia,-,2,-,-
East South Central,-,11,2,-
Alabama,-,0,-,-
Kentucky,-,4,-,-
Mississippi,N,NC,N,N
Tennessee,-,7,2,-
West South Central,-,81,3,2
Arkansas,-,2,-,1
Louisiana,-,13,-,-
Oklahoma,N,NC,N,N
Texas,-,77,3,1
Mountain,1,13,4,4
Arizona,-,3,1,-
Colorado,1,10,2,4
Idaho,N,NC,N,N
Montana,-,1,1,-
Nevada,N,NC,N,N
New Mexico,-,1,-,-
Utah,-,3,-,-
Wyoming,-,1,-,-
Pacific,-,16,4,5
Alaska,-,1,-,-
California,-,14,3,4
Hawaii,-,1,-,-
Oregon,-,2,1,-
Washington,-,0,-,1
U.S. Territories,-,0,-,-
American Samoa,N,NC,N,N
Commonwealth of Northern Mariana Islands,-,0,-,-
Guam,-,0,-,-
Puerto Rico,-,0,-,-
U.S. Virgin Islands,-,0,-,-
Non-U.S. Residents,-,1,-,-
Total,2,290,43,42
