Reporting Area,Arboviral diseases,Arboviral diseases,Arboviral diseases,Arboviral diseases
Reporting Area,Chikungunya virus disease,Chikungunya virus disease,Chikungunya virus disease,Chikungunya virus disease
Reporting Area,Current week,Previous 52 weeks Max †,Cum YTD 2023 †,Cum YTD 2022 †
"U.S. Residents, excluding U.S. Territories",-,4,16,14
New England,-,1,-,2
Connecticut,-,0,-,-
Maine,-,0,-,-
Massachusetts,-,0,-,2
New Hampshire,-,1,-,-
Rhode Island,-,0,-,-
Vermont,-,1,-,-
Middle Atlantic,-,2,10,2
New Jersey,-,0,-,1
New York (excluding New York City),-,1,2,-
New York City,-,2,8,-
Pennsylvania,-,1,-,1
East North Central,-,1,1,4
Illinois,-,1,-,4
Indiana,-,1,1,-
Michigan,-,1,-,-
Ohio,-,1,-,-
Wisconsin,-,0,-,-
West North Central,-,1,1,1
Iowa,-,1,-,-
Kansas,-,1,-,1
Minnesota,-,1,-,-
Missouri,-,1,1,-
Nebraska,-,0,-,-
North Dakota,-,0,-,-
South Dakota,-,0,-,-
South Atlantic,-,1,2,1
Delaware,-,0,-,-
District of Columbia,-,0,-,-
Florida,-,1,-,-
Georgia,-,0,-,-
Maryland,-,1,-,-
North Carolina,-,1,1,-
South Carolina,-,1,1,-
Virginia,-,1,-,1
West Virginia,-,0,-,-
East South Central,-,1,1,-
Alabama,-,0,-,-
Kentucky,-,1,-,-
Mississippi,-,0,-,-
Tennessee,-,1,1,-
West South Central,-,1,1,1
Arkansas,-,0,-,-
Louisiana,-,1,1,1
Oklahoma,-,0,-,-
Texas,-,0,-,-
Mountain,-,1,-,1
Arizona,-,0,-,-
Colorado,-,1,-,-
Idaho,-,0,-,-
Montana,-,0,-,-
Nevada,-,0,-,-
New Mexico,-,1,-,1
Utah,-,1,-,-
Wyoming,-,0,-,-
Pacific,-,1,-,2
Alaska,-,0,-,-
California,-,1,-,2
Hawaii,-,0,-,-
Oregon,-,0,-,-
Washington,-,1,-,-
U.S. Territories,-,0,-,-
American Samoa,-,0,-,-
Commonwealth of Northern Mariana Islands,-,0,-,-
Guam,-,0,-,-
Puerto Rico,-,0,-,-
U.S. Virgin Islands,-,0,-,-
Non-U.S. Residents,-,0,-,-
Total,-,4,16,14
