Reporting Area,Syphilis,Syphilis,Syphilis,Syphilis
Reporting Area,Congenital §,Congenital §,Congenital §,Congenital §
Reporting Area,Current week,Previous 52 weeks Max †,Cum YTD 2023 †,Cum YTD 2022 †
"U.S. Residents, excluding U.S. Territories",-,79,353,952
New England,-,2,4,6
Connecticut,-,0,-,-
Maine,-,1,-,-
Massachusetts,-,2,4,3
New Hampshire,-,2,-,1
Rhode Island,-,1,-,2
Vermont,-,0,-,-
Middle Atlantic,-,5,7,35
New Jersey,-,3,7,16
New York (excluding New York City),-,3,-,9
New York City,-,0,-,-
Pennsylvania,-,3,-,10
East North Central,-,9,24,82
Illinois,-,3,-,27
Indiana,-,2,7,13
Michigan,-,2,6,12
Ohio,-,4,7,27
Wisconsin,-,2,4,3
West North Central,-,7,-,53
Iowa,-,1,-,2
Kansas,-,1,-,7
Minnesota,-,3,-,5
Missouri,-,4,-,25
Nebraska,-,2,-,3
North Dakota,-,1,-,-
South Dakota,-,3,-,11
South Atlantic,-,18,62,134
Delaware,-,0,-,2
District of Columbia,-,1,-,1
Florida,-,12,36,72
Georgia,-,6,9,29
Maryland,U,NC,U,U
North Carolina,-,4,17,16
South Carolina,-,2,-,4
Virginia,-,3,-,5
West Virginia,-,1,-,5
East South Central,-,7,22,47
Alabama,-,3,7,9
Kentucky,-,3,7,6
Mississippi,-,2,4,13
Tennessee,-,3,4,19
West South Central,-,28,100,251
Arkansas,-,5,5,21
Louisiana,-,4,2,32
Oklahoma,-,5,17,24
Texas,-,25,76,174
Mountain,-,13,39,108
Arizona,-,10,31,51
Colorado,-,2,7,13
Idaho,-,0,-,-
Montana,-,2,-,2
Nevada,-,5,-,21
New Mexico,-,5,1,18
Utah,-,2,-,3
Wyoming,-,0,-,-
Pacific,-,22,95,236
Alaska,-,2,4,4
California,-,18,80,202
Hawaii,-,3,-,4
Oregon,-,3,11,15
Washington,-,4,-,11
U.S. Territories,-,1,-,-
American Samoa,-,0,-,-
Commonwealth of Northern Mariana Islands,-,0,-,-
Guam,-,0,-,-
Puerto Rico,-,1,-,-
U.S. Virgin Islands,-,0,-,-
Non-U.S. Residents,-,0,-,-
Total,-,79,353,952
