Reporting Area,Campylobacteriosis,Campylobacteriosis,Campylobacteriosis,Campylobacteriosis
Reporting Area,Current week,Previous 52 weeks Max †,Cum YTD 2023 †,Cum YTD 2022 †
"U.S. Residents, excluding U.S. Territories",968,1762,30249,29747
New England,38,102,1232,1440
Connecticut,-,26,180,275
Maine,4,9,74,78
Massachusetts,33,55,676,776
New Hampshire,-,11,144,159
Rhode Island,1,13,98,100
Vermont,-,8,60,52
Middle Atlantic,168,289,4946,4387
New Jersey,1,59,858,926
New York (excluding New York City),76,127,1268,1012
New York City,55,94,1730,1329
Pennsylvania,36,89,1090,1120
East North Central,78,256,3496,3607
Illinois,2,80,989,1081
Indiana,-,34,277,405
Michigan,5,50,604,594
Ohio,58,98,1045,959
Wisconsin,13,48,581,568
West North Central,69,183,1780,2494
Iowa,24,40,514,512
Kansas,7,32,284,329
Minnesota,-,56,-,644
Missouri,29,42,526,526
Nebraska,9,22,232,236
North Dakota,-,7,55,94
South Dakota,-,15,169,153
South Atlantic,168,297,5488,5250
Delaware,-,9,39,96
District of Columbia,-,8,57,13
Florida,109,127,2192,1943
Georgia,4,43,543,799
Maryland,34,43,572,472
North Carolina,-,58,882,848
South Carolina,-,30,349,275
Virginia,21,53,742,627
West Virginia,-,20,112,177
East South Central,-,97,1115,1663
Alabama,-,33,35,405
Kentucky,-,35,354,525
Mississippi,-,22,227,301
Tennessee,-,40,499,432
West South Central,180,239,3276,2676
Arkansas,16,24,304,289
Louisiana,-,26,365,359
Oklahoma,58,51,547,421
Texas,106,162,2060,1607
Mountain,44,150,2236,2410
Arizona,33,55,738,758
Colorado,5,42,508,560
Idaho,2,18,226,214
Montana,-,10,91,172
Nevada,-,12,66,125
New Mexico,2,27,219,214
Utah,2,26,307,286
Wyoming,-,9,81,81
Pacific,223,357,6680,5820
Alaska,4,9,49,59
California,195,262,5340,4223
Hawaii,-,38,470,225
Oregon,24,30,487,434
Washington,-,68,334,879
U.S. Territories,-,4,25,50
American Samoa,-,0,-,-
Commonwealth of Northern Mariana Islands,-,0,-,-
Guam,-,0,-,-
Puerto Rico,-,4,25,50
U.S. Virgin Islands,-,0,-,-
Non-U.S. Residents,-,2,1,1
Total,968,1763,30275,29798
