Reporting Area,Legionellosis,Legionellosis,Legionellosis,Legionellosis
Reporting Area,Current week,Previous 52 weeks Max †,Cum YTD 2023 †,Cum YTD 2022 †
"U.S. Residents, excluding U.S. Territories",19,213,262,468
New England,-,26,5,26
Connecticut,-,4,-,4
Maine,-,4,-,-
Massachusetts,-,21,3,22
New Hampshire,-,4,1,-
Rhode Island,-,11,1,-
Vermont,-,2,-,-
Middle Atlantic,2,60,30,83
New Jersey,-,6,1,7
New York (excluding New York City),2,25,18,28
New York City,-,26,11,20
Pennsylvania,-,20,-,28
East North Central,2,74,36,69
Illinois,-,34,9,24
Indiana,-,14,3,15
Michigan,2,20,19,19
Ohio,U,NC,U,U
Wisconsin,-,14,5,11
West North Central,2,19,14,25
Iowa,-,3,-,3
Kansas,-,5,2,-
Minnesota,-,7,-,5
Missouri,1,13,7,10
Nebraska,1,2,5,4
North Dakota,-,1,-,1
South Dakota,-,2,-,2
South Atlantic,5,58,74,108
Delaware,-,2,-,1
District of Columbia,-,8,1,1
Florida,2,20,32,63
Georgia,-,9,-,10
Maryland,1,11,10,5
North Carolina,-,10,7,4
South Carolina,-,7,6,6
Virginia,2,12,18,13
West Virginia,-,6,-,5
East South Central,1,19,13,24
Alabama,-,6,3,5
Kentucky,-,5,-,9
Mississippi,-,4,-,4
Tennessee,1,15,10,6
West South Central,5,22,22,24
Arkansas,2,5,4,2
Louisiana,1,6,6,4
Oklahoma,-,1,-,-
Texas,2,13,12,18
Mountain,2,15,14,41
Arizona,1,9,4,27
Colorado,1,9,5,3
Idaho,-,4,2,-
Montana,-,1,1,1
Nevada,-,3,-,4
New Mexico,-,4,1,2
Utah,-,3,1,4
Wyoming,-,2,-,-
Pacific,-,17,54,68
Alaska,-,1,-,-
California,-,15,42,51
Hawaii,-,2,2,5
Oregon,-,6,4,3
Washington,-,4,6,9
U.S. Territories,-,1,-,-
American Samoa,N,NC,N,N
Commonwealth of Northern Mariana Islands,-,0,-,-
Guam,-,0,-,-
Puerto Rico,-,1,-,-
U.S. Virgin Islands,-,0,-,-
Non-U.S. Residents,-,0,-,-
Total,19,213,262,468
