Reporting Area,"Hepatitis B, acute","Hepatitis B, acute","Hepatitis B, acute","Hepatitis B, acute"
Reporting Area,Current week,Previous 52 weeks Max †,Cum YTD 2023 †,Cum YTD 2022 †
"U.S. Residents, excluding U.S. Territories",15,51,356,449
New England,-,4,9,12
Connecticut,-,0,-,-
Maine,-,4,6,5
Massachusetts,-,2,3,6
New Hampshire,-,1,-,1
Rhode Island,-,1,-,-
Vermont,-,1,-,-
Middle Atlantic,-,7,16,28
New Jersey,-,1,-,-
New York (excluding New York City),-,2,3,4
New York City,-,6,5,6
Pennsylvania,-,3,8,18
East North Central,1,9,20,53
Illinois,-,2,4,2
Indiana,-,4,2,18
Michigan,1,3,6,10
Ohio,-,4,4,21
Wisconsin,-,2,4,2
West North Central,-,4,6,13
Iowa,-,4,2,3
Kansas,-,1,-,-
Minnesota,-,2,-,1
Missouri,-,2,2,7
Nebraska,-,1,2,2
North Dakota,-,1,-,-
South Dakota,-,1,-,-
South Atlantic,12,35,198,219
Delaware,1,2,3,3
District of Columbia,U,NC,U,U
Florida,11,32,165,137
Georgia,-,2,1,16
Maryland,-,4,3,3
North Carolina,-,4,12,29
South Carolina,-,3,4,19
Virginia,-,4,6,6
West Virginia,-,4,4,6
East South Central,-,9,51,50
Alabama,-,6,9,13
Kentucky,-,5,22,22
Mississippi,-,1,4,2
Tennessee,-,5,16,13
West South Central,2,6,19,27
Arkansas,-,2,3,8
Louisiana,-,3,5,6
Oklahoma,2,2,2,2
Texas,-,4,9,11
Mountain,-,5,7,22
Arizona,-,2,4,5
Colorado,-,0,-,1
Idaho,-,1,-,-
Montana,-,1,1,-
Nevada,-,2,1,14
New Mexico,-,0,-,-
Utah,-,2,-,2
Wyoming,-,1,1,-
Pacific,-,7,30,25
Alaska,-,1,2,-
California,-,5,19,17
Hawaii,-,2,3,-
Oregon,-,2,2,3
Washington,-,2,4,5
U.S. Territories,-,0,-,-
American Samoa,-,0,-,-
Commonwealth of Northern Mariana Islands,-,0,-,-
Guam,-,0,-,-
Puerto Rico,-,0,-,-
U.S. Virgin Islands,-,0,-,-
Non-U.S. Residents,-,0,-,-
Total,15,51,356,449
