Reporting Area,"Hepatitis B, acute","Hepatitis B, acute","Hepatitis B, acute","Hepatitis B, acute"
Reporting Area,Current week,Previous 52 weeks Max †,Cum YTD 2023 †,Cum YTD 2022 †
"U.S. Residents, excluding U.S. Territories",9,53,547,661
New England,-,4,17,25
Connecticut,-,0,-,-
Maine,-,2,9,14
Massachusetts,-,2,7,9
New Hampshire,-,1,-,2
Rhode Island,-,1,-,-
Vermont,-,1,1,-
Middle Atlantic,2,7,21,36
New Jersey,-,1,-,4
New York (excluding New York City),-,2,3,6
New York City,1,6,10,6
Pennsylvania,1,2,8,20
East North Central,2,9,43,73
Illinois,-,2,6,3
Indiana,-,4,10,26
Michigan,1,3,11,13
Ohio,1,4,10,30
Wisconsin,-,1,6,1
West North Central,-,5,10,15
Iowa,-,4,3,3
Kansas,-,1,1,1
Minnesota,-,2,-,2
Missouri,-,1,3,7
Nebraska,-,1,3,2
North Dakota,-,1,-,-
South Dakota,-,1,-,-
South Atlantic,3,35,284,345
Delaware,-,2,6,3
District of Columbia,U,NC,U,U
Florida,3,32,215,224
Georgia,-,2,1,23
Maryland,-,4,4,6
North Carolina,-,4,24,44
South Carolina,-,3,15,21
Virginia,-,4,11,12
West Virginia,-,4,8,12
East South Central,-,9,71,65
Alabama,-,6,14,16
Kentucky,-,5,24,26
Mississippi,-,1,4,3
Tennessee,-,5,29,20
West South Central,1,9,36,40
Arkansas,-,2,2,11
Louisiana,1,4,9,6
Oklahoma,-,2,4,4
Texas,-,5,21,19
Mountain,1,5,19,26
Arizona,-,2,8,7
Colorado,-,0,-,1
Idaho,-,1,-,-
Montana,1,1,4,-
Nevada,-,2,6,16
New Mexico,-,0,-,-
Utah,-,2,-,2
Wyoming,-,1,1,-
Pacific,-,7,46,36
Alaska,-,1,2,1
California,-,5,27,24
Hawaii,-,2,4,-
Oregon,-,3,7,5
Washington,-,2,6,6
U.S. Territories,-,0,-,-
American Samoa,-,0,-,-
Commonwealth of Northern Mariana Islands,-,0,-,-
Guam,-,0,-,-
Puerto Rico,-,0,-,-
U.S. Virgin Islands,-,0,-,-
Non-U.S. Residents,-,0,-,-
Total,9,53,547,661
