Reporting Area,"Vibriosis (any species of the family  Vibrionaceae  , other than toxigenic  Vibrio  cholerae O1 or O139)","Vibriosis (any species of the family  Vibrionaceae  , other than toxigenic  Vibrio  cholerae O1 or O139)","Vibriosis (any species of the family  Vibrionaceae  , other than toxigenic  Vibrio  cholerae O1 or O139)","Vibriosis (any species of the family  Vibrionaceae  , other than toxigenic  Vibrio  cholerae O1 or O139)"
Reporting Area,Probable,Probable,Probable,Probable
Reporting Area,Current week,Previous 52 weeks Max †,Cum YTD 2023 †,Cum YTD 2022 †
"U.S. Residents, excluding U.S. Territories",14,49,378,534
New England,1,5,15,17
Connecticut,-,4,4,5
Maine,-,2,-,1
Massachusetts,1,2,11,9
New Hampshire,-,1,-,2
Rhode Island,-,2,-,-
Vermont,-,0,-,-
Middle Atlantic,2,12,46,96
New Jersey,1,6,21,26
New York (excluding New York City),1,3,9,18
New York City,-,5,4,31
Pennsylvania,-,4,12,21
East North Central,-,8,50,65
Illinois,-,3,16,19
Indiana,-,2,8,3
Michigan,-,2,7,13
Ohio,-,4,9,13
Wisconsin,-,3,10,17
West North Central,-,6,4,47
Iowa,N,NC,N,N
Kansas,-,2,-,4
Minnesota,-,4,-,30
Missouri,-,1,2,4
Nebraska,-,2,1,6
North Dakota,-,1,-,3
South Dakota,-,1,1,-
South Atlantic,3,16,114,113
Delaware,-,1,2,-
District of Columbia,-,1,-,1
Florida,-,7,49,32
Georgia,-,5,-,23
Maryland,2,5,26,18
North Carolina,-,6,16,15
South Carolina,-,2,7,5
Virginia,1,4,13,12
West Virginia,-,1,1,7
East South Central,-,5,11,26
Alabama,-,2,-,9
Kentucky,-,2,3,3
Mississippi,-,2,-,8
Tennessee,-,2,8,6
West South Central,4,9,74,75
Arkansas,1,1,3,1
Louisiana,-,3,28,24
Oklahoma,-,1,3,4
Texas,3,7,40,46
Mountain,3,6,30,29
Arizona,1,4,11,10
Colorado,-,3,9,13
Idaho,N,NC,N,N
Montana,-,1,2,2
Nevada,-,1,-,-
New Mexico,-,1,-,1
Utah,2,2,6,2
Wyoming,-,1,2,1
Pacific,1,16,34,66
Alaska,-,1,1,1
California,-,13,21,45
Hawaii,-,1,3,1
Oregon,1,2,2,1
Washington,-,4,7,18
U.S. Territories,-,0,-,-
American Samoa,N,NC,N,N
Commonwealth of Northern Mariana Islands,-,0,-,-
Guam,-,0,-,-
Puerto Rico,-,0,-,-
U.S. Virgin Islands,-,0,-,-
Non-U.S. Residents,-,0,-,-
Total,14,49,378,534
