Reporting Area,"Hepatitis C, acute §","Hepatitis C, acute §","Hepatitis C, acute §","Hepatitis C, acute §"
Reporting Area,Confirmed,Confirmed,Confirmed,Confirmed
Reporting Area,Current week,Previous 52 weeks Max †,Cum YTD 2023 †,Cum YTD 2022 †
"U.S. Residents, excluding U.S. Territories",18,174,184,351
New England,3,10,7,28
Connecticut,-,1,-,3
Maine,-,5,3,12
Massachusetts,-,7,-,10
New Hampshire,-,2,-,-
Rhode Island,3,3,4,-
Vermont,-,3,-,3
Middle Atlantic,1,104,8,43
New Jersey,-,4,-,4
New York (excluding New York City),1,11,6,14
New York City,-,90,-,-
Pennsylvania,-,8,2,25
East North Central,2,23,10,55
Illinois,-,8,-,18
Indiana,-,8,-,12
Michigan,-,5,3,7
Ohio,2,6,7,10
Wisconsin,-,4,-,8
West North Central,2,6,8,5
Iowa,-,2,1,2
Kansas,-,2,-,2
Minnesota,-,3,-,-
Missouri,1,2,3,-
Nebraska,1,2,3,-
North Dakota,-,0,-,-
South Dakota,-,2,1,1
South Atlantic,6,62,101,129
Delaware,-,2,5,2
District of Columbia,U,NC,U,U
Florida,3,60,88,116
Georgia,-,2,-,3
Maryland,2,3,5,2
North Carolina,-,4,1,1
South Carolina,-,1,-,-
Virginia,1,3,1,-
West Virginia,-,4,1,5
East South Central,2,16,22,26
Alabama,-,1,-,-
Kentucky,2,8,14,13
Mississippi,-,1,-,-
Tennessee,-,8,8,13
West South Central,2,9,10,23
Arkansas,-,2,-,2
Louisiana,1,7,9,19
Oklahoma,1,2,1,1
Texas,-,4,-,1
Mountain,-,11,9,24
Arizona,U,NC,U,U
Colorado,-,1,-,1
Idaho,-,1,1,-
Montana,-,2,1,4
Nevada,-,6,-,1
New Mexico,-,2,-,1
Utah,-,7,7,17
Wyoming,-,1,-,-
Pacific,-,11,9,18
Alaska,N,NC,N,N
California,-,8,9,9
Hawaii,-,0,-,-
Oregon,-,2,-,1
Washington,-,3,-,8
U.S. Territories,-,0,-,-
American Samoa,-,0,-,-
Commonwealth of Northern Mariana Islands,-,0,-,-
Guam,-,0,-,-
Puerto Rico,N,NC,N,N
U.S. Virgin Islands,-,0,-,-
Non-U.S. Residents,-,0,-,-
Total,18,174,184,351
