Reporting Area,Cryptosporidiosis,Cryptosporidiosis,Cryptosporidiosis,Cryptosporidiosis,Cyclosporiasis,Cyclosporiasis,Cyclosporiasis,Cyclosporiasis
Reporting Area,Current week,Previous 52 weeks Max †,Cum YTD 2022 †,Cum YTD 2021 †,Current week,Previous 52 weeks Max †,Cum YTD 2022 †,Cum YTD 2021 †
"U.S. Residents, excluding U.S. Territories",58,303,3033,2336,11,220,96,133
New England,-,20,102,116,-,13,2,7
Connecticut,-,6,9,16,-,7,-,2
Maine,-,6,14,23,-,2,-,-
Massachusetts,-,7,57,45,-,6,2,4
New Hampshire,-,6,5,12,-,1,-,-
Rhode Island,-,3,10,7,-,1,-,1
Vermont,-,4,7,13,-,0,-,-
Middle Atlantic,7,56,431,319,-,52,16,26
New Jersey,-,14,39,46,-,22,-,7
New York (excluding New York City),-,25,172,106,-,28,3,5
New York City,-,20,72,74,-,12,13,14
Pennsylvania,7,18,148,93,N,NC,N,N
East North Central,13,75,547,346,3,54,13,30
Illinois,1,19,137,69,-,21,2,7
Indiana,-,2,3,9,-,5,-,2
Michigan,1,13,85,65,-,10,3,2
Ohio,8,25,174,98,2,15,4,11
Wisconsin,3,36,148,105,1,25,4,8
West North Central,2,48,304,314,1,37,7,7
Iowa,-,24,129,115,-,16,4,3
Kansas,2,7,27,30,-,12,-,1
Minnesota,-,0,-,-,-,0,-,-
Missouri,-,11,75,55,-,11,1,2
Nebraska,-,7,33,36,1,8,2,-
North Dakota,-,5,12,14,-,2,-,1
South Dakota,-,5,28,64,-,4,-,-
South Atlantic,6,45,506,433,-,59,20,24
Delaware,-,3,11,6,-,2,-,-
District of Columbia,-,1,-,4,-,0,-,-
Florida,-,16,191,120,-,41,8,6
Georgia,-,13,125,84,-,12,7,1
Maryland,-,6,30,22,-,6,1,-
North Carolina,-,11,-,86,-,21,-,10
South Carolina,2,8,64,25,-,8,2,1
Virginia,4,12,63,64,-,4,2,5
West Virginia,-,5,22,22,-,3,-,1
East South Central,6,32,173,171,-,8,1,1
Alabama,-,7,32,42,-,3,-,-
Kentucky,4,11,71,54,N,NC,N,N
Mississippi,1,5,17,10,N,NC,N,N
Tennessee,1,19,53,65,-,8,1,1
West South Central,2,35,239,176,2,37,14,9
Arkansas,-,6,25,23,-,2,1,-
Louisiana,2,11,67,34,-,11,-,1
Oklahoma,-,5,24,30,N,NC,N,N
Texas,-,33,123,89,2,31,13,8
Mountain,8,24,284,213,3,24,8,22
Arizona,1,8,43,30,-,5,-,-
Colorado,4,10,116,62,3,18,7,16
Idaho,3,6,30,25,N,NC,N,N
Montana,-,4,17,26,-,1,-,1
Nevada,-,2,8,6,N,NC,N,N
New Mexico,-,4,15,8,-,2,-,1
Utah,-,8,51,51,-,6,1,4
Wyoming,-,2,4,5,-,1,-,-
Pacific,14,33,447,248,2,14,15,7
Alaska,-,5,1,-,-,0,-,-
California,10,26,304,130,2,10,13,4
Hawaii,-,1,2,1,-,0,-,-
Oregon,2,5,48,59,-,4,1,3
Washington,2,7,92,58,-,1,1,-
U.S. Territories,-,1,-,-,-,0,-,-
American Samoa,N,NC,N,N,N,NC,N,N
Commonwealth of Northern Mariana Islands,-,0,-,-,-,0,-,-
Guam,-,0,-,-,-,0,-,-
Puerto Rico,-,1,-,-,-,0,-,-
U.S. Virgin Islands,-,0,-,-,-,0,-,-
Non-U.S. Residents,-,1,-,-,-,1,-,-
Total,58,303,3033,2336,11,220,96,133
