Reporting Area,Rabies,Rabies,Rabies,Rabies,Rabies,Rabies,Rabies,Rabies
Reporting Area,Animal,Animal,Animal,Animal,Human,Human,Human,Human
Reporting Area,Current week,Previous 52 weeks Max †,Cum YTD 2022 †,Cum YTD 2021 †,Current week,Previous 52 weeks Max †,Cum YTD 2022 †,Cum YTD 2021 †
"U.S. Residents, excluding U.S. Territories",11,56,162,447,-,1,-,-
New England,-,13,12,31,-,0,-,-
Connecticut,-,0,-,-,-,0,-,-
Maine,-,4,4,16,-,0,-,-
Massachusetts,-,0,-,-,-,0,-,-
New Hampshire,-,3,7,7,-,0,-,-
Rhode Island,-,13,-,4,-,0,-,-
Vermont,-,3,1,4,-,0,-,-
Middle Atlantic,-,17,29,54,-,0,-,-
New Jersey,-,0,-,-,-,0,-,-
New York (excluding New York City),-,17,29,48,-,0,-,-
New York City,-,0,-,6,-,0,-,-
Pennsylvania,-,0,-,-,-,0,-,-
East North Central,-,8,7,8,-,1,-,-
Illinois,-,5,1,2,-,1,-,-
Indiana,-,0,-,-,-,0,-,-
Michigan,-,4,2,3,-,0,-,-
Ohio,-,3,4,3,-,0,-,-
Wisconsin,N,NC,N,N,-,0,-,-
West North Central,1,5,2,9,-,0,-,-
Iowa,-,0,-,-,-,0,-,-
Kansas,-,0,-,-,-,0,-,-
Minnesota,-,0,-,-,-,0,-,-
Missouri,-,3,-,2,-,0,-,-
Nebraska,1,4,2,7,-,0,-,-
North Dakota,-,0,-,-,-,0,-,-
South Dakota,-,0,-,-,-,0,-,-
South Atlantic,-,10,-,170,-,0,-,-
Delaware,-,0,-,-,-,0,-,-
District of Columbia,-,0,-,-,-,0,-,-
Florida,-,0,-,85,-,0,-,-
Georgia,-,0,-,-,-,0,-,-
Maryland,-,0,-,-,-,0,-,-
North Carolina,-,10,-,72,-,0,-,-
South Carolina,N,NC,N,N,-,0,-,-
Virginia,-,0,-,-,-,0,-,-
West Virginia,-,0,-,13,-,0,-,-
East South Central,1,6,11,7,-,0,-,-
Alabama,1,3,10,7,-,0,-,-
Kentucky,-,4,1,-,-,0,-,-
Mississippi,-,0,-,-,-,0,-,-
Tennessee,-,0,-,-,-,0,-,-
West South Central,9,21,98,125,-,0,-,-
Arkansas,-,2,2,7,-,0,-,-
Louisiana,-,0,-,-,-,0,-,-
Oklahoma,1,9,8,3,-,0,-,-
Texas,8,19,88,115,-,0,-,-
Mountain,-,7,3,16,-,1,-,-
Arizona,-,3,1,15,-,0,-,-
Colorado,-,0,-,-,-,0,-,-
Idaho,-,0,-,-,-,1,-,-
Montana,-,3,-,1,-,0,-,-
Nevada,-,2,-,-,-,0,-,-
New Mexico,-,2,2,-,-,0,-,-
Utah,-,2,-,-,-,0,-,-
Wyoming,-,0,-,-,-,0,-,-
Pacific,-,13,-,27,-,0,-,-
Alaska,-,0,-,-,-,0,-,-
California,-,13,-,26,-,0,-,-
Hawaii,-,0,-,-,-,0,-,-
Oregon,-,3,-,1,-,0,-,-
Washington,-,0,-,-,-,0,-,-
U.S. Territories,-,0,-,-,-,0,-,-
American Samoa,U,NC,U,U,U,NC,U,U
Commonwealth of Northern Mariana Islands,-,0,-,-,-,0,-,-
Guam,-,0,-,-,-,0,-,-
Puerto Rico,-,0,-,-,-,0,-,-
U.S. Virgin Islands,-,0,-,-,-,0,-,-
Non-U.S. Residents,-,0,-,-,-,0,-,-
Total,11,56,162,447,-,1,-,-
