Reporting Area,Vancomycin-intermediate  Staphylococcus aureus,Vancomycin-intermediate  Staphylococcus aureus,Vancomycin-intermediate  Staphylococcus aureus,Vancomycin-intermediate  Staphylococcus aureus,Vancomycin-resistant  Staphylococcus aureus  §,Vancomycin-resistant  Staphylococcus aureus  §,Vancomycin-resistant  Staphylococcus aureus  §,Vancomycin-resistant  Staphylococcus aureus  §,Varicella morbidity,Varicella morbidity,Varicella morbidity,Varicella morbidity
Reporting Area,Current week,Previous 52 weeks Max †,Cum YTD 2022 †,Cum YTD 2021 †,Current week,Previous 52 weeks Max †,Cum YTD 2022 †,Cum YTD 2021 †,Current week,Previous 52 weeks Max †,Cum YTD 2022 †,Cum YTD 2021 †
"U.S. Residents, excluding U.S. Territories",-,4,28,51,-,2,-,1,24,109,2283,1938
New England,-,1,2,1,-,0,-,-,-,12,168,180
Connecticut,-,1,1,-,-,0,-,-,-,5,42,23
Maine,-,0,-,-,-,0,-,-,-,2,19,50
Massachusetts,-,1,1,1,-,0,-,-,-,6,61,70
New Hampshire,N,NC,N,N,-,0,-,-,-,8,18,7
Rhode Island,-,0,-,-,-,0,-,-,-,3,19,21
Vermont,-,0,-,-,-,0,-,-,-,4,9,9
Middle Atlantic,-,2,10,4,-,2,-,-,5,16,144,214
New Jersey,-,0,-,-,-,0,-,-,-,5,1,90
New York (excluding New York City),-,2,6,1,-,2,-,-,N,NC,N,N
New York City,-,0,-,1,-,0,-,-,-,0,-,-
Pennsylvania,-,1,4,2,-,0,-,-,5,14,143,124
East North Central,-,2,3,9,-,0,-,1,3,32,542,475
Illinois,-,0,-,1,-,0,-,-,-,10,129,107
Indiana,N,NC,N,N,-,0,-,-,-,10,94,79
Michigan,-,1,1,4,-,0,-,1,1,9,46,57
Ohio,-,2,2,4,-,0,-,-,-,11,145,127
Wisconsin,-,0,-,-,-,0,-,-,2,13,128,105
West North Central,-,3,11,25,-,0,-,-,-,17,169,167
Iowa,-,0,-,-,-,0,-,-,N,NC,N,N
Kansas,-,0,-,4,-,0,-,-,-,0,-,-
Minnesota,-,0,-,-,-,0,-,-,-,12,91,95
Missouri,-,3,11,21,-,0,-,-,-,7,56,49
Nebraska,-,0,-,-,-,0,-,-,-,2,5,10
North Dakota,-,0,-,-,-,0,-,-,-,1,9,6
South Dakota,N,NC,N,N,-,0,-,-,-,1,8,7
South Atlantic,-,1,1,6,-,0,-,-,11,35,556,386
Delaware,-,0,-,-,-,0,-,-,-,3,6,22
District of Columbia,N,NC,N,N,N,NC,N,N,-,1,3,3
Florida,-,0,-,1,-,0,-,-,8,20,306,220
Georgia,-,0,-,-,-,0,-,-,-,7,76,46
Maryland,-,0,-,-,-,0,-,-,N,NC,N,N
North Carolina,-,1,1,5,-,0,-,-,-,7,-,15
South Carolina,-,0,-,-,-,0,-,-,-,15,79,18
Virginia,-,0,-,-,-,0,-,-,3,14,86,62
West Virginia,-,0,-,-,-,0,-,-,N,NC,N,N
East South Central,-,1,1,1,-,1,-,-,-,6,72,62
Alabama,-,0,-,1,-,1,-,-,-,6,48,32
Kentucky,N,NC,N,N,N,NC,N,N,-,4,17,27
Mississippi,-,1,1,-,-,0,-,-,-,3,7,3
Tennessee,-,0,-,-,-,0,-,-,N,NC,N,N
West South Central,-,0,-,3,-,0,-,-,2,33,284,237
Arkansas,-,0,-,-,-,0,-,-,1,8,29,25
Louisiana,-,0,-,-,-,0,-,-,-,4,25,20
Oklahoma,-,0,-,-,-,0,-,-,N,NC,N,N
Texas,-,0,-,3,-,0,-,-,1,31,230,192
Mountain,-,1,-,2,-,0,-,-,3,22,306,182
Arizona,-,1,-,2,-,0,-,-,3,11,128,65
Colorado,-,0,-,-,-,0,-,-,-,14,89,44
Idaho,N,NC,N,N,N,NC,N,N,N,NC,N,N
Montana,-,0,-,-,-,0,-,-,-,4,13,9
Nevada,-,0,-,-,-,0,-,-,N,NC,N,N
New Mexico,N,NC,N,N,N,NC,N,N,-,3,25,10
Utah,-,0,-,-,-,0,-,-,-,5,48,48
Wyoming,-,0,-,-,-,0,-,-,-,2,3,6
Pacific,-,0,-,-,-,0,-,-,-,5,42,35
Alaska,N,NC,N,N,-,0,-,-,-,2,14,11
California,N,NC,N,N,N,NC,N,N,-,2,12,12
Hawaii,-,0,-,-,-,0,-,-,-,4,16,12
Oregon,N,NC,N,N,N,NC,N,N,N,NC,N,N
Washington,N,NC,N,N,-,0,-,-,N,NC,N,N
U.S. Territories,-,0,-,-,-,0,-,1,-,0,-,-
American Samoa,N,NC,N,N,N,NC,N,N,N,NC,N,N
Commonwealth of Northern Mariana Islands,-,0,-,-,-,0,-,-,-,0,-,-
Guam,-,0,-,-,-,0,-,1,-,0,-,-
Puerto Rico,-,0,-,-,-,0,-,-,-,0,-,-
U.S. Virgin Islands,-,0,-,-,-,0,-,-,-,0,-,-
Non-U.S. Residents,-,0,-,-,-,0,-,-,-,0,-,-
Total,-,4,28,51,-,2,-,2,24,109,2283,1938
