Reporting Area,Tuberculosis,Tuberculosis,Tuberculosis,Tuberculosis
Reporting Area,Current week,Previous 52 weeks Max †,Cum YTD 2023 †,Cum YTD 2022 †
"U.S. Residents, excluding U.S. Territories",26,251,427,816
New England,-,12,18,51
Connecticut,-,5,1,15
Maine,-,3,3,2
Massachusetts,-,7,14,29
New Hampshire,-,3,-,2
Rhode Island,-,2,-,3
Vermont,-,1,-,-
Middle Atlantic,9,57,126,119
New Jersey,1,42,29,26
New York (excluding New York City),-,0,-,1
New York City,8,18,96,71
Pennsylvania,-,17,1,21
East North Central,3,88,36,57
Illinois,1,68,15,20
Indiana,-,14,-,7
Michigan,2,8,18,8
Ohio,-,17,-,10
Wisconsin,-,4,3,12
West North Central,-,27,8,35
Iowa,-,6,-,5
Kansas,-,11,1,4
Minnesota,-,25,-,12
Missouri,-,4,7,9
Nebraska,-,3,-,3
North Dakota,-,1,-,1
South Dakota,-,2,-,1
South Atlantic,7,89,98,202
Delaware,-,1,-,-
District of Columbia,-,2,1,2
Florida,5,17,80,95
Georgia,-,12,-,46
Maryland,-,15,-,17
North Carolina,1,39,5,14
South Carolina,-,11,-,6
Virginia,1,19,12,20
West Virginia,-,2,-,2
East South Central,-,14,4,51
Alabama,-,7,-,12
Kentucky,-,4,-,12
Mississippi,-,4,4,12
Tennessee,-,7,-,15
West South Central,1,35,59,187
Arkansas,-,5,-,14
Louisiana,1,8,16,10
Oklahoma,-,8,-,12
Texas,-,32,43,151
Mountain,-,16,35,47
Arizona,-,12,22,20
Colorado,-,6,-,8
Idaho,-,2,-,2
Montana,-,1,2,-
Nevada,-,5,10,11
New Mexico,-,4,1,4
Utah,-,3,-,2
Wyoming,-,1,-,-
Pacific,6,22,43,67
Alaska,-,7,-,4
California,-,1,1,-
Hawaii,5,5,28,16
Oregon,1,5,11,17
Washington,-,13,3,30
U.S. Territories,-,5,3,18
American Samoa,-,0,-,-
Commonwealth of Northern Mariana Islands,-,2,-,7
Guam,-,4,-,10
Puerto Rico,-,3,3,1
U.S. Virgin Islands,-,0,-,-
Non-U.S. Residents,-,0,-,-
Total,26,254,430,834
