Reporting Area,Arboviral diseases,Arboviral diseases,Arboviral diseases,Arboviral diseases
Reporting Area,Chikungunya virus disease,Chikungunya virus disease,Chikungunya virus disease,Chikungunya virus disease
Reporting Area,Current week,Previous 52 weeks Max †,Cum YTD 2023 †,Cum YTD 2022 †
"U.S. Residents, excluding U.S. Territories",-,3,1,2
New England,-,1,-,-
Connecticut,-,0,-,-
Maine,-,0,-,-
Massachusetts,-,1,-,-
New Hampshire,-,1,-,-
Rhode Island,-,0,-,-
Vermont,-,1,-,-
Middle Atlantic,-,1,-,-
New Jersey,-,1,-,-
New York (excluding New York City),-,1,-,-
New York City,-,1,-,-
Pennsylvania,-,1,-,-
East North Central,-,2,-,2
Illinois,-,2,-,2
Indiana,-,0,-,-
Michigan,-,0,-,-
Ohio,-,1,-,-
Wisconsin,-,0,-,-
West North Central,-,1,-,-
Iowa,-,1,-,-
Kansas,-,1,-,-
Minnesota,-,1,-,-
Missouri,-,0,-,-
Nebraska,-,0,-,-
North Dakota,-,0,-,-
South Dakota,-,0,-,-
South Atlantic,-,1,-,-
Delaware,-,0,-,-
District of Columbia,-,0,-,-
Florida,-,0,-,-
Georgia,-,0,-,-
Maryland,-,1,-,-
North Carolina,-,1,-,-
South Carolina,-,0,-,-
Virginia,-,1,-,-
West Virginia,-,0,-,-
East South Central,-,1,1,-
Alabama,-,0,-,-
Kentucky,-,1,-,-
Mississippi,-,0,-,-
Tennessee,-,1,1,-
West South Central,-,1,-,-
Arkansas,-,0,-,-
Louisiana,-,1,-,-
Oklahoma,-,0,-,-
Texas,-,0,-,-
Mountain,-,1,-,-
Arizona,-,0,-,-
Colorado,-,1,-,-
Idaho,-,0,-,-
Montana,-,0,-,-
Nevada,-,0,-,-
New Mexico,-,1,-,-
Utah,-,1,-,-
Wyoming,-,0,-,-
Pacific,-,1,-,-
Alaska,-,0,-,-
California,-,1,-,-
Hawaii,-,0,-,-
Oregon,-,0,-,-
Washington,-,1,-,-
U.S. Territories,-,0,-,-
American Samoa,-,0,-,-
Commonwealth of Northern Mariana Islands,-,0,-,-
Guam,-,0,-,-
Puerto Rico,-,0,-,-
U.S. Virgin Islands,-,0,-,-
Non-U.S. Residents,-,0,-,-
Total,-,3,1,2
