Reporting Area,"Hepatitis C, perinatal infection","Hepatitis C, perinatal infection","Hepatitis C, perinatal infection","Hepatitis C, perinatal infection"
Reporting Area,Current week,Previous 52 weeks Max †,Cum YTD 2023 †,Cum YTD 2022 †
"U.S. Residents, excluding U.S. Territories",-,7,52,56
New England,-,2,2,4
Connecticut,-,0,-,-
Maine,-,1,1,1
Massachusetts,-,2,1,3
New Hampshire,-,0,-,-
Rhode Island,-,1,-,-
Vermont,-,0,-,-
Middle Atlantic,-,2,6,4
New Jersey,-,2,3,-
New York (excluding New York City),-,0,-,-
New York City,-,1,1,2
Pennsylvania,-,1,2,2
East North Central,-,4,17,16
Illinois,-,1,-,3
Indiana,-,1,-,2
Michigan,-,1,2,2
Ohio,-,3,14,8
Wisconsin,-,1,1,1
West North Central,-,1,1,3
Iowa,-,0,-,-
Kansas,-,0,-,1
Minnesota,-,1,1,1
Missouri,-,0,-,-
Nebraska,-,0,-,-
North Dakota,-,0,-,-
South Dakota,-,1,-,1
South Atlantic,-,3,9,16
Delaware,-,1,-,-
District of Columbia,-,0,-,-
Florida,-,2,3,6
Georgia,-,1,2,3
Maryland,-,2,-,-
North Carolina,-,0,-,-
South Carolina,-,1,-,5
Virginia,-,2,4,2
West Virginia,-,0,-,-
East South Central,-,2,5,3
Alabama,N,NC,N,N
Kentucky,-,1,-,-
Mississippi,-,0,-,-
Tennessee,-,2,5,3
West South Central,-,1,3,2
Arkansas,-,1,-,-
Louisiana,-,1,3,2
Oklahoma,-,0,-,-
Texas,N,NC,N,N
Mountain,-,1,2,1
Arizona,-,0,-,-
Colorado,-,1,1,-
Idaho,-,0,-,-
Montana,-,0,-,-
Nevada,-,0,-,-
New Mexico,-,0,-,-
Utah,-,1,1,1
Wyoming,-,0,-,-
Pacific,-,2,7,7
Alaska,-,0,-,2
California,-,2,3,5
Hawaii,-,0,-,-
Oregon,-,0,-,-
Washington,-,1,4,-
U.S. Territories,-,0,-,-
American Samoa,-,0,-,-
Commonwealth of Northern Mariana Islands,-,0,-,-
Guam,-,0,-,-
Puerto Rico,-,0,-,-
U.S. Virgin Islands,-,0,-,-
Non-U.S. Residents,-,0,-,-
Total,-,7,52,56
