Reporting Area,"Haemophilus influenzae,  invasive disease","Haemophilus influenzae,  invasive disease","Haemophilus influenzae,  invasive disease","Haemophilus influenzae,  invasive disease"
Reporting Area,Age <5 years,Age <5 years,Age <5 years,Age <5 years
Reporting Area,Nontypeable,Nontypeable,Nontypeable,Nontypeable
Reporting Area,Current week,Previous 52 weeks Max †,Cum YTD 2023 †,Cum YTD 2022 †
"U.S. Residents, excluding U.S. Territories",1,10,7,8
New England,-,2,-,-
Connecticut,-,0,-,-
Maine,-,1,-,-
Massachusetts,-,2,-,-
New Hampshire,-,0,-,-
Rhode Island,-,1,-,-
Vermont,-,0,-,-
Middle Atlantic,-,3,1,-
New Jersey,-,0,-,-
New York (excluding New York City),-,3,-,-
New York City,-,0,-,-
Pennsylvania,-,1,1,-
East North Central,-,3,2,1
Illinois,-,2,-,-
Indiana,-,1,-,1
Michigan,-,1,-,-
Ohio,-,2,2,-
Wisconsin,-,0,-,-
West North Central,-,1,-,-
Iowa,-,1,-,-
Kansas,-,0,-,-
Minnesota,-,0,-,-
Missouri,-,0,-,-
Nebraska,-,0,-,-
North Dakota,-,0,-,-
South Dakota,-,0,-,-
South Atlantic,1,2,1,-
Delaware,-,0,-,-
District of Columbia,-,0,-,-
Florida,1,1,1,-
Georgia,-,0,-,-
Maryland,-,1,-,-
North Carolina,-,2,-,-
South Carolina,-,0,-,-
Virginia,-,1,-,-
West Virginia,-,1,-,-
East South Central,-,3,-,1
Alabama,-,1,-,1
Kentucky,-,0,-,-
Mississippi,-,0,-,-
Tennessee,-,3,-,-
West South Central,-,3,2,3
Arkansas,-,1,1,2
Louisiana,-,1,-,1
Oklahoma,-,1,-,-
Texas,-,2,1,-
Mountain,-,1,-,1
Arizona,-,1,-,1
Colorado,-,1,-,-
Idaho,-,0,-,-
Montana,-,1,-,-
Nevada,-,1,-,-
New Mexico,-,0,-,-
Utah,-,0,-,-
Wyoming,-,0,-,-
Pacific,-,2,1,2
Alaska,-,1,1,-
California,-,2,-,2
Hawaii,-,0,-,-
Oregon,-,2,-,-
Washington,-,0,-,-
U.S. Territories,-,0,-,-
American Samoa,-,0,-,-
Commonwealth of Northern Mariana Islands,-,0,-,-
Guam,-,0,-,-
Puerto Rico,-,0,-,-
U.S. Virgin Islands,-,0,-,-
Non-U.S. Residents,-,0,-,-
Total,1,10,7,8
