Reporting Area,Varicella morbidity,Varicella morbidity,Varicella morbidity,Varicella morbidity
Reporting Area,Current week,Previous 52 weeks Max †,Cum YTD 2023 †,Cum YTD 2022 †
"U.S. Residents, excluding U.S. Territories",38,123,1649,1394
New England,-,13,77,111
Connecticut,-,5,9,25
Maine,-,5,8,11
Massachusetts,-,8,31,38
New Hampshire,-,3,10,17
Rhode Island,-,4,14,10
Vermont,-,1,5,10
Middle Atlantic,3,14,104,135
New Jersey,-,7,-,59
New York (excluding New York City),N,NC,N,N
New York City,-,0,-,-
Pennsylvania,3,14,104,76
East North Central,11,36,425,344
Illinois,-,11,85,69
Indiana,-,10,45,49
Michigan,-,13,118,73
Ohio,7,11,87,96
Wisconsin,4,13,90,57
West North Central,-,14,118,105
Iowa,N,NC,N,N
Kansas,-,0,-,-
Minnesota,-,9,46,68
Missouri,-,7,47,27
Nebraska,-,2,6,4
North Dakota,-,3,12,2
South Dakota,-,3,7,4
South Atlantic,12,37,403,326
Delaware,-,2,5,4
District of Columbia,-,5,11,2
Florida,11,23,174,145
Georgia,-,15,27,55
Maryland,N,NC,N,N
North Carolina,-,7,61,28
South Carolina,-,10,59,60
Virginia,1,9,66,32
West Virginia,N,NC,N,N
East South Central,-,8,21,43
Alabama,-,4,9,30
Kentucky,-,4,8,9
Mississippi,-,5,4,4
Tennessee,N,NC,N,N
West South Central,1,23,223,162
Arkansas,-,5,16,14
Louisiana,-,6,22,13
Oklahoma,N,NC,N,N
Texas,1,20,185,135
Mountain,11,25,257,155
Arizona,11,10,69,43
Colorado,-,19,142,59
Idaho,N,NC,N,N
Montana,-,4,12,6
Nevada,-,2,3,2
New Mexico,-,3,8,10
Utah,-,5,23,32
Wyoming,-,0,-,3
Pacific,-,6,21,13
Alaska,-,4,11,3
California,-,3,7,5
Hawaii,-,2,3,5
Oregon,N,NC,N,N
Washington,N,NC,N,N
U.S. Territories,-,0,-,-
American Samoa,N,NC,N,N
Commonwealth of Northern Mariana Islands,-,0,-,-
Guam,-,0,-,-
Puerto Rico,-,0,-,-
U.S. Virgin Islands,-,0,-,-
Non-U.S. Residents,-,0,-,-
Total,38,123,1649,1394
