Reporting Area,Rabies,Rabies,Rabies,Rabies,Rabies,Rabies,Rabies,Rabies
Reporting Area,Animal,Animal,Animal,Animal,Human,Human,Human,Human
Reporting Area,Current week,Previous 52 weeks Max †,Cum YTD 2022 †,Cum YTD 2021 †,Current week,Previous 52 weeks Max †,Cum YTD 2022 †,Cum YTD 2021 †
"U.S. Residents, excluding U.S. Territories",8,56,212,495,-,1,-,-
New England,-,13,13,35,-,0,-,-
Connecticut,-,0,-,-,-,0,-,-
Maine,-,4,4,19,-,0,-,-
Massachusetts,-,0,-,-,-,0,-,-
New Hampshire,-,3,8,8,-,0,-,-
Rhode Island,-,13,-,4,-,0,-,-
Vermont,-,3,1,4,-,0,-,-
Middle Atlantic,-,17,44,61,-,0,-,-
New Jersey,-,0,-,-,-,0,-,-
New York (excluding New York City),-,17,44,55,-,0,-,-
New York City,-,0,-,6,-,0,-,-
Pennsylvania,-,0,-,-,-,0,-,-
East North Central,-,8,7,11,-,1,-,-
Illinois,-,5,1,3,-,1,-,-
Indiana,-,0,-,-,-,0,-,-
Michigan,-,4,2,4,-,0,-,-
Ohio,-,3,4,4,-,0,-,-
Wisconsin,N,NC,N,N,-,0,-,-
West North Central,-,5,2,9,-,0,-,-
Iowa,-,0,-,-,-,0,-,-
Kansas,-,0,-,-,-,0,-,-
Minnesota,-,0,-,-,-,0,-,-
Missouri,-,3,-,2,-,0,-,-
Nebraska,-,4,2,7,-,0,-,-
North Dakota,-,0,-,-,-,0,-,-
South Dakota,-,0,-,-,-,0,-,-
South Atlantic,-,23,23,180,-,0,-,-
Delaware,-,0,-,-,-,0,-,-
District of Columbia,-,0,-,-,-,0,-,-
Florida,-,23,23,85,-,0,-,-
Georgia,-,0,-,-,-,0,-,-
Maryland,-,0,-,-,-,0,-,-
North Carolina,-,10,-,82,-,0,-,-
South Carolina,N,NC,N,N,-,0,-,-
Virginia,-,0,-,-,-,0,-,-
West Virginia,-,0,-,13,-,0,-,-
East South Central,2,6,13,10,-,0,-,-
Alabama,2,3,12,10,-,0,-,-
Kentucky,-,4,1,-,-,0,-,-
Mississippi,-,0,-,-,-,0,-,-
Tennessee,-,0,-,-,-,0,-,-
West South Central,6,21,105,140,-,0,-,-
Arkansas,1,2,3,7,-,0,-,-
Louisiana,-,0,-,-,-,0,-,-
Oklahoma,-,9,8,10,-,0,-,-
Texas,5,19,94,123,-,0,-,-
Mountain,-,7,5,16,-,1,-,-
Arizona,-,3,1,15,-,0,-,-
Colorado,-,0,-,-,-,0,-,-
Idaho,-,0,-,-,-,1,-,-
Montana,-,3,2,1,-,0,-,-
Nevada,-,2,-,-,-,0,-,-
New Mexico,-,2,2,-,-,0,-,-
Utah,-,2,-,-,-,0,-,-
Wyoming,-,0,-,-,-,0,-,-
Pacific,-,13,-,33,-,0,-,-
Alaska,-,0,-,-,-,0,-,-
California,-,13,-,30,-,0,-,-
Hawaii,-,0,-,-,-,0,-,-
Oregon,-,3,-,3,-,0,-,-
Washington,-,0,-,-,-,0,-,-
U.S. Territories,-,0,-,-,-,0,-,-
American Samoa,U,NC,U,U,U,NC,U,U
Commonwealth of Northern Mariana Islands,-,0,-,-,-,0,-,-
Guam,-,0,-,-,-,0,-,-
Puerto Rico,-,0,-,-,-,0,-,-
U.S. Virgin Islands,-,0,-,-,-,0,-,-
Non-U.S. Residents,-,0,-,-,-,0,-,-
Total,8,56,212,495,-,1,-,-
