Reporting Area,Ehrlichiosis and Anaplasmosis,Ehrlichiosis and Anaplasmosis,Ehrlichiosis and Anaplasmosis,Ehrlichiosis and Anaplasmosis,Ehrlichiosis and Anaplasmosis,Ehrlichiosis and Anaplasmosis,Ehrlichiosis and Anaplasmosis,Ehrlichiosis and Anaplasmosis
Reporting Area,Anaplasma phagocytophilum  infection,Anaplasma phagocytophilum  infection,Anaplasma phagocytophilum  infection,Anaplasma phagocytophilum  infection,Ehrlichia chaffeensis  infection,Ehrlichia chaffeensis  infection,Ehrlichia chaffeensis  infection,Ehrlichia chaffeensis  infection
Reporting Area,Current week,Previous 52 weeks Max †,Cum YTD 2022 †,Cum YTD 2021 †,Current week,Previous 52 weeks Max †,Cum YTD 2022 †,Cum YTD 2021 †
"U.S. Residents, excluding U.S. Territories",32,310,3633,5298,13,92,1016,1130
New England,6,152,1631,1712,-,4,17,23
Connecticut,-,3,14,99,-,0,-,6
Maine,6,62,660,539,-,1,6,3
Massachusetts,-,54,481,632,-,1,7,4
New Hampshire,-,16,57,320,-,0,-,2
Rhode Island,-,6,1,115,-,3,-,8
Vermont,-,52,418,7,-,1,4,-
Middle Atlantic,23,123,1414,2375,6,21,202,164
New Jersey,-,8,51,186,-,11,70,71
New York (excluding New York City),21,80,923,1501,5,12,103,77
New York City,-,4,19,114,-,3,8,6
Pennsylvania,2,38,421,574,1,3,21,10
East North Central,-,60,452,594,-,9,78,115
Illinois,-,2,7,24,-,4,20,42
Indiana,-,1,1,5,-,4,19,38
Michigan,-,7,40,44,-,3,4,3
Ohio,-,2,6,2,-,3,10,8
Wisconsin,-,54,398,519,-,3,25,24
West North Central,1,24,36,493,3,31,285,252
Iowa,-,2,7,13,-,2,5,9
Kansas,-,1,8,3,-,12,40,34
Minnesota,-,23,-,455,-,0,-,10
Missouri,1,3,15,12,2,25,224,192
Nebraska,-,1,1,1,1,4,15,7
North Dakota,-,1,5,9,-,1,1,-
South Dakota,-,0,-,-,-,0,-,-
South Atlantic,2,6,59,76,2,21,223,314
Delaware,-,2,6,8,-,3,16,25
District of Columbia,-,0,-,-,-,0,-,1
Florida,-,4,18,17,-,4,20,18
Georgia,-,0,-,1,-,2,8,8
Maryland,1,2,7,16,2,5,45,54
North Carolina,-,3,11,11,-,7,60,112
South Carolina,-,0,-,-,-,0,-,-
Virginia,1,3,16,22,-,9,70,82
West Virginia,-,1,1,1,-,1,4,14
East South Central,-,2,18,15,1,11,88,151
Alabama,-,2,4,8,-,3,5,12
Kentucky,-,1,1,2,-,8,12,49
Mississippi,-,1,1,-,-,1,2,2
Tennessee,-,2,12,5,1,7,69,88
West South Central,-,2,10,14,1,14,118,109
Arkansas,-,2,6,10,1,14,97,105
Louisiana,-,1,2,1,-,1,1,-
Oklahoma,-,0,-,-,-,3,17,-
Texas,-,1,2,3,-,1,3,4
Mountain,-,1,2,3,-,1,4,2
Arizona,-,1,2,2,-,1,3,-
Colorado,N,NC,N,N,N,NC,N,N
Idaho,N,NC,N,N,N,NC,N,N
Montana,-,0,-,1,-,0,-,2
Nevada,-,0,-,-,-,0,-,-
New Mexico,N,NC,N,N,N,NC,N,N
Utah,-,0,-,-,-,0,-,-
Wyoming,-,0,-,-,-,1,1,-
Pacific,-,2,11,16,-,1,1,-
Alaska,N,NC,N,N,N,NC,N,N
California,-,2,10,13,-,0,-,-
Hawaii,N,NC,N,N,N,NC,N,N
Oregon,-,0,-,2,-,1,1,-
Washington,-,1,1,1,-,0,-,-
U.S. Territories,-,0,-,-,-,0,-,-
American Samoa,N,NC,N,N,N,NC,N,N
Commonwealth of Northern Mariana Islands,-,0,-,-,-,0,-,-
Guam,N,NC,N,N,N,NC,N,N
Puerto Rico,N,NC,N,N,N,NC,N,N
U.S. Virgin Islands,-,0,-,-,-,0,-,-
Non-U.S. Residents,-,0,-,-,-,0,-,-
Total,32,310,3633,5298,13,92,1016,1130
