Reporting Area,Candida auris  §,Candida auris  §,Candida auris  §,Candida auris  §
Reporting Area,Clinical ¶,Clinical ¶,Clinical ¶,Clinical ¶
Reporting Area,Current week,Previous 52 weeks Max †,Cum YTD 2023 †,Cum YTD 2022 †
"U.S. Residents, excluding U.S. Territories",22,NC,1127,513
New England,-,NC,-,-
Connecticut,-,NC,-,-
Maine,-,NC,-,-
Massachusetts,-,NC,-,-
New Hampshire,-,NC,-,-
Rhode Island,-,NC,-,-
Vermont,-,NC,-,-
Middle Atlantic,-,NC,22,19
New Jersey,-,NC,-,-
New York (excluding New York City),-,NC,-,-
New York City,-,NC,-,-
Pennsylvania,-,NC,22,19
East North Central,10,NC,182,304
Illinois,-,NC,39,216
Indiana,-,NC,31,46
Michigan,2,NC,48,11
Ohio,8,NC,64,31
Wisconsin,-,NC,-,-
West North Central,-,NC,1,-
Iowa,-,NC,1,-
Kansas,-,NC,-,-
Minnesota,-,NC,-,-
Missouri,-,NC,-,-
Nebraska,-,NC,-,-
North Dakota,-,NC,-,-
South Dakota,-,NC,-,-
South Atlantic,2,NC,125,37
Delaware,-,NC,4,-
District of Columbia,-,NC,-,-
Florida,N,NC,N,N
Georgia,-,NC,41,14
Maryland,2,NC,42,20
North Carolina,-,NC,-,-
South Carolina,-,NC,-,-
Virginia,-,NC,36,3
West Virginia,-,NC,2,-
East South Central,-,NC,-,-
Alabama,N,NC,N,N
Kentucky,-,NC,-,-
Mississippi,-,NC,-,-
Tennessee,-,NC,-,-
West South Central,2,NC,119,77
Arkansas,-,NC,-,-
Louisiana,-,NC,10,3
Oklahoma,-,NC,-,-
Texas,2,NC,109,74
Mountain,5,NC,100,76
Arizona,5,NC,100,72
Colorado,-,NC,-,-
Idaho,-,NC,-,-
Montana,-,NC,-,-
Nevada,-,NC,-,4
New Mexico,-,NC,-,-
Utah,-,NC,-,-
Wyoming,-,NC,-,-
Pacific,3,NC,578,-
Alaska,-,NC,-,-
California,3,NC,578,N
Hawaii,-,NC,-,-
Oregon,-,NC,-,-
Washington,-,NC,-,-
U.S. Territories,-,NC,-,-
American Samoa,-,NC,-,-
Commonwealth of Northern Mariana Islands,-,NC,-,-
Guam,-,NC,-,-
Puerto Rico,-,NC,-,-
U.S. Virgin Islands,-,NC,-,-
Non-U.S. Residents,-,NC,-,-
Total,22,NC,1127,513
