Reporting Area,Giardiasis,Giardiasis,Giardiasis,Giardiasis
Reporting Area,Current week,Previous 52 weeks Max †,Cum YTD 2023 †,Cum YTD 2022 †
"U.S. Residents, excluding U.S. Territories",111,354,3098,3162
New England,5,37,190,291
Connecticut,-,5,29,39
Maine,3,10,21,17
Massachusetts,2,22,120,203
New Hampshire,-,7,7,16
Rhode Island,-,4,13,16
Vermont,N,NC,N,N
Middle Atlantic,43,85,700,713
New Jersey,-,10,1,107
New York (excluding New York City),22,46,215,186
New York City,21,33,346,302
Pennsylvania,-,28,138,118
East North Central,14,187,309,252
Illinois,N,NC,N,N
Indiana,-,5,15,34
Michigan,-,14,102,104
Ohio,11,174,112,34
Wisconsin,3,21,80,80
West North Central,4,24,155,182
Iowa,1,7,44,60
Kansas,-,5,21,38
Minnesota,-,0,-,-
Missouri,3,8,59,49
Nebraska,-,5,17,22
North Dakota,-,4,5,4
South Dakota,-,4,9,9
South Atlantic,10,66,628,458
Delaware,-,2,7,4
District of Columbia,-,0,-,-
Florida,6,37,316,304
Georgia,1,18,121,46
Maryland,-,12,57,3
North Carolina,N,NC,N,N
South Carolina,-,8,39,29
Virginia,3,13,80,56
West Virginia,-,4,8,16
East South Central,3,13,94,54
Alabama,-,7,51,27
Kentucky,3,8,43,27
Mississippi,N,NC,N,N
Tennessee,N,NC,N,N
West South Central,3,14,83,82
Arkansas,3,8,23,21
Louisiana,-,10,60,61
Oklahoma,N,NC,N,N
Texas,N,NC,N,N
Mountain,4,37,203,272
Arizona,2,6,34,21
Colorado,-,22,63,119
Idaho,-,7,26,22
Montana,-,4,20,11
Nevada,-,5,6,25
New Mexico,-,3,8,10
Utah,2,9,43,58
Wyoming,-,3,3,6
Pacific,25,85,736,858
Alaska,-,9,8,13
California,18,65,593,652
Hawaii,-,3,11,7
Oregon,7,14,101,114
Washington,-,14,23,72
U.S. Territories,-,2,5,4
American Samoa,-,0,-,-
Commonwealth of Northern Mariana Islands,-,0,-,-
Guam,-,0,-,-
Puerto Rico,-,2,5,3
U.S. Virgin Islands,-,1,-,1
Non-U.S. Residents,-,1,1,1
Total,111,354,3104,3167
