Reporting Area,Shiga toxin-producing  Escherichia coli  (STEC),Shiga toxin-producing  Escherichia coli  (STEC),Shiga toxin-producing  Escherichia coli  (STEC),Shiga toxin-producing  Escherichia coli  (STEC)
Reporting Area,Current week,Previous 52 weeks Max †,Cum YTD 2023 †,Cum YTD 2022 †
"U.S. Residents, excluding U.S. Territories",55,459,254,422
New England,-,14,2,10
Connecticut,-,8,-,4
Maine,-,2,-,-
Massachusetts,-,7,-,4
New Hampshire,-,3,-,1
Rhode Island,-,3,-,-
Vermont,-,5,2,1
Middle Atlantic,8,44,28,48
New Jersey,-,0,-,-
New York (excluding New York City),5,16,13,11
New York City,2,24,5,26
Pennsylvania,1,17,10,11
East North Central,15,119,49,57
Illinois,-,21,2,13
Indiana,-,5,1,5
Michigan,1,63,6,9
Ohio,9,46,24,17
Wisconsin,5,21,16,13
West North Central,5,62,17,28
Iowa,-,27,3,8
Kansas,-,11,1,6
Minnesota,-,0,-,-
Missouri,3,13,4,4
Nebraska,2,14,8,9
North Dakota,-,5,-,-
South Dakota,-,6,1,1
South Atlantic,4,86,55,88
Delaware,-,2,-,1
District of Columbia,-,1,-,-
Florida,-,37,22,39
Georgia,-,15,2,21
Maryland,4,15,13,1
North Carolina,-,17,-,10
South Carolina,-,8,6,1
Virginia,-,38,12,11
West Virginia,-,7,-,4
East South Central,-,29,11,31
Alabama,-,8,-,8
Kentucky,-,9,-,3
Mississippi,-,10,-,6
Tennessee,-,19,11,14
West South Central,3,68,11,14
Arkansas,2,13,4,1
Louisiana,-,7,3,3
Oklahoma,1,14,4,4
Texas,-,39,-,6
Mountain,11,59,33,54
Arizona,5,13,10,8
Colorado,6,22,16,14
Idaho,-,10,-,2
Montana,-,10,-,4
Nevada,-,12,3,14
New Mexico,-,4,1,4
Utah,-,12,2,5
Wyoming,-,6,1,3
Pacific,9,84,48,92
Alaska,-,3,-,1
California,8,71,41,57
Hawaii,-,3,-,1
Oregon,1,15,7,9
Washington,-,10,-,24
U.S. Territories,-,2,-,1
American Samoa,-,0,-,-
Commonwealth of Northern Mariana Islands,-,0,-,-
Guam,-,0,-,-
Puerto Rico,-,2,-,1
U.S. Virgin Islands,-,0,-,-
Non-U.S. Residents,-,0,-,-
Total,55,459,254,423
