Reporting Area,"Hepatitis C, perinatal infection","Hepatitis C, perinatal infection","Hepatitis C, perinatal infection","Hepatitis C, perinatal infection",Influenza-associated pediatric mortality §,Influenza-associated pediatric mortality §,Influenza-associated pediatric mortality §,Influenza-associated pediatric mortality §
Reporting Area,Current week,Previous 52 weeks Max †,Cum YTD 2022 †,Cum YTD 2021 †,Current week,Previous 52 weeks Max †,Cum YTD 2022 †,Cum YTD 2021 †
"U.S. Residents, excluding U.S. Territories",1,6,103,147,-,3,35,4
New England,-,2,10,8,-,1,2,-
Connecticut,-,0,-,1,-,0,-,-
Maine,-,1,2,-,-,1,1,-
Massachusetts,-,2,8,7,-,1,1,-
New Hampshire,-,0,-,-,-,0,-,-
Rhode Island,U,NC,U,U,-,0,-,-
Vermont,-,0,-,-,-,0,-,-
Middle Atlantic,1,2,12,23,-,1,3,-
New Jersey,-,1,3,6,-,0,-,-
New York (excluding New York City),-,0,-,-,-,1,2,-
New York City,1,1,3,3,-,0,-,-
Pennsylvania,-,1,6,14,-,1,1,-
East North Central,-,4,34,58,-,2,9,1
Illinois,-,1,3,2,-,1,2,-
Indiana,-,1,3,12,-,1,4,-
Michigan,-,2,5,10,-,0,-,-
Ohio,-,3,21,32,-,0,-,1
Wisconsin,-,1,2,2,-,2,3,-
West North Central,-,1,3,1,-,1,3,-
Iowa,-,0,-,-,-,0,-,-
Kansas,-,1,1,-,-,0,-,-
Minnesota,-,0,-,1,-,1,1,-
Missouri,-,0,-,-,-,0,-,-
Nebraska,-,0,-,-,-,0,-,-
North Dakota,-,0,-,-,-,0,-,-
South Dakota,-,1,2,-,-,1,2,-
South Atlantic,-,4,27,27,-,2,9,1
Delaware,-,1,2,1,-,0,-,-
District of Columbia,-,0,-,-,-,0,-,-
Florida,-,2,5,9,-,1,4,-
Georgia,-,1,5,3,-,1,1,-
Maryland,-,2,3,9,-,0,-,-
North Carolina,-,0,-,-,-,0,-,1
South Carolina,-,1,6,2,-,2,2,-
Virginia,-,4,6,3,-,1,1,-
West Virginia,-,0,-,-,-,1,1,-
East South Central,-,2,9,9,-,1,1,-
Alabama,-,0,-,-,-,0,-,-
Kentucky,-,0,-,-,-,0,-,-
Mississippi,-,0,-,-,-,1,1,-
Tennessee,-,2,9,9,-,0,-,-
West South Central,-,1,-,-,-,1,2,2
Arkansas,-,1,-,-,-,0,-,-
Louisiana,-,0,-,-,-,1,2,-
Oklahoma,-,0,-,-,-,0,-,-
Texas,N,NC,N,N,-,0,-,2
Mountain,-,1,1,10,-,1,5,-
Arizona,-,0,-,-,-,1,1,-
Colorado,-,0,-,3,-,1,1,-
Idaho,-,0,-,-,-,0,-,-
Montana,-,0,-,-,-,1,2,-
Nevada,-,1,-,4,-,0,-,-
New Mexico,-,0,-,-,-,1,1,-
Utah,-,1,1,3,-,0,-,-
Wyoming,-,0,-,-,-,0,-,-
Pacific,-,2,7,11,-,1,1,-
Alaska,-,1,-,2,-,0,-,-
California,-,2,7,7,-,0,-,-
Hawaii,-,0,-,-,-,0,-,-
Oregon,-,0,-,-,-,0,-,-
Washington,-,1,-,2,-,1,1,-
U.S. Territories,-,0,-,-,-,0,-,-
American Samoa,-,0,-,-,-,0,-,-
Commonwealth of Northern Mariana Islands,-,0,-,-,-,0,-,-
Guam,-,0,-,-,-,0,-,-
Puerto Rico,-,0,-,-,-,0,-,-
U.S. Virgin Islands,-,0,-,-,-,0,-,-
Non-U.S. Residents,-,0,-,-,-,0,-,-
Total,1,6,103,147,-,3,35,4
