Reporting Area,"Carbapenemase-Producing Organisms (CPO), Total §,¶","Carbapenemase-Producing Organisms (CPO), Total §,¶","Carbapenemase-Producing Organisms (CPO), Total §,¶","Carbapenemase-Producing Organisms (CPO), Total §,¶"
Reporting Area,Current week,Previous 52 weeks Max †,Cum YTD 2023 †,Cum YTD 2022 †
"U.S. Residents, excluding U.S. Territories",11,NC,147,NN
New England,-,NC,1,NN
Connecticut,-,NC,-,NN
Maine,-,NC,-,NN
Massachusetts,-,NC,-,NN
New Hampshire,-,NC,1,NN
Rhode Island,-,NC,-,NN
Vermont,-,NC,-,NN
Middle Atlantic,3,NC,37,NN
New Jersey,-,NC,-,NN
New York (excluding New York City),-,NC,-,NN
New York City,-,NC,-,NN
Pennsylvania,3,NC,37,NN
East North Central,-,NC,16,NN
Illinois,-,NC,-,NN
Indiana,-,NC,10,NN
Michigan,-,NC,6,NN
Ohio,-,NC,-,NN
Wisconsin,-,NC,-,NN
West North Central,-,NC,2,NN
Iowa,-,NC,1,NN
Kansas,-,NC,1,NN
Minnesota,-,NC,-,NN
Missouri,-,NC,-,NN
Nebraska,-,NC,-,NN
North Dakota,-,NC,-,NN
South Dakota,-,NC,-,NN
South Atlantic,1,NC,24,NN
Delaware,-,NC,-,NN
District of Columbia,-,NC,-,NN
Florida,N,NC,N,N
Georgia,-,NC,7,NN
Maryland,-,NC,-,NN
North Carolina,-,NC,3,NN
South Carolina,-,NC,-,NN
Virginia,1,NC,14,NN
West Virginia,-,NC,-,NN
East South Central,-,NC,-,NN
Alabama,-,NC,-,NN
Kentucky,-,NC,-,NN
Mississippi,-,NC,-,NN
Tennessee,-,NC,-,NN
West South Central,-,NC,-,NN
Arkansas,-,NC,-,NN
Louisiana,-,NC,-,NN
Oklahoma,-,NC,-,NN
Texas,-,NC,-,NN
Mountain,4,NC,37,NN
Arizona,4,NC,33,NN
Colorado,-,NC,-,NN
Idaho,-,NC,-,NN
Montana,-,NC,-,NN
Nevada,-,NC,2,NN
New Mexico,-,NC,-,NN
Utah,-,NC,2,NN
Wyoming,-,NC,-,NN
Pacific,3,NC,30,NN
Alaska,-,NC,-,NN
California,3,NC,29,NN
Hawaii,-,NC,-,NN
Oregon,-,NC,-,NN
Washington,-,NC,1,NN
U.S. Territories,-,NC,-,NN
American Samoa,-,NC,-,NN
Commonwealth of Northern Mariana Islands,-,NC,-,NN
Guam,-,NC,-,NN
Puerto Rico,-,NC,-,NN
U.S. Virgin Islands,-,NC,-,NN
Non-U.S. Residents,-,NC,-,NN
Total,11,NC,147,NN
