Reporting Area,Campylobacteriosis,Campylobacteriosis,Campylobacteriosis,Campylobacteriosis
Reporting Area,Current week,Previous 52 weeks Max †,Cum YTD 2023 †,Cum YTD 2022 †
"U.S. Residents, excluding U.S. Territories",605,1643,605,625
New England,22,102,22,30
Connecticut,-,22,-,8
Maine,2,9,2,1
Massachusetts,20,55,20,17
New Hampshire,-,13,-,1
Rhode Island,-,11,-,2
Vermont,-,8,-,1
Middle Atlantic,120,233,120,85
New Jersey,2,52,2,19
New York (excluding New York City),3,44,3,3
New York City,88,88,88,31
Pennsylvania,27,82,27,32
East North Central,56,227,56,73
Illinois,1,80,1,19
Indiana,2,20,2,9
Michigan,5,39,5,17
Ohio,34,98,34,17
Wisconsin,14,44,14,11
West North Central,40,124,40,43
Iowa,19,39,19,13
Kansas,5,28,5,11
Minnesota,-,0,-,-
Missouri,9,36,9,9
Nebraska,7,21,7,9
North Dakota,-,10,-,-
South Dakota,-,19,-,1
South Atlantic,120,288,120,142
Delaware,-,9,-,3
District of Columbia,-,3,-,-
Florida,62,127,62,68
Georgia,22,39,22,20
Maryland,12,43,12,12
North Carolina,-,56,-,21
South Carolina,4,30,4,8
Virginia,20,44,20,6
West Virginia,-,18,-,4
East South Central,4,100,4,40
Alabama,-,33,-,18
Kentucky,-,39,-,8
Mississippi,-,21,-,5
Tennessee,4,40,4,9
West South Central,25,188,25,36
Arkansas,5,31,5,-
Louisiana,11,32,11,15
Oklahoma,-,51,-,-
Texas,9,116,9,21
Mountain,32,148,32,69
Arizona,19,51,19,22
Colorado,7,42,7,15
Idaho,1,17,1,2
Montana,-,19,-,2
Nevada,-,24,-,4
New Mexico,1,25,1,7
Utah,2,26,2,11
Wyoming,2,7,2,6
Pacific,186,352,186,107
Alaska,1,8,1,1
California,136,248,136,58
Hawaii,18,30,18,7
Oregon,22,30,22,13
Washington,9,68,9,28
U.S. Territories,-,5,-,-
American Samoa,-,0,-,-
Commonwealth of Northern Mariana Islands,-,0,-,-
Guam,-,0,-,-
Puerto Rico,-,5,-,-
U.S. Virgin Islands,-,0,-,-
Non-U.S. Residents,-,2,-,-
Total,605,1644,605,625
