Reporting Area,Arboviral diseases,Arboviral diseases,Arboviral diseases,Arboviral diseases,Arboviral diseases,Arboviral diseases,Arboviral diseases,Arboviral diseases
Reporting Area,St. Louis encephalitis virus disease,St. Louis encephalitis virus disease,St. Louis encephalitis virus disease,St. Louis encephalitis virus disease,West Nile virus disease,West Nile virus disease,West Nile virus disease,West Nile virus disease
Reporting Area,Current week,Previous 52 weeks Max †,Cum YTD 2022 †,Cum YTD 2021 †,Current week,Previous 52 weeks Max †,Cum YTD 2022 †,Cum YTD 2021 †
"U.S. Residents, excluding U.S. Territories",-,2,9,14,2,124,903,2791
New England,-,0,-,-,-,4,14,22
Connecticut,-,0,-,-,-,2,7,7
Maine,-,0,-,-,-,0,-,-
Massachusetts,-,0,-,-,-,3,6,11
New Hampshire,-,0,-,-,-,0,-,1
Rhode Island,-,0,-,-,-,1,1,2
Vermont,-,0,-,-,-,0,-,1
Middle Atlantic,-,0,-,-,-,19,125,102
New Jersey,-,0,-,-,-,3,15,36
New York (excluding New York City),-,0,-,-,-,5,30,19
New York City,-,0,-,-,-,8,45,21
Pennsylvania,-,0,-,-,-,5,35,26
East North Central,-,0,-,-,-,8,44,146
Illinois,-,0,-,-,-,7,29,64
Indiana,-,0,-,-,-,2,4,14
Michigan,-,0,-,-,-,0,-,47
Ohio,-,0,-,-,-,2,7,13
Wisconsin,-,0,-,-,-,1,4,8
West North Central,-,0,-,-,-,22,193,253
Iowa,-,0,-,-,-,3,9,6
Kansas,-,0,-,-,-,3,13,17
Minnesota,-,0,-,-,-,2,8,36
Missouri,-,0,-,-,-,2,13,12
Nebraska,-,0,-,-,-,10,59,104
North Dakota,-,0,-,-,-,5,26,30
South Dakota,-,0,-,-,-,12,65,48
South Atlantic,-,0,-,-,1,7,41,43
Delaware,-,0,-,-,-,1,1,3
District of Columbia,-,0,-,-,-,0,-,6
Florida,-,0,-,-,1,1,3,5
Georgia,-,0,-,-,-,2,11,4
Maryland,-,0,-,-,-,2,4,6
North Carolina,-,0,-,-,-,3,9,7
South Carolina,-,0,-,-,-,2,8,8
Virginia,-,0,-,-,-,2,5,4
West Virginia,-,0,-,-,-,0,-,-
East South Central,-,0,-,-,-,3,16,26
Alabama,-,0,-,-,-,2,5,11
Kentucky,-,0,-,-,-,1,3,4
Mississippi,-,0,-,-,-,1,4,7
Tennessee,-,0,-,-,-,1,4,4
West South Central,-,0,-,1,-,13,74,169
Arkansas,-,0,-,-,-,1,4,7
Louisiana,-,0,-,1,-,9,44,20
Oklahoma,-,0,-,-,-,1,2,21
Texas,-,0,-,-,-,10,24,121
Mountain,-,2,-,10,1,114,280,1892
Arizona,-,2,-,10,-,113,58,1634
Colorado,-,0,-,-,-,34,200,176
Idaho,-,0,-,-,-,2,3,16
Montana,-,0,-,-,-,0,-,2
Nevada,-,0,-,-,-,0,-,1
New Mexico,-,0,-,-,1,2,11,34
Utah,-,0,-,-,-,2,5,28
Wyoming,-,0,-,-,-,1,3,1
Pacific,-,2,9,3,-,14,116,138
Alaska,-,0,-,-,-,0,-,1
California,-,2,9,3,-,14,108,128
Hawaii,-,0,-,-,-,0,-,-
Oregon,-,0,-,-,-,1,4,5
Washington,-,0,-,-,-,2,4,4
U.S. Territories,-,0,-,-,-,0,-,-
American Samoa,-,0,-,-,-,0,-,-
Commonwealth of Northern Mariana Islands,-,0,-,-,-,0,-,-
Guam,-,0,-,-,-,0,-,-
Puerto Rico,-,0,-,-,-,0,-,-
U.S. Virgin Islands,-,0,-,-,-,0,-,-
Non-U.S. Residents,-,0,-,-,-,0,-,-
Total,-,2,9,14,2,124,903,2791
