Reporting Area,Brucellosis,Brucellosis,Brucellosis,Brucellosis,Campylobacteriosis,Campylobacteriosis,Campylobacteriosis,Campylobacteriosis,"Candida auris  , clinical §","Candida auris  , clinical §","Candida auris  , clinical §","Candida auris  , clinical §"
Reporting Area,Current week,Previous 52 weeks Max †,Cum YTD 2022 †,Cum YTD 2021 †,Current week,Previous 52 weeks Max †,Cum YTD 2022 †,Cum YTD 2021 †,Current week,Previous 52 weeks Max †,Cum YTD 2022 †,Cum YTD 2021 †
"U.S. Residents, excluding U.S. Territories",-,6,24,36,489,1918,17790,19509,-,20,149,175
New England,-,1,1,2,29,126,874,973,-,0,-,-
Connecticut,-,0,-,-,-,30,115,201,-,0,-,-
Maine,-,0,-,-,-,11,54,105,-,0,-,-
Massachusetts,-,0,-,1,26,60,525,429,-,0,-,-
New Hampshire,-,0,-,-,-,19,97,131,-,0,-,-
Rhode Island,-,1,1,-,1,13,57,87,-,0,-,-
Vermont,-,0,-,1,2,14,26,20,-,0,-,-
Middle Atlantic,-,1,3,2,83,306,2750,2774,-,8,37,17
New Jersey,-,1,-,-,-,68,228,557,-,0,-,-
New York (excluding New York City),-,0,-,-,-,103,687,606,-,0,-,-
New York City,-,1,1,2,45,81,1067,801,-,0,-,-
Pennsylvania,-,1,2,-,38,109,768,810,-,8,37,17
East North Central,-,1,3,4,44,276,2131,2302,-,17,69,132
Illinois,-,1,2,1,4,71,742,676,-,14,18,132
Indiana,-,0,-,-,-,27,18,240,-,11,23,-
Michigan,-,1,1,-,5,57,319,482,-,1,-,-
Ohio,-,1,-,3,26,95,695,544,-,5,28,-
Wisconsin,-,0,-,-,9,58,357,360,-,0,-,-
West North Central,-,1,-,1,39,142,1042,1460,-,0,-,-
Iowa,-,1,-,-,22,48,386,400,-,0,-,-
Kansas,-,0,-,-,6,33,85,245,-,0,-,-
Minnesota,-,0,-,-,-,0,-,-,-,0,-,-
Missouri,-,0,-,-,-,37,331,430,-,0,-,-
Nebraska,-,1,-,1,11,26,127,223,-,0,-,-
North Dakota,-,0,-,-,-,9,43,58,-,0,-,-
South Dakota,-,0,-,-,-,15,70,104,-,0,-,-
South Atlantic,-,1,1,5,32,367,2833,3911,-,8,-,17
Delaware,-,0,-,-,-,12,48,48,-,1,-,1
District of Columbia,-,0,-,-,-,2,-,3,-,0,-,-
Florida,-,1,1,3,-,133,1490,1475,N,NC,N,N
Georgia,-,0,-,-,-,50,395,500,-,1,-,-
Maryland,-,1,-,-,-,27,212,262,-,8,-,15
North Carolina,-,0,-,2,-,66,-,708,-,0,-,1
South Carolina,-,0,-,-,9,27,218,225,-,0,-,-
Virginia,-,0,-,-,23,58,399,598,-,0,-,-
West Virginia,-,0,-,-,-,29,71,92,-,0,-,-
East South Central,-,1,1,-,9,115,964,998,-,0,-,-
Alabama,-,1,-,-,1,39,210,253,N,NC,N,N
Kentucky,-,1,1,-,3,55,346,320,-,0,-,-
Mississippi,-,0,-,-,-,17,140,112,-,0,-,-
Tennessee,-,0,-,-,5,35,268,313,-,0,-,-
West South Central,-,2,5,9,69,235,1437,1782,-,4,11,9
Arkansas,-,1,2,1,22,24,179,201,-,0,-,-
Louisiana,-,0,-,1,2,25,258,211,-,2,3,-
Oklahoma,-,0,-,-,2,42,289,289,-,0,-,-
Texas,-,2,3,7,43,198,711,1081,-,4,8,9
Mountain,-,2,2,1,57,155,1538,1422,-,5,16,-
Arizona,-,2,1,-,39,65,585,372,-,5,16,-
Colorado,-,1,-,-,11,48,410,293,-,0,-,-
Idaho,-,0,-,-,-,23,114,167,-,0,-,-
Montana,-,0,-,-,3,13,79,97,-,0,-,-
Nevada,-,1,-,-,1,10,45,112,-,0,-,-
New Mexico,-,0,-,1,3,23,82,122,-,0,-,-
Utah,-,1,1,-,-,24,186,196,-,0,-,-
Wyoming,-,0,-,-,-,13,37,63,-,0,-,-
Pacific,-,3,8,12,127,360,4221,3887,-,6,16,-
Alaska,-,0,-,-,-,7,44,25,-,0,-,-
California,-,3,5,10,87,254,3128,2706,-,6,16,-
Hawaii,-,1,-,1,-,23,145,192,-,0,-,-
Oregon,-,1,3,-,16,38,319,368,-,0,-,-
Washington,-,1,-,1,24,62,585,596,-,0,-,-
U.S. Territories,-,2,-,1,-,7,40,51,-,0,-,-
American Samoa,-,0,-,-,-,0,-,-,-,0,-,-
Commonwealth of Northern Mariana Islands,-,0,-,-,-,1,-,1,-,0,-,-
Guam,-,2,-,1,-,2,-,11,-,0,-,-
Puerto Rico,-,0,-,-,-,5,40,39,-,0,-,-
U.S. Virgin Islands,-,0,-,-,-,0,-,-,-,0,-,-
Non-U.S. Residents,-,0,-,-,-,1,-,-,-,0,-,-
Total,-,6,24,37,489,1922,17830,19560,-,20,149,175
