Reporting Area,"Vibriosis (any species of the family  Vibrionaceae  , other than toxigenic  Vibrio  cholerae O1 or O139)","Vibriosis (any species of the family  Vibrionaceae  , other than toxigenic  Vibrio  cholerae O1 or O139)","Vibriosis (any species of the family  Vibrionaceae  , other than toxigenic  Vibrio  cholerae O1 or O139)","Vibriosis (any species of the family  Vibrionaceae  , other than toxigenic  Vibrio  cholerae O1 or O139)","Vibriosis (any species of the family  Vibrionaceae  , other than toxigenic  Vibrio  cholerae O1 or O139)","Vibriosis (any species of the family  Vibrionaceae  , other than toxigenic  Vibrio  cholerae O1 or O139)","Vibriosis (any species of the family  Vibrionaceae  , other than toxigenic  Vibrio  cholerae O1 or O139)","Vibriosis (any species of the family  Vibrionaceae  , other than toxigenic  Vibrio  cholerae O1 or O139)"
Reporting Area,Confirmed,Confirmed,Confirmed,Confirmed,Probable,Probable,Probable,Probable
Reporting Area,Current week,Previous 52 weeks Max †,Cum YTD 2022 †,Cum YTD 2021 †,Current week,Previous 52 weeks Max †,Cum YTD 2022 †,Cum YTD 2021 †
"U.S. Residents, excluding U.S. Territories",8,86,56,43,3,47,70,62
New England,-,11,1,2,1,6,4,3
Connecticut,-,3,-,-,-,3,-,2
Maine,-,2,-,-,-,1,-,-
Massachusetts,-,6,-,2,1,3,4,1
New Hampshire,-,1,-,-,-,1,-,-
Rhode Island,-,2,-,-,-,1,-,-
Vermont,-,1,1,-,-,2,-,-
Middle Atlantic,3,14,9,5,-,9,7,10
New Jersey,-,3,1,-,-,4,-,-
New York (excluding New York City),1,7,5,4,-,4,6,1
New York City,-,2,1,1,-,3,-,6
Pennsylvania,2,4,2,-,-,5,1,3
East North Central,-,6,4,5,-,7,13,8
Illinois,-,4,1,-,-,4,-,-
Indiana,-,2,-,-,-,2,-,-
Michigan,-,2,1,-,-,2,-,-
Ohio,-,4,1,5,-,3,5,8
Wisconsin,-,2,1,-,-,4,8,-
West North Central,1,3,4,-,-,6,5,6
Iowa,N,NC,N,N,N,NC,N,N
Kansas,-,0,-,-,-,2,-,-
Minnesota,-,0,-,-,-,0,-,-
Missouri,1,1,3,-,-,3,2,2
Nebraska,-,2,1,-,-,3,3,2
North Dakota,-,1,-,-,-,0,-,1
South Dakota,-,1,-,-,-,1,-,1
South Atlantic,4,21,20,15,2,9,13,8
Delaware,-,5,-,1,-,1,-,1
District of Columbia,-,0,-,-,-,0,-,-
Florida,4,12,17,9,2,5,7,2
Georgia,-,2,-,-,-,1,-,-
Maryland,-,5,-,1,-,3,-,1
North Carolina,-,2,-,1,-,2,-,3
South Carolina,-,3,2,-,-,2,2,1
Virginia,-,4,1,3,-,4,1,-
West Virginia,-,1,-,-,-,3,3,-
East South Central,-,6,-,3,-,4,4,5
Alabama,-,2,-,1,-,2,4,-
Kentucky,-,2,-,1,-,4,-,1
Mississippi,-,2,-,-,-,0,-,-
Tennessee,-,5,-,1,-,2,-,4
West South Central,-,11,2,1,-,7,10,8
Arkansas,-,1,-,-,-,1,-,-
Louisiana,-,6,2,1,-,3,7,2
Oklahoma,-,1,-,-,-,1,-,-
Texas,-,6,-,-,-,6,3,6
Mountain,-,8,2,2,-,6,5,5
Arizona,-,4,-,-,-,3,2,1
Colorado,-,4,1,1,-,3,3,3
Idaho,N,NC,N,N,N,NC,N,N
Montana,-,1,-,-,-,1,-,-
Nevada,-,1,-,-,-,1,-,-
New Mexico,-,1,-,-,-,0,-,-
Utah,-,4,1,1,-,3,-,1
Wyoming,-,1,-,-,-,1,-,-
Pacific,-,46,14,10,-,24,9,9
Alaska,-,1,-,1,-,1,-,1
California,-,19,7,3,-,9,3,2
Hawaii,-,2,4,5,-,1,-,-
Oregon,-,11,1,1,-,6,-,1
Washington,-,29,2,-,-,11,6,5
U.S. Territories,-,0,-,-,-,0,-,-
American Samoa,N,NC,N,N,N,NC,N,N
Commonwealth of Northern Mariana Islands,-,0,-,-,-,0,-,-
Guam,-,0,-,-,-,0,-,-
Puerto Rico,-,0,-,-,-,0,-,-
U.S. Virgin Islands,-,0,-,-,-,0,-,-
Non-U.S. Residents,-,0,-,-,-,0,-,-
Total,8,86,56,43,3,47,70,62
