Reporting Area,Brucellosis §,Brucellosis §,Brucellosis §,Brucellosis §
Reporting Area,Current week,Previous 52 weeks Max †,Cum YTD 2023 †,Cum YTD 2022 †
"U.S. Residents, excluding U.S. Territories",-,6,1,8
New England,-,2,-,-
Connecticut,-,0,-,-
Maine,-,1,-,-
Massachusetts,-,0,-,-
New Hampshire,-,0,-,-
Rhode Island,-,2,-,-
Vermont,-,0,-,-
Middle Atlantic,-,2,-,-
New Jersey,-,1,-,-
New York (excluding New York City),-,2,-,-
New York City,-,1,-,-
Pennsylvania,-,1,-,-
East North Central,-,1,-,1
Illinois,-,1,-,1
Indiana,-,0,-,-
Michigan,-,1,-,-
Ohio,-,0,-,-
Wisconsin,-,0,-,-
West North Central,-,2,-,1
Iowa,-,0,-,-
Kansas,-,1,-,-
Minnesota,-,1,-,1
Missouri,-,1,-,-
Nebraska,-,1,-,-
North Dakota,-,0,-,-
South Dakota,-,0,-,-
South Atlantic,-,2,-,-
Delaware,-,0,-,-
District of Columbia,-,0,-,-
Florida,-,1,-,-
Georgia,-,0,-,-
Maryland,-,0,-,-
North Carolina,-,1,-,-
South Carolina,-,0,-,-
Virginia,-,0,-,-
West Virginia,-,0,-,-
East South Central,-,1,-,-
Alabama,-,0,-,-
Kentucky,-,1,-,-
Mississippi,-,0,-,-
Tennessee,-,0,-,-
West South Central,-,2,-,1
Arkansas,-,1,-,1
Louisiana,-,1,-,-
Oklahoma,-,1,-,-
Texas,-,2,-,-
Mountain,-,2,-,-
Arizona,-,1,-,-
Colorado,-,1,-,-
Idaho,-,1,-,-
Montana,-,0,-,-
Nevada,-,2,-,-
New Mexico,-,1,-,-
Utah,-,1,-,-
Wyoming,-,0,-,-
Pacific,-,2,1,5
Alaska,-,0,-,-
California,-,2,1,4
Hawaii,-,0,-,-
Oregon,-,1,-,-
Washington,-,1,-,1
U.S. Territories,-,0,-,-
American Samoa,-,0,-,-
Commonwealth of Northern Mariana Islands,-,0,-,-
Guam,-,0,-,-
Puerto Rico,-,0,-,-
U.S. Virgin Islands,-,0,-,-
Non-U.S. Residents,-,0,-,-
Total,-,6,1,8
