Reporting Area,"Carbapenemase-Producing Organisms (CPO), Total §,¶","Carbapenemase-Producing Organisms (CPO), Total §,¶","Carbapenemase-Producing Organisms (CPO), Total §,¶","Carbapenemase-Producing Organisms (CPO), Total §,¶"
Reporting Area,Current week,Previous 52 weeks Max †,Cum YTD 2023 †,Cum YTD 2022 †
"U.S. Residents, excluding U.S. Territories",8,NC,852,NN
New England,2,NC,20,NN
Connecticut,-,NC,-,NN
Maine,-,NC,-,NN
Massachusetts,-,NC,-,NN
New Hampshire,-,NC,8,NN
Rhode Island,2,NC,12,NN
Vermont,-,NC,-,NN
Middle Atlantic,1,NC,197,NN
New Jersey,-,NC,-,NN
New York (excluding New York City),-,NC,-,NN
New York City,-,NC,39,NN
Pennsylvania,1,NC,158,NN
East North Central,-,NC,82,NN
Illinois,-,NC,-,NN
Indiana,-,NC,39,NN
Michigan,-,NC,34,NN
Ohio,-,NC,-,NN
Wisconsin,-,NC,9,NN
West North Central,-,NC,16,NN
Iowa,-,NC,10,NN
Kansas,-,NC,5,NN
Minnesota,-,NC,-,NN
Missouri,-,NC,-,NN
Nebraska,-,NC,-,NN
North Dakota,-,NC,1,NN
South Dakota,-,NC,-,NN
South Atlantic,-,NC,128,NN
Delaware,-,NC,2,NN
District of Columbia,-,NC,-,NN
Florida,N,NC,N,NN
Georgia,-,NC,26,NN
Maryland,-,NC,-,NN
North Carolina,-,NC,28,NN
South Carolina,-,NC,-,NN
Virginia,-,NC,70,NN
West Virginia,-,NC,2,NN
East South Central,-,NC,-,NN
Alabama,N,NC,N,NN
Kentucky,-,NC,-,NN
Mississippi,-,NC,-,NN
Tennessee,-,NC,-,NN
West South Central,-,NC,-,NN
Arkansas,-,NC,-,NN
Louisiana,-,NC,-,NN
Oklahoma,-,NC,-,NN
Texas,-,NC,-,NN
Mountain,-,NC,142,NN
Arizona,-,NC,135,NN
Colorado,-,NC,-,NN
Idaho,-,NC,-,NN
Montana,-,NC,-,NN
Nevada,-,NC,2,NN
New Mexico,-,NC,-,NN
Utah,-,NC,5,NN
Wyoming,-,NC,-,NN
Pacific,5,NC,267,NN
Alaska,-,NC,-,NN
California,5,NC,263,NN
Hawaii,-,NC,2,NN
Oregon,-,NC,-,NN
Washington,-,NC,2,NN
U.S. Territories,-,NC,-,NN
American Samoa,-,NC,-,NN
Commonwealth of Northern Mariana Islands,-,NC,-,NN
Guam,-,NC,-,NN
Puerto Rico,-,NC,-,NN
U.S. Virgin Islands,-,NC,-,NN
Non-U.S. Residents,-,NC,-,NN
Total,8,NC,852,NN
