Reporting Area,Salmonella  Paratyphi infection §,Salmonella  Paratyphi infection §,Salmonella  Paratyphi infection §,Salmonella  Paratyphi infection §
Reporting Area,Current week,Previous 52 weeks Max †,Cum YTD 2023 †,Cum YTD 2022 †
"U.S. Residents, excluding U.S. Territories",3,8,26,36
New England,-,1,1,1
Connecticut,-,0,-,1
Maine,-,0,-,-
Massachusetts,-,1,1,-
New Hampshire,-,1,-,-
Rhode Island,-,0,-,-
Vermont,-,0,-,-
Middle Atlantic,2,4,6,10
New Jersey,-,2,-,2
New York (excluding New York City),1,1,2,2
New York City,1,2,3,4
Pennsylvania,-,1,1,2
East North Central,-,2,2,6
Illinois,-,2,1,5
Indiana,-,0,-,-
Michigan,-,1,-,1
Ohio,-,1,1,-
Wisconsin,-,0,-,-
West North Central,-,0,-,4
Iowa,-,0,-,1
Kansas,-,0,-,-
Minnesota,-,0,-,-
Missouri,-,0,-,-
Nebraska,-,0,-,3
North Dakota,-,0,-,-
South Dakota,-,0,-,-
South Atlantic,-,3,5,2
Delaware,-,1,1,-
District of Columbia,-,0,-,-
Florida,-,1,1,1
Georgia,-,0,-,-
Maryland,-,2,2,-
North Carolina,-,1,-,-
South Carolina,-,0,-,-
Virginia,-,2,1,1
West Virginia,-,0,-,-
East South Central,1,2,1,2
Alabama,-,1,-,-
Kentucky,-,1,-,2
Mississippi,-,0,-,-
Tennessee,1,1,1,-
West South Central,-,1,1,-
Arkansas,-,1,-,-
Louisiana,-,1,-,-
Oklahoma,-,0,-,-
Texas,-,1,1,-
Mountain,-,1,-,-
Arizona,-,1,-,-
Colorado,-,1,-,-
Idaho,-,0,-,-
Montana,-,0,-,-
Nevada,-,0,-,-
New Mexico,-,0,-,-
Utah,-,0,-,-
Wyoming,-,0,-,-
Pacific,-,3,10,11
Alaska,-,0,-,-
California,-,3,9,9
Hawaii,-,0,-,-
Oregon,-,0,-,-
Washington,-,1,1,2
U.S. Territories,-,0,-,-
American Samoa,-,0,-,-
Commonwealth of Northern Mariana Islands,-,0,-,-
Guam,-,0,-,-
Puerto Rico,-,0,-,-
U.S. Virgin Islands,-,0,-,-
Non-U.S. Residents,-,0,-,-
Total,3,8,26,36
