Reporting Area,Salmonellosis (excluding  Salmonella  Typhi infection and  Salmonella  Paratyphi infection) §,Salmonellosis (excluding  Salmonella  Typhi infection and  Salmonella  Paratyphi infection) §,Salmonellosis (excluding  Salmonella  Typhi infection and  Salmonella  Paratyphi infection) §,Salmonellosis (excluding  Salmonella  Typhi infection and  Salmonella  Paratyphi infection) §
Reporting Area,Current week,Previous 52 weeks Max †,Cum YTD 2023 †,Cum YTD 2022 †
"U.S. Residents, excluding U.S. Territories",196,1784,3506,3649
New England,8,109,129,147
Connecticut,-,22,-,24
Maine,-,9,5,11
Massachusetts,8,73,98,81
New Hampshire,-,12,11,16
Rhode Island,-,8,8,11
Vermont,-,9,7,4
Middle Atlantic,24,209,390,363
New Jersey,-,56,6,46
New York (excluding New York City),6,101,86,104
New York City,12,57,155,102
Pennsylvania,6,69,143,111
East North Central,30,192,452,454
Illinois,-,59,107,135
Indiana,-,18,8,52
Michigan,2,30,61,80
Ohio,19,57,175,101
Wisconsin,9,49,101,86
West North Central,10,108,215,241
Iowa,1,40,67,71
Kansas,-,20,30,27
Minnesota,-,0,-,-
Missouri,4,41,61,67
Nebraska,4,15,41,40
North Dakota,1,10,7,10
South Dakota,-,10,9,26
South Atlantic,52,545,1081,1145
Delaware,-,12,4,13
District of Columbia,-,2,2,-
Florida,22,240,579,592
Georgia,5,92,117,130
Maryland,13,53,86,77
North Carolina,-,103,65,156
South Carolina,4,76,90,85
Virginia,8,45,127,73
West Virginia,-,11,11,19
East South Central,9,167,145,238
Alabama,-,43,-,58
Kentucky,2,29,25,35
Mississippi,-,74,43,89
Tennessee,7,45,77,56
West South Central,20,369,342,369
Arkansas,6,32,32,28
Louisiana,-,65,77,63
Oklahoma,8,40,53,34
Texas,6,252,180,244
Mountain,21,112,301,268
Arizona,19,47,148,59
Colorado,-,43,61,97
Idaho,-,12,3,15
Montana,-,8,5,7
Nevada,-,8,11,6
New Mexico,1,15,41,36
Utah,1,17,31,40
Wyoming,-,6,1,8
Pacific,22,174,451,424
Alaska,-,6,7,4
California,19,136,309,279
Hawaii,-,11,8,13
Oregon,1,23,49,49
Washington,2,29,78,79
U.S. Territories,2,17,33,38
American Samoa,-,0,-,-
Commonwealth of Northern Mariana Islands,-,0,-,-
Guam,-,0,-,-
Puerto Rico,2,17,33,38
U.S. Virgin Islands,-,0,-,-
Non-U.S. Residents,-,1,1,1
Total,198,1790,3540,3688
