Reporting Area,Vancomycin-intermediate  Staphylococcus aureus,Vancomycin-intermediate  Staphylococcus aureus,Vancomycin-intermediate  Staphylococcus aureus,Vancomycin-intermediate  Staphylococcus aureus,Vancomycin-resistant  Staphylococcus aureus  §,Vancomycin-resistant  Staphylococcus aureus  §,Vancomycin-resistant  Staphylococcus aureus  §,Vancomycin-resistant  Staphylococcus aureus  §,Varicella morbidity,Varicella morbidity,Varicella morbidity,Varicella morbidity
Reporting Area,Current week,Previous 52 weeks Max †,Cum YTD 2022 †,Cum YTD 2021 †,Current week,Previous 52 weeks Max †,Cum YTD 2022 †,Cum YTD 2021 †,Current week,Previous 52 weeks Max †,Cum YTD 2022 †,Cum YTD 2021 †
"U.S. Residents, excluding U.S. Territories",-,4,50,68,-,2,-,1,14,110,3104,3046
New England,-,1,2,1,-,0,-,-,1,12,257,259
Connecticut,-,1,1,-,-,0,-,-,-,5,60,40
Maine,-,0,-,-,-,0,-,-,-,5,32,58
Massachusetts,-,1,1,1,-,0,-,-,-,8,93,92
New Hampshire,N,NC,N,N,-,0,-,-,-,8,22,23
Rhode Island,-,0,-,-,-,0,-,-,1,4,35,30
Vermont,-,0,-,-,-,0,-,-,-,4,15,16
Middle Atlantic,-,2,13,6,-,2,-,-,3,10,221,326
New Jersey,-,0,-,-,-,0,-,-,-,2,2,128
New York (excluding New York City),-,2,6,2,-,2,-,-,N,NC,N,N
New York City,-,0,-,1,-,0,-,-,-,0,-,-
Pennsylvania,-,2,7,3,-,0,-,-,3,10,219,198
East North Central,-,1,6,11,-,0,-,1,1,32,765,686
Illinois,-,0,-,1,-,0,-,-,-,10,187,152
Indiana,N,NC,N,N,-,0,-,-,-,10,133,113
Michigan,-,1,2,4,-,0,-,1,-,6,70,115
Ohio,-,1,4,6,-,0,-,-,-,11,197,169
Wisconsin,-,0,-,-,-,0,-,-,1,13,178,137
West North Central,-,3,22,35,-,0,-,-,1,18,251,240
Iowa,-,0,-,-,-,0,-,-,N,NC,N,N
Kansas,-,0,-,4,-,0,-,-,-,0,-,-
Minnesota,-,0,-,-,-,0,-,-,-,13,149,143
Missouri,-,3,22,31,-,0,-,-,1,7,70,65
Nebraska,-,0,-,-,-,0,-,-,-,2,6,15
North Dakota,-,0,-,-,-,0,-,-,-,3,14,8
South Dakota,N,NC,N,N,-,0,-,-,-,3,12,9
South Atlantic,-,1,2,7,-,0,-,-,4,36,764,613
Delaware,-,0,-,-,-,0,-,-,-,2,8,29
District of Columbia,N,NC,N,N,N,NC,N,N,-,1,3,3
Florida,-,0,-,1,-,0,-,-,2,20,387,326
Georgia,-,0,-,-,-,0,-,-,-,7,95,84
Maryland,-,1,1,-,-,0,-,-,N,NC,N,N
North Carolina,-,1,1,6,-,0,-,-,-,5,46,28
South Carolina,-,0,-,-,-,0,-,-,-,15,102,31
Virginia,-,0,-,-,-,0,-,-,2,14,123,112
West Virginia,-,0,-,-,-,0,-,-,N,NC,N,N
East South Central,-,1,4,1,-,1,-,-,-,7,100,92
Alabama,-,0,-,1,-,1,-,-,-,6,64,51
Kentucky,N,NC,N,N,N,NC,N,N,-,4,19,37
Mississippi,-,1,3,-,-,0,-,-,-,5,17,4
Tennessee,-,1,1,-,-,0,-,-,N,NC,N,N
West South Central,-,1,1,4,-,0,-,-,-,37,416,382
Arkansas,-,0,-,-,-,0,-,-,-,5,44,44
Louisiana,-,1,1,-,-,0,-,-,-,4,35,44
Oklahoma,-,0,-,-,-,0,-,-,N,NC,N,N
Texas,-,0,-,4,-,0,-,-,-,35,337,294
Mountain,-,0,-,3,-,0,-,-,4,19,266,395
Arizona,-,0,-,3,-,0,-,-,-,3,-,90
Colorado,-,0,-,-,-,0,-,-,4,12,137,198
Idaho,N,NC,N,N,N,NC,N,N,N,NC,N,N
Montana,-,0,-,-,-,0,-,-,-,4,20,17
Nevada,-,0,-,-,-,0,-,-,N,NC,N,N
New Mexico,N,NC,N,N,N,NC,N,N,-,3,35,15
Utah,-,0,-,-,-,0,-,-,-,5,71,69
Wyoming,-,0,-,-,-,0,-,-,-,2,3,6
Pacific,-,0,-,-,-,0,-,-,-,6,64,53
Alaska,N,NC,N,N,-,0,-,-,-,4,29,14
California,N,NC,N,N,N,NC,N,N,-,2,14,17
Hawaii,-,0,-,-,-,0,-,-,-,4,21,22
Oregon,N,NC,N,N,N,NC,N,N,N,NC,N,N
Washington,N,NC,N,N,-,0,-,-,N,NC,N,N
U.S. Territories,-,0,-,-,-,0,-,1,-,1,-,19
American Samoa,N,NC,N,N,N,NC,N,N,N,NC,N,N
Commonwealth of Northern Mariana Islands,-,0,-,-,-,0,-,-,-,0,-,-
Guam,-,0,-,-,-,0,-,1,-,0,-,-
Puerto Rico,-,0,-,-,-,0,-,-,-,1,-,19
U.S. Virgin Islands,-,0,-,-,-,0,-,-,-,0,-,-
Non-U.S. Residents,-,0,-,-,-,0,-,-,-,0,-,-
Total,-,4,50,68,-,2,-,2,14,110,3104,3065
