Reporting Area,Chlamydia trachomatis  infection §,Chlamydia trachomatis  infection §,Chlamydia trachomatis  infection §,Chlamydia trachomatis  infection §
Reporting Area,Current week,Previous 52 weeks Max †,Cum YTD 2023 †,Cum YTD 2022 †
"U.S. Residents, excluding U.S. Territories",13768,32790,549169,650595
New England,556,1471,17666,20131
Connecticut,-,251,1156,4347
Maine,48,78,1154,1347
Massachusetts,397,722,11841,10945
New Hampshire,-,93,959,1210
Rhode Island,90,684,2015,1793
Vermont,21,37,541,489
Middle Atlantic,1604,4267,69826,77119
New Jersey,-,744,9406,13457
New York (excluding New York City),905,1532,16477,15185
New York City,-,1457,21948,25938
Pennsylvania,699,1234,21995,22539
East North Central,1567,4864,73619,93082
Illinois,91,1517,18409,28655
Indiana,314,855,11104,13141
Michigan,93,969,12447,17248
Ohio,681,1219,21527,23238
Wisconsin,388,559,10132,10800
West North Central,605,2117,34056,40886
Iowa,52,333,5292,6081
Kansas,69,300,1706,5669
Minnesota,111,496,8745,8925
Missouri,359,730,12407,12775
Nebraska,-,223,3082,3952
North Dakota,-,92,1015,1475
South Dakota,14,125,1809,2009
South Atlantic,4106,7150,126234,135599
Delaware,144,211,2430,2103
District of Columbia,25,188,3286,3270
Florida,1947,2789,45103,40906
Georgia,657,1525,22390,28887
Maryland,U,NC,U,U
North Carolina,9,1426,20522,26644
South Carolina,675,884,13586,14939
Virginia,638,984,17233,17004
West Virginia,11,110,1684,1846
East South Central,1191,2501,38773,43294
Alabama,601,972,13908,12380
Kentucky,241,515,6196,7095
Mississippi,101,526,7152,7992
Tennessee,248,1085,11517,15827
West South Central,491,4910,54836,94950
Arkansas,213,391,6511,7281
Louisiana,241,802,13336,14777
Oklahoma,37,422,4048,8128
Texas,-,3381,30941,64764
Mountain,759,2494,41233,46265
Arizona,437,921,15805,16705
Colorado,-,790,10520,10055
Idaho,46,154,2271,1911
Montana,36,112,1430,1645
Nevada,19,361,2982,6450
New Mexico,9,262,3112,4298
Utah,199,246,4446,4526
Wyoming,13,54,667,675
Pacific,2889,5042,92926,99269
Alaska,16,121,1643,2160
California,2089,4107,76739,78134
Hawaii,-,3,-,60
Oregon,310,356,6152,6502
Washington,474,635,8392,12413
U.S. Territories,-,112,515,1575
American Samoa,-,0,-,-
Commonwealth of Northern Mariana Islands,-,0,-,-
Guam,-,0,-,-
Puerto Rico,-,112,515,1575
U.S. Virgin Islands,-,0,-,-
Non-U.S. Residents,1,7,19,56
Total,13769,32877,549703,652226
