Reporting Area,Cryptosporidiosis,Cryptosporidiosis,Cryptosporidiosis,Cryptosporidiosis,Cyclosporiasis,Cyclosporiasis,Cyclosporiasis,Cyclosporiasis
Reporting Area,Current week,Previous 52 weeks Max †,Cum YTD 2022 †,Cum YTD 2021 †,Current week,Previous 52 weeks Max †,Cum YTD 2022 †,Cum YTD 2021 †
"U.S. Residents, excluding U.S. Territories",78,261,6260,5797,28,230,1984,2106
New England,6,18,267,280,-,9,60,71
Connecticut,-,4,25,37,-,3,18,27
Maine,-,3,33,43,-,1,1,2
Massachusetts,3,11,118,91,-,6,36,34
New Hampshire,-,3,20,46,-,1,2,5
Rhode Island,1,4,46,25,-,2,2,3
Vermont,2,4,25,38,-,1,1,-
Middle Atlantic,11,53,857,772,2,18,161,309
New Jersey,-,15,149,107,-,1,2,78
New York (excluding New York City),7,18,243,272,-,2,3,127
New York City,1,16,176,165,2,18,156,104
Pennsylvania,3,18,289,228,N,NC,N,N
East North Central,9,77,1100,1193,1,36,278,334
Illinois,-,18,247,200,-,29,166,123
Indiana,-,6,4,127,-,2,12,17
Michigan,1,13,159,167,-,5,25,32
Ohio,-,23,348,268,-,7,25,69
Wisconsin,8,39,342,431,1,9,50,93
West North Central,4,53,686,980,2,9,61,345
Iowa,-,24,298,290,-,4,23,84
Kansas,-,7,64,71,-,5,13,69
Minnesota,-,18,-,288,-,1,-,62
Missouri,2,10,149,131,-,4,15,77
Nebraska,2,6,83,72,2,2,9,28
North Dakota,-,5,31,29,-,0,-,9
South Dakota,-,5,61,99,-,1,1,16
South Atlantic,14,41,1038,836,3,118,739,515
Delaware,2,3,28,14,-,2,3,4
District of Columbia,-,1,-,4,-,0,-,-
Florida,2,20,376,206,-,74,433,237
Georgia,2,13,253,153,1,39,166,68
Maryland,-,7,80,43,-,4,28,39
North Carolina,-,11,-,179,-,1,-,102
South Carolina,-,8,80,57,-,14,60,26
Virginia,8,13,159,138,2,11,48,30
West Virginia,-,5,62,42,-,1,1,9
East South Central,-,25,451,397,-,7,23,45
Alabama,-,8,105,71,-,1,-,6
Kentucky,-,13,171,148,N,NC,N,N
Mississippi,-,5,48,19,N,NC,N,N
Tennessee,-,12,127,159,-,7,23,39
West South Central,9,53,546,397,16,64,452,240
Arkansas,5,6,65,41,1,2,7,13
Louisiana,3,11,111,52,-,7,42,27
Oklahoma,1,4,44,64,N,NC,N,N
Texas,-,51,326,240,15,60,403,200
Mountain,13,27,534,448,2,14,111,169
Arizona,3,8,77,68,1,3,11,19
Colorado,5,11,185,134,1,11,80,116
Idaho,-,4,44,59,N,NC,N,N
Montana,-,4,29,44,-,1,2,4
Nevada,-,3,18,14,N,NC,N,N
New Mexico,-,5,46,28,-,2,2,5
Utah,5,9,124,95,-,3,16,23
Wyoming,-,2,11,6,-,1,-,2
Pacific,12,34,781,494,2,10,99,78
Alaska,-,5,4,3,-,1,2,-
California,10,27,554,302,2,10,88,64
Hawaii,-,1,3,4,-,0,-,-
Oregon,2,5,64,93,-,2,8,14
Washington,-,9,156,92,-,1,1,-
U.S. Territories,-,1,-,-,-,0,-,1
American Samoa,N,NC,N,N,N,NC,N,N
Commonwealth of Northern Mariana Islands,-,0,-,-,-,0,-,-
Guam,-,0,-,-,-,0,-,-
Puerto Rico,-,1,-,-,-,0,-,1
U.S. Virgin Islands,-,0,-,-,-,0,-,-
Non-U.S. Residents,-,1,-,-,-,0,-,2
Total,78,261,6260,5797,28,230,1984,2109
