Reporting Area,Dengue virus infections,Dengue virus infections,Dengue virus infections,Dengue virus infections
Reporting Area,Dengue,Dengue,Dengue,Dengue
Reporting Area,Current week,Previous 52 weeks Max †,Cum YTD 2023 †,Cum YTD 2022 †
"U.S. Residents, excluding U.S. Territories",-,87,4,26
New England,-,1,-,3
Connecticut,-,1,-,-
Maine,-,0,-,-
Massachusetts,-,1,-,3
New Hampshire,-,1,-,-
Rhode Island,-,1,-,-
Vermont,-,1,-,-
Middle Atlantic,-,10,1,6
New Jersey,-,4,-,1
New York (excluding New York City),-,2,-,-
New York City,-,7,1,4
Pennsylvania,-,2,-,1
East North Central,-,5,-,1
Illinois,-,2,-,-
Indiana,-,2,-,1
Michigan,-,0,-,-
Ohio,-,1,-,-
Wisconsin,-,1,-,-
West North Central,-,2,1,-
Iowa,-,1,1,-
Kansas,-,1,-,-
Minnesota,-,1,-,-
Missouri,-,2,-,-
Nebraska,-,2,-,-
North Dakota,-,0,-,-
South Dakota,-,0,-,-
South Atlantic,-,69,2,10
Delaware,-,0,-,-
District of Columbia,-,1,-,1
Florida,-,66,2,8
Georgia,-,1,-,-
Maryland,-,1,-,-
North Carolina,-,1,-,1
South Carolina,-,1,-,-
Virginia,-,2,-,-
West Virginia,-,0,-,-
East South Central,-,2,-,-
Alabama,-,1,-,-
Kentucky,-,1,-,-
Mississippi,-,0,-,-
Tennessee,-,1,-,-
West South Central,-,4,-,-
Arkansas,-,1,-,-
Louisiana,-,1,-,-
Oklahoma,-,0,-,-
Texas,-,3,-,-
Mountain,-,4,-,-
Arizona,-,3,-,-
Colorado,-,2,-,-
Idaho,-,0,-,-
Montana,-,0,-,-
Nevada,-,1,-,-
New Mexico,-,1,-,-
Utah,-,0,-,-
Wyoming,-,0,-,-
Pacific,-,7,-,6
Alaska,-,0,-,-
California,-,7,-,5
Hawaii,-,1,-,-
Oregon,-,1,-,-
Washington,-,2,-,1
U.S. Territories,-,52,-,16
American Samoa,-,0,-,-
Commonwealth of Northern Mariana Islands,-,0,-,-
Guam,-,1,-,-
Puerto Rico,-,52,-,16
U.S. Virgin Islands,-,0,-,-
Non-U.S. Residents,-,0,-,-
Total,-,99,4,42
