Reporting Area,"Hepatitis A, acute","Hepatitis A, acute","Hepatitis A, acute","Hepatitis A, acute"
Reporting Area,Current week,Previous 52 weeks Max †,Cum YTD 2023 †,Cum YTD 2022 †
"U.S. Residents, excluding U.S. Territories",7,70,83,283
New England,-,8,2,4
Connecticut,-,1,-,1
Maine,-,5,-,3
Massachusetts,-,3,2,-
New Hampshire,-,1,-,-
Rhode Island,-,1,-,-
Vermont,-,1,-,-
Middle Atlantic,3,11,11,42
New Jersey,-,2,-,-
New York (excluding New York City),-,4,1,8
New York City,1,4,3,14
Pennsylvania,2,7,7,20
East North Central,2,6,11,11
Illinois,1,3,3,1
Indiana,-,5,2,3
Michigan,-,2,1,2
Ohio,1,2,3,1
Wisconsin,-,2,2,4
West North Central,1,8,10,27
Iowa,-,2,-,1
Kansas,-,4,-,2
Minnesota,-,1,-,1
Missouri,-,7,3,23
Nebraska,1,3,7,-
North Dakota,-,1,-,-
South Dakota,-,1,-,-
South Atlantic,-,30,22,124
Delaware,-,3,1,3
District of Columbia,-,1,-,-
Florida,-,14,16,43
Georgia,-,9,2,32
Maryland,-,4,1,1
North Carolina,-,6,-,25
South Carolina,-,3,1,2
Virginia,-,10,1,18
West Virginia,-,2,-,-
East South Central,1,11,4,38
Alabama,-,4,1,20
Kentucky,-,1,1,-
Mississippi,-,10,1,13
Tennessee,1,3,1,5
West South Central,-,9,5,20
Arkansas,-,2,-,3
Louisiana,-,7,-,4
Oklahoma,-,4,-,-
Texas,-,8,5,13
Mountain,-,7,3,5
Arizona,-,3,-,1
Colorado,-,4,2,1
Idaho,-,2,-,2
Montana,-,1,-,-
Nevada,-,2,1,-
New Mexico,-,1,-,-
Utah,-,2,-,1
Wyoming,-,1,-,-
Pacific,-,13,15,12
Alaska,-,1,-,-
California,-,10,11,8
Hawaii,-,1,1,-
Oregon,-,2,-,1
Washington,-,3,3,3
U.S. Territories,-,2,-,1
American Samoa,-,0,-,-
Commonwealth of Northern Mariana Islands,-,0,-,-
Guam,-,0,-,-
Puerto Rico,-,2,-,1
U.S. Virgin Islands,-,0,-,-
Non-U.S. Residents,-,1,-,-
Total,7,70,83,284
