Reporting Area,"Carbapenemase-Producing Organisms (CPO), Total §,¶","Carbapenemase-Producing Organisms (CPO), Total §,¶","Carbapenemase-Producing Organisms (CPO), Total §,¶","Carbapenemase-Producing Organisms (CPO), Total §,¶"
Reporting Area,Current week,Previous 52 weeks Max †,Cum YTD 2023 †,Cum YTD 2022 †
"U.S. Residents, excluding U.S. Territories",18,NC,1838,NN
New England,-,NC,29,NN
Connecticut,-,NC,-,NN
Maine,-,NC,-,NN
Massachusetts,-,NC,-,NN
New Hampshire,-,NC,9,NN
Rhode Island,-,NC,20,NN
Vermont,-,NC,-,NN
Middle Atlantic,2,NC,331,NN
New Jersey,-,NC,-,NN
New York (excluding New York City),-,NC,-,NN
New York City,-,NC,73,NN
Pennsylvania,2,NC,258,NN
East North Central,-,NC,280,NN
Illinois,-,NC,35,NN
Indiana,-,NC,158,NN
Michigan,-,NC,68,NN
Ohio,-,NC,-,NN
Wisconsin,-,NC,19,NN
West North Central,-,NC,33,NN
Iowa,-,NC,25,NN
Kansas,-,NC,6,NN
Minnesota,-,NC,-,NN
Missouri,-,NC,-,NN
Nebraska,-,NC,-,NN
North Dakota,-,NC,1,NN
South Dakota,-,NC,1,NN
South Atlantic,3,NC,244,NN
Delaware,-,NC,3,NN
District of Columbia,-,NC,-,NN
Florida,N,NC,N,NN
Georgia,-,NC,41,NN
Maryland,-,NC,-,NN
North Carolina,-,NC,69,NN
South Carolina,-,NC,-,NN
Virginia,3,NC,116,NN
West Virginia,-,NC,15,NN
East South Central,-,NC,18,NN
Alabama,N,NC,N,NN
Kentucky,-,NC,-,NN
Mississippi,-,NC,18,NN
Tennessee,-,NC,-,NN
West South Central,-,NC,-,NN
Arkansas,-,NC,-,NN
Louisiana,-,NC,-,NN
Oklahoma,-,NC,-,NN
Texas,-,NC,-,NN
Mountain,2,NC,301,NN
Arizona,2,NC,291,NN
Colorado,-,NC,-,NN
Idaho,-,NC,-,NN
Montana,-,NC,-,NN
Nevada,-,NC,2,NN
New Mexico,-,NC,-,NN
Utah,-,NC,8,NN
Wyoming,-,NC,-,NN
Pacific,11,NC,602,NN
Alaska,-,NC,-,NN
California,11,NC,591,NN
Hawaii,-,NC,3,NN
Oregon,-,NC,6,NN
Washington,-,NC,2,NN
U.S. Territories,-,NC,-,NN
American Samoa,-,NC,-,NN
Commonwealth of Northern Mariana Islands,-,NC,-,NN
Guam,-,NC,-,NN
Puerto Rico,-,NC,-,NN
U.S. Virgin Islands,-,NC,-,NN
Non-U.S. Residents,-,NC,-,NN
Total,18,NC,1838,NN
