Reporting Area,Meningococcal disease,Meningococcal disease,Meningococcal disease,Meningococcal disease
Reporting Area,Other serogroups,Other serogroups,Other serogroups,Other serogroups
Reporting Area,Current week,Previous 52 weeks Max †,Cum YTD 2023 †,Cum YTD 2022 †
"U.S. Residents, excluding U.S. Territories",1,3,15,6
New England,-,1,1,1
Connecticut,-,1,-,-
Maine,-,0,-,-
Massachusetts,-,1,1,1
New Hampshire,-,0,-,-
Rhode Island,-,0,-,-
Vermont,-,0,-,-
Middle Atlantic,-,0,-,-
New Jersey,-,0,-,-
New York (excluding New York City),-,0,-,-
New York City,-,0,-,-
Pennsylvania,-,0,-,-
East North Central,-,1,4,1
Illinois,-,1,1,-
Indiana,-,0,-,1
Michigan,-,0,-,-
Ohio,-,1,3,-
Wisconsin,-,0,-,-
West North Central,-,0,-,-
Iowa,-,0,-,-
Kansas,-,0,-,-
Minnesota,-,0,-,-
Missouri,-,0,-,-
Nebraska,-,0,-,-
North Dakota,-,0,-,-
South Dakota,-,0,-,-
South Atlantic,-,1,2,2
Delaware,-,0,-,-
District of Columbia,-,0,-,1
Florida,-,0,-,-
Georgia,-,0,-,-
Maryland,-,1,1,-
North Carolina,-,1,-,-
South Carolina,-,0,-,-
Virginia,-,1,1,1
West Virginia,-,0,-,-
East South Central,-,0,-,-
Alabama,-,0,-,-
Kentucky,-,0,-,-
Mississippi,-,0,-,-
Tennessee,-,0,-,-
West South Central,-,1,-,2
Arkansas,-,1,-,-
Louisiana,-,0,-,-
Oklahoma,-,0,-,-
Texas,-,1,-,2
Mountain,-,2,5,-
Arizona,-,1,1,-
Colorado,-,2,4,-
Idaho,-,1,-,-
Montana,-,0,-,-
Nevada,-,0,-,-
New Mexico,-,0,-,-
Utah,-,0,-,-
Wyoming,-,0,-,-
Pacific,1,1,3,-
Alaska,-,0,-,-
California,1,1,3,-
Hawaii,-,0,-,-
Oregon,-,0,-,-
Washington,-,0,-,-
U.S. Territories,-,0,-,-
American Samoa,-,0,-,-
Commonwealth of Northern Mariana Islands,-,0,-,-
Guam,-,0,-,-
Puerto Rico,-,0,-,-
U.S. Virgin Islands,-,0,-,-
Non-U.S. Residents,-,0,-,-
Total,1,3,15,6
