Reporting Area,Salmonella  Paratyphi infection §,Salmonella  Paratyphi infection §,Salmonella  Paratyphi infection §,Salmonella  Paratyphi infection §,Salmonella  Typhi infection ¶,Salmonella  Typhi infection ¶,Salmonella  Typhi infection ¶,Salmonella  Typhi infection ¶,Salmonellosis (excluding  Salmonella  Typhi infection and  Salmonella  Paratyphi infection) **,Salmonellosis (excluding  Salmonella  Typhi infection and  Salmonella  Paratyphi infection) **,Salmonellosis (excluding  Salmonella  Typhi infection and  Salmonella  Paratyphi infection) **,Salmonellosis (excluding  Salmonella  Typhi infection and  Salmonella  Paratyphi infection) **
Reporting Area,Current week,Previous 52 weeks Max †,Cum YTD 2022 †,Cum YTD 2021 †,Current week,Previous 52 weeks Max †,Cum YTD 2022 †,Cum YTD 2021 †,Current week,Previous 52 weeks Max †,Cum YTD 2022 †,Cum YTD 2021 †
"U.S. Residents, excluding U.S. Territories",-,5,24,20,-,11,66,44,232,1410,7428,8611
New England,-,2,1,1,-,2,9,3,10,89,315,386
Connecticut,-,2,1,1,-,2,3,2,-,19,28,81
Maine,-,0,-,-,-,0,-,-,-,10,17,35
Massachusetts,-,2,-,-,-,1,6,1,10,44,214,183
New Hampshire,-,0,-,-,-,0,-,-,-,10,36,46
Rhode Island,-,0,-,-,-,0,-,-,-,8,14,24
Vermont,-,0,-,-,-,0,-,-,-,8,6,17
Middle Atlantic,-,3,7,5,-,5,20,14,30,175,794,904
New Jersey,-,1,-,2,-,2,-,5,-,48,23,178
New York (excluding New York City),-,1,2,-,-,3,6,3,1,53,197,221
New York City,-,2,4,2,-,2,11,4,14,53,289,198
Pennsylvania,-,2,1,1,-,1,3,2,15,54,285,307
East North Central,-,1,2,4,-,2,12,2,12,215,925,1144
Illinois,-,1,2,2,-,2,6,-,-,123,259,344
Indiana,-,0,-,-,-,0,-,-,-,26,5,147
Michigan,-,0,-,1,-,1,3,-,3,32,156,206
Ohio,-,1,-,1,-,2,3,2,-,43,259,270
Wisconsin,-,0,-,-,-,0,-,-,9,45,246,177
West North Central,-,2,2,-,-,1,-,-,4,95,456,531
Iowa,-,1,1,-,-,0,-,-,4,32,156,146
Kansas,-,0,-,-,-,1,-,-,-,27,34,84
Minnesota,-,0,-,-,-,0,-,-,-,0,-,-
Missouri,-,0,-,-,-,1,-,-,-,35,132,169
Nebraska,-,1,1,-,-,1,-,-,-,19,71,70
North Dakota,-,0,-,-,-,0,-,-,-,7,21,25
South Dakota,-,0,-,-,-,0,-,-,-,14,42,37
South Atlantic,-,1,2,3,-,3,9,5,97,498,2196,2533
Delaware,-,0,-,-,-,1,-,1,-,13,22,26
District of Columbia,-,0,-,-,-,0,-,-,-,1,-,8
Florida,-,1,1,2,-,1,2,1,83,218,1419,1157
Georgia,-,0,-,-,-,0,-,-,2,79,242,393
Maryland,-,1,-,-,-,1,3,1,-,41,120,155
North Carolina,-,0,-,-,-,1,-,1,-,98,-,334
South Carolina,-,0,-,-,-,1,-,-,12,77,198,191
Virginia,-,1,1,1,-,3,4,1,-,52,182,223
West Virginia,-,0,-,-,-,0,-,-,-,11,13,46
East South Central,-,1,3,-,-,2,1,2,2,123,367,666
Alabama,-,1,1,-,-,2,-,1,-,38,95,154
Kentucky,-,1,2,-,-,1,1,-,-,25,60,104
Mississippi,-,0,-,-,-,0,-,-,2,40,116,194
Tennessee,-,1,-,-,-,0,-,1,-,36,96,214
West South Central,-,3,-,1,-,3,2,2,22,272,797,940
Arkansas,-,2,-,1,-,0,-,1,-,26,57,78
Louisiana,-,1,-,-,-,0,-,-,10,50,164,200
Oklahoma,-,0,-,-,-,0,-,1,12,77,125,107
Texas,-,1,-,-,-,3,2,-,-,176,451,555
Mountain,-,1,1,3,-,3,4,3,33,97,642,621
Arizona,-,0,-,-,-,2,1,1,20,32,198,194
Colorado,-,1,1,-,-,1,1,-,9,41,231,161
Idaho,-,1,-,2,-,1,-,-,-,9,25,50
Montana,-,0,-,-,-,0,-,-,-,7,10,40
Nevada,-,0,-,-,-,0,-,1,-,4,6,17
New Mexico,-,0,-,-,-,1,-,1,-,15,49,61
Utah,-,0,-,1,-,2,2,-,4,23,114,71
Wyoming,-,0,-,-,-,0,-,-,-,8,9,27
Pacific,-,2,6,3,-,4,9,13,22,132,936,886
Alaska,-,0,-,-,-,0,-,-,-,3,18,4
California,-,2,4,1,-,4,8,12,13,106,581,606
Hawaii,-,1,-,1,-,0,-,-,-,8,22,23
Oregon,-,0,-,-,-,1,1,-,6,15,131,77
Washington,-,1,2,1,-,0,-,1,3,30,184,176
U.S. Territories,-,1,-,6,-,0,-,3,-,34,67,126
American Samoa,-,0,-,-,-,0,-,-,-,0,-,-
Commonwealth of Northern Mariana Islands,-,1,-,3,-,0,-,-,-,1,-,-
Guam,-,0,-,3,-,0,-,3,-,2,-,11
Puerto Rico,-,0,-,-,-,0,-,-,-,32,67,115
U.S. Virgin Islands,-,0,-,-,-,0,-,-,-,1,-,-
Non-U.S. Residents,-,0,-,-,-,0,-,-,-,2,-,-
Total,-,5,24,26,-,11,66,47,232,1419,7495,8737
