Reporting Area,"Invasive pneumococcal disease, age <5 years §","Invasive pneumococcal disease, age <5 years §","Invasive pneumococcal disease, age <5 years §","Invasive pneumococcal disease, age <5 years §","Invasive pneumococcal disease, age <5 years §","Invasive pneumococcal disease, age <5 years §","Invasive pneumococcal disease, age <5 years §","Invasive pneumococcal disease, age <5 years §",Legionellosis,Legionellosis,Legionellosis,Legionellosis
Reporting Area,Confirmed,Confirmed,Confirmed,Confirmed,Probable,Probable,Probable,Probable,Legionellosis,Legionellosis,Legionellosis,Legionellosis
Reporting Area,Current week,Previous 52 weeks Max †,Cum YTD 2022 †,Cum YTD 2021 †,Current week,Previous 52 weeks Max †,Cum YTD 2022 †,Cum YTD 2021 †,Current week,Previous 52 weeks Max †,Cum YTD 2022 †,Cum YTD 2021 †
"U.S. Residents, excluding U.S. Territories",9,28,637,580,-,3,18,27,33,234,5507,7813
New England,-,4,51,25,-,0,-,-,-,24,278,572
Connecticut,-,3,11,5,-,0,-,-,-,4,40,114
Maine,-,1,4,-,-,0,-,-,-,4,21,36
Massachusetts,-,2,26,17,-,0,-,-,-,21,162,271
New Hampshire,-,1,4,1,-,0,-,-,-,4,37,58
Rhode Island,-,2,5,1,-,0,-,-,-,4,10,81
Vermont,-,1,1,1,-,0,-,-,-,2,8,12
Middle Atlantic,3,6,108,74,-,1,-,3,9,60,1075,1581
New Jersey,-,2,15,20,-,1,-,1,-,4,42,234
New York (excluding New York City),3,4,45,21,-,0,-,1,8,25,381,574
New York City,-,3,28,14,-,0,-,1,1,25,336,346
Pennsylvania,-,2,20,19,-,0,-,-,-,20,316,427
East North Central,1,7,91,85,-,1,3,9,2,68,1376,2318
Illinois,-,0,-,-,-,0,-,-,-,34,321,488
Indiana,-,2,19,15,-,0,-,-,-,13,176,252
Michigan,-,3,28,26,-,1,1,1,2,15,258,566
Ohio,-,4,39,25,-,1,2,8,-,35,466,799
Wisconsin,1,2,5,19,-,0,-,-,-,14,155,213
West North Central,-,5,41,47,-,1,5,2,11,19,341,428
Iowa,N,NC,N,N,N,NC,N,N,-,3,34,42
Kansas,-,0,-,-,-,0,-,-,2,5,38,44
Minnesota,-,2,-,21,-,0,-,-,7,7,99,125
Missouri,-,3,23,18,-,1,4,1,1,12,131,157
Nebraska,-,2,9,3,-,1,1,-,-,4,25,35
North Dakota,-,1,6,2,-,0,-,-,1,1,4,5
South Dakota,-,2,3,3,-,0,-,1,-,2,10,20
South Atlantic,1,6,110,123,-,1,4,5,6,54,1172,1256
Delaware,-,0,-,2,-,0,-,-,-,2,13,22
District of Columbia,-,0,-,-,-,0,-,-,-,0,-,-
Florida,1,4,47,48,-,1,4,3,2,20,468,449
Georgia,-,3,14,44,-,0,-,-,-,8,125,139
Maryland,-,3,16,13,-,0,-,-,4,11,130,202
North Carolina,N,NC,N,N,N,NC,N,N,-,8,117,157
South Carolina,-,2,7,6,-,0,-,1,-,7,95,81
Virginia,-,2,20,9,-,0,-,1,-,16,168,148
West Virginia,-,2,6,1,-,0,-,-,-,6,56,58
East South Central,1,4,59,71,-,1,1,1,1,19,287,386
Alabama,1,2,25,25,-,1,1,-,1,6,59,86
Kentucky,-,2,8,13,-,0,-,1,-,5,63,108
Mississippi,-,3,13,18,-,0,-,-,-,4,34,36
Tennessee,-,2,13,15,-,0,-,-,-,15,131,156
West South Central,-,13,98,94,-,2,4,6,1,37,242,418
Arkansas,-,3,19,17,-,0,-,-,1,5,48,43
Louisiana,-,3,16,21,-,1,1,1,-,6,55,67
Oklahoma,-,0,-,-,-,0,-,-,-,13,5,1
Texas,-,12,63,56,-,2,3,5,-,24,134,307
Mountain,3,5,67,55,-,0,-,1,-,15,331,310
Arizona,-,2,-,14,-,0,-,-,-,9,110,94
Colorado,3,3,25,12,-,0,-,-,-,9,91,97
Idaho,-,0,-,-,-,0,-,-,-,2,17,18
Montana,-,1,5,6,-,0,-,-,-,1,9,14
Nevada,-,2,11,5,-,0,-,-,-,6,35,22
New Mexico,-,2,11,2,-,0,-,-,-,3,18,22
Utah,-,2,14,13,-,0,-,1,-,3,44,37
Wyoming,-,1,1,3,-,0,-,-,-,2,7,6
Pacific,-,3,12,6,-,1,1,-,3,26,405,544
Alaska,-,2,7,3,-,1,1,-,-,1,2,3
California,N,NC,N,N,N,NC,N,N,2,24,287,391
Hawaii,-,1,5,3,-,0,-,-,-,2,13,12
Oregon,N,NC,N,N,N,NC,N,N,1,5,46,62
Washington,N,NC,N,N,N,NC,N,N,-,4,57,76
U.S. Territories,-,0,-,-,-,0,-,-,-,1,4,10
American Samoa,N,NC,N,N,N,NC,N,N,N,NC,N,N
Commonwealth of Northern Mariana Islands,-,0,-,-,-,0,-,-,-,0,-,-
Guam,-,0,-,-,-,0,-,-,-,1,-,1
Puerto Rico,-,0,-,-,-,0,-,-,-,1,4,8
U.S. Virgin Islands,-,0,-,-,-,0,-,-,-,1,-,1
Non-U.S. Residents,-,0,-,-,-,0,-,-,-,0,-,3
Total,9,28,637,580,-,3,18,27,33,234,5511,7826
