Reporting Area,Ehrlichiosis and Anaplasmosis,Ehrlichiosis and Anaplasmosis,Ehrlichiosis and Anaplasmosis,Ehrlichiosis and Anaplasmosis
Reporting Area,Anaplasma phagocytophilum  infection,Anaplasma phagocytophilum  infection,Anaplasma phagocytophilum  infection,Anaplasma phagocytophilum  infection
Reporting Area,Current week,Previous 52 weeks Max †,Cum YTD 2023 †,Cum YTD 2022 †
"U.S. Residents, excluding U.S. Territories",-,325,42,25
New England,-,162,10,9
Connecticut,-,3,-,-
Maine,-,62,1,3
Massachusetts,-,55,5,6
New Hampshire,-,30,-,-
Rhode Island,-,14,2,-
Vermont,-,53,2,-
Middle Atlantic,-,119,27,11
New Jersey,-,10,2,1
New York (excluding New York City),-,72,17,4
New York City,-,4,1,1
Pennsylvania,-,38,7,5
East North Central,-,63,1,3
Illinois,-,2,-,-
Indiana,-,1,-,-
Michigan,-,9,1,-
Ohio,-,2,-,1
Wisconsin,-,55,-,2
West North Central,-,4,1,-
Iowa,-,2,-,-
Kansas,-,2,1,-
Minnesota,-,0,-,-
Missouri,-,2,-,-
Nebraska,-,1,-,-
North Dakota,-,2,-,-
South Dakota,-,0,-,-
South Atlantic,-,6,3,-
Delaware,-,2,-,-
District of Columbia,-,0,-,-
Florida,-,5,-,-
Georgia,-,0,-,-
Maryland,-,2,3,-
North Carolina,-,2,-,-
South Carolina,-,0,-,-
Virginia,-,3,-,-
West Virginia,-,2,-,-
East South Central,-,2,-,-
Alabama,-,2,-,-
Kentucky,-,1,-,-
Mississippi,-,1,-,-
Tennessee,-,2,-,-
West South Central,-,2,-,1
Arkansas,-,2,-,1
Louisiana,-,1,-,-
Oklahoma,-,0,-,-
Texas,-,1,-,-
Mountain,-,2,-,-
Arizona,-,1,-,-
Colorado,N,NC,N,N
Idaho,N,NC,N,N
Montana,-,1,-,-
Nevada,-,0,-,-
New Mexico,N,NC,N,N
Utah,-,0,-,-
Wyoming,-,0,-,-
Pacific,-,3,-,1
Alaska,N,NC,N,N
California,-,3,-,1
Hawaii,N,NC,N,N
Oregon,-,0,-,-
Washington,-,1,-,-
U.S. Territories,-,0,-,-
American Samoa,N,NC,N,N
Commonwealth of Northern Mariana Islands,-,0,-,-
Guam,N,NC,N,N
Puerto Rico,N,NC,N,N
U.S. Virgin Islands,-,0,-,-
Non-U.S. Residents,-,0,-,-
Total,-,325,42,25
