Reporting Area,"Hepatitis C, acute §","Hepatitis C, acute §","Hepatitis C, acute §","Hepatitis C, acute §"
Reporting Area,Confirmed,Confirmed,Confirmed,Confirmed
Reporting Area,Current week,Previous 52 weeks Max †,Cum YTD 2023 †,Cum YTD 2022 †
"U.S. Residents, excluding U.S. Territories",17,176,398,619
New England,1,10,15,46
Connecticut,-,1,-,4
Maine,1,5,6,15
Massachusetts,-,7,1,23
New Hampshire,-,2,1,1
Rhode Island,-,3,6,-
Vermont,-,3,1,3
Middle Atlantic,-,104,15,63
New Jersey,-,4,2,4
New York (excluding New York City),-,11,11,24
New York City,-,90,-,-
Pennsylvania,-,8,2,35
East North Central,2,24,26,81
Illinois,-,8,-,23
Indiana,-,8,2,16
Michigan,-,5,10,13
Ohio,2,6,11,15
Wisconsin,-,5,3,14
West North Central,3,5,23,9
Iowa,-,3,6,4
Kansas,-,2,-,2
Minnesota,1,3,5,1
Missouri,2,2,6,1
Nebraska,-,2,5,-
North Dakota,-,0,-,-
South Dakota,-,2,1,1
South Atlantic,3,64,208,246
Delaware,1,2,8,3
District of Columbia,U,NC,U,U
Florida,2,61,185,223
Georgia,-,3,-,6
Maryland,-,3,7,3
North Carolina,-,4,1,5
South Carolina,-,1,-,-
Virginia,-,4,5,-
West Virginia,-,4,2,6
East South Central,4,17,67,66
Alabama,-,4,6,7
Kentucky,3,8,38,28
Mississippi,-,1,1,1
Tennessee,1,8,22,30
West South Central,2,9,15,33
Arkansas,-,2,1,2
Louisiana,2,7,13,29
Oklahoma,-,2,1,1
Texas,-,4,-,1
Mountain,2,11,14,45
Arizona,U,NC,U,U
Colorado,-,1,-,1
Idaho,-,1,2,-
Montana,-,2,2,7
Nevada,-,6,-,8
New Mexico,-,2,-,2
Utah,2,7,10,27
Wyoming,-,1,-,-
Pacific,-,11,15,30
Alaska,N,NC,N,N
California,-,8,13,15
Hawaii,-,0,-,-
Oregon,-,2,-,3
Washington,-,3,2,12
U.S. Territories,-,0,-,-
American Samoa,-,0,-,-
Commonwealth of Northern Mariana Islands,-,0,-,-
Guam,-,0,-,-
Puerto Rico,N,NC,N,N
U.S. Virgin Islands,-,0,-,-
Non-U.S. Residents,-,0,-,-
Total,17,176,398,619
