Reporting Area,Carbapenemase-producing carbapenem-resistant  Enterobacteriaceae,Carbapenemase-producing carbapenem-resistant  Enterobacteriaceae,Carbapenemase-producing carbapenem-resistant  Enterobacteriaceae,Carbapenemase-producing carbapenem-resistant  Enterobacteriaceae,Chancroid,Chancroid,Chancroid,Chancroid,Chlamydia trachomatis  infection §,Chlamydia trachomatis  infection §,Chlamydia trachomatis  infection §,Chlamydia trachomatis  infection §
Reporting Area,Current week,Previous 52 weeks Max †,Cum YTD 2022 †,Cum YTD 2021 †,Current week,Previous 52 weeks Max †,Cum YTD 2022 †,Cum YTD 2021 †,Current week,Previous 52 weeks Max †,Cum YTD 2022 †,Cum YTD 2021 †
"U.S. Residents, excluding U.S. Territories",10,71,973,872,-,1,5,6,12712,NC,624437,797809
New England,-,3,22,2,-,1,-,1,456,NC,18168,24745
Connecticut,-,0,-,-,-,0,-,-,-,NC,-,6064
Maine,-,0,-,-,-,0,-,-,48,NC,1575,1697
Massachusetts,-,0,-,-,-,0,-,1,388,NC,12679,12668
New Hampshire,-,3,22,-,-,0,-,-,-,NC,1377,1524
Rhode Island,-,3,-,2,-,0,-,-,-,NC,1952,2405
Vermont,-,1,-,-,-,1,-,-,20,NC,585,387
Middle Atlantic,2,14,183,216,-,1,1,-,1999,NC,75784,90829
New Jersey,-,0,-,-,-,0,-,-,437,NC,11337,16187
New York (excluding New York City),-,0,-,-,-,1,1,-,690,NC,18068,19237
New York City,-,6,45,52,-,0,-,-,-,NC,20959,29686
Pennsylvania,2,12,138,164,-,0,-,-,872,NC,25420,25719
East North Central,1,11,121,153,-,0,-,1,582,NC,71476,112382
Illinois,-,0,-,-,-,0,-,-,60,NC,13460,33265
Indiana,1,9,78,78,-,0,-,-,-,NC,8044,16118
Michigan,-,5,37,62,-,0,-,1,168,NC,14022,21008
Ohio,-,0,-,-,-,0,-,-,-,NC,24128,27993
Wisconsin,-,3,6,13,-,0,-,-,354,NC,11822,13998
West North Central,-,4,25,17,-,0,-,-,650,NC,44144,48885
Iowa,-,3,16,10,-,0,-,-,48,NC,6381,6436
Kansas,-,0,-,-,-,0,-,-,154,NC,5362,7408
Minnesota,-,0,-,-,-,0,-,-,80,NC,10078,11137
Missouri,-,0,-,-,-,0,-,-,242,NC,14686,15197
Nebraska,-,0,-,-,-,0,-,-,124,NC,4540,4507
North Dakota,-,2,7,6,-,0,-,-,2,NC,1273,1998
South Dakota,-,1,2,1,-,0,-,-,-,NC,1824,2202
South Atlantic,-,28,146,224,-,0,-,-,3554,NC,146644,174859
Delaware,-,3,1,16,-,0,-,-,-,NC,2233,2287
District of Columbia,-,0,-,-,-,0,-,-,81,NC,3706,3202
Florida,N,NC,N,N,-,0,-,-,1331,NC,47524,50588
Georgia,-,12,27,56,-,0,-,-,741,NC,30266,31925
Maryland,-,0,-,-,-,0,-,-,-,NC,-,16679
North Carolina,-,11,67,82,-,0,-,-,6,NC,23532,30618
South Carolina,-,0,-,-,-,0,-,-,673,NC,17441,17938
Virginia,-,22,51,70,-,0,-,-,693,NC,19858,19036
West Virginia,-,0,-,-,-,0,-,-,29,NC,2084,2586
East South Central,-,2,2,-,-,0,-,-,1180,NC,45076,52286
Alabama,N,NC,N,N,-,0,-,-,554,NC,14250,14584
Kentucky,-,0,-,-,-,0,-,-,463,NC,8444,8092
Mississippi,-,2,2,-,-,0,-,-,163,NC,8550,10380
Tennessee,-,0,-,-,-,0,-,-,-,NC,13832,19230
West South Central,-,0,-,-,-,0,-,-,520,NC,66089,109144
Arkansas,-,0,-,-,-,0,-,-,160,NC,6569,8513
Louisiana,-,0,-,-,-,0,-,-,294,NC,16223,17190
Oklahoma,-,0,-,-,-,0,-,-,63,NC,5178,9976
Texas,-,0,-,-,-,0,-,-,3,NC,38119,73465
Mountain,2,17,152,80,-,0,-,-,1215,NC,48223,58007
Arizona,1,17,145,73,-,0,-,-,428,NC,18834,20134
Colorado,-,0,-,-,-,0,-,-,462,NC,9951,13223
Idaho,-,0,-,-,-,0,-,-,53,NC,2046,3158
Montana,-,0,-,-,-,0,-,-,33,NC,1843,2063
Nevada,-,1,-,3,-,0,-,-,-,NC,4913,6883
New Mexico,-,0,-,-,-,0,-,-,70,NC,4794,5961
Utah,1,3,7,4,-,0,-,-,148,NC,5290,5563
Wyoming,-,0,-,-,-,0,-,-,21,NC,552,1022
Pacific,5,23,322,180,-,1,4,4,2556,NC,108833,126672
Alaska,-,0,-,-,-,0,-,-,35,NC,2394,2636
California,2,21,236,112,-,1,1,1,1897,NC,89258,91980
Hawaii,-,1,-,-,-,0,-,-,-,NC,-,99
Oregon,3,7,86,68,-,0,-,-,234,NC,7593,7580
Washington,-,0,-,-,-,1,3,3,390,NC,9588,24377
U.S. Territories,-,0,-,-,-,0,-,-,2,NC,538,2057
American Samoa,-,0,-,-,-,0,-,-,-,NC,-,-
Commonwealth of Northern Mariana Islands,-,0,-,-,-,0,-,-,-,NC,-,-
Guam,-,0,-,-,-,0,-,-,-,NC,-,-
Puerto Rico,-,0,-,-,-,0,-,-,2,NC,538,2057
U.S. Virgin Islands,-,0,-,-,-,0,-,-,-,NC,-,-
Non-U.S. Residents,-,0,-,-,-,0,-,-,6,NC,68,66
Total,10,71,973,872,-,1,5,6,12720,NC,625043,799932
