Reporting Area,Vancomycin-intermediate  Staphylococcus aureus,Vancomycin-intermediate  Staphylococcus aureus,Vancomycin-intermediate  Staphylococcus aureus,Vancomycin-intermediate  Staphylococcus aureus,Vancomycin-resistant  Staphylococcus aureus  §,Vancomycin-resistant  Staphylococcus aureus  §,Vancomycin-resistant  Staphylococcus aureus  §,Vancomycin-resistant  Staphylococcus aureus  §,Varicella morbidity,Varicella morbidity,Varicella morbidity,Varicella morbidity
Reporting Area,Current week,Previous 52 weeks Max †,Cum YTD 2022 †,Cum YTD 2021 †,Current week,Previous 52 weeks Max †,Cum YTD 2022 †,Cum YTD 2021 †,Current week,Previous 52 weeks Max †,Cum YTD 2022 †,Cum YTD 2021 †
"U.S. Residents, excluding U.S. Territories",-,4,26,48,-,2,-,1,23,108,1984,1645
New England,-,1,2,1,-,0,-,-,1,12,152,149
Connecticut,-,1,1,-,-,0,-,-,-,5,38,20
Maine,-,0,-,-,-,0,-,-,1,2,18,45
Massachusetts,-,1,1,1,-,0,-,-,-,5,54,59
New Hampshire,N,NC,N,N,-,0,-,-,-,8,17,-
Rhode Island,-,0,-,-,-,0,-,-,-,3,16,19
Vermont,-,0,-,-,-,0,-,-,-,4,9,6
Middle Atlantic,-,2,8,3,-,2,-,-,1,16,123,176
New Jersey,-,0,-,-,-,0,-,-,-,5,-,78
New York (excluding New York City),-,2,6,1,-,2,-,-,N,NC,N,N
New York City,-,0,-,1,-,0,-,-,-,0,-,-
Pennsylvania,-,1,2,1,-,0,-,-,1,14,123,98
East North Central,-,2,3,8,-,0,-,1,5,32,480,419
Illinois,-,0,-,1,-,0,-,-,1,9,109,94
Indiana,N,NC,N,N,-,0,-,-,-,10,86,69
Michigan,-,1,1,3,-,0,-,1,-,9,41,52
Ohio,-,2,2,4,-,0,-,-,-,11,131,112
Wisconsin,-,0,-,-,-,0,-,-,4,13,113,92
West North Central,-,3,11,25,-,0,-,-,-,17,156,144
Iowa,-,0,-,-,-,0,-,-,N,NC,N,N
Kansas,-,0,-,4,-,0,-,-,-,0,-,-
Minnesota,-,0,-,-,-,0,-,-,-,12,89,83
Missouri,-,3,11,21,-,0,-,-,-,6,49,42
Nebraska,-,0,-,-,-,0,-,-,-,2,5,9
North Dakota,-,0,-,-,-,0,-,-,-,1,6,4
South Dakota,N,NC,N,N,-,0,-,-,-,1,7,6
South Atlantic,-,1,1,6,-,0,-,-,7,38,475,332
Delaware,-,0,-,-,-,0,-,-,-,3,6,21
District of Columbia,N,NC,N,N,N,NC,N,N,-,1,3,3
Florida,-,0,-,1,-,0,-,-,6,22,269,193
Georgia,-,0,-,-,-,0,-,-,-,7,72,38
Maryland,-,0,-,-,-,0,-,-,N,NC,N,N
North Carolina,-,1,1,5,-,0,-,-,-,7,-,13
South Carolina,-,0,-,-,-,0,-,-,-,15,60,13
Virginia,-,0,-,-,-,0,-,-,1,14,65,51
West Virginia,-,0,-,-,-,0,-,-,N,NC,N,N
East South Central,-,1,1,1,-,1,-,-,-,6,59,56
Alabama,-,0,-,1,-,1,-,-,-,6,38,28
Kentucky,N,NC,N,N,N,NC,N,N,-,4,15,25
Mississippi,-,1,1,-,-,0,-,-,-,3,6,3
Tennessee,-,0,-,-,-,0,-,-,N,NC,N,N
West South Central,-,1,-,2,-,0,-,-,3,33,242,186
Arkansas,-,0,-,-,-,0,-,-,3,3,24,19
Louisiana,-,0,-,-,-,0,-,-,-,4,23,18
Oklahoma,-,0,-,-,-,0,-,-,N,NC,N,N
Texas,-,1,-,2,-,0,-,-,-,31,195,149
Mountain,-,1,-,2,-,0,-,-,3,22,265,151
Arizona,-,1,-,2,-,0,-,-,2,8,104,56
Colorado,-,0,-,-,-,0,-,-,1,14,85,37
Idaho,N,NC,N,N,N,NC,N,N,N,NC,N,N
Montana,-,0,-,-,-,0,-,-,-,4,10,7
Nevada,-,0,-,-,-,0,-,-,N,NC,N,N
New Mexico,N,NC,N,N,N,NC,N,N,-,3,19,9
Utah,-,0,-,-,-,0,-,-,-,5,44,37
Wyoming,-,0,-,-,-,0,-,-,-,2,3,5
Pacific,-,0,-,-,-,0,-,-,3,4,32,32
Alaska,N,NC,N,N,-,0,-,-,1,2,12,9
California,N,NC,N,N,N,NC,N,N,-,1,9,11
Hawaii,-,0,-,-,-,0,-,-,2,4,11,12
Oregon,N,NC,N,N,N,NC,N,N,N,NC,N,N
Washington,N,NC,N,N,-,0,-,-,N,NC,N,N
U.S. Territories,-,0,-,-,-,0,-,1,-,0,-,-
American Samoa,N,NC,N,N,N,NC,N,N,N,NC,N,N
Commonwealth of Northern Mariana Islands,-,0,-,-,-,0,-,-,-,0,-,-
Guam,-,0,-,-,-,0,-,1,-,0,-,-
Puerto Rico,-,0,-,-,-,0,-,-,-,0,-,-
U.S. Virgin Islands,-,0,-,-,-,0,-,-,-,0,-,-
Non-U.S. Residents,-,0,-,-,-,0,-,-,-,0,-,-
Total,-,4,26,48,-,2,-,2,23,108,1984,1645
