Reporting Area,Vancomycin-intermediate  Staphylococcus aureus,Vancomycin-intermediate  Staphylococcus aureus,Vancomycin-intermediate  Staphylococcus aureus,Vancomycin-intermediate  Staphylococcus aureus,Vancomycin-resistant  Staphylococcus aureus  §,Vancomycin-resistant  Staphylococcus aureus  §,Vancomycin-resistant  Staphylococcus aureus  §,Vancomycin-resistant  Staphylococcus aureus  §,Varicella morbidity,Varicella morbidity,Varicella morbidity,Varicella morbidity
Reporting Area,Current week,Previous 52 weeks Max †,Cum YTD 2022 †,Cum YTD 2021 †,Current week,Previous 52 weeks Max †,Cum YTD 2022 †,Cum YTD 2021 †,Current week,Previous 52 weeks Max †,Cum YTD 2022 †,Cum YTD 2021 †
"U.S. Residents, excluding U.S. Territories",-,4,52,69,-,2,-,2,26,116,3546,3307
New England,-,1,2,1,-,0,-,-,3,12,271,271
Connecticut,-,1,1,-,-,0,-,-,1,5,63,43
Maine,-,0,-,-,-,0,-,-,-,5,35,62
Massachusetts,-,1,1,1,-,0,-,-,-,8,93,94
New Hampshire,N,NC,N,N,-,0,-,-,-,8,26,24
Rhode Island,-,0,-,-,-,0,-,-,2,4,39,31
Vermont,-,0,-,-,-,0,-,-,-,4,15,17
Middle Atlantic,-,2,13,7,-,2,-,-,2,10,236,344
New Jersey,-,0,-,-,-,0,-,-,-,2,2,130
New York (excluding New York City),-,2,6,3,-,2,-,-,N,NC,N,N
New York City,-,0,-,1,-,0,-,-,-,0,-,-
Pennsylvania,-,2,7,3,-,0,-,-,2,10,234,214
East North Central,-,1,6,11,-,0,-,1,1,32,824,737
Illinois,-,0,-,1,-,0,-,-,-,10,205,159
Indiana,N,NC,N,N,-,0,-,-,-,10,140,120
Michigan,-,1,2,4,-,0,-,1,-,6,70,126
Ohio,-,1,4,6,-,0,-,-,-,11,212,179
Wisconsin,-,0,-,-,-,0,-,-,1,13,197,153
West North Central,-,3,22,35,-,0,-,-,-,18,270,266
Iowa,-,0,-,-,-,0,-,-,N,NC,N,N
Kansas,-,0,-,4,-,0,-,-,-,0,-,-
Minnesota,-,0,-,-,-,0,-,-,-,13,159,163
Missouri,-,3,22,31,-,0,-,-,-,7,78,67
Nebraska,-,0,-,-,-,0,-,-,-,1,6,17
North Dakota,-,0,-,-,-,0,-,-,-,3,14,10
South Dakota,N,NC,N,N,-,0,-,-,-,3,13,9
South Atlantic,-,1,2,7,-,0,-,-,14,36,834,684
Delaware,-,0,-,-,-,0,-,-,-,2,8,30
District of Columbia,N,NC,N,N,N,NC,N,N,-,1,6,3
Florida,-,0,-,1,-,0,-,-,12,20,415,353
Georgia,-,0,-,-,-,0,-,-,-,7,97,92
Maryland,-,1,1,-,-,0,-,-,N,NC,N,N
North Carolina,-,1,1,6,-,0,-,-,-,5,46,32
South Carolina,-,0,-,-,-,0,-,-,-,15,130,58
Virginia,-,0,-,-,-,0,-,-,2,14,132,116
West Virginia,-,0,-,-,-,0,-,-,N,NC,N,N
East South Central,-,1,4,1,-,1,-,1,1,8,107,102
Alabama,-,0,-,1,-,1,-,1,1,6,69,58
Kentucky,N,NC,N,N,N,NC,N,N,-,4,20,39
Mississippi,-,1,3,-,-,0,-,-,-,5,18,5
Tennessee,-,1,1,-,-,0,-,-,N,NC,N,N
West South Central,-,1,3,4,-,0,-,-,4,37,464,411
Arkansas,-,0,-,-,-,0,-,-,2,5,47,49
Louisiana,-,1,1,-,-,0,-,-,-,4,38,49
Oklahoma,-,0,-,-,-,0,-,-,N,NC,N,N
Texas,-,1,2,4,-,0,-,-,2,35,379,313
Mountain,-,0,-,3,-,0,-,-,1,22,475,437
Arizona,-,0,-,3,-,0,-,-,1,12,192,98
Colorado,-,0,-,-,-,0,-,-,-,11,146,222
Idaho,N,NC,N,N,N,NC,N,N,N,NC,N,N
Montana,-,0,-,-,-,0,-,-,-,4,22,21
Nevada,-,0,-,-,-,0,-,-,N,NC,N,N
New Mexico,N,NC,N,N,N,NC,N,N,-,3,35,19
Utah,-,0,-,-,-,0,-,-,-,5,77,71
Wyoming,-,0,-,-,-,0,-,-,-,2,3,6
Pacific,-,0,-,-,-,0,-,-,-,6,65,55
Alaska,N,NC,N,N,-,0,-,-,-,4,30,14
California,N,NC,N,N,N,NC,N,N,-,2,14,19
Hawaii,-,0,-,-,-,0,-,-,-,3,21,22
Oregon,N,NC,N,N,N,NC,N,N,N,NC,N,N
Washington,N,NC,N,N,-,0,-,-,N,NC,N,N
U.S. Territories,-,0,-,-,-,0,-,1,-,0,-,21
American Samoa,N,NC,N,N,N,NC,N,N,N,NC,N,N
Commonwealth of Northern Mariana Islands,-,0,-,-,-,0,-,-,-,0,-,-
Guam,-,0,-,-,-,0,-,1,-,0,-,-
Puerto Rico,-,0,-,-,-,0,-,-,-,0,-,21
U.S. Virgin Islands,-,0,-,-,-,0,-,-,-,0,-,-
Non-U.S. Residents,-,0,-,-,-,0,-,-,-,0,-,-
Total,-,4,52,69,-,2,-,3,26,116,3546,3328
