Reporting Area,Varicella morbidity,Varicella morbidity,Varicella morbidity,Varicella morbidity
Reporting Area,Current week,Previous 52 weeks Max †,Cum YTD 2023 †,Cum YTD 2022 †
"U.S. Residents, excluding U.S. Territories",51,147,2260,1868
New England,2,12,108,152
Connecticut,-,4,14,36
Maine,2,5,14,12
Massachusetts,-,5,43,58
New Hampshire,-,3,11,18
Rhode Island,-,4,18,17
Vermont,-,2,8,11
Middle Atlantic,6,15,128,188
New Jersey,-,8,-,83
New York (excluding New York City),N,NC,N,N
New York City,-,0,-,-
Pennsylvania,6,14,128,105
East North Central,9,37,577,461
Illinois,-,12,132,90
Indiana,-,7,67,75
Michigan,4,14,158,102
Ohio,1,11,106,115
Wisconsin,4,11,114,79
West North Central,-,14,148,141
Iowa,N,NC,N,N
Kansas,-,0,-,-
Minnesota,-,9,58,91
Missouri,-,6,56,38
Nebraska,-,2,6,4
North Dakota,-,3,20,4
South Dakota,-,3,8,4
South Atlantic,14,37,533,447
Delaware,-,2,6,4
District of Columbia,-,5,13,2
Florida,11,20,253,205
Georgia,-,15,27,73
Maryland,N,NC,N,N
North Carolina,-,7,76,38
South Carolina,-,10,59,74
Virginia,3,10,99,51
West Virginia,N,NC,N,N
East South Central,-,8,24,51
Alabama,-,4,9,36
Kentucky,-,4,11,10
Mississippi,-,5,4,5
Tennessee,N,NC,N,N
West South Central,6,28,336,214
Arkansas,-,6,16,17
Louisiana,1,7,36,18
Oklahoma,N,NC,N,N
Texas,5,23,284,179
Mountain,13,33,377,196
Arizona,3,17,102,55
Colorado,10,18,205,65
Idaho,N,NC,N,N
Montana,-,7,18,9
Nevada,-,2,4,2
New Mexico,-,4,19,16
Utah,-,5,29,46
Wyoming,-,0,-,3
Pacific,1,6,29,18
Alaska,1,4,13,5
California,-,3,11,7
Hawaii,-,2,5,6
Oregon,N,NC,N,N
Washington,N,NC,N,N
U.S. Territories,-,0,-,-
American Samoa,N,NC,N,N
Commonwealth of Northern Mariana Islands,-,0,-,-
Guam,-,0,-,-
Puerto Rico,-,0,-,-
U.S. Virgin Islands,-,0,-,-
Non-U.S. Residents,-,0,-,-
Total,51,147,2260,1868
