Reporting Area,Dengue virus infections,Dengue virus infections,Dengue virus infections,Dengue virus infections
Reporting Area,Dengue-like illness,Dengue-like illness,Dengue-like illness,Dengue-like illness
Reporting Area,Current week,Previous 52 weeks Max †,Cum YTD 2023 †,Cum YTD 2022 †
"U.S. Residents, excluding U.S. Territories",-,5,3,2
New England,-,1,-,1
Connecticut,-,0,-,-
Maine,-,0,-,-
Massachusetts,-,1,-,1
New Hampshire,-,0,-,-
Rhode Island,-,0,-,-
Vermont,-,0,-,-
Middle Atlantic,-,1,1,-
New Jersey,-,1,1,-
New York (excluding New York City),-,0,-,-
New York City,-,0,-,-
Pennsylvania,-,0,-,-
East North Central,-,1,1,-
Illinois,-,1,1,-
Indiana,-,0,-,-
Michigan,-,0,-,-
Ohio,-,0,-,-
Wisconsin,-,0,-,-
West North Central,-,0,-,1
Iowa,-,0,-,1
Kansas,-,0,-,-
Minnesota,-,0,-,-
Missouri,-,0,-,-
Nebraska,-,0,-,-
North Dakota,-,0,-,-
South Dakota,-,0,-,-
South Atlantic,-,3,-,-
Delaware,-,0,-,-
District of Columbia,-,0,-,-
Florida,-,3,-,-
Georgia,-,0,-,-
Maryland,-,0,-,-
North Carolina,-,0,-,-
South Carolina,-,0,-,-
Virginia,-,1,-,-
West Virginia,-,0,-,-
East South Central,-,0,-,-
Alabama,-,0,-,-
Kentucky,-,0,-,-
Mississippi,-,0,-,-
Tennessee,-,0,-,-
West South Central,-,2,-,-
Arkansas,-,0,-,-
Louisiana,-,0,-,-
Oklahoma,-,0,-,-
Texas,-,2,-,-
Mountain,-,1,1,-
Arizona,-,0,-,-
Colorado,-,0,-,-
Idaho,-,0,-,-
Montana,-,0,-,-
Nevada,-,0,-,-
New Mexico,-,0,-,-
Utah,-,1,1,-
Wyoming,-,0,-,-
Pacific,-,1,-,-
Alaska,-,0,-,-
California,-,0,-,-
Hawaii,-,0,-,-
Oregon,-,0,-,-
Washington,-,1,-,-
U.S. Territories,-,14,35,29
American Samoa,-,0,-,-
Commonwealth of Northern Mariana Islands,-,0,-,-
Guam,-,0,-,-
Puerto Rico,-,14,35,29
U.S. Virgin Islands,-,0,-,-
Non-U.S. Residents,-,0,-,-
Total,-,16,38,31
