Reporting Area,Rabies,Rabies,Rabies,Rabies,Rabies,Rabies,Rabies,Rabies
Reporting Area,Animal,Animal,Animal,Animal,Human,Human,Human,Human
Reporting Area,Current week,Previous 52 weeks Max †,Cum YTD 2022 †,Cum YTD 2021 †,Current week,Previous 52 weeks Max †,Cum YTD 2022 †,Cum YTD 2021 †
"U.S. Residents, excluding U.S. Territories",16,44,949,1474,-,1,-,2
New England,2,13,82,92,-,0,-,-
Connecticut,-,0,-,-,-,0,-,-
Maine,-,4,22,48,-,0,-,-
Massachusetts,-,0,-,-,-,0,-,-
New Hampshire,-,4,30,23,-,0,-,-
Rhode Island,-,13,2,8,-,0,-,-
Vermont,2,5,28,13,-,0,-,-
Middle Atlantic,6,14,199,254,-,0,-,-
New Jersey,-,0,-,-,-,0,-,-
New York (excluding New York City),6,14,199,236,-,0,-,-
New York City,-,1,-,18,-,0,-,-
Pennsylvania,-,0,-,-,-,0,-,-
East North Central,-,12,118,97,-,0,-,1
Illinois,-,7,56,36,-,0,-,1
Indiana,-,0,-,-,-,0,-,-
Michigan,-,4,29,30,-,0,-,-
Ohio,-,4,33,31,-,0,-,-
Wisconsin,N,NC,N,N,-,0,-,-
West North Central,-,4,42,47,-,0,-,1
Iowa,-,0,-,-,-,0,-,-
Kansas,-,0,-,-,-,0,-,-
Minnesota,-,0,-,-,-,0,-,1
Missouri,-,3,24,18,-,0,-,-
Nebraska,-,2,18,29,-,0,-,-
North Dakota,-,0,-,-,-,0,-,-
South Dakota,-,0,-,-,-,0,-,-
South Atlantic,-,24,71,279,-,0,-,-
Delaware,-,0,-,-,-,0,-,-
District of Columbia,-,0,-,-,-,0,-,-
Florida,-,24,49,85,-,0,-,-
Georgia,-,0,-,-,-,0,-,-
Maryland,-,0,-,-,-,0,-,-
North Carolina,-,5,-,178,-,0,-,-
South Carolina,N,NC,N,N,-,0,-,-
Virginia,-,0,-,-,-,0,-,-
West Virginia,-,3,22,16,-,0,-,-
East South Central,1,6,45,44,-,0,-,-
Alabama,1,4,37,31,-,0,-,-
Kentucky,-,2,8,13,-,0,-,-
Mississippi,-,0,-,-,-,0,-,-
Tennessee,-,0,-,-,-,0,-,-
West South Central,4,29,337,375,-,1,-,-
Arkansas,-,2,14,19,-,0,-,-
Louisiana,-,0,-,-,-,0,-,-
Oklahoma,-,4,22,29,-,0,-,-
Texas,4,26,301,327,-,1,-,-
Mountain,1,5,48,86,-,1,-,-
Arizona,1,3,23,44,-,0,-,-
Colorado,-,0,-,-,-,0,-,-
Idaho,-,0,-,-,-,1,-,-
Montana,-,2,9,17,-,0,-,-
Nevada,-,2,5,9,-,0,-,-
New Mexico,-,1,8,6,-,0,-,-
Utah,-,2,3,10,-,0,-,-
Wyoming,-,0,-,-,-,0,-,-
Pacific,2,6,7,200,-,0,-,-
Alaska,-,0,-,-,-,0,-,-
California,-,6,-,183,-,0,-,-
Hawaii,-,0,-,-,-,0,-,-
Oregon,2,2,7,17,-,0,-,-
Washington,-,0,-,-,-,0,-,-
U.S. Territories,-,0,-,-,-,0,-,-
American Samoa,U,NC,U,U,U,NC,U,U
Commonwealth of Northern Mariana Islands,-,0,-,-,-,0,-,-
Guam,-,0,-,-,-,0,-,-
Puerto Rico,-,0,-,-,-,0,-,-
U.S. Virgin Islands,-,0,-,-,-,0,-,-
Non-U.S. Residents,-,0,-,-,-,0,-,-
Total,16,44,949,1474,-,1,-,2
