Reporting Area,Cholera,Cholera,Cholera,Cholera,Coccidioidomycosis,Coccidioidomycosis,Coccidioidomycosis,Coccidioidomycosis
Reporting Area,Current week,Previous 52 weeks Max †,Cum YTD 2022 †,Cum YTD 2021 †,Current week,Previous 52 weeks Max †,Cum YTD 2022 †,Cum YTD 2021 †
"U.S. Residents, excluding U.S. Territories",-,1,-,-,193,525,4208,7067
New England,-,0,-,-,-,1,2,-
Connecticut,-,0,-,-,N,NC,N,N
Maine,-,0,-,-,N,NC,N,N
Massachusetts,-,0,-,-,N,NC,N,N
New Hampshire,-,0,-,-,-,1,2,-
Rhode Island,-,0,-,-,-,1,-,-
Vermont,-,0,-,-,N,NC,N,N
Middle Atlantic,-,1,-,-,-,0,-,-
New Jersey,-,0,-,-,N,NC,N,N
New York (excluding New York City),-,1,-,-,N,NC,N,N
New York City,-,0,-,-,N,NC,N,N
Pennsylvania,-,0,-,-,N,NC,N,N
East North Central,-,0,-,-,-,5,15,26
Illinois,-,0,-,-,N,NC,N,N
Indiana,-,0,-,-,-,1,-,1
Michigan,-,0,-,-,-,3,8,17
Ohio,-,0,-,-,-,3,7,2
Wisconsin,-,0,-,-,-,2,-,6
West North Central,-,0,-,-,-,9,7,64
Iowa,-,0,-,-,N,NC,N,N
Kansas,-,0,-,-,-,2,-,4
Minnesota,-,0,-,-,-,5,-,47
Missouri,-,0,-,-,-,2,4,7
Nebraska,-,0,-,-,-,7,3,3
North Dakota,-,0,-,-,-,1,-,3
South Dakota,-,0,-,-,-,0,-,-
South Atlantic,-,0,-,-,-,1,-,3
Delaware,-,0,-,-,-,0,-,-
District of Columbia,-,0,-,-,N,NC,N,N
Florida,-,0,-,-,N,NC,N,N
Georgia,-,0,-,-,N,NC,N,N
Maryland,-,0,-,-,-,1,-,3
North Carolina,-,0,-,-,N,NC,N,N
South Carolina,-,0,-,-,N,NC,N,N
Virginia,-,0,-,-,N,NC,N,N
West Virginia,-,0,-,-,N,NC,N,N
East South Central,-,0,-,-,-,2,-,4
Alabama,-,0,-,-,-,2,-,2
Kentucky,-,0,-,-,-,1,-,2
Mississippi,-,0,-,-,N,NC,N,N
Tennessee,-,0,-,-,N,NC,N,N
West South Central,-,0,-,-,-,2,1,5
Arkansas,-,0,-,-,-,2,1,2
Louisiana,-,0,-,-,-,2,-,3
Oklahoma,-,0,-,-,N,NC,N,N
Texas,-,0,-,-,N,NC,N,N
Mountain,-,0,-,-,171,335,3017,4377
Arizona,-,0,-,-,171,332,2980,4298
Colorado,-,0,-,-,N,NC,N,N
Idaho,-,0,-,-,N,NC,N,N
Montana,-,0,-,-,-,3,6,4
Nevada,-,0,-,-,-,8,23,57
New Mexico,-,0,-,-,-,2,2,-
Utah,-,0,-,-,-,5,6,18
Wyoming,-,0,-,-,-,0,-,-
Pacific,-,1,-,-,22,224,1166,2588
Alaska,-,0,-,-,N,NC,N,N
California,-,1,-,-,22,224,1165,2584
Hawaii,-,0,-,-,N,NC,N,N
Oregon,-,0,-,-,-,1,1,4
Washington,-,0,-,-,N,NC,N,N
U.S. Territories,-,0,-,-,-,0,-,1
American Samoa,-,0,-,-,N,NC,N,N
Commonwealth of Northern Mariana Islands,-,0,-,-,-,0,-,-
Guam,-,0,-,-,-,0,-,1
Puerto Rico,-,0,-,-,N,NC,N,N
U.S. Virgin Islands,-,0,-,-,-,0,-,-
Non-U.S. Residents,-,0,-,-,-,1,-,1
Total,-,1,-,-,193,525,4208,7069
