Reporting Area,"Hepatitis C, acute §","Hepatitis C, acute §","Hepatitis C, acute §","Hepatitis C, acute §"
Reporting Area,Probable,Probable,Probable,Probable
Reporting Area,Current week,Previous 52 weeks Max †,Cum YTD 2023 †,Cum YTD 2022 †
"U.S. Residents, excluding U.S. Territories",8,24,223,295
New England,-,4,10,19
Connecticut,-,0,-,-
Maine,-,3,5,12
Massachusetts,-,2,2,2
New Hampshire,-,2,3,5
Rhode Island,-,1,-,-
Vermont,-,0,-,-
Middle Atlantic,-,2,3,9
New Jersey,-,1,-,-
New York (excluding New York City),-,2,3,8
New York City,-,0,-,1
Pennsylvania,-,0,-,-
East North Central,-,4,8,17
Illinois,-,2,-,3
Indiana,-,1,2,3
Michigan,-,1,4,2
Ohio,-,3,1,9
Wisconsin,-,1,1,-
West North Central,-,1,-,3
Iowa,-,0,-,-
Kansas,-,1,-,1
Minnesota,-,1,-,-
Missouri,-,0,-,-
Nebraska,-,0,-,-
North Dakota,-,0,-,-
South Dakota,-,1,-,2
South Atlantic,4,14,81,132
Delaware,-,1,1,1
District of Columbia,U,NC,U,U
Florida,3,13,63,108
Georgia,-,1,-,9
Maryland,-,2,7,-
North Carolina,-,2,2,4
South Carolina,-,0,-,-
Virginia,-,1,1,5
West Virginia,1,2,7,5
East South Central,1,10,69,65
Alabama,-,2,3,5
Kentucky,1,5,27,25
Mississippi,-,4,8,10
Tennessee,-,8,31,25
West South Central,-,2,4,8
Arkansas,-,2,-,6
Louisiana,-,0,-,-
Oklahoma,-,2,2,-
Texas,-,2,2,2
Mountain,2,4,34,23
Arizona,U,NC,U,U
Colorado,-,1,1,1
Idaho,-,1,-,-
Montana,2,1,3,5
Nevada,-,2,-,-
New Mexico,-,0,-,1
Utah,-,4,30,16
Wyoming,-,0,-,-
Pacific,1,3,14,19
Alaska,N,NC,N,N
California,-,3,10,11
Hawaii,-,0,-,-
Oregon,1,2,4,4
Washington,-,1,-,4
U.S. Territories,-,0,-,-
American Samoa,-,0,-,-
Commonwealth of Northern Mariana Islands,-,0,-,-
Guam,-,0,-,-
Puerto Rico,N,NC,N,N
U.S. Virgin Islands,-,0,-,-
Non-U.S. Residents,-,0,-,-
Total,8,24,223,295
