Reporting Area,Listeriosis §,Listeriosis §,Listeriosis §,Listeriosis §
Reporting Area,Confirmed,Confirmed,Confirmed,Confirmed
Reporting Area,Current week,Previous 52 weeks Max †,Cum YTD 2023 †,Cum YTD 2022 †
"U.S. Residents, excluding U.S. Territories",3,31,228,439
New England,-,4,23,33
Connecticut,-,2,6,5
Maine,-,1,-,1
Massachusetts,-,3,14,18
New Hampshire,-,1,2,2
Rhode Island,-,2,1,3
Vermont,-,1,-,4
Middle Atlantic,-,13,36,73
New Jersey,-,4,-,17
New York (excluding New York City),-,4,9,17
New York City,-,4,17,18
Pennsylvania,-,5,10,21
East North Central,-,9,34,67
Illinois,-,2,14,15
Indiana,-,3,2,7
Michigan,-,3,12,19
Ohio,-,3,6,17
Wisconsin,-,2,-,9
West North Central,-,4,7,15
Iowa,-,1,1,-
Kansas,-,2,-,3
Minnesota,-,1,-,7
Missouri,-,2,5,3
Nebraska,-,1,-,1
North Dakota,-,0,-,-
South Dakota,-,1,1,1
South Atlantic,1,7,51,119
Delaware,-,1,1,-
District of Columbia,-,1,1,-
Florida,1,2,16,30
Georgia,-,1,-,37
Maryland,-,3,7,8
North Carolina,-,2,13,21
South Carolina,-,2,4,12
Virginia,-,2,9,8
West Virginia,-,1,-,3
East South Central,-,3,12,20
Alabama,-,2,2,3
Kentucky,-,1,1,3
Mississippi,-,1,1,1
Tennessee,-,3,8,13
West South Central,-,7,22,34
Arkansas,-,2,3,5
Louisiana,-,1,2,7
Oklahoma,-,6,-,1
Texas,-,3,17,21
Mountain,-,4,4,19
Arizona,-,1,3,4
Colorado,-,3,1,5
Idaho,-,1,-,1
Montana,-,1,-,2
Nevada,-,2,-,4
New Mexico,-,0,-,1
Utah,-,1,-,2
Wyoming,-,0,-,-
Pacific,2,7,39,59
Alaska,-,0,-,1
California,1,7,32,44
Hawaii,-,1,1,5
Oregon,1,1,6,7
Washington,-,1,-,2
U.S. Territories,-,0,-,4
American Samoa,N,NC,N,N
Commonwealth of Northern Mariana Islands,-,0,-,-
Guam,-,0,-,-
Puerto Rico,-,0,-,4
U.S. Virgin Islands,-,0,-,-
Non-U.S. Residents,-,1,-,-
Total,3,32,228,443
