Reporting Area,Brucellosis,Brucellosis,Brucellosis,Brucellosis,Campylobacteriosis,Campylobacteriosis,Campylobacteriosis,Campylobacteriosis,"Candida auris  , clinical §","Candida auris  , clinical §","Candida auris  , clinical §","Candida auris  , clinical §"
Reporting Area,Current week,Previous 52 weeks Max †,Cum YTD 2022 †,Cum YTD 2021 †,Current week,Previous 52 weeks Max †,Cum YTD 2022 †,Cum YTD 2021 †,Current week,Previous 52 weeks Max †,Cum YTD 2022 †,Cum YTD 2021 †
"U.S. Residents, excluding U.S. Territories",-,7,100,104,610,1618,53913,59285,3,50,1116,717
New England,-,2,2,2,30,101,2872,3121,-,0,-,-
Connecticut,-,0,-,-,-,22,492,680,-,0,-,-
Maine,-,0,-,-,2,9,183,256,-,0,-,-
Massachusetts,-,0,-,1,26,55,1559,1363,-,0,-,-
New Hampshire,-,0,-,-,-,13,295,362,-,0,-,-
Rhode Island,-,2,2,-,-,11,199,259,-,0,-,-
Vermont,-,0,-,1,2,8,144,201,-,0,-,-
Middle Atlantic,-,2,13,5,92,232,7644,8469,-,8,68,40
New Jersey,-,1,3,2,3,52,1340,1575,-,0,-,-
New York (excluding New York City),-,2,7,-,13,103,1230,2109,-,0,-,-
New York City,-,1,1,3,52,88,2781,2298,-,0,-,-
Pennsylvania,-,1,2,-,24,80,2293,2487,-,8,68,40
East North Central,-,1,10,9,19,220,6298,7363,-,17,294,413
Illinois,-,1,4,1,-,80,2034,1972,-,11,123,337
Indiana,-,0,-,-,-,15,112,842,-,5,76,54
Michigan,-,1,6,2,10,39,1051,1436,-,2,23,2
Ohio,-,1,-,6,-,98,1997,1845,-,6,72,20
Wisconsin,-,0,-,-,9,44,1104,1268,-,0,-,-
West North Central,-,2,6,19,38,123,3540,5727,-,0,-,1
Iowa,-,1,-,-,17,39,993,1210,-,0,-,-
Kansas,-,1,1,-,2,26,594,755,-,0,-,-
Minnesota,-,2,4,17,-,26,-,1487,-,0,-,1
Missouri,-,0,-,-,8,36,1000,1176,-,0,-,-
Nebraska,-,1,1,2,11,21,506,639,-,0,-,-
North Dakota,-,0,-,-,-,10,153,161,-,0,-,-
South Dakota,-,0,-,-,-,19,294,299,-,0,-,-
South Atlantic,-,2,12,10,154,282,9131,10251,1,21,61,48
Delaware,-,0,-,-,-,9,174,179,-,1,1,2
District of Columbia,-,0,-,-,-,1,1,5,-,0,-,-
Florida,-,1,10,4,86,129,3655,3554,N,NC,N,N
Georgia,-,1,-,1,10,41,1302,1358,-,0,-,1
Maryland,-,1,1,-,27,38,916,796,-,21,49,30
North Carolina,-,1,1,3,-,55,937,1764,-,0,-,1
South Carolina,-,0,-,2,13,30,584,587,-,0,-,-
Virginia,-,0,-,-,18,89,1273,1581,1,2,11,14
West Virginia,-,0,-,-,-,18,289,427,-,0,-,-
East South Central,-,1,1,3,15,100,3110,3309,-,0,-,-
Alabama,-,0,-,1,7,33,722,705,N,NC,N,N
Kentucky,-,1,1,1,1,39,1024,1205,-,0,-,-
Mississippi,-,0,-,1,-,21,477,592,-,0,-,-
Tennessee,-,0,-,-,7,40,887,807,-,0,-,-
West South Central,-,2,22,14,74,322,5249,5657,-,8,87,47
Arkansas,-,1,5,2,7,31,600,565,-,0,-,-
Louisiana,-,1,1,1,-,32,638,639,-,2,6,-
Oklahoma,-,1,2,-,16,51,1014,965,-,0,-,-
Texas,-,2,14,11,51,263,2997,3488,-,8,81,47
Mountain,-,2,7,8,18,143,4422,4870,-,21,155,1
Arizona,-,1,1,5,-,51,1266,1521,-,21,152,1
Colorado,-,1,1,1,16,43,1195,999,-,0,-,-
Idaho,-,1,1,-,-,17,240,450,-,0,-,-
Montana,-,0,-,-,-,19,287,263,-,0,-,-
Nevada,-,2,3,1,-,24,331,238,-,2,3,-
New Mexico,-,0,-,1,1,23,379,640,-,0,-,-
Utah,-,1,1,-,1,26,570,545,-,0,-,-
Wyoming,-,0,-,-,-,7,154,214,-,0,-,-
Pacific,-,2,27,34,170,352,11647,10518,2,23,451,167
Alaska,-,0,-,-,-,8,126,87,-,0,-,-
California,-,2,20,28,131,248,8303,7184,2,23,451,167
Hawaii,-,1,-,4,11,31,630,463,-,0,-,-
Oregon,-,1,4,1,11,30,880,1028,-,0,-,-
Washington,-,1,3,1,17,67,1708,1756,-,0,-,-
U.S. Territories,-,0,-,3,-,5,91,108,-,0,-,-
American Samoa,-,0,-,-,-,0,-,-,-,0,-,-
Commonwealth of Northern Mariana Islands,-,0,-,-,-,0,-,4,-,0,-,-
Guam,-,0,-,3,-,0,-,17,-,0,-,-
Puerto Rico,-,0,-,-,-,5,91,87,-,0,-,-
U.S. Virgin Islands,-,0,-,-,-,0,-,-,-,0,-,-
Non-U.S. Residents,-,0,-,-,-,2,4,1,-,0,-,-
Total,-,7,100,107,610,1619,54008,59394,3,50,1116,717
