Reporting Area,Q fever,Q fever,Q fever,Q fever
Reporting Area,Total,Total,Total,Total
Reporting Area,Current week,Previous 52 weeks Max †,Cum YTD 2023 †,Cum YTD 2022 †
"U.S. Residents, excluding U.S. Territories",1,9,58,84
New England,-,1,1,-
Connecticut,-,0,-,-
Maine,-,0,-,-
Massachusetts,-,0,-,-
New Hampshire,N,NC,N,N
Rhode Island,-,0,-,-
Vermont,-,1,1,-
Middle Atlantic,-,2,5,3
New Jersey,-,0,-,-
New York (excluding New York City),-,1,1,2
New York City,-,1,1,1
Pennsylvania,-,2,3,-
East North Central,-,2,4,6
Illinois,-,1,1,2
Indiana,-,0,-,-
Michigan,-,1,-,-
Ohio,-,2,3,-
Wisconsin,-,1,-,4
West North Central,-,3,7,10
Iowa,-,1,2,3
Kansas,-,2,-,2
Minnesota,-,1,1,-
Missouri,-,1,2,-
Nebraska,-,1,1,1
North Dakota,-,1,-,-
South Dakota,-,1,1,4
South Atlantic,-,2,4,8
Delaware,-,0,-,1
District of Columbia,-,0,-,-
Florida,-,2,-,2
Georgia,-,0,-,-
Maryland,-,1,1,-
North Carolina,-,0,-,2
South Carolina,-,0,-,-
Virginia,-,1,2,2
West Virginia,-,1,1,1
East South Central,1,1,3,6
Alabama,-,1,1,3
Kentucky,1,1,2,2
Mississippi,-,0,-,-
Tennessee,-,1,-,1
West South Central,-,1,3,4
Arkansas,-,1,2,-
Louisiana,-,1,1,1
Oklahoma,-,0,-,-
Texas,-,1,-,3
Mountain,-,2,5,11
Arizona,-,1,1,-
Colorado,-,1,-,1
Idaho,-,1,2,1
Montana,-,0,-,2
Nevada,-,2,2,2
New Mexico,-,0,-,-
Utah,-,2,-,4
Wyoming,-,1,-,1
Pacific,-,5,26,36
Alaska,-,0,-,-
California,-,4,22,34
Hawaii,-,0,-,-
Oregon,-,1,4,-
Washington,-,1,-,2
U.S. Territories,-,0,-,-
American Samoa,N,NC,N,N
Commonwealth of Northern Mariana Islands,-,0,-,-
Guam,N,NC,N,N
Puerto Rico,-,0,-,-
U.S. Virgin Islands,-,0,-,-
Non-U.S. Residents,-,0,-,-
Total,1,9,58,84
