Reporting Area,"Hepatitis C, acute §","Hepatitis C, acute §","Hepatitis C, acute §","Hepatitis C, acute §"
Reporting Area,Probable,Probable,Probable,Probable
Reporting Area,Current week,Previous 52 weeks Max †,Cum YTD 2023 †,Cum YTD 2022 †
"U.S. Residents, excluding U.S. Territories",5,23,277,367
New England,-,4,10,26
Connecticut,-,0,-,-
Maine,-,3,4,16
Massachusetts,-,1,3,4
New Hampshire,-,2,3,6
Rhode Island,-,1,-,-
Vermont,-,0,-,-
Middle Atlantic,-,2,3,11
New Jersey,-,1,-,-
New York (excluding New York City),-,2,3,10
New York City,-,0,-,1
Pennsylvania,-,0,-,-
East North Central,-,3,13,24
Illinois,-,2,5,4
Indiana,-,1,2,5
Michigan,-,1,4,2
Ohio,-,2,1,13
Wisconsin,-,1,1,-
West North Central,-,1,1,5
Iowa,-,0,-,-
Kansas,-,1,1,3
Minnesota,-,1,-,-
Missouri,-,0,-,-
Nebraska,-,0,-,-
North Dakota,-,0,-,-
South Dakota,-,1,-,2
South Atlantic,-,14,90,160
Delaware,-,1,1,1
District of Columbia,U,NC,U,U
Florida,-,13,72,130
Georgia,-,1,-,10
Maryland,-,1,5,-
North Carolina,-,2,2,6
South Carolina,-,0,-,-
Virginia,-,1,3,6
West Virginia,-,2,7,7
East South Central,-,10,88,79
Alabama,-,2,4,8
Kentucky,-,5,35,32
Mississippi,-,4,10,12
Tennessee,-,6,39,27
West South Central,1,2,8,12
Arkansas,-,2,2,6
Louisiana,-,0,-,-
Oklahoma,-,2,1,1
Texas,1,2,5,5
Mountain,2,5,48,26
Arizona,U,NC,U,U
Colorado,-,1,1,1
Idaho,-,1,1,-
Montana,1,2,5,7
Nevada,-,2,-,-
New Mexico,-,0,-,-
Utah,1,5,41,18
Wyoming,-,0,-,-
Pacific,2,3,16,24
Alaska,N,NC,N,N
California,-,3,12,15
Hawaii,-,0,-,-
Oregon,2,2,4,4
Washington,-,1,-,5
U.S. Territories,-,0,-,-
American Samoa,-,0,-,-
Commonwealth of Northern Mariana Islands,-,0,-,-
Guam,-,0,-,-
Puerto Rico,N,NC,N,N
U.S. Virgin Islands,-,0,-,-
Non-U.S. Residents,-,0,-,-
Total,5,23,277,367
