Reporting Area,Babesiosis,Babesiosis,Babesiosis,Babesiosis
Reporting Area,Current week,Previous 52 weeks Max †,Cum YTD 2023 †,Cum YTD 2022 †
"U.S. Residents, excluding U.S. Territories",-,168,49,37
New England,-,76,12,18
Connecticut,-,0,-,1
Maine,-,17,2,2
Massachusetts,-,53,9,9
New Hampshire,-,11,-,3
Rhode Island,-,3,-,2
Vermont,-,6,1,1
Middle Atlantic,-,84,30,13
New Jersey,-,39,7,4
New York (excluding New York City),-,44,19,8
New York City,-,9,4,1
Pennsylvania,N,NC,N,N
East North Central,-,11,3,2
Illinois,-,1,2,-
Indiana,-,0,-,-
Michigan,-,3,-,-
Ohio,-,1,-,-
Wisconsin,-,10,1,2
West North Central,-,1,-,-
Iowa,-,1,-,-
Kansas,-,0,-,-
Minnesota,-,0,-,-
Missouri,-,0,-,-
Nebraska,-,0,-,-
North Dakota,-,0,-,-
South Dakota,-,0,-,-
South Atlantic,-,3,4,3
Delaware,-,0,-,-
District of Columbia,-,1,-,-
Florida,-,2,1,2
Georgia,N,NC,N,N
Maryland,-,2,3,-
North Carolina,-,0,-,-
South Carolina,-,1,-,-
Virginia,-,2,-,1
West Virginia,-,0,-,-
East South Central,-,1,-,-
Alabama,-,0,-,-
Kentucky,-,0,-,-
Mississippi,N,NC,N,N
Tennessee,-,1,-,-
West South Central,-,1,-,-
Arkansas,-,1,-,-
Louisiana,-,0,-,-
Oklahoma,N,NC,N,N
Texas,-,1,-,-
Mountain,-,1,-,-
Arizona,-,1,-,-
Colorado,N,NC,N,N
Idaho,N,NC,N,N
Montana,-,1,-,-
Nevada,N,NC,N,N
New Mexico,N,NC,N,N
Utah,-,0,-,-
Wyoming,-,0,-,-
Pacific,-,3,-,1
Alaska,N,NC,N,N
California,-,2,-,-
Hawaii,N,NC,N,N
Oregon,-,1,-,1
Washington,-,1,-,-
U.S. Territories,-,0,-,-
American Samoa,U,NC,U,U
Commonwealth of Northern Mariana Islands,-,0,-,-
Guam,-,0,-,-
Puerto Rico,N,NC,N,N
U.S. Virgin Islands,-,0,-,-
Non-U.S. Residents,-,1,-,-
Total,-,169,49,37
