Reporting Area,Malaria,Malaria,Malaria,Malaria
Reporting Area,Current week,Previous 52 weeks Max †,Cum YTD 2023 †,Cum YTD 2022 †
"U.S. Residents, excluding U.S. Territories",9,73,430,454
New England,-,7,17,28
Connecticut,-,1,-,-
Maine,-,2,1,1
Massachusetts,-,7,11,22
New Hampshire,-,1,2,2
Rhode Island,-,1,2,3
Vermont,-,1,1,-
Middle Atlantic,1,28,111,97
New Jersey,-,7,8,22
New York (excluding New York City),1,5,26,12
New York City,-,13,61,41
Pennsylvania,-,5,16,22
East North Central,1,11,39,43
Illinois,-,4,6,8
Indiana,-,3,5,2
Michigan,-,2,2,8
Ohio,1,7,26,18
Wisconsin,-,3,-,7
West North Central,1,5,13,33
Iowa,-,2,7,3
Kansas,-,2,1,5
Minnesota,-,2,-,14
Missouri,1,2,2,7
Nebraska,-,2,-,2
North Dakota,-,2,3,2
South Dakota,-,1,-,-
South Atlantic,4,24,145,124
Delaware,-,3,1,1
District of Columbia,-,2,4,3
Florida,-,3,11,20
Georgia,-,6,6,16
Maryland,4,14,76,37
North Carolina,-,4,13,8
South Carolina,-,0,-,-
Virginia,-,6,34,37
West Virginia,-,1,-,2
East South Central,-,4,6,8
Alabama,-,2,2,3
Kentucky,-,2,-,4
Mississippi,-,1,1,-
Tennessee,-,2,3,1
West South Central,-,21,53,38
Arkansas,-,1,-,-
Louisiana,-,1,3,1
Oklahoma,-,0,-,-
Texas,-,20,50,37
Mountain,1,4,16,28
Arizona,1,3,11,9
Colorado,-,2,3,12
Idaho,-,1,1,1
Montana,-,1,-,1
Nevada,-,1,-,2
New Mexico,-,2,1,1
Utah,-,1,-,2
Wyoming,-,1,-,-
Pacific,1,14,30,55
Alaska,1,1,1,-
California,-,7,19,36
Hawaii,-,1,1,-
Oregon,-,2,4,6
Washington,-,5,5,13
U.S. Territories,-,0,-,-
American Samoa,-,0,-,-
Commonwealth of Northern Mariana Islands,-,0,-,-
Guam,-,0,-,-
Puerto Rico,-,0,-,-
U.S. Virgin Islands,-,0,-,-
Non-U.S. Residents,-,2,4,3
Total,9,73,434,457
