Reporting Area,Meningococcal disease,Meningococcal disease,Meningococcal disease,Meningococcal disease
Reporting Area,Serogroups ACWY,Serogroups ACWY,Serogroups ACWY,Serogroups ACWY
Reporting Area,Current week,Previous 52 weeks Max †,Cum YTD 2023 †,Cum YTD 2022 †
"U.S. Residents, excluding U.S. Territories",-,5,39,31
New England,-,1,-,2
Connecticut,-,0,-,-
Maine,-,0,-,-
Massachusetts,-,1,-,2
New Hampshire,-,0,-,-
Rhode Island,-,0,-,-
Vermont,-,0,-,-
Middle Atlantic,-,2,5,4
New Jersey,-,0,-,-
New York (excluding New York City),-,2,5,2
New York City,-,0,-,-
Pennsylvania,-,0,-,2
East North Central,-,1,3,2
Illinois,-,1,2,-
Indiana,-,0,-,-
Michigan,-,0,-,1
Ohio,-,1,1,-
Wisconsin,-,0,-,1
West North Central,-,2,4,-
Iowa,-,2,4,-
Kansas,-,0,-,-
Minnesota,-,0,-,-
Missouri,-,0,-,-
Nebraska,-,0,-,-
North Dakota,-,1,-,-
South Dakota,-,0,-,-
South Atlantic,-,3,16,5
Delaware,-,0,-,-
District of Columbia,-,0,-,-
Florida,-,0,-,1
Georgia,-,0,-,-
Maryland,-,1,1,-
North Carolina,-,2,7,3
South Carolina,-,0,-,-
Virginia,-,2,8,1
West Virginia,-,0,-,-
East South Central,-,1,-,5
Alabama,-,1,-,-
Kentucky,-,0,-,-
Mississippi,-,0,-,-
Tennessee,-,1,-,5
West South Central,-,1,4,4
Arkansas,-,0,-,-
Louisiana,-,0,-,-
Oklahoma,-,1,2,1
Texas,-,1,2,3
Mountain,-,2,2,4
Arizona,-,2,2,1
Colorado,-,0,-,3
Idaho,-,0,-,-
Montana,-,0,-,-
Nevada,-,0,-,-
New Mexico,-,0,-,-
Utah,-,0,-,-
Wyoming,-,0,-,-
Pacific,-,2,5,5
Alaska,-,0,-,-
California,-,2,5,1
Hawaii,-,0,-,-
Oregon,-,1,-,4
Washington,-,0,-,-
U.S. Territories,-,0,-,-
American Samoa,-,0,-,-
Commonwealth of Northern Mariana Islands,-,0,-,-
Guam,-,0,-,-
Puerto Rico,-,0,-,-
U.S. Virgin Islands,-,0,-,-
Non-U.S. Residents,-,0,-,-
Total,-,5,39,31
