Reporting Area,"Hepatitis C, acute §","Hepatitis C, acute §","Hepatitis C, acute §","Hepatitis C, acute §"
Reporting Area,Probable,Probable,Probable,Probable
Reporting Area,Current week,Previous 52 weeks Max †,Cum YTD 2023 †,Cum YTD 2022 †
"U.S. Residents, excluding U.S. Territories",3,26,143,193
New England,-,4,8,11
Connecticut,-,0,-,-
Maine,-,3,4,7
Massachusetts,-,2,1,1
New Hampshire,-,2,3,3
Rhode Island,-,1,-,-
Vermont,-,0,-,-
Middle Atlantic,-,2,3,5
New Jersey,-,1,-,-
New York (excluding New York City),-,2,3,4
New York City,-,0,-,1
Pennsylvania,-,0,-,-
East North Central,-,4,4,12
Illinois,-,2,-,2
Indiana,-,1,-,2
Michigan,-,1,2,2
Ohio,-,3,2,6
Wisconsin,-,1,-,-
West North Central,-,1,-,1
Iowa,-,0,-,-
Kansas,-,1,-,1
Minnesota,-,1,-,-
Missouri,-,0,-,-
Nebraska,-,0,-,-
North Dakota,-,0,-,-
South Dakota,-,1,-,-
South Atlantic,2,13,54,90
Delaware,-,1,1,1
District of Columbia,U,NC,U,U
Florida,1,12,42,73
Georgia,-,1,-,6
Maryland,1,1,5,-
North Carolina,-,2,1,3
South Carolina,-,0,-,-
Virginia,-,1,1,5
West Virginia,-,2,4,2
East South Central,-,10,41,38
Alabama,-,2,1,2
Kentucky,-,5,18,11
Mississippi,-,4,7,6
Tennessee,-,8,15,19
West South Central,-,2,-,5
Arkansas,-,2,-,5
Louisiana,-,0,-,-
Oklahoma,-,2,-,-
Texas,-,2,-,-
Mountain,-,4,24,15
Arizona,U,NC,U,U
Colorado,-,1,1,1
Idaho,-,1,1,-
Montana,-,1,1,4
Nevada,-,2,-,-
New Mexico,-,0,-,1
Utah,-,4,21,9
Wyoming,-,0,-,-
Pacific,1,3,9,16
Alaska,N,NC,N,N
California,1,2,6,9
Hawaii,-,0,-,-
Oregon,-,2,3,4
Washington,-,1,-,3
U.S. Territories,-,0,-,-
American Samoa,-,0,-,-
Commonwealth of Northern Mariana Islands,-,0,-,-
Guam,-,0,-,-
Puerto Rico,N,NC,N,N
U.S. Virgin Islands,-,0,-,-
Non-U.S. Residents,-,0,-,-
Total,3,26,143,193
