Reporting Area,Rabies,Rabies,Rabies,Rabies,Rabies,Rabies,Rabies,Rabies
Reporting Area,Animal,Animal,Animal,Animal,Human,Human,Human,Human
Reporting Area,Current week,Previous 52 weeks Max †,Cum YTD 2022 †,Cum YTD 2021 †,Current week,Previous 52 weeks Max †,Cum YTD 2022 †,Cum YTD 2021 †
"U.S. Residents, excluding U.S. Territories",16,55,646,1039,-,1,-,2
New England,-,13,53,69,-,0,-,-
Connecticut,-,0,-,-,-,0,-,-
Maine,-,4,18,35,-,0,-,-
Massachusetts,-,0,-,-,-,0,-,-
New Hampshire,-,3,20,18,-,0,-,-
Rhode Island,-,13,-,5,-,0,-,-
Vermont,-,3,15,11,-,0,-,-
Middle Atlantic,8,14,136,174,-,0,-,-
New Jersey,-,0,-,-,-,0,-,-
New York (excluding New York City),8,14,136,168,-,0,-,-
New York City,-,0,-,6,-,0,-,-
Pennsylvania,-,0,-,-,-,0,-,-
East North Central,2,9,63,56,-,1,-,1
Illinois,2,6,34,19,-,1,-,1
Indiana,-,0,-,-,-,0,-,-
Michigan,-,3,15,18,-,0,-,-
Ohio,-,3,14,19,-,0,-,-
Wisconsin,N,NC,N,N,-,0,-,-
West North Central,1,5,21,32,-,0,-,1
Iowa,-,0,-,-,-,0,-,-
Kansas,-,0,-,-,-,0,-,-
Minnesota,-,0,-,-,-,0,-,1
Missouri,1,3,12,9,-,0,-,-
Nebraska,-,2,9,23,-,0,-,-
North Dakota,-,0,-,-,-,0,-,-
South Dakota,-,0,-,-,-,0,-,-
South Atlantic,-,24,55,225,-,0,-,-
Delaware,-,0,-,-,-,0,-,-
District of Columbia,-,0,-,-,-,0,-,-
Florida,-,24,41,85,-,0,-,-
Georgia,-,0,-,-,-,0,-,-
Maryland,-,0,-,-,-,0,-,-
North Carolina,-,9,-,127,-,0,-,-
South Carolina,N,NC,N,N,-,0,-,-
Virginia,-,0,-,-,-,0,-,-
West Virginia,-,2,14,13,-,0,-,-
East South Central,1,6,29,30,-,0,-,-
Alabama,-,3,25,21,-,0,-,-
Kentucky,1,4,4,9,-,0,-,-
Mississippi,-,0,-,-,-,0,-,-
Tennessee,-,0,-,-,-,0,-,-
West South Central,2,28,262,282,-,1,-,-
Arkansas,-,2,13,13,-,0,-,-
Louisiana,-,0,-,-,-,0,-,-
Oklahoma,-,4,18,25,-,0,-,-
Texas,2,25,231,244,-,1,-,-
Mountain,2,7,26,56,-,1,-,-
Arizona,1,3,13,31,-,0,-,-
Colorado,-,0,-,-,-,0,-,-
Idaho,-,0,-,-,-,1,-,-
Montana,-,3,5,10,-,0,-,-
Nevada,-,2,2,7,-,0,-,-
New Mexico,1,1,6,4,-,0,-,-
Utah,-,1,-,4,-,0,-,-
Wyoming,-,0,-,-,-,0,-,-
Pacific,-,13,1,115,-,0,-,-
Alaska,-,0,-,-,-,0,-,-
California,-,13,-,105,-,0,-,-
Hawaii,-,0,-,-,-,0,-,-
Oregon,-,2,1,10,-,0,-,-
Washington,-,0,-,-,-,0,-,-
U.S. Territories,-,0,-,-,-,0,-,-
American Samoa,U,NC,U,U,U,NC,U,U
Commonwealth of Northern Mariana Islands,-,0,-,-,-,0,-,-
Guam,-,0,-,-,-,0,-,-
Puerto Rico,-,0,-,-,-,0,-,-
U.S. Virgin Islands,-,0,-,-,-,0,-,-
Non-U.S. Residents,-,0,-,-,-,0,-,-
Total,16,55,646,1039,-,1,-,2
