Reporting Area,"Vibriosis (any species of the family  Vibrionaceae  , other than toxigenic  Vibrio  cholerae O1 or O139)","Vibriosis (any species of the family  Vibrionaceae  , other than toxigenic  Vibrio  cholerae O1 or O139)","Vibriosis (any species of the family  Vibrionaceae  , other than toxigenic  Vibrio  cholerae O1 or O139)","Vibriosis (any species of the family  Vibrionaceae  , other than toxigenic  Vibrio  cholerae O1 or O139)"
Reporting Area,Probable,Probable,Probable,Probable
Reporting Area,Current week,Previous 52 weeks Max †,Cum YTD 2023 †,Cum YTD 2022 †
"U.S. Residents, excluding U.S. Territories",1,41,72,123
New England,-,5,2,5
Connecticut,-,4,-,3
Maine,-,2,-,-
Massachusetts,-,2,2,2
New Hampshire,-,1,-,-
Rhode Island,-,1,-,-
Vermont,-,0,-,-
Middle Atlantic,1,7,9,17
New Jersey,-,2,1,1
New York (excluding New York City),1,3,3,7
New York City,-,4,1,4
Pennsylvania,-,4,4,5
East North Central,-,8,6,20
Illinois,-,3,1,1
Indiana,-,2,-,1
Michigan,-,2,2,3
Ohio,-,4,3,6
Wisconsin,-,2,-,9
West North Central,-,3,-,6
Iowa,N,NC,N,N
Kansas,-,2,-,1
Minnesota,-,0,-,-
Missouri,-,1,-,2
Nebraska,-,2,-,3
North Dakota,-,1,-,-
South Dakota,-,0,-,-
South Atlantic,-,16,24,21
Delaware,-,1,-,-
District of Columbia,-,1,-,1
Florida,-,7,12,3
Georgia,-,5,-,2
Maryland,-,5,6,5
North Carolina,-,6,3,2
South Carolina,-,2,1,2
Virginia,-,4,2,3
West Virginia,-,1,-,3
East South Central,-,5,2,9
Alabama,-,2,-,5
Kentucky,-,3,2,-
Mississippi,-,2,-,3
Tennessee,-,2,-,1
West South Central,-,9,9,19
Arkansas,-,1,-,1
Louisiana,-,3,6,7
Oklahoma,-,1,1,-
Texas,-,7,2,11
Mountain,-,5,7,9
Arizona,-,4,4,6
Colorado,-,3,2,3
Idaho,N,NC,N,N
Montana,-,1,-,-
Nevada,-,1,-,-
New Mexico,-,0,-,-
Utah,-,2,-,-
Wyoming,-,1,1,-
Pacific,-,10,13,17
Alaska,-,1,-,-
California,-,7,8,10
Hawaii,-,0,-,1
Oregon,-,2,-,-
Washington,-,4,5,6
U.S. Territories,-,0,-,-
American Samoa,N,NC,N,N
Commonwealth of Northern Mariana Islands,-,0,-,-
Guam,-,0,-,-
Puerto Rico,-,0,-,-
U.S. Virgin Islands,-,0,-,-
Non-U.S. Residents,-,0,-,-
Total,1,41,72,123
