Reporting Area,Ehrlichiosis and Anaplasmosis,Ehrlichiosis and Anaplasmosis,Ehrlichiosis and Anaplasmosis,Ehrlichiosis and Anaplasmosis,Ehrlichiosis and Anaplasmosis,Ehrlichiosis and Anaplasmosis,Ehrlichiosis and Anaplasmosis,Ehrlichiosis and Anaplasmosis,Giardiasis,Giardiasis,Giardiasis,Giardiasis
Reporting Area,Ehrlichia ewingii  infection,Ehrlichia ewingii  infection,Ehrlichia ewingii  infection,Ehrlichia ewingii  infection,Undetermined ehrlichiosis/anaplasmosis,Undetermined ehrlichiosis/anaplasmosis,Undetermined ehrlichiosis/anaplasmosis,Undetermined ehrlichiosis/anaplasmosis,Giardiasis,Giardiasis,Giardiasis,Giardiasis
Reporting Area,Current week,Previous 52 weeks Max †,Cum YTD 2022 †,Cum YTD 2021 †,Current week,Previous 52 weeks Max †,Cum YTD 2022 †,Cum YTD 2021 †,Current week,Previous 52 weeks Max †,Cum YTD 2022 †,Cum YTD 2021 †
"U.S. Residents, excluding U.S. Territories",-,6,20,18,-,12,104,81,139,328,9371,9449
New England,-,0,-,-,-,1,2,5,16,35,740,645
Connecticut,N,NC,N,N,N,NC,N,N,-,7,72,108
Maine,-,0,-,-,-,0,-,-,-,5,52,117
Massachusetts,-,0,-,-,-,1,1,4,13,23,513,288
New Hampshire,-,0,-,-,-,0,-,1,-,7,54,95
Rhode Island,-,0,-,-,-,0,-,-,3,6,49,37
Vermont,-,0,-,-,-,1,1,-,N,NC,N,N
Middle Atlantic,-,1,1,2,-,6,50,5,57,95,2101,2058
New Jersey,-,0,-,1,-,0,-,-,-,11,112,272
New York (excluding New York City),-,1,1,1,-,1,5,-,29,65,721,712
New York City,-,0,-,-,-,0,-,2,23,28,815,666
Pennsylvania,-,0,-,-,-,5,45,3,5,27,453,408
East North Central,-,1,4,2,-,3,19,30,-,35,702,1204
Illinois,-,0,-,-,-,0,-,2,N,NC,N,N
Indiana,-,1,1,1,-,0,-,-,-,6,7,104
Michigan,-,0,-,-,-,1,1,-,-,14,241,348
Ohio,-,0,-,-,-,1,2,-,-,7,130,283
Wisconsin,-,1,3,1,-,3,16,28,-,19,324,469
West North Central,-,4,12,10,-,5,20,35,2,30,505,910
Iowa,-,0,-,-,-,0,-,1,-,9,136,140
Kansas,-,0,-,-,-,1,1,1,-,7,91,106
Minnesota,-,0,-,-,-,0,-,12,-,16,-,320
Missouri,-,4,12,10,-,5,18,16,-,7,141,165
Nebraska,-,0,-,-,-,0,-,-,2,5,67,77
North Dakota,-,0,-,-,-,0,-,1,-,4,23,40
South Dakota,-,0,-,-,-,1,1,4,-,4,47,62
South Atlantic,-,1,1,1,-,2,8,3,22,65,1636,1318
Delaware,-,0,-,-,-,0,-,-,-,2,14,31
District of Columbia,-,0,-,-,-,0,-,-,-,0,-,5
Florida,-,1,1,-,-,0,-,-,3,38,928,548
Georgia,-,0,-,-,-,1,1,-,1,18,202,219
Maryland,-,0,-,1,-,0,-,-,7,11,140,95
North Carolina,-,0,-,-,-,0,-,-,N,NC,N,N
South Carolina,-,0,-,-,-,2,4,2,6,8,105,122
Virginia,-,0,-,-,-,1,3,-,5,21,190,224
West Virginia,-,0,-,-,-,0,-,1,-,4,57,74
East South Central,-,1,1,2,-,1,1,1,-,7,122,129
Alabama,-,0,-,-,-,1,1,-,-,7,122,129
Kentucky,-,0,-,1,-,0,-,-,N,NC,N,N
Mississippi,-,0,-,-,-,0,-,-,N,NC,N,N
Tennessee,-,1,1,1,-,0,-,1,N,NC,N,N
West South Central,-,1,1,1,-,0,-,-,5,18,268,311
Arkansas,-,1,1,1,-,0,-,-,-,8,92,113
Louisiana,-,0,-,-,-,0,-,-,5,11,176,198
Oklahoma,-,0,-,-,-,0,-,-,N,NC,N,N
Texas,-,0,-,-,-,0,-,-,N,NC,N,N
Mountain,-,0,-,-,-,0,-,-,18,36,963,898
Arizona,-,0,-,-,-,0,-,-,-,6,90,73
Colorado,N,NC,N,N,N,NC,N,N,10,22,434,368
Idaho,N,NC,N,N,N,NC,N,N,2,7,102,110
Montana,-,0,-,-,-,0,-,-,2,3,37,48
Nevada,-,0,-,-,-,0,-,-,-,8,71,58
New Mexico,N,NC,N,N,N,NC,N,N,1,3,43,26
Utah,-,0,-,-,-,0,-,-,3,12,159,186
Wyoming,-,0,-,-,-,0,-,-,-,3,27,29
Pacific,-,0,-,-,-,1,4,2,19,84,2334,1976
Alaska,N,NC,N,N,N,NC,N,N,3,9,81,53
California,-,0,-,-,-,1,3,1,13,61,1742,1472
Hawaii,N,NC,N,N,N,NC,N,N,-,3,20,19
Oregon,-,0,-,-,-,1,1,1,3,13,289,271
Washington,-,0,-,-,-,0,-,-,-,13,202,161
U.S. Territories,-,0,-,-,-,0,-,-,-,2,9,19
American Samoa,N,NC,N,N,N,NC,N,N,-,0,-,-
Commonwealth of Northern Mariana Islands,-,0,-,-,-,0,-,-,-,0,-,-
Guam,N,NC,N,N,N,NC,N,N,-,0,-,-
Puerto Rico,N,NC,N,N,N,NC,N,N,-,2,9,19
U.S. Virgin Islands,-,0,-,-,-,0,-,-,-,0,-,-
Non-U.S. Residents,-,0,-,-,-,0,-,-,-,1,3,2
Total,-,6,20,18,-,12,104,81,139,328,9383,9470
