Reporting Area,Botulism,Botulism,Botulism,Botulism
Reporting Area,Infant,Infant,Infant,Infant
Reporting Area,Current week,Previous 52 weeks Max †,Cum YTD 2023 †,Cum YTD 2022 †
"U.S. Residents, excluding U.S. Territories",2,9,73,76
New England,-,1,-,-
Connecticut,-,0,-,-
Maine,-,1,-,-
Massachusetts,-,0,-,-
New Hampshire,-,0,-,-
Rhode Island,-,0,-,-
Vermont,-,0,-,-
Middle Atlantic,2,3,20,17
New Jersey,-,2,3,4
New York (excluding New York City),-,1,-,-
New York City,-,1,3,2
Pennsylvania,2,2,14,11
East North Central,-,2,5,3
Illinois,-,1,1,-
Indiana,-,1,-,1
Michigan,-,1,1,1
Ohio,-,2,3,1
Wisconsin,-,0,-,-
West North Central,-,1,2,2
Iowa,-,1,-,-
Kansas,-,0,-,-
Minnesota,-,1,1,-
Missouri,-,1,1,1
Nebraska,-,0,-,-
North Dakota,-,0,-,1
South Dakota,-,0,-,-
South Atlantic,-,3,14,6
Delaware,-,1,1,1
District of Columbia,-,0,-,-
Florida,-,0,-,1
Georgia,-,1,1,-
Maryland,-,1,5,1
North Carolina,-,1,1,-
South Carolina,-,0,-,-
Virginia,-,1,4,3
West Virginia,-,2,2,-
East South Central,-,1,3,10
Alabama,-,1,1,2
Kentucky,-,1,2,4
Mississippi,-,0,-,-
Tennessee,-,1,-,4
West South Central,-,2,3,3
Arkansas,-,1,-,1
Louisiana,-,0,-,1
Oklahoma,-,0,-,-
Texas,-,2,3,1
Mountain,-,2,5,4
Arizona,-,1,1,1
Colorado,-,1,-,1
Idaho,-,1,2,-
Montana,-,0,-,-
Nevada,-,0,-,-
New Mexico,-,0,-,1
Utah,-,1,2,1
Wyoming,-,0,-,-
Pacific,-,6,21,31
Alaska,-,1,-,-
California,-,6,20,25
Hawaii,-,0,-,-
Oregon,-,0,-,1
Washington,-,1,1,5
U.S. Territories,-,0,-,-
American Samoa,-,0,-,-
Commonwealth of Northern Mariana Islands,-,0,-,-
Guam,-,0,-,-
Puerto Rico,-,0,-,-
U.S. Virgin Islands,-,0,-,-
Non-U.S. Residents,-,0,-,-
Total,2,9,73,76
