Reporting Area,"Invasive pneumococcal disease, age <5 years §","Invasive pneumococcal disease, age <5 years §","Invasive pneumococcal disease, age <5 years §","Invasive pneumococcal disease, age <5 years §"
Reporting Area,Probable,Probable,Probable,Probable
Reporting Area,Current week,Previous 52 weeks Max †,Cum YTD 2023 †,Cum YTD 2022 †
"U.S. Residents, excluding U.S. Territories",1,4,12,3
New England,-,0,-,-
Connecticut,-,0,-,-
Maine,-,0,-,-
Massachusetts,-,0,-,-
New Hampshire,-,0,-,-
Rhode Island,-,0,-,-
Vermont,-,0,-,-
Middle Atlantic,-,2,4,-
New Jersey,-,0,-,-
New York (excluding New York City),-,1,-,-
New York City,-,1,1,-
Pennsylvania,-,2,3,-
East North Central,1,3,6,-
Illinois,-,0,-,-
Indiana,-,0,-,-
Michigan,-,1,-,-
Ohio,1,3,6,-
Wisconsin,-,0,-,-
West North Central,-,1,-,-
Iowa,N,NC,N,N
Kansas,-,1,-,-
Minnesota,-,0,-,-
Missouri,-,1,-,-
Nebraska,-,1,-,-
North Dakota,-,0,-,-
South Dakota,-,0,-,-
South Atlantic,-,1,-,2
Delaware,-,0,-,-
District of Columbia,-,0,-,-
Florida,-,1,-,2
Georgia,-,0,-,-
Maryland,-,0,-,-
North Carolina,N,NC,N,N
South Carolina,-,0,-,-
Virginia,-,0,-,-
West Virginia,-,0,-,-
East South Central,-,1,-,1
Alabama,-,1,-,1
Kentucky,-,1,-,-
Mississippi,-,0,-,-
Tennessee,-,0,-,-
West South Central,-,3,-,-
Arkansas,-,0,-,-
Louisiana,-,1,-,-
Oklahoma,-,0,-,-
Texas,-,3,-,-
Mountain,-,1,2,-
Arizona,-,1,1,-
Colorado,-,0,-,-
Idaho,-,0,-,-
Montana,-,0,-,-
Nevada,-,0,-,-
New Mexico,-,0,-,-
Utah,-,1,1,-
Wyoming,-,0,-,-
Pacific,-,1,-,-
Alaska,-,1,-,-
California,N,NC,N,N
Hawaii,-,0,-,-
Oregon,N,NC,N,N
Washington,N,NC,N,N
U.S. Territories,-,0,-,-
American Samoa,N,NC,N,N
Commonwealth of Northern Mariana Islands,-,0,-,-
Guam,-,0,-,-
Puerto Rico,-,0,-,-
U.S. Virgin Islands,-,0,-,-
Non-U.S. Residents,-,0,-,-
Total,1,4,12,3
