Reporting Area,Tetanus,Tetanus,Tetanus,Tetanus
Reporting Area,Current week,Previous 52 weeks Max †,Cum YTD 2023 †,Cum YTD 2022 †
"U.S. Residents, excluding U.S. Territories",-,3,-,4
New England,-,0,-,-
Connecticut,-,0,-,-
Maine,-,0,-,-
Massachusetts,-,0,-,-
New Hampshire,-,0,-,-
Rhode Island,-,0,-,-
Vermont,-,0,-,-
Middle Atlantic,-,1,-,-
New Jersey,-,0,-,-
New York (excluding New York City),-,0,-,-
New York City,-,1,-,-
Pennsylvania,-,1,-,-
East North Central,-,1,-,-
Illinois,-,0,-,-
Indiana,-,1,-,-
Michigan,-,1,-,-
Ohio,-,1,-,-
Wisconsin,-,0,-,-
West North Central,-,1,-,2
Iowa,-,0,-,1
Kansas,-,1,-,1
Minnesota,-,0,-,-
Missouri,-,1,-,-
Nebraska,-,0,-,-
North Dakota,-,0,-,-
South Dakota,-,0,-,-
South Atlantic,-,1,-,2
Delaware,-,0,-,-
District of Columbia,-,0,-,-
Florida,-,1,-,1
Georgia,-,0,-,-
Maryland,-,0,-,-
North Carolina,-,0,-,1
South Carolina,-,0,-,-
Virginia,-,0,-,-
West Virginia,-,0,-,-
East South Central,-,1,-,-
Alabama,-,0,-,-
Kentucky,-,1,-,-
Mississippi,-,0,-,-
Tennessee,-,0,-,-
West South Central,-,1,-,-
Arkansas,-,0,-,-
Louisiana,-,0,-,-
Oklahoma,-,1,-,-
Texas,-,1,-,-
Mountain,-,0,-,-
Arizona,-,0,-,-
Colorado,-,0,-,-
Idaho,-,0,-,-
Montana,-,0,-,-
Nevada,-,0,-,-
New Mexico,-,0,-,-
Utah,-,0,-,-
Wyoming,-,0,-,-
Pacific,-,1,-,-
Alaska,-,0,-,-
California,-,1,-,-
Hawaii,-,0,-,-
Oregon,-,1,-,-
Washington,-,0,-,-
U.S. Territories,-,0,-,2
American Samoa,-,0,-,-
Commonwealth of Northern Mariana Islands,-,0,-,-
Guam,-,0,-,-
Puerto Rico,-,0,-,1
U.S. Virgin Islands,-,0,-,1
Non-U.S. Residents,-,0,-,-
Total,-,3,-,6
