Reporting Area,Tuberculosis,Tuberculosis,Tuberculosis,Tuberculosis
Reporting Area,Current week,Previous 52 weeks Max †,Cum YTD 2023 †,Cum YTD 2022 †
"U.S. Residents, excluding U.S. Territories",10,172,10,56
New England,1,12,1,5
Connecticut,-,5,-,2
Maine,-,3,-,1
Massachusetts,1,8,1,2
New Hampshire,-,1,-,-
Rhode Island,-,2,-,-
Vermont,-,1,-,-
Middle Atlantic,7,39,7,4
New Jersey,1,25,1,-
New York (excluding New York City),-,1,-,-
New York City,5,18,5,2
Pennsylvania,1,17,1,2
East North Central,-,79,-,2
Illinois,-,62,-,-
Indiana,-,14,-,-
Michigan,-,6,-,1
Ohio,-,17,-,-
Wisconsin,-,4,-,1
West North Central,-,24,-,3
Iowa,-,6,-,1
Kansas,-,11,-,-
Minnesota,-,10,-,-
Missouri,-,4,-,2
Nebraska,-,3,-,-
North Dakota,-,1,-,-
South Dakota,-,2,-,-
South Atlantic,2,40,2,13
Delaware,-,1,-,-
District of Columbia,1,2,1,1
Florida,1,17,1,10
Georgia,-,12,-,2
Maryland,-,7,-,-
North Carolina,-,14,-,-
South Carolina,-,11,-,-
Virginia,-,15,-,-
West Virginia,-,2,-,-
East South Central,-,11,-,2
Alabama,-,5,-,1
Kentucky,-,4,-,-
Mississippi,-,4,-,-
Tennessee,-,7,-,1
West South Central,-,35,-,18
Arkansas,-,4,-,-
Louisiana,-,8,-,-
Oklahoma,-,3,-,1
Texas,-,30,-,17
Mountain,-,16,-,5
Arizona,-,12,-,2
Colorado,-,6,-,-
Idaho,-,2,-,-
Montana,-,1,-,-
Nevada,-,7,-,3
New Mexico,-,4,-,-
Utah,-,3,-,-
Wyoming,-,0,-,-
Pacific,-,22,-,4
Alaska,-,7,-,-
California,-,0,-,-
Hawaii,-,5,-,1
Oregon,-,5,-,-
Washington,-,13,-,3
U.S. Territories,-,5,-,3
American Samoa,-,0,-,-
Commonwealth of Northern Mariana Islands,-,2,-,2
Guam,-,4,-,1
Puerto Rico,-,3,-,-
U.S. Virgin Islands,-,0,-,-
Non-U.S. Residents,-,0,-,-
Total,10,177,10,59
