Reporting Area,Legionellosis,Legionellosis,Legionellosis,Legionellosis
Reporting Area,Current week,Previous 52 weeks Max †,Cum YTD 2023 †,Cum YTD 2022 †
"U.S. Residents, excluding U.S. Territories",39,243,1970,2776
New England,-,29,68,112
Connecticut,-,4,11,21
Maine,-,4,2,6
Massachusetts,-,22,37,60
New Hampshire,-,4,8,17
Rhode Island,-,15,6,7
Vermont,-,2,4,1
Middle Atlantic,11,71,268,515
New Jersey,-,18,14,80
New York (excluding New York City),8,26,100,134
New York City,-,20,74,172
Pennsylvania,3,21,80,129
East North Central,9,82,476,555
Illinois,-,34,84,102
Indiana,-,13,48,102
Michigan,-,23,69,135
Ohio,9,35,245,143
Wisconsin,-,19,30,73
West North Central,7,20,149,165
Iowa,1,4,13,21
Kansas,-,4,18,19
Minnesota,6,7,45,33
Missouri,-,10,50,68
Nebraska,-,2,16,12
North Dakota,-,1,1,3
South Dakota,-,2,6,9
South Atlantic,3,60,440,609
Delaware,-,2,4,5
District of Columbia,-,8,8,14
Florida,-,20,148,263
Georgia,-,9,52,66
Maryland,2,11,43,46
North Carolina,-,9,67,67
South Carolina,-,8,40,36
Virginia,1,11,65,81
West Virginia,-,7,13,31
East South Central,1,13,93,159
Alabama,-,6,29,28
Kentucky,-,5,-,37
Mississippi,1,4,18,17
Tennessee,-,8,46,77
West South Central,4,25,151,186
Arkansas,-,5,7,23
Louisiana,-,6,19,20
Oklahoma,-,1,-,2
Texas,4,16,125,141
Mountain,3,16,116,158
Arizona,3,9,37,63
Colorado,-,9,33,34
Idaho,-,4,14,7
Montana,-,2,5,4
Nevada,-,2,-,16
New Mexico,-,5,10,10
Utah,-,3,13,21
Wyoming,-,2,4,3
Pacific,1,24,209,317
Alaska,-,1,4,2
California,1,22,163,245
Hawaii,-,2,9,12
Oregon,-,6,20,25
Washington,-,4,13,33
U.S. Territories,-,1,1,2
American Samoa,N,NC,N,N
Commonwealth of Northern Mariana Islands,-,0,-,-
Guam,-,0,-,-
Puerto Rico,-,1,1,-
U.S. Virgin Islands,-,0,-,2
Non-U.S. Residents,-,0,-,-
Total,39,243,1971,2778
