Reporting Area,Rabies,Rabies,Rabies,Rabies,Rabies,Rabies,Rabies,Rabies
Reporting Area,Animal,Animal,Animal,Animal,Human,Human,Human,Human
Reporting Area,Current week,Previous 52 weeks Max †,Cum YTD 2022 †,Cum YTD 2021 †,Current week,Previous 52 weeks Max †,Cum YTD 2022 †,Cum YTD 2021 †
"U.S. Residents, excluding U.S. Territories",2,44,1119,1749,-,0,-,5
New England,-,13,110,114,-,0,-,-
Connecticut,-,0,-,-,-,0,-,-
Maine,-,3,34,61,-,0,-,-
Massachusetts,-,0,-,-,-,0,-,-
New Hampshire,-,4,33,26,-,0,-,-
Rhode Island,-,13,8,9,-,0,-,-
Vermont,-,5,35,18,-,0,-,-
Middle Atlantic,1,14,227,300,-,0,-,1
New Jersey,-,0,-,-,-,0,-,-
New York (excluding New York City),1,14,227,281,-,0,-,-
New York City,-,0,-,19,-,0,-,1
Pennsylvania,-,0,-,-,-,0,-,-
East North Central,-,12,133,125,-,0,-,1
Illinois,-,7,60,40,-,0,-,1
Indiana,-,0,-,-,-,0,-,-
Michigan,-,5,37,48,-,0,-,-
Ohio,-,4,36,37,-,0,-,-
Wisconsin,-,0,-,-,-,0,-,-
West North Central,-,4,47,64,-,0,-,1
Iowa,-,0,-,-,-,0,-,-
Kansas,-,0,-,-,-,0,-,-
Minnesota,-,0,-,-,-,0,-,1
Missouri,-,3,26,18,-,0,-,-
Nebraska,-,2,20,32,-,0,-,-
North Dakota,-,0,-,-,-,0,-,-
South Dakota,-,1,1,14,-,0,-,-
South Atlantic,-,24,86,286,-,0,-,-
Delaware,-,0,-,-,-,0,-,-
District of Columbia,-,0,-,-,-,0,-,-
Florida,-,24,64,85,-,0,-,-
Georgia,-,0,-,-,-,0,-,-
Maryland,-,0,-,-,-,0,-,-
North Carolina,-,0,-,185,-,0,-,-
South Carolina,-,0,-,-,-,0,-,-
Virginia,-,0,-,-,-,0,-,-
West Virginia,-,3,22,16,-,0,-,-
East South Central,-,6,53,51,-,0,-,-
Alabama,-,4,43,36,-,0,-,-
Kentucky,-,2,9,15,-,0,-,-
Mississippi,-,1,1,-,-,0,-,-
Tennessee,-,0,-,-,-,0,-,-
West South Central,1,29,395,460,-,0,-,1
Arkansas,-,2,15,24,-,0,-,-
Louisiana,-,0,-,-,-,0,-,-
Oklahoma,-,2,23,34,-,0,-,-
Texas,1,26,357,402,-,0,-,1
Mountain,-,7,61,110,-,0,-,1
Arizona,-,2,28,56,-,0,-,-
Colorado,-,0,-,-,-,0,-,-
Idaho,-,0,-,-,-,0,-,1
Montana,-,2,9,19,-,0,-,-
Nevada,-,4,11,10,-,0,-,-
New Mexico,-,1,9,6,-,0,-,-
Utah,-,2,4,19,-,0,-,-
Wyoming,-,0,-,-,-,0,-,-
Pacific,-,2,7,239,-,0,-,-
Alaska,-,0,-,-,-,0,-,-
California,-,1,-,210,-,0,-,-
Hawaii,-,0,-,-,-,0,-,-
Oregon,-,2,7,17,-,0,-,-
Washington,-,1,-,12,-,0,-,-
U.S. Territories,-,0,-,-,-,0,-,-
American Samoa,U,NC,U,U,U,NC,U,U
Commonwealth of Northern Mariana Islands,-,0,-,-,-,0,-,-
Guam,-,0,-,-,-,0,-,-
Puerto Rico,-,0,-,-,-,0,-,-
U.S. Virgin Islands,-,0,-,-,-,0,-,-
Non-U.S. Residents,-,0,-,-,-,0,-,-
Total,2,44,1119,1749,-,0,-,5
