Reporting Area,Severe acute respiratory syndrome-associated coronavirus disease,Severe acute respiratory syndrome-associated coronavirus disease,Severe acute respiratory syndrome-associated coronavirus disease,Severe acute respiratory syndrome-associated coronavirus disease,Shiga toxin-producing  Escherichia coli  (STEC),Shiga toxin-producing  Escherichia coli  (STEC),Shiga toxin-producing  Escherichia coli  (STEC),Shiga toxin-producing  Escherichia coli  (STEC),Shigellosis,Shigellosis,Shigellosis,Shigellosis
Reporting Area,Current week,Previous 52 weeks Max †,Cum YTD 2022 †,Cum YTD 2021 †,Current week,Previous 52 weeks Max †,Cum YTD 2022 †,Cum YTD 2021 †,Current week,Previous 52 weeks Max †,Cum YTD 2022 †,Cum YTD 2021 †
"U.S. Residents, excluding U.S. Territories",-,0,-,-,124,378,6750,7886,89,277,6866,5096
New England,-,0,-,-,3,13,198,210,4,13,216,178
Connecticut,-,0,-,-,2,8,73,65,1,5,52,45
Maine,-,0,-,-,-,2,7,20,-,1,3,4
Massachusetts,-,0,-,-,1,7,76,74,3,9,119,90
New Hampshire,-,0,-,-,-,3,11,20,-,1,9,8
Rhode Island,-,0,-,-,-,4,24,29,-,3,26,27
Vermont,-,0,-,-,-,2,7,2,-,1,7,4
Middle Atlantic,-,0,-,-,14,62,690,883,36,64,1312,787
New Jersey,-,0,-,-,-,1,-,14,2,18,230,153
New York (excluding New York City),-,0,-,-,5,25,263,308,7,16,194,108
New York City,-,0,-,-,1,22,228,301,26,37,735,415
Pennsylvania,-,0,-,-,8,24,199,260,1,10,153,111
East North Central,-,0,-,-,12,56,876,1028,1,29,604,449
Illinois,-,0,-,-,-,18,237,277,-,15,244,162
Indiana,-,0,-,-,-,7,3,77,-,2,-,13
Michigan,-,0,-,-,2,20,145,145,-,6,80,89
Ohio,-,0,-,-,-,25,270,275,-,14,192,132
Wisconsin,-,0,-,-,10,21,221,254,1,16,88,53
West North Central,-,0,-,-,7,65,684,1210,1,20,165,282
Iowa,-,0,-,-,1,26,294,349,-,7,63,49
Kansas,-,0,-,-,-,9,36,143,-,3,18,39
Minnesota,-,0,-,-,-,25,-,339,-,9,-,117
Missouri,-,0,-,-,3,11,136,145,1,6,39,34
Nebraska,-,0,-,-,3,12,137,128,-,5,32,32
North Dakota,-,0,-,-,-,4,30,53,-,1,3,1
South Dakota,-,0,-,-,-,6,51,53,-,2,10,10
South Atlantic,-,0,-,-,15,73,1229,1165,11,49,971,769
Delaware,-,0,-,-,-,2,14,13,-,2,10,9
District of Columbia,-,0,-,-,-,1,-,-,-,1,-,9
Florida,-,0,-,-,1,33,563,343,3,30,446,277
Georgia,-,0,-,-,-,15,215,232,1,13,238,156
Maryland,-,0,-,-,5,17,132,125,4,7,100,71
North Carolina,-,0,-,-,-,11,-,178,-,7,-,112
South Carolina,-,0,-,-,2,8,70,45,1,5,53,24
Virginia,-,0,-,-,7,38,231,188,2,10,122,102
West Virginia,-,0,-,-,-,4,4,41,-,1,2,9
East South Central,-,0,-,-,13,26,363,356,1,14,213,155
Alabama,-,0,-,-,2,8,96,84,-,5,39,50
Kentucky,-,0,-,-,-,15,67,88,-,4,39,17
Mississippi,-,0,-,-,-,2,1,5,-,9,55,19
Tennessee,-,0,-,-,11,19,199,179,1,7,80,69
West South Central,-,0,-,-,10,113,703,628,5,46,535,421
Arkansas,-,0,-,-,5,13,91,68,2,3,27,6
Louisiana,-,0,-,-,-,7,57,39,1,6,77,42
Oklahoma,-,0,-,-,5,33,128,82,1,4,27,22
Texas,-,0,-,-,-,108,427,439,1,44,404,351
Mountain,-,0,-,-,25,50,826,942,15,34,708,447
Arizona,-,0,-,-,14,15,197,186,10,19,340,164
Colorado,-,0,-,-,9,23,323,318,2,14,178,126
Idaho,-,0,-,-,-,13,16,101,-,3,5,19
Montana,-,0,-,-,-,7,34,75,-,2,6,4
Nevada,-,0,-,-,-,5,55,51,-,5,31,55
New Mexico,-,0,-,-,-,4,31,32,1,9,83,42
Utah,-,0,-,-,1,10,134,145,1,4,56,34
Wyoming,-,0,-,-,1,5,36,34,1,2,9,3
Pacific,-,0,-,-,25,88,1181,1464,15,100,2142,1608
Alaska,-,0,-,-,-,3,7,8,-,1,5,3
California,-,0,-,-,19,64,875,1254,11,92,1784,1294
Hawaii,-,0,-,-,-,2,9,3,-,2,10,19
Oregon,-,0,-,-,4,19,153,178,-,8,102,79
Washington,-,0,-,-,2,8,137,21,4,20,241,213
U.S. Territories,-,0,-,-,-,2,6,4,-,2,3,11
American Samoa,-,0,-,-,-,0,-,-,-,0,-,-
Commonwealth of Northern Mariana Islands,-,0,-,-,-,0,-,-,-,0,-,-
Guam,-,0,-,-,-,0,-,-,-,2,-,10
Puerto Rico,-,0,-,-,-,2,6,4,-,2,3,1
U.S. Virgin Islands,-,0,-,-,-,0,-,-,-,0,-,-
Non-U.S. Residents,-,0,-,-,-,0,-,1,-,1,3,-
Total,-,0,-,-,124,378,6756,7891,89,277,6872,5107
