Reporting Area,Rabies,Rabies,Rabies,Rabies,Rabies,Rabies,Rabies,Rabies
Reporting Area,Animal,Animal,Animal,Animal,Human,Human,Human,Human
Reporting Area,Current week,Previous 52 weeks Max †,Cum YTD 2022 †,Cum YTD 2021 †,Current week,Previous 52 weeks Max †,Cum YTD 2022 †,Cum YTD 2021 †
"U.S. Residents, excluding U.S. Territories",19,44,1023,1587,-,1,-,4
New England,-,13,86,104,-,0,-,-
Connecticut,-,0,-,-,-,0,-,-
Maine,-,3,22,56,-,0,-,-
Massachusetts,-,0,-,-,-,0,-,-
New Hampshire,-,4,31,25,-,0,-,-
Rhode Island,-,13,2,8,-,0,-,-
Vermont,-,5,31,15,-,0,-,-
Middle Atlantic,6,14,212,268,-,0,-,1
New Jersey,-,0,-,-,-,0,-,-
New York (excluding New York City),6,14,212,249,-,0,-,-
New York City,-,1,-,19,-,0,-,1
Pennsylvania,-,0,-,-,-,0,-,-
East North Central,3,12,129,102,-,0,-,1
Illinois,2,7,60,38,-,0,-,1
Indiana,-,0,-,-,-,0,-,-
Michigan,1,4,35,31,-,0,-,-
Ohio,-,4,34,33,-,0,-,-
Wisconsin,N,NC,N,N,-,0,-,-
West North Central,-,4,45,62,-,0,-,1
Iowa,-,0,-,-,-,0,-,-
Kansas,-,0,-,-,-,0,-,-
Minnesota,-,0,-,-,-,0,-,1
Missouri,-,3,26,18,-,0,-,-
Nebraska,-,2,19,30,-,0,-,-
North Dakota,-,0,-,-,-,0,-,-
South Dakota,-,1,-,14,-,0,-,-
South Atlantic,-,24,76,286,-,0,-,-
Delaware,-,0,-,-,-,0,-,-
District of Columbia,-,0,-,-,-,0,-,-
Florida,-,24,54,85,-,0,-,-
Georgia,-,0,-,-,-,0,-,-
Maryland,-,0,-,-,-,0,-,-
North Carolina,-,0,-,185,-,0,-,-
South Carolina,N,NC,N,N,-,0,-,-
Virginia,-,0,-,-,-,0,-,-
West Virginia,-,3,22,16,-,0,-,-
East South Central,5,6,52,49,-,0,-,-
Alabama,4,4,42,34,-,0,-,-
Kentucky,1,2,9,15,-,0,-,-
Mississippi,-,1,1,-,-,0,-,-
Tennessee,-,0,-,-,-,0,-,-
West South Central,5,29,363,409,-,1,-,-
Arkansas,-,2,14,21,-,0,-,-
Louisiana,-,0,-,-,-,0,-,-
Oklahoma,-,4,23,33,-,0,-,-
Texas,5,26,326,355,-,1,-,-
Mountain,-,7,53,101,-,1,-,1
Arizona,-,3,23,48,-,0,-,-
Colorado,-,0,-,-,-,0,-,-
Idaho,-,0,-,-,-,1,-,1
Montana,-,2,9,18,-,0,-,-
Nevada,-,4,9,10,-,0,-,-
New Mexico,-,1,8,6,-,0,-,-
Utah,-,2,4,19,-,0,-,-
Wyoming,-,0,-,-,-,0,-,-
Pacific,-,6,7,206,-,0,-,-
Alaska,-,0,-,-,-,0,-,-
California,-,6,-,189,-,0,-,-
Hawaii,-,0,-,-,-,0,-,-
Oregon,-,2,7,17,-,0,-,-
Washington,-,0,-,-,-,0,-,-
U.S. Territories,-,0,-,-,-,0,-,-
American Samoa,U,NC,U,U,U,NC,U,U
Commonwealth of Northern Mariana Islands,-,0,-,-,-,0,-,-
Guam,-,0,-,-,-,0,-,-
Puerto Rico,-,0,-,-,-,0,-,-
U.S. Virgin Islands,-,0,-,-,-,0,-,-
Non-U.S. Residents,-,0,-,-,-,0,-,-
Total,19,44,1023,1587,-,1,-,4
