Reporting Area,Meningococcal disease,Meningococcal disease,Meningococcal disease,Meningococcal disease
Reporting Area,Serogroups ACWY,Serogroups ACWY,Serogroups ACWY,Serogroups ACWY
Reporting Area,Current week,Previous 52 weeks Max †,Cum YTD 2023 †,Cum YTD 2022 †
"U.S. Residents, excluding U.S. Territories",-,5,12,15
New England,-,1,-,-
Connecticut,-,0,-,-
Maine,-,0,-,-
Massachusetts,-,1,-,-
New Hampshire,-,0,-,-
Rhode Island,-,0,-,-
Vermont,-,0,-,-
Middle Atlantic,-,1,2,1
New Jersey,-,0,-,-
New York (excluding New York City),-,1,2,1
New York City,-,0,-,-
Pennsylvania,-,1,-,-
East North Central,-,1,1,-
Illinois,-,1,-,-
Indiana,-,0,-,-
Michigan,-,1,-,-
Ohio,-,1,1,-
Wisconsin,-,1,-,-
West North Central,-,2,4,-
Iowa,-,2,4,-
Kansas,-,0,-,-
Minnesota,-,0,-,-
Missouri,-,0,-,-
Nebraska,-,0,-,-
North Dakota,-,1,-,-
South Dakota,-,0,-,-
South Atlantic,-,3,3,2
Delaware,-,0,-,-
District of Columbia,-,0,-,-
Florida,-,0,-,-
Georgia,-,0,-,-
Maryland,-,1,-,-
North Carolina,-,2,2,1
South Carolina,-,0,-,-
Virginia,-,2,1,1
West Virginia,-,0,-,-
East South Central,-,1,-,5
Alabama,-,1,-,-
Kentucky,-,0,-,-
Mississippi,-,0,-,-
Tennessee,-,1,-,5
West South Central,-,1,1,3
Arkansas,-,0,-,-
Louisiana,-,0,-,-
Oklahoma,-,1,1,-
Texas,-,1,-,3
Mountain,-,1,-,2
Arizona,-,1,-,-
Colorado,-,1,-,2
Idaho,-,0,-,-
Montana,-,0,-,-
Nevada,-,0,-,-
New Mexico,-,0,-,-
Utah,-,0,-,-
Wyoming,-,0,-,-
Pacific,-,2,1,2
Alaska,-,0,-,-
California,-,2,1,-
Hawaii,-,0,-,-
Oregon,-,1,-,2
Washington,-,0,-,-
U.S. Territories,-,0,-,-
American Samoa,-,0,-,-
Commonwealth of Northern Mariana Islands,-,0,-,-
Guam,-,0,-,-
Puerto Rico,-,0,-,-
U.S. Virgin Islands,-,0,-,-
Non-U.S. Residents,-,0,-,-
Total,-,5,12,15
