Reporting Area,Salmonella  Paratyphi infection §,Salmonella  Paratyphi infection §,Salmonella  Paratyphi infection §,Salmonella  Paratyphi infection §,Salmonella  Typhi infection ¶,Salmonella  Typhi infection ¶,Salmonella  Typhi infection ¶,Salmonella  Typhi infection ¶,Salmonellosis (excluding  Salmonella  Typhi infection and  Salmonella  Paratyphi infection) **,Salmonellosis (excluding  Salmonella  Typhi infection and  Salmonella  Paratyphi infection) **,Salmonellosis (excluding  Salmonella  Typhi infection and  Salmonella  Paratyphi infection) **,Salmonellosis (excluding  Salmonella  Typhi infection and  Salmonella  Paratyphi infection) **
Reporting Area,Current week,Previous 52 weeks Max †,Cum YTD 2022 †,Cum YTD 2021 †,Current week,Previous 52 weeks Max †,Cum YTD 2022 †,Cum YTD 2021 †,Current week,Previous 52 weeks Max †,Cum YTD 2022 †,Cum YTD 2021 †
"U.S. Residents, excluding U.S. Territories",-,5,29,21,-,13,80,51,289,1417,9012,10137
New England,-,2,1,1,-,2,9,3,11,89,364,450
Connecticut,-,2,1,1,-,2,3,2,-,19,31,96
Maine,-,0,-,-,-,0,-,-,-,10,17,41
Massachusetts,-,2,-,-,-,1,6,1,10,44,241,210
New Hampshire,-,0,-,-,-,0,-,-,-,10,46,54
Rhode Island,-,0,-,-,-,0,-,-,-,8,15,29
Vermont,-,0,-,-,-,0,-,-,1,8,14,20
Middle Atlantic,-,3,8,5,-,5,22,14,52,175,934,1071
New Jersey,-,1,-,2,-,2,-,5,-,48,23,232
New York (excluding New York City),-,1,2,-,-,3,6,3,-,53,201,270
New York City,-,2,4,2,-,3,13,4,13,53,326,213
Pennsylvania,-,2,2,1,-,1,3,2,39,54,384,356
East North Central,-,3,5,4,-,2,15,3,8,221,1056,1367
Illinois,-,3,5,2,-,2,7,1,-,123,303,413
Indiana,-,0,-,-,-,0,-,-,-,27,6,176
Michigan,-,0,-,1,-,1,4,-,1,32,175,248
Ohio,-,1,-,1,-,2,4,2,-,42,295,316
Wisconsin,-,0,-,-,-,0,-,-,7,45,277,214
West North Central,-,2,2,-,-,1,1,-,19,95,562,639
Iowa,-,1,1,-,-,0,-,-,2,32,183,176
Kansas,-,0,-,-,-,1,-,-,5,27,54,103
Minnesota,-,0,-,-,-,0,-,-,-,0,-,-
Missouri,-,0,-,-,-,1,-,-,11,35,169,200
Nebraska,-,1,1,-,-,1,-,-,-,19,88,81
North Dakota,-,0,-,-,-,0,-,-,1,7,26,31
South Dakota,-,0,-,-,-,1,1,-,-,14,42,48
South Atlantic,-,1,2,3,-,3,9,7,46,499,2465,2950
Delaware,-,0,-,-,-,1,-,1,-,13,25,33
District of Columbia,-,0,-,-,-,0,-,-,-,1,-,9
Florida,-,1,1,2,-,1,2,2,18,218,1540,1331
Georgia,-,0,-,-,-,0,-,-,5,80,275,464
Maryland,-,1,-,-,-,1,3,2,-,41,136,169
North Carolina,-,0,-,-,-,1,-,1,-,98,-,394
South Carolina,-,0,-,-,-,1,-,-,10,77,236,231
Virginia,-,1,1,1,-,3,4,1,13,52,240,264
West Virginia,-,0,-,-,-,0,-,-,-,11,13,55
East South Central,-,1,3,-,-,2,1,2,15,123,523,798
Alabama,-,1,1,-,-,2,-,1,-,38,132,174
Kentucky,-,1,2,-,-,1,1,-,7,25,112,122
Mississippi,-,0,-,-,-,0,-,-,1,40,122,265
Tennessee,-,1,-,-,-,0,-,1,7,36,157,237
West South Central,-,3,-,1,-,3,3,3,59,275,1146,1117
Arkansas,-,2,-,1,-,0,-,1,6,26,91,89
Louisiana,-,1,-,-,-,0,-,-,13,50,199,239
Oklahoma,-,0,-,-,-,0,-,1,9,77,145,124
Texas,-,1,-,-,-,3,3,1,31,200,711,665
Mountain,-,1,1,4,-,3,4,3,47,97,772,713
Arizona,-,0,-,-,-,2,1,1,26,32,231,220
Colorado,-,1,1,-,-,1,1,-,14,41,262,187
Idaho,-,1,-,3,-,1,-,-,-,9,25,56
Montana,-,0,-,-,-,0,-,-,1,7,28,45
Nevada,-,0,-,-,-,0,-,1,1,4,7,23
New Mexico,-,0,-,-,-,1,-,1,2,15,72,69
Utah,-,0,-,1,-,2,2,-,3,23,138,85
Wyoming,-,0,-,-,-,0,-,-,-,6,9,28
Pacific,-,2,7,3,-,4,16,16,32,132,1190,1032
Alaska,-,0,-,-,-,0,-,-,-,3,19,6
California,-,2,4,1,-,4,15,15,20,106,775,709
Hawaii,-,1,-,1,-,0,-,-,-,8,26,27
Oregon,-,0,-,-,-,1,1,-,2,15,151,90
Washington,-,1,3,1,-,0,-,1,10,30,219,200
U.S. Territories,-,1,-,6,-,0,-,3,-,34,81,147
American Samoa,-,0,-,-,-,0,-,-,-,0,-,-
Commonwealth of Northern Mariana Islands,-,1,-,3,-,0,-,-,-,1,-,-
Guam,-,0,-,3,-,0,-,3,-,2,-,12
Puerto Rico,-,0,-,-,-,0,-,-,-,32,81,135
U.S. Virgin Islands,-,0,-,-,-,0,-,-,-,1,-,-
Non-U.S. Residents,-,0,-,-,-,0,-,-,-,2,-,-
Total,-,5,29,27,-,13,80,54,289,1432,9093,10284
