Reporting Area,"Vibriosis (any species of the family  Vibrionaceae  , other than toxigenic  Vibrio  cholerae O1 or O139)","Vibriosis (any species of the family  Vibrionaceae  , other than toxigenic  Vibrio  cholerae O1 or O139)","Vibriosis (any species of the family  Vibrionaceae  , other than toxigenic  Vibrio  cholerae O1 or O139)","Vibriosis (any species of the family  Vibrionaceae  , other than toxigenic  Vibrio  cholerae O1 or O139)"
Reporting Area,Probable,Probable,Probable,Probable
Reporting Area,Current week,Previous 52 weeks Max †,Cum YTD 2023 †,Cum YTD 2022 †
"U.S. Residents, excluding U.S. Territories",5,47,293,415
New England,-,5,14,12
Connecticut,-,4,4,4
Maine,-,2,-,1
Massachusetts,-,2,10,6
New Hampshire,-,1,-,1
Rhode Island,-,2,-,-
Vermont,-,0,-,-
Middle Atlantic,2,12,36,76
New Jersey,1,6,16,18
New York (excluding New York City),-,3,7,18
New York City,-,5,4,23
Pennsylvania,1,4,9,17
East North Central,-,8,45,58
Illinois,-,3,15,17
Indiana,-,2,6,2
Michigan,-,2,7,10
Ohio,-,4,9,13
Wisconsin,-,3,8,16
West North Central,-,3,4,15
Iowa,N,NC,N,N
Kansas,-,2,-,3
Minnesota,-,0,-,-
Missouri,-,1,2,4
Nebraska,-,2,1,5
North Dakota,-,1,-,3
South Dakota,-,1,1,-
South Atlantic,1,16,92,92
Delaware,-,1,2,-
District of Columbia,-,1,-,1
Florida,-,7,43,26
Georgia,-,5,-,21
Maryland,-,5,22,14
North Carolina,-,6,10,12
South Carolina,-,2,5,4
Virginia,1,4,9,9
West Virginia,-,1,1,5
East South Central,-,5,11,21
Alabama,-,2,-,8
Kentucky,-,3,3,2
Mississippi,-,2,-,7
Tennessee,-,2,8,4
West South Central,1,9,39,61
Arkansas,-,1,1,1
Louisiana,-,3,20,18
Oklahoma,1,1,3,3
Texas,-,7,15,39
Mountain,-,5,22,24
Arizona,-,4,8,8
Colorado,-,3,7,11
Idaho,N,NC,N,N
Montana,-,1,2,2
Nevada,-,1,-,-
New Mexico,-,0,-,-
Utah,-,2,3,2
Wyoming,-,1,2,1
Pacific,1,12,30,56
Alaska,-,1,1,-
California,1,9,17,38
Hawaii,-,1,3,1
Oregon,-,2,2,1
Washington,-,4,7,16
U.S. Territories,-,0,-,-
American Samoa,N,NC,N,N
Commonwealth of Northern Mariana Islands,-,0,-,-
Guam,-,0,-,-
Puerto Rico,-,0,-,-
U.S. Virgin Islands,-,0,-,-
Non-U.S. Residents,-,0,-,-
Total,5,47,293,415
