Reporting Area,"Hepatitis C, perinatal infection","Hepatitis C, perinatal infection","Hepatitis C, perinatal infection","Hepatitis C, perinatal infection"
Reporting Area,Current week,Previous 52 weeks Max †,Cum YTD 2023 †,Cum YTD 2022 †
"U.S. Residents, excluding U.S. Territories",3,7,82,91
New England,-,2,4,6
Connecticut,-,0,-,-
Maine,-,1,1,1
Massachusetts,-,2,3,4
New Hampshire,-,0,-,-
Rhode Island,-,0,-,1
Vermont,-,0,-,-
Middle Atlantic,1,3,11,6
New Jersey,-,2,3,1
New York (excluding New York City),-,0,-,-
New York City,1,3,5,2
Pennsylvania,-,1,3,3
East North Central,-,4,28,27
Illinois,-,2,3,4
Indiana,-,0,-,3
Michigan,-,1,3,4
Ohio,-,3,20,14
Wisconsin,-,1,2,2
West North Central,-,1,1,3
Iowa,-,0,-,-
Kansas,-,0,-,1
Minnesota,-,1,1,1
Missouri,-,0,-,-
Nebraska,-,0,-,-
North Dakota,-,0,-,-
South Dakota,-,1,-,1
South Atlantic,-,3,15,24
Delaware,-,1,1,-
District of Columbia,-,0,-,-
Florida,-,2,4,7
Georgia,-,1,3,5
Maryland,-,2,3,2
North Carolina,-,0,-,-
South Carolina,-,0,-,6
Virginia,-,2,4,4
West Virginia,-,0,-,-
East South Central,1,2,8,9
Alabama,N,NC,N,N
Kentucky,-,1,1,3
Mississippi,-,0,-,-
Tennessee,1,2,7,6
West South Central,1,1,4,2
Arkansas,-,1,-,-
Louisiana,1,1,4,2
Oklahoma,-,0,-,-
Texas,N,NC,N,N
Mountain,-,1,2,1
Arizona,-,0,-,-
Colorado,-,1,1,-
Idaho,-,0,-,-
Montana,-,0,-,-
Nevada,-,0,-,-
New Mexico,-,0,-,-
Utah,-,1,1,1
Wyoming,-,0,-,-
Pacific,-,2,9,13
Alaska,-,0,-,3
California,-,2,5,10
Hawaii,-,0,-,-
Oregon,-,0,-,-
Washington,-,1,4,-
U.S. Territories,-,0,-,-
American Samoa,-,0,-,-
Commonwealth of Northern Mariana Islands,-,0,-,-
Guam,-,0,-,-
Puerto Rico,-,0,-,-
U.S. Virgin Islands,-,0,-,-
Non-U.S. Residents,-,0,-,-
Total,3,7,82,91
