Reporting Area,Botulism,Botulism,Botulism,Botulism
Reporting Area,Infant,Infant,Infant,Infant
Reporting Area,Current week,Previous 52 weeks Max †,Cum YTD 2023 †,Cum YTD 2022 †
"U.S. Residents, excluding U.S. Territories",-,8,2,13
New England,-,1,-,-
Connecticut,-,0,-,-
Maine,-,1,-,-
Massachusetts,-,0,-,-
New Hampshire,-,0,-,-
Rhode Island,-,0,-,-
Vermont,-,0,-,-
Middle Atlantic,-,3,-,3
New Jersey,-,2,-,2
New York (excluding New York City),-,1,-,-
New York City,-,1,-,-
Pennsylvania,-,2,-,1
East North Central,-,2,-,-
Illinois,-,0,-,-
Indiana,-,1,-,-
Michigan,-,1,-,-
Ohio,-,1,-,-
Wisconsin,-,0,-,-
West North Central,-,1,-,1
Iowa,-,1,-,-
Kansas,-,0,-,-
Minnesota,-,0,-,-
Missouri,-,1,-,1
Nebraska,-,0,-,-
North Dakota,-,1,-,-
South Dakota,-,0,-,-
South Atlantic,-,1,-,1
Delaware,-,1,-,-
District of Columbia,-,0,-,-
Florida,-,1,-,-
Georgia,-,0,-,-
Maryland,-,1,-,-
North Carolina,-,1,-,-
South Carolina,-,0,-,-
Virginia,-,1,-,1
West Virginia,-,0,-,-
East South Central,-,2,1,2
Alabama,-,1,-,-
Kentucky,-,1,1,1
Mississippi,-,0,-,-
Tennessee,-,2,-,1
West South Central,-,2,-,1
Arkansas,-,1,-,-
Louisiana,-,1,-,1
Oklahoma,-,0,-,-
Texas,-,2,-,-
Mountain,-,1,-,-
Arizona,-,1,-,-
Colorado,-,1,-,-
Idaho,-,1,-,-
Montana,-,0,-,-
Nevada,-,0,-,-
New Mexico,-,1,-,-
Utah,-,1,-,-
Wyoming,-,0,-,-
Pacific,-,4,1,5
Alaska,-,1,-,-
California,-,4,1,5
Hawaii,-,0,-,-
Oregon,-,1,-,-
Washington,-,1,-,-
U.S. Territories,-,0,-,-
American Samoa,-,0,-,-
Commonwealth of Northern Mariana Islands,-,0,-,-
Guam,-,0,-,-
Puerto Rico,-,0,-,-
U.S. Virgin Islands,-,0,-,-
Non-U.S. Residents,-,0,-,-
Total,-,8,2,13
