Reporting Area,"Invasive pneumococcal disease, age <5 years §","Invasive pneumococcal disease, age <5 years §","Invasive pneumococcal disease, age <5 years §","Invasive pneumococcal disease, age <5 years §"
Reporting Area,Confirmed,Confirmed,Confirmed,Confirmed
Reporting Area,Current week,Previous 52 weeks Max †,Cum YTD 2023 †,Cum YTD 2022 †
"U.S. Residents, excluding U.S. Territories",9,36,68,79
New England,-,5,1,4
Connecticut,-,3,-,1
Maine,-,1,1,-
Massachusetts,-,2,-,2
New Hampshire,-,2,-,1
Rhode Island,-,2,-,-
Vermont,-,1,-,-
Middle Atlantic,-,7,8,16
New Jersey,-,3,-,2
New York (excluding New York City),-,6,6,5
New York City,-,3,1,5
Pennsylvania,-,2,1,4
East North Central,3,7,17,9
Illinois,-,0,-,-
Indiana,-,3,4,3
Michigan,-,3,2,4
Ohio,3,5,9,2
Wisconsin,-,3,2,-
West North Central,2,4,7,9
Iowa,N,NC,N,N
Kansas,-,2,-,2
Minnesota,-,0,-,-
Missouri,1,3,6,5
Nebraska,1,2,1,-
North Dakota,-,1,-,2
South Dakota,-,2,-,-
South Atlantic,2,8,10,13
Delaware,-,0,-,-
District of Columbia,-,1,-,-
Florida,1,4,5,6
Georgia,-,2,-,4
Maryland,-,3,3,-
North Carolina,N,NC,N,N
South Carolina,-,1,-,2
Virginia,1,2,2,1
West Virginia,-,2,-,-
East South Central,-,5,6,7
Alabama,-,2,-,4
Kentucky,-,2,-,-
Mississippi,-,3,3,2
Tennessee,-,2,3,1
West South Central,-,9,7,12
Arkansas,-,3,-,2
Louisiana,-,2,4,4
Oklahoma,-,0,-,-
Texas,-,8,3,6
Mountain,2,6,11,7
Arizona,-,3,5,2
Colorado,2,4,4,4
Idaho,-,0,-,-
Montana,-,1,-,1
Nevada,-,2,-,-
New Mexico,-,2,-,-
Utah,-,2,2,-
Wyoming,-,1,-,-
Pacific,-,3,1,2
Alaska,-,2,1,2
California,N,NC,N,N
Hawaii,-,1,-,-
Oregon,N,NC,N,N
Washington,N,NC,N,N
U.S. Territories,-,0,-,-
American Samoa,N,NC,N,N
Commonwealth of Northern Mariana Islands,-,0,-,-
Guam,-,0,-,-
Puerto Rico,-,0,-,-
U.S. Virgin Islands,-,0,-,-
Non-U.S. Residents,-,0,-,-
Total,9,36,68,79
