Reporting Area,Meningococcal disease,Meningococcal disease,Meningococcal disease,Meningococcal disease
Reporting Area,Unknown serogroup,Unknown serogroup,Unknown serogroup,Unknown serogroup
Reporting Area,Current week,Previous 52 weeks Max †,Cum YTD 2023 †,Cum YTD 2022 †
"U.S. Residents, excluding U.S. Territories",6,7,72,59
New England,-,1,1,-
Connecticut,-,1,1,-
Maine,-,1,-,-
Massachusetts,-,1,-,-
New Hampshire,-,0,-,-
Rhode Island,-,0,-,-
Vermont,-,0,-,-
Middle Atlantic,1,3,10,13
New Jersey,-,1,-,3
New York (excluding New York City),1,1,1,-
New York City,-,2,7,8
Pennsylvania,-,1,2,2
East North Central,-,2,5,2
Illinois,-,0,-,-
Indiana,-,0,-,-
Michigan,-,2,4,1
Ohio,-,1,1,1
Wisconsin,-,0,-,-
West North Central,-,3,5,4
Iowa,-,1,1,1
Kansas,-,1,-,1
Minnesota,-,0,-,-
Missouri,-,3,4,2
Nebraska,-,1,-,-
North Dakota,-,0,-,-
South Dakota,-,1,-,-
South Atlantic,3,5,34,29
Delaware,1,0,1,-
District of Columbia,-,1,1,-
Florida,1,4,20,27
Georgia,-,0,-,-
Maryland,1,1,1,-
North Carolina,-,1,1,1
South Carolina,-,2,6,-
Virginia,-,2,4,1
West Virginia,-,1,-,-
East South Central,-,1,4,4
Alabama,-,1,-,1
Kentucky,-,1,1,2
Mississippi,-,1,1,1
Tennessee,-,1,2,-
West South Central,-,2,3,3
Arkansas,-,1,1,-
Louisiana,-,1,-,1
Oklahoma,-,0,-,1
Texas,-,2,2,1
Mountain,2,2,10,1
Arizona,1,1,2,-
Colorado,1,2,7,-
Idaho,-,0,-,1
Montana,-,0,-,-
Nevada,-,1,1,-
New Mexico,-,0,-,-
Utah,-,1,-,-
Wyoming,-,0,-,-
Pacific,-,1,-,3
Alaska,-,0,-,-
California,-,1,-,1
Hawaii,-,0,-,-
Oregon,-,0,-,1
Washington,-,1,-,1
U.S. Territories,-,0,-,-
American Samoa,-,0,-,-
Commonwealth of Northern Mariana Islands,-,0,-,-
Guam,-,0,-,-
Puerto Rico,-,0,-,-
U.S. Virgin Islands,-,0,-,-
Non-U.S. Residents,-,0,-,-
Total,6,7,72,59
