Reporting Area,"Invasive pneumococcal disease, age <5 years §","Invasive pneumococcal disease, age <5 years §","Invasive pneumococcal disease, age <5 years §","Invasive pneumococcal disease, age <5 years §","Invasive pneumococcal disease, age <5 years §","Invasive pneumococcal disease, age <5 years §","Invasive pneumococcal disease, age <5 years §","Invasive pneumococcal disease, age <5 years §",Legionellosis,Legionellosis,Legionellosis,Legionellosis
Reporting Area,Confirmed,Confirmed,Confirmed,Confirmed,Probable,Probable,Probable,Probable,Legionellosis,Legionellosis,Legionellosis,Legionellosis
Reporting Area,Current week,Previous 52 weeks Max †,Cum YTD 2022 †,Cum YTD 2021 †,Current week,Previous 52 weeks Max †,Cum YTD 2022 †,Cum YTD 2021 †,Current week,Previous 52 weeks Max †,Cum YTD 2022 †,Cum YTD 2021 †
"U.S. Residents, excluding U.S. Territories",3,25,226,142,-,2,8,4,24,367,1271,1623
New England,-,2,8,6,-,0,-,-,-,35,49,71
Connecticut,-,1,1,2,-,0,-,-,-,9,6,17
Maine,-,1,2,1,-,0,-,-,-,5,-,-
Massachusetts,-,2,-,3,-,0,-,-,-,22,35,35
New Hampshire,-,1,1,-,-,0,-,-,-,6,6,6
Rhode Island,-,2,4,-,-,0,-,-,-,8,1,13
Vermont,-,0,-,-,-,0,-,-,-,7,1,-
Middle Atlantic,1,5,48,25,-,1,-,-,12,123,233,262
New Jersey,-,3,5,4,-,1,-,-,-,10,7,44
New York (excluding New York City),1,3,20,6,-,1,-,-,3,50,73,68
New York City,-,2,12,7,-,1,-,-,9,23,78,67
Pennsylvania,-,3,11,8,-,0,-,-,-,42,75,83
East North Central,-,6,34,18,-,2,1,-,1,168,240,380
Illinois,-,0,-,-,-,0,-,-,-,70,43,69
Indiana,-,2,7,6,-,0,-,-,-,18,29,41
Michigan,-,3,9,4,-,1,-,-,1,47,48,69
Ohio,-,3,11,7,-,2,1,-,-,49,97,167
Wisconsin,-,3,7,1,-,0,-,-,-,16,23,34
West North Central,-,2,15,10,-,1,2,2,4,27,83,91
Iowa,N,NC,N,N,N,NC,N,N,-,4,11,13
Kansas,-,0,-,-,-,0,-,-,-,5,1,6
Minnesota,-,0,-,-,-,0,-,-,1,10,27,31
Missouri,-,2,13,8,-,1,2,1,2,15,29,25
Nebraska,-,1,1,1,-,0,-,-,1,4,8,12
North Dakota,-,1,1,-,-,0,-,-,-,1,1,-
South Dakota,-,1,-,1,-,0,-,1,-,2,6,4
South Atlantic,-,6,32,32,-,1,3,1,2,51,298,361
Delaware,-,1,-,-,-,0,-,-,-,3,3,5
District of Columbia,-,0,-,-,-,0,-,-,-,0,-,-
Florida,-,5,21,13,-,1,3,-,-,18,200,161
Georgia,-,2,1,13,-,0,-,-,-,8,22,39
Maryland,-,1,-,2,-,0,-,-,-,15,1,30
North Carolina,N,NC,N,N,N,NC,N,N,-,12,13,59
South Carolina,-,2,6,-,-,0,-,1,2,6,25,23
Virginia,-,2,4,4,-,0,-,-,-,10,34,32
West Virginia,-,0,-,-,-,0,-,-,-,3,-,12
East South Central,-,4,20,13,-,1,1,-,-,22,76,116
Alabama,-,2,9,6,-,1,1,-,-,6,20,21
Kentucky,-,2,-,3,-,0,-,-,-,9,18,31
Mississippi,-,2,4,3,-,0,-,-,-,3,6,8
Tennessee,-,2,7,1,-,0,-,-,-,12,32,56
West South Central,1,9,28,26,-,1,1,1,1,23,50,82
Arkansas,-,2,5,6,-,0,-,-,1,5,14,13
Louisiana,-,3,4,9,-,0,-,-,-,4,12,13
Oklahoma,-,0,-,-,-,0,-,-,-,1,1,-
Texas,1,8,19,11,-,1,1,1,-,20,23,56
Mountain,1,5,37,12,-,1,-,-,3,14,89,85
Arizona,-,3,17,6,-,0,-,-,3,6,45,20
Colorado,-,2,6,-,-,0,-,-,-,5,16,28
Idaho,-,0,-,-,-,0,-,-,-,2,4,8
Montana,-,1,3,-,-,0,-,-,-,1,-,5
Nevada,-,1,3,2,-,0,-,-,-,2,7,9
New Mexico,-,2,4,2,-,0,-,-,-,2,4,4
Utah,1,2,4,2,-,1,-,-,-,3,13,9
Wyoming,-,1,-,-,-,0,-,-,-,1,-,2
Pacific,-,2,4,-,-,0,-,-,1,25,153,175
Alaska,-,1,4,-,-,0,-,-,-,1,2,1
California,N,NC,N,N,N,NC,N,N,-,23,108,121
Hawaii,-,1,-,-,-,0,-,-,-,2,6,5
Oregon,N,NC,N,N,N,NC,N,N,1,5,13,25
Washington,N,NC,N,N,N,NC,N,N,-,5,24,23
U.S. Territories,-,0,-,-,-,0,-,-,-,2,-,6
American Samoa,N,NC,N,N,N,NC,N,N,N,NC,N,N
Commonwealth of Northern Mariana Islands,-,0,-,-,-,0,-,-,-,0,-,-
Guam,-,0,-,-,-,0,-,-,-,1,-,-
Puerto Rico,-,0,-,-,-,0,-,-,-,2,-,5
U.S. Virgin Islands,-,0,-,-,-,0,-,-,-,0,-,1
Non-U.S. Residents,-,0,-,-,-,0,-,-,-,0,-,2
Total,3,25,226,142,-,2,8,4,24,367,1271,1631
