Reporting Area,Cholera,Cholera,Cholera,Cholera,Coccidioidomycosis,Coccidioidomycosis,Coccidioidomycosis,Coccidioidomycosis
Reporting Area,Current week,Previous 52 weeks Max †,Cum YTD 2022 †,Cum YTD 2021 †,Current week,Previous 52 weeks Max †,Cum YTD 2022 †,Cum YTD 2021 †
"U.S. Residents, excluding U.S. Territories",-,1,-,-,23,505,1564,3701
New England,-,0,-,-,-,0,-,-
Connecticut,-,0,-,-,N,NC,N,N
Maine,-,0,-,-,N,NC,N,N
Massachusetts,-,0,-,-,N,NC,N,N
New Hampshire,-,0,-,-,-,0,-,-
Rhode Island,-,0,-,-,-,0,-,-
Vermont,-,0,-,-,N,NC,N,N
Middle Atlantic,-,1,-,-,-,0,-,-
New Jersey,-,0,-,-,N,NC,N,N
New York (excluding New York City),-,1,-,-,N,NC,N,N
New York City,-,0,-,-,N,NC,N,N
Pennsylvania,-,0,-,-,N,NC,N,N
East North Central,-,0,-,-,-,5,8,11
Illinois,-,0,-,-,N,NC,N,N
Indiana,-,0,-,-,-,1,-,-
Michigan,-,0,-,-,-,3,2,7
Ohio,-,0,-,-,-,3,6,1
Wisconsin,-,0,-,-,-,2,-,3
West North Central,-,0,-,-,-,8,2,31
Iowa,-,0,-,-,N,NC,N,N
Kansas,-,0,-,-,-,0,-,-
Minnesota,-,0,-,-,-,5,-,24
Missouri,-,0,-,-,-,2,1,3
Nebraska,-,0,-,-,-,7,1,2
North Dakota,-,0,-,-,-,1,-,2
South Dakota,-,0,-,-,-,0,-,-
South Atlantic,-,0,-,-,-,2,-,-
Delaware,-,0,-,-,-,0,-,-
District of Columbia,-,0,-,-,N,NC,N,N
Florida,-,0,-,-,N,NC,N,N
Georgia,-,0,-,-,N,NC,N,N
Maryland,-,0,-,-,-,2,-,-
North Carolina,-,0,-,-,N,NC,N,N
South Carolina,-,0,-,-,N,NC,N,N
Virginia,-,0,-,-,N,NC,N,N
West Virginia,-,0,-,-,N,NC,N,N
East South Central,-,0,-,-,-,2,2,1
Alabama,-,0,-,-,-,2,-,1
Kentucky,-,0,-,-,-,2,2,-
Mississippi,-,0,-,-,N,NC,N,N
Tennessee,-,0,-,-,N,NC,N,N
West South Central,-,0,-,-,-,2,-,2
Arkansas,-,0,-,-,-,1,-,-
Louisiana,-,0,-,-,-,2,-,2
Oklahoma,-,0,-,-,N,NC,N,N
Texas,-,0,-,-,N,NC,N,N
Mountain,-,0,-,-,-,329,1051,2407
Arizona,-,0,-,-,-,327,1032,2370
Colorado,-,0,-,-,N,NC,N,N
Idaho,-,0,-,-,N,NC,N,N
Montana,-,0,-,-,-,3,5,1
Nevada,-,0,-,-,-,8,11,27
New Mexico,-,0,-,-,-,2,2,-
Utah,-,0,-,-,-,5,1,9
Wyoming,-,0,-,-,-,0,-,-
Pacific,-,1,-,-,23,214,501,1249
Alaska,-,0,-,-,N,NC,N,N
California,-,1,-,-,23,214,500,1247
Hawaii,-,0,-,-,N,NC,N,N
Oregon,-,0,-,-,-,1,1,2
Washington,-,0,-,-,N,NC,N,N
U.S. Territories,-,0,-,-,-,1,-,-
American Samoa,-,0,-,-,N,NC,N,N
Commonwealth of Northern Mariana Islands,-,0,-,-,-,0,-,-
Guam,-,0,-,-,-,1,-,-
Puerto Rico,-,0,-,-,N,NC,N,N
U.S. Virgin Islands,-,0,-,-,-,0,-,-
Non-U.S. Residents,-,0,-,-,-,1,-,1
Total,-,1,-,-,23,505,1564,3702
