Reporting Area,Listeriosis §,Listeriosis §,Listeriosis §,Listeriosis §
Reporting Area,Confirmed,Confirmed,Confirmed,Confirmed
Reporting Area,Current week,Previous 52 weeks Max †,Cum YTD 2023 †,Cum YTD 2022 †
"U.S. Residents, excluding U.S. Territories",2,31,214,412
New England,-,4,23,30
Connecticut,-,2,6,5
Maine,-,1,-,1
Massachusetts,-,3,14,16
New Hampshire,-,1,2,2
Rhode Island,-,2,1,3
Vermont,-,1,-,3
Middle Atlantic,1,13,36,69
New Jersey,-,4,-,14
New York (excluding New York City),-,4,9,17
New York City,1,4,17,17
Pennsylvania,-,5,10,21
East North Central,-,9,31,59
Illinois,-,2,11,13
Indiana,-,3,2,7
Michigan,-,3,12,17
Ohio,-,3,6,15
Wisconsin,-,2,-,7
West North Central,-,4,7,13
Iowa,-,1,1,-
Kansas,-,2,-,3
Minnesota,-,1,-,6
Missouri,-,2,5,3
Nebraska,-,1,-,1
North Dakota,-,0,-,-
South Dakota,-,1,1,-
South Atlantic,-,7,48,118
Delaware,-,1,1,-
District of Columbia,-,1,1,-
Florida,-,2,15,30
Georgia,-,0,-,37
Maryland,-,3,7,8
North Carolina,-,2,11,21
South Carolina,-,2,4,12
Virginia,-,2,9,7
West Virginia,-,1,-,3
East South Central,-,3,10,18
Alabama,-,2,2,3
Kentucky,-,1,1,2
Mississippi,-,1,1,1
Tennessee,-,3,6,12
West South Central,-,7,20,31
Arkansas,-,2,3,4
Louisiana,-,1,2,6
Oklahoma,-,6,-,1
Texas,-,3,15,20
Mountain,-,4,4,18
Arizona,-,1,3,4
Colorado,-,3,1,5
Idaho,-,1,-,1
Montana,-,1,-,2
Nevada,-,2,-,3
New Mexico,-,0,-,1
Utah,-,1,-,2
Wyoming,-,0,-,-
Pacific,1,7,35,56
Alaska,-,0,-,1
California,-,7,29,41
Hawaii,-,1,1,5
Oregon,1,1,5,7
Washington,-,1,-,2
U.S. Territories,-,0,-,4
American Samoa,N,NC,N,N
Commonwealth of Northern Mariana Islands,-,0,-,-
Guam,-,0,-,-
Puerto Rico,-,0,-,4
U.S. Virgin Islands,-,0,-,-
Non-U.S. Residents,-,1,-,-
Total,2,32,214,416
