Reporting Area,Coccidioidomycosis §,Coccidioidomycosis §,Coccidioidomycosis §,Coccidioidomycosis §
Reporting Area,Confirmed,Confirmed,Confirmed,Confirmed
Reporting Area,Current week,Previous 52 weeks Max †,Cum YTD 2023 †,Cum YTD 2022 †
"U.S. Residents, excluding U.S. Territories",77,533,4248,5420
New England,-,2,1,2
Connecticut,N,NC,N,N
Maine,N,NC,N,N
Massachusetts,N,NC,N,N
New Hampshire,-,2,1,2
Rhode Island,-,1,-,-
Vermont,N,NC,N,N
Middle Atlantic,-,0,-,-
New Jersey,N,NC,N,N
New York (excluding New York City),N,NC,N,N
New York City,N,NC,N,N
Pennsylvania,N,NC,N,N
East North Central,-,5,16,28
Illinois,N,NC,N,N
Indiana,-,1,-,3
Michigan,-,4,3,16
Ohio,-,3,13,7
Wisconsin,-,1,-,2
West North Central,-,7,11,47
Iowa,N,NC,N,N
Kansas,-,1,-,1
Minnesota,-,7,5,34
Missouri,-,2,3,5
Nebraska,-,2,3,5
North Dakota,-,1,-,1
South Dakota,-,0,-,1
South Atlantic,-,1,-,1
Delaware,-,0,-,-
District of Columbia,N,NC,N,N
Florida,N,NC,N,N
Georgia,N,NC,N,N
Maryland,-,1,-,1
North Carolina,N,NC,N,N
South Carolina,N,NC,N,N
Virginia,N,NC,N,N
West Virginia,N,NC,N,N
East South Central,-,2,4,1
Alabama,-,1,2,-
Kentucky,-,2,2,1
Mississippi,N,NC,N,N
Tennessee,N,NC,N,N
West South Central,-,2,3,3
Arkansas,-,1,-,3
Louisiana,-,1,3,-
Oklahoma,N,NC,N,N
Texas,N,NC,N,N
Mountain,24,362,2508,3045
Arizona,23,355,2446,2955
Colorado,N,NC,N,N
Idaho,N,NC,N,N
Montana,-,2,2,9
Nevada,-,6,7,55
New Mexico,1,5,34,11
Utah,-,4,19,12
Wyoming,-,1,-,3
Pacific,53,197,1705,2293
Alaska,N,NC,N,N
California,53,196,1705,2292
Hawaii,N,NC,N,N
Oregon,-,1,-,1
Washington,N,NC,N,N
U.S. Territories,-,0,-,-
American Samoa,N,NC,N,N
Commonwealth of Northern Mariana Islands,-,0,-,-
Guam,-,0,-,-
Puerto Rico,N,NC,N,N
U.S. Virgin Islands,-,0,-,-
Non-U.S. Residents,-,0,-,1
Total,77,533,4248,5421
