Reporting Area,Mumps,Mumps,Mumps,Mumps
Reporting Area,Current week,Previous 52 weeks Max †,Cum YTD 2023 †,Cum YTD 2022 †
"U.S. Residents, excluding U.S. Territories",3,15,101,56
New England,-,2,3,1
Connecticut,-,1,1,-
Maine,-,1,2,-
Massachusetts,-,1,-,1
New Hampshire,-,1,-,-
Rhode Island,-,0,-,-
Vermont,-,0,-,-
Middle Atlantic,-,6,15,10
New Jersey,-,2,-,1
New York (excluding New York City),-,2,2,1
New York City,-,3,12,6
Pennsylvania,-,2,1,2
East North Central,1,5,25,15
Illinois,-,2,7,1
Indiana,-,2,3,5
Michigan,-,2,2,1
Ohio,1,2,12,7
Wisconsin,-,1,1,1
West North Central,-,4,8,4
Iowa,-,2,1,2
Kansas,-,1,1,-
Minnesota,-,1,-,-
Missouri,-,2,1,2
Nebraska,-,3,3,-
North Dakota,-,2,2,-
South Dakota,-,0,-,-
South Atlantic,-,4,13,8
Delaware,-,0,-,-
District of Columbia,-,1,-,1
Florida,-,2,4,4
Georgia,-,1,-,1
Maryland,-,2,2,-
North Carolina,-,1,1,-
South Carolina,-,1,2,-
Virginia,-,2,4,2
West Virginia,-,1,-,-
East South Central,-,2,6,1
Alabama,-,1,1,1
Kentucky,-,1,4,-
Mississippi,-,0,-,-
Tennessee,-,1,1,-
West South Central,-,4,16,6
Arkansas,-,1,-,1
Louisiana,-,2,3,1
Oklahoma,-,2,-,-
Texas,-,4,13,4
Mountain,2,2,8,3
Arizona,2,1,3,-
Colorado,-,1,5,1
Idaho,-,1,-,1
Montana,-,0,-,-
Nevada,-,1,-,-
New Mexico,-,1,-,-
Utah,-,1,-,1
Wyoming,-,0,-,-
Pacific,-,3,7,8
Alaska,-,1,-,-
California,-,2,5,5
Hawaii,-,1,-,2
Oregon,-,2,2,-
Washington,-,0,-,1
U.S. Territories,-,0,-,-
American Samoa,-,0,-,-
Commonwealth of Northern Mariana Islands,-,0,-,-
Guam,-,0,-,-
Puerto Rico,-,0,-,-
U.S. Virgin Islands,-,0,-,-
Non-U.S. Residents,-,0,-,-
Total,3,15,101,56
