Reporting Area,Candida auris  §,Candida auris  §,Candida auris  §,Candida auris  §
Reporting Area,Screening,Screening,Screening,Screening
Reporting Area,Current week,Previous 52 weeks Max †,Cum YTD 2023 †,Cum YTD 2022 †
"U.S. Residents, excluding U.S. Territories",4,NC,12,NN
New England,-,NC,-,NN
Connecticut,-,NC,-,NN
Maine,-,NC,-,NN
Massachusetts,-,NC,-,NN
New Hampshire,-,NC,-,NN
Rhode Island,-,NC,-,NN
Vermont,-,NC,-,NN
Middle Atlantic,-,NC,-,NN
New Jersey,-,NC,-,NN
New York (excluding New York City),-,NC,-,NN
New York City,-,NC,-,NN
Pennsylvania,-,NC,-,NN
East North Central,3,NC,8,NN
Illinois,-,NC,-,NN
Indiana,-,NC,-,NN
Michigan,3,NC,8,NN
Ohio,-,NC,-,NN
Wisconsin,-,NC,-,NN
West North Central,-,NC,-,NN
Iowa,-,NC,-,NN
Kansas,-,NC,-,NN
Minnesota,-,NC,-,NN
Missouri,-,NC,-,NN
Nebraska,-,NC,-,NN
North Dakota,-,NC,-,NN
South Dakota,-,NC,-,NN
South Atlantic,1,NC,4,NN
Delaware,1,NC,4,NN
District of Columbia,-,NC,-,NN
Florida,-,NC,-,NN
Georgia,-,NC,-,NN
Maryland,-,NC,-,NN
North Carolina,-,NC,-,NN
South Carolina,-,NC,-,NN
Virginia,-,NC,-,NN
West Virginia,-,NC,-,NN
East South Central,-,NC,-,NN
Alabama,-,NC,-,NN
Kentucky,-,NC,-,NN
Mississippi,-,NC,-,NN
Tennessee,-,NC,-,NN
West South Central,-,NC,-,NN
Arkansas,-,NC,-,NN
Louisiana,-,NC,-,NN
Oklahoma,-,NC,-,NN
Texas,-,NC,-,NN
Mountain,-,NC,-,NN
Arizona,-,NC,-,NN
Colorado,-,NC,-,NN
Idaho,-,NC,-,NN
Montana,-,NC,-,NN
Nevada,-,NC,-,NN
New Mexico,-,NC,-,NN
Utah,-,NC,-,NN
Wyoming,-,NC,-,NN
Pacific,-,NC,-,NN
Alaska,-,NC,-,NN
California,-,NC,-,NN
Hawaii,-,NC,-,NN
Oregon,-,NC,-,NN
Washington,-,NC,-,NN
U.S. Territories,-,NC,-,NN
American Samoa,-,NC,-,NN
Commonwealth of Northern Mariana Islands,-,NC,-,NN
Guam,-,NC,-,NN
Puerto Rico,-,NC,-,NN
U.S. Virgin Islands,-,NC,-,NN
Non-U.S. Residents,-,NC,-,NN
Total,4,NC,12,NN
