Reporting Area,Q fever,Q fever,Q fever,Q fever
Reporting Area,Chronic,Chronic,Chronic,Chronic
Reporting Area,Current week,Previous 52 weeks Max †,Cum YTD 2023 †,Cum YTD 2022 †
"U.S. Residents, excluding U.S. Territories",-,3,4,1
New England,-,0,-,-
Connecticut,-,0,-,-
Maine,-,0,-,-
Massachusetts,-,0,-,-
New Hampshire,N,NC,N,N
Rhode Island,-,0,-,-
Vermont,-,0,-,-
Middle Atlantic,-,2,2,-
New Jersey,-,0,-,-
New York (excluding New York City),-,1,1,-
New York City,-,1,-,-
Pennsylvania,-,1,1,-
East North Central,-,1,1,-
Illinois,-,1,-,-
Indiana,-,0,-,-
Michigan,-,1,-,-
Ohio,-,1,1,-
Wisconsin,-,1,-,-
West North Central,-,1,-,-
Iowa,-,1,-,-
Kansas,-,1,-,-
Minnesota,-,0,-,-
Missouri,-,0,-,-
Nebraska,-,1,-,-
North Dakota,-,1,-,-
South Dakota,-,0,-,-
South Atlantic,-,2,-,-
Delaware,-,0,-,-
District of Columbia,-,0,-,-
Florida,-,1,-,-
Georgia,-,0,-,-
Maryland,-,0,-,-
North Carolina,-,0,-,-
South Carolina,-,0,-,-
Virginia,-,1,-,-
West Virginia,-,0,-,-
East South Central,-,0,-,-
Alabama,-,0,-,-
Kentucky,-,0,-,-
Mississippi,-,0,-,-
Tennessee,-,0,-,-
West South Central,-,1,-,-
Arkansas,-,0,-,-
Louisiana,-,0,-,-
Oklahoma,-,0,-,-
Texas,-,1,-,-
Mountain,-,1,1,1
Arizona,-,1,1,-
Colorado,-,0,-,-
Idaho,-,0,-,-
Montana,-,0,-,-
Nevada,-,0,-,-
New Mexico,-,0,-,-
Utah,-,1,-,-
Wyoming,-,0,-,1
Pacific,-,0,-,-
Alaska,-,0,-,-
California,-,0,-,-
Hawaii,-,0,-,-
Oregon,-,0,-,-
Washington,-,0,-,-
U.S. Territories,-,0,-,-
American Samoa,N,NC,N,N
Commonwealth of Northern Mariana Islands,-,0,-,-
Guam,N,NC,N,N
Puerto Rico,-,0,-,-
U.S. Virgin Islands,-,0,-,-
Non-U.S. Residents,-,0,-,-
Total,-,3,4,1
