Reporting Area,Shiga toxin-producing  Escherichia coli  (STEC),Shiga toxin-producing  Escherichia coli  (STEC),Shiga toxin-producing  Escherichia coli  (STEC),Shiga toxin-producing  Escherichia coli  (STEC)
Reporting Area,Current week,Previous 52 weeks Max †,Cum YTD 2023 †,Cum YTD 2022 †
"U.S. Residents, excluding U.S. Territories",74,461,407,556
New England,1,14,6,13
Connecticut,-,8,-,4
Maine,-,2,-,-
Massachusetts,-,7,2,7
New Hampshire,-,3,1,1
Rhode Island,-,3,-,-
Vermont,1,5,3,1
Middle Atlantic,5,44,42,62
New Jersey,-,0,-,-
New York (excluding New York City),2,16,19,21
New York City,-,24,6,28
Pennsylvania,3,17,17,13
East North Central,14,122,72,78
Illinois,-,22,4,17
Indiana,-,5,1,8
Michigan,1,66,9,13
Ohio,10,46,34,20
Wisconsin,3,21,24,20
West North Central,1,62,23,42
Iowa,-,27,7,16
Kansas,-,11,1,8
Minnesota,-,0,-,-
Missouri,-,13,4,6
Nebraska,1,14,10,11
North Dakota,-,5,-,-
South Dakota,-,6,1,1
South Atlantic,25,87,111,113
Delaware,-,2,-,1
District of Columbia,-,1,1,-
Florida,19,37,62,53
Georgia,-,15,5,24
Maryland,5,15,18,2
North Carolina,-,18,3,14
South Carolina,-,8,8,3
Virginia,1,38,14,11
West Virginia,-,7,-,5
East South Central,5,29,24,46
Alabama,-,8,-,12
Kentucky,-,9,-,4
Mississippi,-,10,2,9
Tennessee,5,19,22,21
West South Central,5,68,17,22
Arkansas,2,13,6,1
Louisiana,-,7,4,4
Oklahoma,3,14,7,5
Texas,-,39,-,12
Mountain,8,60,45,63
Arizona,3,13,13,11
Colorado,5,22,24,21
Idaho,-,10,-,2
Montana,-,10,-,4
Nevada,-,6,3,9
New Mexico,-,4,1,4
Utah,-,13,3,8
Wyoming,-,6,1,4
Pacific,10,84,67,117
Alaska,-,3,-,1
California,8,71,56,74
Hawaii,-,3,1,1
Oregon,2,15,9,9
Washington,-,10,1,32
U.S. Territories,-,2,1,1
American Samoa,-,0,-,-
Commonwealth of Northern Mariana Islands,-,0,-,-
Guam,-,0,-,-
Puerto Rico,-,2,1,1
U.S. Virgin Islands,-,0,-,-
Non-U.S. Residents,-,0,-,-
Total,74,461,408,557
