Reporting Area,Babesiosis,Babesiosis,Babesiosis,Babesiosis
Reporting Area,Current week,Previous 52 weeks Max †,Cum YTD 2023 †,Cum YTD 2022 †
"U.S. Residents, excluding U.S. Territories",52,199,459,643
New England,9,99,196,314
Connecticut,-,0,-,1
Maine,5,17,21,39
Massachusetts,3,53,149,197
New Hampshire,-,11,4,31
Rhode Island,-,23,16,25
Vermont,1,7,6,21
Middle Atlantic,42,85,225,246
New Jersey,1,35,43,137
New York (excluding New York City),41,44,165,94
New York City,-,10,17,15
Pennsylvania,N,NC,N,N
East North Central,-,14,20,33
Illinois,-,1,1,2
Indiana,-,0,-,-
Michigan,-,3,2,2
Ohio,-,1,1,1
Wisconsin,-,12,16,28
West North Central,-,7,4,28
Iowa,-,1,3,2
Kansas,-,1,1,-
Minnesota,-,7,-,26
Missouri,-,0,-,-
Nebraska,-,0,-,-
North Dakota,-,0,-,-
South Dakota,-,0,-,-
South Atlantic,1,3,11,13
Delaware,-,0,-,-
District of Columbia,-,1,-,-
Florida,-,2,1,6
Georgia,N,NC,N,N
Maryland,-,2,5,1
North Carolina,-,0,-,-
South Carolina,-,1,-,-
Virginia,1,2,5,6
West Virginia,-,0,-,-
East South Central,-,1,-,-
Alabama,-,0,-,-
Kentucky,-,0,-,-
Mississippi,N,NC,N,N
Tennessee,-,1,-,-
West South Central,-,1,-,2
Arkansas,-,0,-,1
Louisiana,-,0,-,-
Oklahoma,N,NC,N,N
Texas,-,1,-,1
Mountain,-,1,2,1
Arizona,-,1,1,-
Colorado,N,NC,N,N
Idaho,N,NC,N,N
Montana,-,0,-,1
Nevada,N,NC,N,N
New Mexico,N,NC,N,N
Utah,-,0,-,-
Wyoming,-,1,1,-
Pacific,-,2,1,6
Alaska,N,NC,N,N
California,-,2,1,4
Hawaii,N,NC,N,N
Oregon,-,0,-,1
Washington,-,0,-,1
U.S. Territories,-,0,-,-
American Samoa,U,NC,U,U
Commonwealth of Northern Mariana Islands,-,0,-,-
Guam,-,0,-,-
Puerto Rico,N,NC,N,N
U.S. Virgin Islands,-,0,-,-
Non-U.S. Residents,-,1,-,-
Total,52,200,459,643
