Reporting Area,"Vibriosis (any species of the family  Vibrionaceae  , other than toxigenic  Vibrio  cholerae O1 or O139)","Vibriosis (any species of the family  Vibrionaceae  , other than toxigenic  Vibrio  cholerae O1 or O139)","Vibriosis (any species of the family  Vibrionaceae  , other than toxigenic  Vibrio  cholerae O1 or O139)","Vibriosis (any species of the family  Vibrionaceae  , other than toxigenic  Vibrio  cholerae O1 or O139)"
Reporting Area,Confirmed,Confirmed,Confirmed,Confirmed
Reporting Area,Current week,Previous 52 weeks Max †,Cum YTD 2023 †,Cum YTD 2022 †
"U.S. Residents, excluding U.S. Territories",2,82,34,62
New England,-,9,2,2
Connecticut,-,2,-,1
Maine,-,3,1,-
Massachusetts,-,7,-,-
New Hampshire,-,1,-,-
Rhode Island,-,2,1,-
Vermont,-,0,-,1
Middle Atlantic,-,6,-,9
New Jersey,-,2,-,1
New York (excluding New York City),-,3,-,3
New York City,-,2,-,5
Pennsylvania,-,4,-,-
East North Central,1,8,3,3
Illinois,-,3,1,1
Indiana,-,2,-,-
Michigan,-,2,-,1
Ohio,1,2,2,-
Wisconsin,-,2,-,1
West North Central,-,2,3,4
Iowa,N,NC,N,N
Kansas,-,0,-,-
Minnesota,-,0,-,-
Missouri,-,2,2,3
Nebraska,-,1,1,1
North Dakota,-,1,-,-
South Dakota,-,1,-,-
South Atlantic,-,35,16,16
Delaware,-,3,-,-
District of Columbia,-,1,-,-
Florida,-,32,9,10
Georgia,-,1,-,-
Maryland,-,6,3,1
North Carolina,-,3,1,2
South Carolina,-,3,3,2
Virginia,-,5,-,1
West Virginia,-,2,-,-
East South Central,-,5,-,1
Alabama,-,3,-,-
Kentucky,-,2,-,-
Mississippi,-,2,-,-
Tennessee,-,2,-,1
West South Central,1,10,3,7
Arkansas,1,2,2,-
Louisiana,-,6,-,3
Oklahoma,-,1,-,-
Texas,-,6,1,4
Mountain,-,7,1,5
Arizona,-,4,-,-
Colorado,-,4,1,2
Idaho,N,NC,N,N
Montana,-,1,-,-
Nevada,-,2,-,2
New Mexico,-,1,-,-
Utah,-,2,-,1
Wyoming,-,1,-,-
Pacific,-,22,6,15
Alaska,-,1,1,-
California,-,10,3,6
Hawaii,-,4,1,5
Oregon,-,6,1,1
Washington,-,10,-,3
U.S. Territories,-,0,-,-
American Samoa,N,NC,N,N
Commonwealth of Northern Mariana Islands,-,0,-,-
Guam,-,0,-,-
Puerto Rico,-,0,-,-
U.S. Virgin Islands,-,0,-,-
Non-U.S. Residents,-,0,-,-
Total,2,82,34,62
