Reporting Area,Carbapenemase-producing carbapenem-resistant  Enterobacteriaceae,Carbapenemase-producing carbapenem-resistant  Enterobacteriaceae,Carbapenemase-producing carbapenem-resistant  Enterobacteriaceae,Carbapenemase-producing carbapenem-resistant  Enterobacteriaceae,Chancroid,Chancroid,Chancroid,Chancroid,Chlamydia trachomatis  infection §,Chlamydia trachomatis  infection §,Chlamydia trachomatis  infection §,Chlamydia trachomatis  infection §
Reporting Area,Current week,Previous 52 weeks Max †,Cum YTD 2022 †,Cum YTD 2021 †,Current week,Previous 52 weeks Max †,Cum YTD 2022 †,Cum YTD 2021 †,Current week,Previous 52 weeks Max †,Cum YTD 2022 †,Cum YTD 2021 †
"U.S. Residents, excluding U.S. Territories",5,68,2014,2052,-,1,10,3,14240,NC,1222019,1479967
New England,-,3,13,14,-,0,-,1,598,NC,35126,48816
Connecticut,-,0,-,-,-,0,-,-,-,NC,-,14009
Maine,-,0,-,-,-,0,-,-,39,NC,2722,3012
Massachusetts,-,0,-,-,-,0,-,1,444,NC,24885,24118
New Hampshire,-,2,12,9,-,0,-,-,-,NC,2485,2565
Rhode Island,-,3,1,3,-,0,-,-,96,NC,3952,4336
Vermont,-,0,-,2,-,0,-,-,19,NC,1082,776
Middle Atlantic,-,16,408,389,-,1,2,-,2547,NC,158582,168950
New Jersey,-,0,-,-,-,0,-,-,477,NC,20162,30153
New York (excluding New York City),-,0,-,-,-,1,1,-,943,NC,34631,35657
New York City,-,7,141,75,-,1,1,-,411,NC,55933,55644
Pennsylvania,-,11,267,314,-,0,-,-,716,NC,47856,47496
East North Central,1,16,373,376,-,0,-,1,738,NC,162711,212673
Illinois,-,0,-,-,-,0,-,-,71,NC,40663,64646
Indiana,-,9,189,150,-,0,-,-,-,NC,24650,30989
Michigan,1,9,149,181,-,0,-,1,278,NC,27825,40715
Ohio,-,0,-,-,-,0,-,-,-,NC,47298,51054
Wisconsin,-,3,35,45,-,0,-,-,389,NC,22275,25269
West North Central,-,3,44,79,-,1,1,-,737,NC,85697,91853
Iowa,-,3,30,24,-,1,1,-,34,NC,12700,14021
Kansas,-,0,-,-,-,0,-,-,115,NC,10654,13467
Minnesota,-,1,-,35,-,0,-,-,66,NC,19391,20279
Missouri,-,0,-,-,-,0,-,-,303,NC,27171,28302
Nebraska,-,0,-,-,-,0,-,-,156,NC,8411,7887
North Dakota,-,2,9,17,-,0,-,-,-,NC,2893,3583
South Dakota,-,1,5,3,-,0,-,-,63,NC,4477,4314
South Atlantic,3,17,339,631,-,0,-,-,3558,NC,268986,325415
Delaware,-,2,12,8,-,0,-,-,106,NC,4615,4331
District of Columbia,-,0,-,-,-,0,-,-,56,NC,7046,6219
Florida,N,NC,N,N,-,0,-,-,1404,NC,88715,92668
Georgia,-,7,51,264,-,0,-,-,529,NC,47799,61332
Maryland,-,0,-,-,-,0,-,-,-,NC,-,30331
North Carolina,-,7,121,182,-,0,-,-,7,NC,48368,57130
South Carolina,-,0,-,-,-,0,-,-,688,NC,31851,32792
Virginia,3,10,148,156,-,0,-,-,764,NC,36735,35889
West Virginia,-,3,7,21,-,0,-,-,4,NC,3857,4723
East South Central,-,3,8,71,-,0,-,-,1296,NC,91349,99856
Alabama,N,NC,N,N,-,0,-,-,532,NC,27322,28403
Kentucky,-,0,-,-,-,0,-,-,386,NC,16240,16107
Mississippi,-,3,8,71,-,0,-,-,54,NC,17381,19788
Tennessee,-,0,-,-,-,0,-,-,324,NC,30406,35558
West South Central,-,1,-,2,-,1,1,-,682,NC,129766,200636
Arkansas,-,0,-,-,-,0,-,-,158,NC,14119,16048
Louisiana,-,1,-,2,-,0,-,-,472,NC,31793,30488
Oklahoma,-,0,-,-,-,0,-,-,52,NC,9871,18575
Texas,-,0,-,-,-,1,1,-,-,NC,73983,135525
Mountain,-,17,311,225,-,0,-,-,856,NC,86807,108303
Arizona,-,17,296,202,-,0,-,-,512,NC,35515,37498
Colorado,-,0,-,-,-,0,-,-,-,NC,22874,23595
Idaho,-,0,-,-,-,0,-,-,83,NC,4653,5595
Montana,-,0,-,-,-,0,-,-,53,NC,3567,3599
Nevada,-,1,1,10,-,0,-,-,-,NC,-,14754
New Mexico,-,0,-,-,-,0,-,-,12,NC,9063,11252
Utah,-,2,14,13,-,0,-,-,180,NC,9865,10118
Wyoming,-,0,-,-,-,0,-,-,16,NC,1270,1892
Pacific,1,26,518,265,-,1,6,1,3228,NC,202995,223465
Alaska,-,0,-,-,-,0,-,-,46,NC,4603,4948
California,1,23,433,224,-,1,1,1,2260,NC,167258,171837
Hawaii,-,1,10,8,-,0,-,-,-,NC,-,5566
Oregon,-,2,9,5,-,0,-,-,353,NC,13949,13985
Washington,-,7,66,28,-,1,5,-,569,NC,17185,27129
U.S. Territories,-,6,-,26,-,0,-,-,-,NC,2402,4468
American Samoa,-,0,-,-,-,0,-,-,-,NC,-,-
Commonwealth of Northern Mariana Islands,-,0,-,-,-,0,-,-,-,NC,-,-
Guam,-,0,-,-,-,0,-,-,-,NC,-,-
Puerto Rico,-,6,-,26,-,0,-,-,-,NC,2402,4468
U.S. Virgin Islands,-,0,-,-,-,0,-,-,-,NC,-,-
Non-U.S. Residents,-,0,-,-,-,0,-,-,1,NC,129,101
Total,5,68,2014,2078,-,1,10,3,14241,NC,1224550,1484536
