Reporting Area,Ehrlichiosis and Anaplasmosis,Ehrlichiosis and Anaplasmosis,Ehrlichiosis and Anaplasmosis,Ehrlichiosis and Anaplasmosis,Ehrlichiosis and Anaplasmosis,Ehrlichiosis and Anaplasmosis,Ehrlichiosis and Anaplasmosis,Ehrlichiosis and Anaplasmosis,Giardiasis,Giardiasis,Giardiasis,Giardiasis
Reporting Area,Ehrlichia ewingii  infection,Ehrlichia ewingii  infection,Ehrlichia ewingii  infection,Ehrlichia ewingii  infection,Undetermined ehrlichiosis/anaplasmosis,Undetermined ehrlichiosis/anaplasmosis,Undetermined ehrlichiosis/anaplasmosis,Undetermined ehrlichiosis/anaplasmosis,Giardiasis,Giardiasis,Giardiasis,Giardiasis
Reporting Area,Current week,Previous 52 weeks Max †,Cum YTD 2022 †,Cum YTD 2021 †,Current week,Previous 52 weeks Max †,Cum YTD 2022 †,Cum YTD 2021 †,Current week,Previous 52 weeks Max †,Cum YTD 2022 †,Cum YTD 2021 †
"U.S. Residents, excluding U.S. Territories",-,1,-,-,-,13,-,2,9,290,141,325
New England,-,0,-,-,-,2,-,-,-,31,8,27
Connecticut,N,NC,N,N,N,NC,N,N,-,8,-,5
Maine,-,0,-,-,-,0,-,-,-,8,1,5
Massachusetts,-,0,-,-,-,2,-,-,-,17,7,14
New Hampshire,-,0,-,-,-,1,-,-,-,8,-,3
Rhode Island,-,0,-,-,-,0,-,-,-,6,-,-
Vermont,-,0,-,-,-,0,-,-,N,NC,N,N
Middle Atlantic,-,1,-,-,-,11,-,2,-,81,32,74
New Jersey,-,0,-,-,-,0,-,-,-,11,-,13
New York (excluding New York City),-,1,-,-,-,1,-,-,-,41,8,12
New York City,-,0,-,-,-,1,-,-,-,29,24,29
Pennsylvania,-,0,-,-,-,11,-,2,-,22,-,20
East North Central,-,1,-,-,-,2,-,-,-,60,10,30
Illinois,-,0,-,-,-,1,-,-,N,NC,N,N
Indiana,-,1,-,-,-,0,-,-,-,1,-,-
Michigan,-,0,-,-,-,1,-,-,-,14,2,8
Ohio,-,0,-,-,-,0,-,-,-,44,5,8
Wisconsin,-,1,-,-,-,2,-,-,-,31,3,14
West North Central,-,0,-,-,-,1,-,-,4,20,10,23
Iowa,-,0,-,-,-,0,-,-,-,8,-,12
Kansas,-,0,-,-,-,1,-,-,-,8,-,3
Minnesota,-,0,-,-,-,0,-,-,-,0,-,-
Missouri,-,0,-,-,-,0,-,-,1,8,5,6
Nebraska,-,0,-,-,-,0,-,-,3,4,5,1
North Dakota,-,0,-,-,-,1,-,-,-,4,-,-
South Dakota,-,0,-,-,-,1,-,-,-,8,-,1
South Atlantic,-,1,-,-,-,1,-,-,-,43,15,59
Delaware,-,0,-,-,-,0,-,-,-,3,1,2
District of Columbia,-,0,-,-,-,0,-,-,-,1,-,1
Florida,-,0,-,-,-,0,-,-,-,33,7,15
Georgia,-,0,-,-,-,0,-,-,-,7,-,13
Maryland,-,1,-,-,-,0,-,-,-,7,-,7
North Carolina,-,0,-,-,-,0,-,-,N,NC,N,N
South Carolina,-,0,-,-,-,1,-,-,-,8,4,5
Virginia,-,0,-,-,-,0,-,-,-,11,3,15
West Virginia,-,0,-,-,-,1,-,-,-,3,-,1
East South Central,-,1,-,-,-,1,-,-,-,7,4,7
Alabama,-,0,-,-,-,0,-,-,-,7,4,7
Kentucky,-,1,-,-,-,0,-,-,N,NC,N,N
Mississippi,-,0,-,-,-,0,-,-,N,NC,N,N
Tennessee,-,1,-,-,-,1,-,-,N,NC,N,N
West South Central,-,0,-,-,-,0,-,-,5,21,16,15
Arkansas,-,0,-,-,-,0,-,-,5,10,8,1
Louisiana,-,0,-,-,-,0,-,-,-,16,8,14
Oklahoma,-,0,-,-,-,0,-,-,N,NC,N,N
Texas,-,0,-,-,-,0,-,-,N,NC,N,N
Mountain,-,0,-,-,-,0,-,-,-,37,20,32
Arizona,-,0,-,-,-,0,-,-,-,8,-,1
Colorado,N,NC,N,N,N,NC,N,N,-,18,13,5
Idaho,N,NC,N,N,N,NC,N,N,-,6,-,7
Montana,-,0,-,-,-,0,-,-,-,3,2,2
Nevada,-,0,-,-,-,0,-,-,-,4,-,3
New Mexico,N,NC,N,N,N,NC,N,N,-,3,1,1
Utah,-,0,-,-,-,0,-,-,-,9,4,11
Wyoming,-,0,-,-,-,0,-,-,-,3,-,2
Pacific,-,0,-,-,-,1,-,-,-,70,26,58
Alaska,N,NC,N,N,N,NC,N,N,-,6,3,4
California,-,0,-,-,-,0,-,-,-,51,10,31
Hawaii,N,NC,N,N,N,NC,N,N,-,2,-,2
Oregon,-,0,-,-,-,1,-,-,-,14,8,10
Washington,-,0,-,-,-,0,-,-,-,13,5,11
U.S. Territories,-,0,-,-,-,0,-,-,-,2,-,2
American Samoa,N,NC,N,N,N,NC,N,N,-,0,-,-
Commonwealth of Northern Mariana Islands,-,0,-,-,-,0,-,-,-,0,-,-
Guam,N,NC,N,N,N,NC,N,N,-,0,-,-
Puerto Rico,N,NC,N,N,N,NC,N,N,-,2,-,2
U.S. Virgin Islands,-,0,-,-,-,0,-,-,-,0,-,-
Non-U.S. Residents,-,0,-,-,-,0,-,-,-,1,-,-
Total,-,1,-,-,-,13,-,2,9,290,141,327
