Reporting Area,Meningococcal disease,Meningococcal disease,Meningococcal disease,Meningococcal disease
Reporting Area,All serogroups,All serogroups,All serogroups,All serogroups
Reporting Area,Current week,Previous 52 weeks Max †,Cum YTD 2023 †,Cum YTD 2022 †
"U.S. Residents, excluding U.S. Territories",4,11,119,106
New England,-,2,2,5
Connecticut,-,1,1,-
Maine,-,1,-,-
Massachusetts,-,2,1,5
New Hampshire,-,0,-,-
Rhode Island,-,0,-,-
Vermont,-,0,-,-
Middle Atlantic,-,5,14,22
New Jersey,-,1,-,3
New York (excluding New York City),-,3,5,5
New York City,-,2,7,8
Pennsylvania,-,1,2,6
East North Central,-,4,14,7
Illinois,-,1,5,-
Indiana,-,0,-,1
Michigan,-,2,4,2
Ohio,-,2,5,3
Wisconsin,-,0,-,1
West North Central,1,2,8,4
Iowa,-,2,5,1
Kansas,-,1,-,1
Minnesota,-,0,-,-
Missouri,1,2,3,2
Nebraska,-,1,-,-
North Dakota,-,1,-,-
South Dakota,-,1,-,-
South Atlantic,2,6,49,32
Delaware,-,0,-,-
District of Columbia,-,1,1,-
Florida,2,4,19,26
Georgia,-,0,-,-
Maryland,-,1,2,-
North Carolina,-,3,8,4
South Carolina,-,2,6,-
Virginia,-,3,13,2
West Virginia,-,1,-,-
East South Central,-,1,4,10
Alabama,-,1,-,1
Kentucky,-,1,1,2
Mississippi,-,1,1,1
Tennessee,-,1,2,6
West South Central,-,2,8,9
Arkansas,-,1,1,-
Louisiana,-,1,-,1
Oklahoma,-,1,2,2
Texas,-,2,5,6
Mountain,-,4,11,7
Arizona,-,2,4,2
Colorado,-,2,6,3
Idaho,-,1,-,1
Montana,-,0,-,-
Nevada,-,1,1,-
New Mexico,-,0,-,-
Utah,-,1,-,-
Wyoming,-,0,-,1
Pacific,1,2,9,10
Alaska,-,0,-,-
California,1,2,8,4
Hawaii,-,0,-,-
Oregon,-,1,1,5
Washington,-,1,-,1
U.S. Territories,-,0,-,-
American Samoa,-,0,-,-
Commonwealth of Northern Mariana Islands,-,0,-,-
Guam,-,0,-,-
Puerto Rico,-,0,-,-
U.S. Virgin Islands,-,0,-,-
Non-U.S. Residents,-,0,-,-
Total,4,11,119,106
