Reporting Area,Botulism,Botulism,Botulism,Botulism,Botulism,Botulism,Botulism,Botulism,Botulism,Botulism,Botulism,Botulism
Reporting Area,Foodborne,Foodborne,Foodborne,Foodborne,Infant,Infant,Infant,Infant,Other (wound & unspecified),Other (wound & unspecified),Other (wound & unspecified),Other (wound & unspecified)
Reporting Area,Current week,Previous 52 weeks Max †,Cum YTD 2022 †,Cum YTD 2021 †,Current week,Previous 52 weeks Max †,Cum YTD 2022 †,Cum YTD 2021 †,Current week,Previous 52 weeks Max †,Cum YTD 2022 †,Cum YTD 2021 †
"U.S. Residents, excluding U.S. Territories",-,2,1,3,-,9,9,16,-,2,-,4
New England,-,1,-,-,-,0,-,1,-,0,-,-
Connecticut,-,0,-,-,-,0,-,-,-,0,-,-
Maine,-,1,-,-,-,0,-,-,-,0,-,-
Massachusetts,-,0,-,-,-,0,-,-,-,0,-,-
New Hampshire,-,0,-,-,-,0,-,1,-,0,-,-
Rhode Island,-,0,-,-,-,0,-,-,-,0,-,-
Vermont,-,0,-,-,-,0,-,-,-,0,-,-
Middle Atlantic,-,0,-,-,-,3,1,4,-,0,-,-
New Jersey,-,0,-,-,-,1,-,-,-,0,-,-
New York (excluding New York City),-,0,-,-,-,0,-,2,-,0,-,-
New York City,-,0,-,-,-,1,-,-,-,0,-,-
Pennsylvania,-,0,-,-,-,3,1,2,-,0,-,-
East North Central,-,1,-,-,-,1,-,1,-,1,-,-
Illinois,-,0,-,-,-,1,-,-,-,0,-,-
Indiana,-,0,-,-,-,0,-,-,-,0,-,-
Michigan,-,1,-,-,-,0,-,-,-,1,-,-
Ohio,-,0,-,-,-,1,-,1,-,1,-,-
Wisconsin,-,0,-,-,-,1,-,-,-,0,-,-
West North Central,-,0,-,-,-,1,-,-,-,0,-,-
Iowa,-,0,-,-,-,1,-,-,-,0,-,-
Kansas,-,0,-,-,-,0,-,-,-,0,-,-
Minnesota,-,0,-,-,-,0,-,-,-,0,-,-
Missouri,-,0,-,-,-,1,-,-,-,0,-,-
Nebraska,-,0,-,-,-,0,-,-,-,0,-,-
North Dakota,-,0,-,-,-,0,-,-,-,0,-,-
South Dakota,-,0,-,-,-,0,-,-,-,0,-,-
South Atlantic,-,2,-,-,-,2,-,2,-,1,-,-
Delaware,-,0,-,-,-,0,-,1,-,0,-,-
District of Columbia,-,0,-,-,-,0,-,-,-,0,-,-
Florida,-,2,-,-,-,1,-,-,-,0,-,-
Georgia,-,0,-,-,-,0,-,-,-,0,-,-
Maryland,-,0,-,-,-,2,-,1,-,0,-,-
North Carolina,-,0,-,-,-,1,-,-,-,1,-,-
South Carolina,-,0,-,-,-,0,-,-,-,0,-,-
Virginia,-,0,-,-,-,1,-,-,-,0,-,-
West Virginia,-,0,-,-,-,2,-,-,-,0,-,-
East South Central,-,0,-,1,-,1,2,1,-,1,-,-
Alabama,-,0,-,-,-,0,-,-,-,0,-,-
Kentucky,-,0,-,1,-,1,1,1,-,1,-,-
Mississippi,-,0,-,-,-,0,-,-,-,0,-,-
Tennessee,-,0,-,-,-,1,1,-,-,0,-,-
West South Central,-,0,-,-,-,2,-,-,-,1,-,-
Arkansas,-,0,-,-,-,1,-,-,-,0,-,-
Louisiana,-,0,-,-,-,1,-,-,-,0,-,-
Oklahoma,-,0,-,-,-,0,-,-,-,0,-,-
Texas,-,0,-,-,-,2,-,-,-,1,-,-
Mountain,-,1,-,-,-,2,-,2,-,1,-,-
Arizona,-,1,-,-,-,1,-,-,-,0,-,-
Colorado,-,1,-,-,-,1,-,-,-,1,-,-
Idaho,-,0,-,-,-,0,-,2,-,0,-,-
Montana,-,0,-,-,-,0,-,-,-,0,-,-
Nevada,-,0,-,-,-,1,-,-,-,1,-,-
New Mexico,-,0,-,-,-,1,-,-,-,1,-,-
Utah,-,0,-,-,-,1,-,-,-,0,-,-
Wyoming,-,0,-,-,-,0,-,-,-,0,-,-
Pacific,-,2,1,2,-,6,6,5,-,2,-,4
Alaska,-,2,1,2,-,0,-,-,-,0,-,-
California,-,0,-,-,-,6,6,5,-,2,-,2
Hawaii,-,0,-,-,-,0,-,-,-,0,-,-
Oregon,-,0,-,-,-,0,-,-,-,1,-,2
Washington,-,0,-,-,-,1,-,-,-,0,-,-
U.S. Territories,-,0,-,-,-,0,-,-,-,0,-,-
American Samoa,-,0,-,-,-,0,-,-,-,0,-,-
Commonwealth of Northern Mariana Islands,-,0,-,-,-,0,-,-,-,0,-,-
Guam,-,0,-,-,-,0,-,-,-,0,-,-
Puerto Rico,-,0,-,-,-,0,-,-,-,0,-,-
U.S. Virgin Islands,-,0,-,-,-,0,-,-,-,0,-,-
Non-U.S. Residents,-,0,-,-,-,0,-,-,-,0,-,-
Total,-,2,1,3,-,9,9,16,-,2,-,4
