Reporting Area,Carbapenemase-producing carbapenem-resistant  Enterobacteriaceae,Carbapenemase-producing carbapenem-resistant  Enterobacteriaceae,Carbapenemase-producing carbapenem-resistant  Enterobacteriaceae,Carbapenemase-producing carbapenem-resistant  Enterobacteriaceae,Chancroid,Chancroid,Chancroid,Chancroid,Chlamydia trachomatis  infection §,Chlamydia trachomatis  infection §,Chlamydia trachomatis  infection §,Chlamydia trachomatis  infection §
Reporting Area,Current week,Previous 52 weeks Max †,Cum YTD 2022 †,Cum YTD 2021 †,Current week,Previous 52 weeks Max †,Cum YTD 2022 †,Cum YTD 2021 †,Current week,Previous 52 weeks Max †,Cum YTD 2022 †,Cum YTD 2021 †
"U.S. Residents, excluding U.S. Territories",7,73,1321,1279,-,1,5,6,13602,NC,893585,1082727
New England,-,3,9,4,-,1,-,1,70,NC,20585,33443
Connecticut,-,0,-,-,-,0,-,-,-,NC,-,8081
Maine,-,0,-,-,-,0,-,-,40,NC,1998,2267
Massachusetts,-,0,-,-,-,0,-,1,-,NC,13193,17504
New Hampshire,-,2,8,2,-,0,-,-,-,NC,1903,1908
Rhode Island,-,3,1,2,-,0,-,-,-,NC,2701,3160
Vermont,-,1,-,-,-,1,-,-,30,NC,790,523
Middle Atlantic,-,14,234,299,-,1,1,-,2549,NC,114999,124234
New Jersey,-,0,-,-,-,0,-,-,466,NC,14633,22252
New York (excluding New York City),-,0,-,-,-,1,1,-,862,NC,25075,26426
New York City,-,6,48,66,-,0,-,-,369,NC,40893,40483
Pennsylvania,-,12,186,233,-,0,-,-,852,NC,34398,35073
East North Central,-,11,192,205,-,0,-,1,597,NC,116548,155498
Illinois,-,0,-,-,-,0,-,-,61,NC,27073,47788
Indiana,-,9,125,106,-,0,-,-,-,NC,19398,20947
Michigan,-,5,53,83,-,0,-,1,147,NC,19705,29907
Ohio,-,0,-,-,-,0,-,-,-,NC,34037,37980
Wisconsin,-,3,14,16,-,0,-,-,389,NC,16335,18876
West North Central,-,3,30,32,-,0,-,-,947,NC,62177,66447
Iowa,-,3,20,17,-,0,-,-,50,NC,8626,8645
Kansas,-,0,-,-,-,0,-,-,141,NC,7882,10112
Minnesota,-,0,-,-,-,0,-,-,138,NC,14163,15069
Missouri,-,0,-,-,-,0,-,-,492,NC,20945,20819
Nebraska,-,0,-,-,-,0,-,-,110,NC,6218,6206
North Dakota,-,2,8,12,-,0,-,-,-,NC,2016,2622
South Dakota,-,1,2,3,-,0,-,-,16,NC,2327,2974
South Atlantic,-,28,198,310,-,0,-,-,3844,NC,204555,238198
Delaware,-,3,1,19,-,0,-,-,-,NC,3105,3089
District of Columbia,-,0,-,-,-,0,-,-,103,NC,5125,4469
Florida,N,NC,N,N,-,0,-,-,1532,NC,66290,68473
Georgia,-,12,33,67,-,0,-,-,799,NC,42540,43548
Maryland,-,0,-,-,-,0,-,-,-,NC,-,22728
North Carolina,-,8,71,123,-,0,-,-,6,NC,34002,41796
South Carolina,-,0,-,-,-,0,-,-,699,NC,23669,24464
Virginia,-,22,93,101,-,0,-,-,683,NC,27003,26144
West Virginia,-,0,-,-,-,0,-,-,22,NC,2821,3487
East South Central,-,2,5,-,-,0,-,-,1146,NC,62830,61204
Alabama,N,NC,N,N,-,0,-,-,624,NC,19758,20056
Kentucky,-,0,-,-,-,0,-,-,337,NC,11538,11179
Mississippi,-,2,5,-,-,0,-,-,185,NC,12209,3212
Tennessee,-,0,-,-,-,0,-,-,-,NC,19325,26757
West South Central,-,1,-,-,-,1,1,-,447,NC,93332,148548
Arkansas,-,0,-,-,-,0,-,-,166,NC,9628,11653
Louisiana,-,1,-,-,-,0,-,-,242,NC,23033,22955
Oklahoma,-,0,-,-,-,0,-,-,39,NC,7155,13642
Texas,-,0,-,-,-,1,1,-,-,NC,53516,100298
Mountain,5,17,233,132,-,0,-,-,1393,NC,69850,78795
Arizona,5,17,222,124,-,0,-,-,455,NC,26037,27523
Colorado,-,0,-,-,-,0,-,-,543,NC,15848,17903
Idaho,-,0,-,-,-,0,-,-,110,NC,3035,4120
Montana,-,0,-,-,-,0,-,-,40,NC,2602,2731
Nevada,-,1,-,3,-,0,-,-,2,NC,7497,9483
New Mexico,-,0,-,-,-,0,-,-,53,NC,6750,8142
Utah,-,3,11,5,-,0,-,-,162,NC,7277,7469
Wyoming,-,0,-,-,-,0,-,-,28,NC,804,1424
Pacific,2,25,420,297,-,1,3,4,2609,NC,148709,176360
Alaska,-,0,-,-,-,0,-,-,42,NC,3387,3642
California,-,23,287,210,-,0,-,1,1931,NC,122118,126661
Hawaii,-,1,-,-,-,0,-,-,-,NC,-,4242
Oregon,1,7,117,87,-,0,-,-,278,NC,10339,10253
Washington,1,2,16,-,-,1,3,3,358,NC,12865,31562
U.S. Territories,-,7,-,9,-,0,-,-,-,NC,538,2427
American Samoa,-,0,-,-,-,0,-,-,-,NC,-,-
Commonwealth of Northern Mariana Islands,-,0,-,-,-,0,-,-,-,NC,-,-
Guam,-,0,-,-,-,0,-,-,-,NC,-,-
Puerto Rico,-,7,-,9,-,0,-,-,-,NC,538,2427
U.S. Virgin Islands,-,0,-,-,-,0,-,-,-,NC,-,-
Non-U.S. Residents,-,0,-,-,-,0,-,-,1,NC,89,79
Total,7,73,1321,1288,-,1,5,6,13603,NC,894212,1085233
