Reporting Area,Severe acute respiratory syndrome-associated coronavirus disease,Severe acute respiratory syndrome-associated coronavirus disease,Severe acute respiratory syndrome-associated coronavirus disease,Severe acute respiratory syndrome-associated coronavirus disease,Shiga toxin-producing  Escherichia coli  (STEC),Shiga toxin-producing  Escherichia coli  (STEC),Shiga toxin-producing  Escherichia coli  (STEC),Shiga toxin-producing  Escherichia coli  (STEC),Shigellosis,Shigellosis,Shigellosis,Shigellosis
Reporting Area,Current week,Previous 52 weeks Max †,Cum YTD 2022 †,Cum YTD 2021 †,Current week,Previous 52 weeks Max †,Cum YTD 2022 †,Cum YTD 2021 †,Current week,Previous 52 weeks Max †,Cum YTD 2022 †,Cum YTD 2021 †
"U.S. Residents, excluding U.S. Territories",-,0,-,-,8,414,130,348,26,236,238,370
New England,-,0,-,-,-,16,1,10,-,12,4,8
Connecticut,-,0,-,-,-,7,-,1,-,6,-,3
Maine,-,0,-,-,-,3,-,1,-,2,-,-
Massachusetts,-,0,-,-,-,7,1,6,-,7,4,4
New Hampshire,-,0,-,-,-,2,-,-,-,3,-,-
Rhode Island,-,0,-,-,-,4,-,1,-,4,-,-
Vermont,-,0,-,-,-,1,-,1,-,1,-,1
Middle Atlantic,-,0,-,-,1,76,19,44,-,60,48,62
New Jersey,-,0,-,-,-,3,-,-,-,14,5,17
New York (excluding New York City),-,0,-,-,-,36,5,14,-,16,3,2
New York City,-,0,-,-,-,26,4,19,-,30,29,31
Pennsylvania,-,0,-,-,1,23,10,11,-,9,11,12
East North Central,-,0,-,-,-,52,21,52,11,22,23,39
Illinois,-,0,-,-,-,21,-,17,-,14,-,13
Indiana,-,0,-,-,-,3,-,6,-,1,-,3
Michigan,-,0,-,-,-,0,-,1,-,1,-,3
Ohio,-,0,-,-,-,18,20,15,11,11,22,15
Wisconsin,-,0,-,-,-,20,1,13,-,8,1,5
West North Central,-,0,-,-,3,67,17,36,1,21,10,17
Iowa,-,0,-,-,-,30,2,10,-,7,1,6
Kansas,-,0,-,-,-,15,-,8,-,8,-,2
Minnesota,-,0,-,-,-,0,-,-,-,0,-,-
Missouri,-,0,-,-,1,12,4,10,-,6,3,5
Nebraska,-,0,-,-,2,12,11,4,1,5,5,2
North Dakota,-,0,-,-,-,15,-,1,-,1,1,-
South Dakota,-,0,-,-,-,6,-,3,-,2,-,2
South Atlantic,-,0,-,-,-,68,19,73,-,43,13,45
Delaware,-,0,-,-,-,3,-,-,-,2,-,1
District of Columbia,-,0,-,-,-,1,-,-,-,2,-,5
Florida,-,0,-,-,-,23,10,21,-,30,7,20
Georgia,-,0,-,-,-,18,2,13,-,0,-,-
Maryland,-,0,-,-,-,16,-,12,-,7,-,3
North Carolina,-,0,-,-,-,10,-,7,-,6,-,5
South Carolina,-,0,-,-,-,4,-,2,-,4,1,2
Virginia,-,0,-,-,-,14,7,16,-,7,5,9
West Virginia,-,0,-,-,-,4,-,2,-,1,-,-
East South Central,-,0,-,-,1,33,13,14,-,12,9,12
Alabama,-,0,-,-,1,7,6,3,-,5,7,4
Kentucky,-,0,-,-,-,15,2,1,-,4,1,4
Mississippi,-,0,-,-,-,1,-,-,-,3,-,-
Tennessee,-,0,-,-,-,16,5,10,-,7,1,4
West South Central,-,0,-,-,3,43,12,14,8,26,23,20
Arkansas,-,0,-,-,-,8,5,7,-,3,-,2
Louisiana,-,0,-,-,-,6,-,2,4,6,13,6
Oklahoma,-,0,-,-,2,33,6,1,-,4,-,-
Texas,-,0,-,-,1,30,1,4,4,23,10,12
Mountain,-,0,-,-,-,61,13,46,-,33,27,34
Arizona,-,0,-,-,-,17,2,13,-,19,11,9
Colorado,-,0,-,-,-,28,7,11,-,14,9,11
Idaho,-,0,-,-,-,5,-,6,-,4,-,-
Montana,-,0,-,-,-,8,-,1,-,1,-,-
Nevada,-,0,-,-,-,5,1,2,-,6,-,6
New Mexico,-,0,-,-,-,5,1,1,-,9,7,4
Utah,-,0,-,-,-,12,-,8,-,4,-,4
Wyoming,-,0,-,-,-,5,2,4,-,1,-,-
Pacific,-,0,-,-,-,70,15,59,6,82,81,133
Alaska,-,0,-,-,-,2,-,1,-,1,-,-
California,-,0,-,-,-,58,9,45,1,75,27,88
Hawaii,-,0,-,-,-,2,-,-,-,3,1,1
Oregon,-,0,-,-,-,19,2,13,-,5,1,15
Washington,-,0,-,-,-,4,4,-,5,20,52,29
U.S. Territories,-,0,-,-,-,1,-,-,-,3,-,-
American Samoa,-,0,-,-,-,0,-,-,-,0,-,-
Commonwealth of Northern Mariana Islands,-,0,-,-,-,0,-,-,-,0,-,-
Guam,-,0,-,-,-,0,-,-,-,3,-,-
Puerto Rico,-,0,-,-,-,1,-,-,-,1,-,-
U.S. Virgin Islands,-,0,-,-,-,0,-,-,-,0,-,-
Non-U.S. Residents,-,0,-,-,-,1,-,-,-,0,-,-
Total,-,0,-,-,8,414,130,348,26,238,238,370
