Reporting Area,Coccidioidomycosis §,Coccidioidomycosis §,Coccidioidomycosis §,Coccidioidomycosis §
Reporting Area,Confirmed,Confirmed,Confirmed,Confirmed
Reporting Area,Current week,Previous 52 weeks Max †,Cum YTD 2023 †,Cum YTD 2022 †
"U.S. Residents, excluding U.S. Territories",168,535,168,355
New England,-,2,-,-
Connecticut,-,0,-,-
Maine,-,0,-,-
Massachusetts,-,0,-,-
New Hampshire,-,2,-,-
Rhode Island,-,1,-,-
Vermont,-,0,-,-
Middle Atlantic,-,0,-,-
New Jersey,-,0,-,-
New York (excluding New York City),-,0,-,-
New York City,-,0,-,-
Pennsylvania,-,0,-,-
East North Central,-,5,-,1
Illinois,-,0,-,-
Indiana,-,1,-,1
Michigan,-,4,-,-
Ohio,-,3,-,-
Wisconsin,-,1,-,-
West North Central,1,8,1,2
Iowa,-,0,-,-
Kansas,-,1,-,-
Minnesota,-,7,-,2
Missouri,1,2,1,-
Nebraska,-,2,-,-
North Dakota,-,1,-,-
South Dakota,-,1,-,-
South Atlantic,-,1,-,-
Delaware,-,0,-,-
District of Columbia,-,0,-,-
Florida,-,0,-,-
Georgia,-,0,-,-
Maryland,-,1,-,-
North Carolina,-,0,-,-
South Carolina,-,0,-,-
Virginia,-,0,-,-
West Virginia,-,0,-,-
East South Central,-,2,-,-
Alabama,-,0,-,-
Kentucky,-,2,-,-
Mississippi,-,0,-,-
Tennessee,-,0,-,-
West South Central,-,2,-,-
Arkansas,-,2,-,-
Louisiana,-,1,-,-
Oklahoma,-,0,-,-
Texas,-,0,-,-
Mountain,142,369,142,279
Arizona,142,358,142,263
Colorado,-,0,-,-
Idaho,-,0,-,-
Montana,-,2,-,1
Nevada,-,14,-,14
New Mexico,-,3,-,1
Utah,-,2,-,-
Wyoming,-,1,-,-
Pacific,25,191,25,73
Alaska,-,0,-,-
California,25,190,25,73
Hawaii,-,0,-,-
Oregon,-,1,-,-
Washington,-,0,-,-
U.S. Territories,-,0,-,-
American Samoa,-,0,-,-
Commonwealth of Northern Mariana Islands,-,0,-,-
Guam,-,0,-,-
Puerto Rico,-,0,-,-
U.S. Virgin Islands,-,0,-,-
Non-U.S. Residents,-,1,-,-
Total,168,535,168,355
