Reporting Area,Salmonellosis (excluding  Salmonella  Typhi infection and  Salmonella  Paratyphi infection) §,Salmonellosis (excluding  Salmonella  Typhi infection and  Salmonella  Paratyphi infection) §,Salmonellosis (excluding  Salmonella  Typhi infection and  Salmonella  Paratyphi infection) §,Salmonellosis (excluding  Salmonella  Typhi infection and  Salmonella  Paratyphi infection) §
Reporting Area,Current week,Previous 52 weeks Max †,Cum YTD 2023 †,Cum YTD 2022 †
"U.S. Residents, excluding U.S. Territories",346,1815,11442,12301
New England,55,109,508,507
Connecticut,-,22,74,91
Maine,1,9,27,33
Massachusetts,53,73,304,255
New Hampshire,-,12,43,74
Rhode Island,1,8,41,31
Vermont,-,9,19,23
Middle Atlantic,57,210,1391,1431
New Jersey,-,56,234,323
New York (excluding New York City),14,102,319,365
New York City,29,59,414,333
Pennsylvania,14,73,424,410
East North Central,50,211,1397,1507
Illinois,-,59,367,439
Indiana,-,38,49,197
Michigan,-,33,195,235
Ohio,39,57,501,315
Wisconsin,11,48,285,321
West North Central,18,108,749,736
Iowa,-,40,197,204
Kansas,6,20,128,125
Minnesota,-,0,-,-
Missouri,5,41,220,218
Nebraska,7,15,109,96
North Dakota,-,12,25,31
South Dakota,-,10,70,62
South Atlantic,49,572,3082,3330
Delaware,1,12,15,45
District of Columbia,-,2,8,1
Florida,-,240,1581,1665
Georgia,5,94,293,422
Maryland,12,54,284,172
North Carolina,-,105,284,462
South Carolina,13,76,245,248
Virginia,18,45,341,255
West Virginia,-,11,31,60
East South Central,17,167,616,837
Alabama,-,43,57,198
Kentucky,1,29,161,132
Mississippi,-,74,145,296
Tennessee,16,45,253,211
West South Central,41,369,1414,1564
Arkansas,8,32,97,99
Louisiana,-,65,253,210
Oklahoma,15,40,194,143
Texas,18,252,870,1112
Mountain,31,112,963,937
Arizona,18,47,340,230
Colorado,7,43,242,273
Idaho,-,12,92,63
Montana,-,8,40,42
Nevada,-,8,25,22
New Mexico,3,15,84,117
Utah,3,17,123,152
Wyoming,-,6,17,38
Pacific,28,178,1322,1452
Alaska,1,6,22,18
California,22,140,967,994
Hawaii,-,11,43,36
Oregon,5,23,160,160
Washington,-,29,130,244
U.S. Territories,1,17,68,120
American Samoa,-,0,-,-
Commonwealth of Northern Mariana Islands,-,0,-,-
Guam,-,0,-,-
Puerto Rico,1,17,68,117
U.S. Virgin Islands,-,1,-,3
Non-U.S. Residents,-,1,2,1
Total,347,1821,11512,12422
