Reporting Area,Campylobacteriosis,Campylobacteriosis,Campylobacteriosis,Campylobacteriosis
Reporting Area,Current week,Previous 52 weeks Max †,Cum YTD 2023 †,Cum YTD 2022 †
"U.S. Residents, excluding U.S. Territories",516,1672,12121,11564
New England,15,102,541,592
Connecticut,-,26,111,114
Maine,-,9,24,34
Massachusetts,8,55,273,309
New Hampshire,5,13,70,70
Rhode Island,2,12,42,43
Vermont,-,8,21,22
Middle Atlantic,90,238,1792,1921
New Jersey,-,58,252,417
New York (excluding New York City),13,49,216,411
New York City,54,88,880,606
Pennsylvania,23,84,444,487
East North Central,70,245,1375,1545
Illinois,-,80,413,501
Indiana,-,27,40,163
Michigan,4,50,215,268
Ohio,57,98,473,375
Wisconsin,9,47,234,238
West North Central,37,125,689,652
Iowa,21,40,239,209
Kansas,2,32,112,113
Minnesota,-,0,-,-
Missouri,7,36,193,190
Nebraska,6,21,79,89
North Dakota,-,10,14,24
South Dakota,1,19,52,27
South Atlantic,52,296,2231,2215
Delaware,-,9,7,44
District of Columbia,-,5,21,2
Florida,6,127,908,835
Georgia,-,42,205,368
Maryland,15,43,235,185
North Carolina,-,58,361,341
South Carolina,14,30,128,122
Virginia,17,48,327,242
West Virginia,-,18,39,76
East South Central,7,100,453,678
Alabama,1,33,18,163
Kentucky,-,39,158,195
Mississippi,1,22,60,123
Tennessee,5,40,217,197
West South Central,49,195,1159,881
Arkansas,3,31,119,80
Louisiana,1,32,146,133
Oklahoma,15,51,182,151
Texas,30,158,712,517
Mountain,44,146,816,916
Arizona,15,51,252,280
Colorado,16,42,176,238
Idaho,6,18,106,75
Montana,-,19,23,50
Nevada,-,12,30,60
New Mexico,2,28,87,68
Utah,1,26,112,109
Wyoming,4,7,30,36
Pacific,152,357,3065,2164
Alaska,1,9,22,22
California,131,254,2335,1516
Hawaii,7,30,154,91
Oregon,13,30,220,178
Washington,-,68,334,357
U.S. Territories,-,4,14,31
American Samoa,-,0,-,-
Commonwealth of Northern Mariana Islands,-,0,-,-
Guam,-,0,-,-
Puerto Rico,-,4,14,31
U.S. Virgin Islands,-,0,-,-
Non-U.S. Residents,-,2,1,1
Total,516,1673,12136,11596
