Reporting Area,Coccidioidomycosis §,Coccidioidomycosis §,Coccidioidomycosis §,Coccidioidomycosis §
Reporting Area,Confirmed,Confirmed,Confirmed,Confirmed
Reporting Area,Current week,Previous 52 weeks Max †,Cum YTD 2023 †,Cum YTD 2022 †
"U.S. Residents, excluding U.S. Territories",203,532,5878,7530
New England,-,1,2,4
Connecticut,N,NC,N,N
Maine,N,NC,N,N
Massachusetts,N,NC,N,N
New Hampshire,-,1,2,4
Rhode Island,-,1,-,-
Vermont,N,NC,N,N
Middle Atlantic,-,0,-,-
New Jersey,N,NC,N,N
New York (excluding New York City),N,NC,N,N
New York City,N,NC,N,N
Pennsylvania,N,NC,N,N
East North Central,-,5,22,39
Illinois,N,NC,N,N
Indiana,-,2,-,5
Michigan,-,2,4,23
Ohio,-,3,18,9
Wisconsin,-,1,-,2
West North Central,-,7,13,79
Iowa,N,NC,N,N
Kansas,-,1,-,3
Minnesota,-,6,6,62
Missouri,-,2,4,6
Nebraska,-,2,3,6
North Dakota,-,1,-,1
South Dakota,-,0,-,1
South Atlantic,-,1,1,1
Delaware,-,0,-,-
District of Columbia,N,NC,N,N
Florida,N,NC,N,N
Georgia,N,NC,N,N
Maryland,-,1,1,1
North Carolina,N,NC,N,N
South Carolina,N,NC,N,N
Virginia,N,NC,N,N
West Virginia,N,NC,N,N
East South Central,-,2,5,4
Alabama,-,1,2,1
Kentucky,-,2,3,3
Mississippi,N,NC,N,N
Tennessee,N,NC,N,N
West South Central,-,2,3,4
Arkansas,-,1,-,3
Louisiana,-,1,3,1
Oklahoma,N,NC,N,N
Texas,N,NC,N,N
Mountain,191,362,3565,4232
Arizona,189,355,3484,4108
Colorado,N,NC,N,N
Idaho,N,NC,N,N
Montana,-,2,4,12
Nevada,-,6,8,80
New Mexico,1,5,41,12
Utah,1,4,28,16
Wyoming,-,0,-,4
Pacific,12,195,2267,3167
Alaska,N,NC,N,N
California,12,195,2267,3165
Hawaii,N,NC,N,N
Oregon,-,1,-,2
Washington,N,NC,N,N
U.S. Territories,-,0,-,-
American Samoa,N,NC,N,N
Commonwealth of Northern Mariana Islands,-,0,-,-
Guam,-,0,-,-
Puerto Rico,N,NC,N,N
U.S. Virgin Islands,-,0,-,-
Non-U.S. Residents,-,0,-,1
Total,203,532,5878,7531
