Reporting Area,"Vibriosis (any species of the family  Vibrionaceae  , other than toxigenic  Vibrio  cholerae O1 or O139)","Vibriosis (any species of the family  Vibrionaceae  , other than toxigenic  Vibrio  cholerae O1 or O139)","Vibriosis (any species of the family  Vibrionaceae  , other than toxigenic  Vibrio  cholerae O1 or O139)","Vibriosis (any species of the family  Vibrionaceae  , other than toxigenic  Vibrio  cholerae O1 or O139)"
Reporting Area,Confirmed,Confirmed,Confirmed,Confirmed
Reporting Area,Current week,Previous 52 weeks Max †,Cum YTD 2023 †,Cum YTD 2022 †
"U.S. Residents, excluding U.S. Territories",2,84,58,92
New England,-,9,3,3
Connecticut,-,2,-,1
Maine,-,3,2,-
Massachusetts,-,7,-,1
New Hampshire,-,1,-,-
Rhode Island,-,2,1,-
Vermont,-,0,-,1
Middle Atlantic,-,8,1,15
New Jersey,-,3,-,1
New York (excluding New York City),-,3,-,4
New York City,-,3,-,8
Pennsylvania,-,4,1,2
East North Central,-,8,7,6
Illinois,-,3,1,3
Indiana,-,2,-,-
Michigan,-,2,-,1
Ohio,-,2,4,-
Wisconsin,-,2,2,2
West North Central,-,2,3,5
Iowa,N,NC,N,N
Kansas,-,0,-,-
Minnesota,-,0,-,-
Missouri,-,2,2,4
Nebraska,-,1,1,1
North Dakota,-,1,-,-
South Dakota,-,1,-,-
South Atlantic,1,35,29,24
Delaware,-,3,-,-
District of Columbia,-,1,-,-
Florida,-,32,18,16
Georgia,-,1,-,-
Maryland,-,6,4,2
North Carolina,-,3,1,2
South Carolina,-,3,4,3
Virginia,1,5,2,1
West Virginia,-,2,-,-
East South Central,-,5,2,2
Alabama,-,3,1,-
Kentucky,-,2,-,-
Mississippi,-,2,-,-
Tennessee,-,2,1,2
West South Central,-,10,3,9
Arkansas,-,2,2,-
Louisiana,-,6,-,3
Oklahoma,-,1,-,-
Texas,-,6,1,6
Mountain,-,7,1,8
Arizona,-,4,-,2
Colorado,-,4,-,3
Idaho,N,NC,N,N
Montana,-,1,1,-
Nevada,-,2,-,2
New Mexico,-,1,-,-
Utah,-,2,-,1
Wyoming,-,1,-,-
Pacific,1,22,9,20
Alaska,-,1,1,-
California,1,10,6,8
Hawaii,-,4,1,7
Oregon,-,6,1,2
Washington,-,10,-,3
U.S. Territories,-,0,-,-
American Samoa,N,NC,N,N
Commonwealth of Northern Mariana Islands,-,0,-,-
Guam,-,0,-,-
Puerto Rico,-,0,-,-
U.S. Virgin Islands,-,0,-,-
Non-U.S. Residents,-,0,-,-
Total,2,84,58,92
