Reporting Area,Babesiosis,Babesiosis,Babesiosis,Babesiosis
Reporting Area,Current week,Previous 52 weeks Max †,Cum YTD 2023 †,Cum YTD 2022 †
"U.S. Residents, excluding U.S. Territories",5,164,12,7
New England,-,73,2,3
Connecticut,-,1,-,-
Maine,-,17,-,-
Massachusetts,-,52,2,2
New Hampshire,-,4,-,1
Rhode Island,-,3,-,-
Vermont,-,5,-,-
Middle Atlantic,5,86,9,3
New Jersey,-,37,-,1
New York (excluding New York City),4,45,7,2
New York City,1,8,2,-
Pennsylvania,N,NC,N,N
East North Central,-,11,-,-
Illinois,-,1,-,-
Indiana,-,0,-,-
Michigan,-,3,-,-
Ohio,-,1,-,-
Wisconsin,-,9,-,-
West North Central,-,1,-,-
Iowa,-,1,-,-
Kansas,-,0,-,-
Minnesota,-,0,-,-
Missouri,-,0,-,-
Nebraska,-,0,-,-
North Dakota,-,0,-,-
South Dakota,-,0,-,-
South Atlantic,-,3,1,1
Delaware,-,0,-,-
District of Columbia,-,1,-,-
Florida,-,2,1,1
Georgia,N,NC,N,N
Maryland,-,2,-,-
North Carolina,-,0,-,-
South Carolina,-,1,-,-
Virginia,-,2,-,-
West Virginia,-,0,-,-
East South Central,-,1,-,-
Alabama,-,0,-,-
Kentucky,-,0,-,-
Mississippi,N,NC,N,N
Tennessee,-,1,-,-
West South Central,-,1,-,-
Arkansas,-,1,-,-
Louisiana,-,0,-,-
Oklahoma,N,NC,N,N
Texas,-,1,-,-
Mountain,-,1,-,-
Arizona,-,1,-,-
Colorado,N,NC,N,N
Idaho,N,NC,N,N
Montana,-,1,-,-
Nevada,N,NC,N,N
New Mexico,N,NC,N,N
Utah,-,0,-,-
Wyoming,-,0,-,-
Pacific,-,3,-,-
Alaska,N,NC,N,N
California,-,2,-,-
Hawaii,N,NC,N,N
Oregon,-,1,-,-
Washington,-,1,-,-
U.S. Territories,-,0,-,-
American Samoa,U,NC,U,U
Commonwealth of Northern Mariana Islands,-,0,-,-
Guam,-,0,-,-
Puerto Rico,N,NC,N,N
U.S. Virgin Islands,-,0,-,-
Non-U.S. Residents,-,1,-,-
Total,5,165,12,7
