Reporting Area,"Invasive pneumococcal disease, age <5 years §","Invasive pneumococcal disease, age <5 years §","Invasive pneumococcal disease, age <5 years §","Invasive pneumococcal disease, age <5 years §","Invasive pneumococcal disease, age <5 years §","Invasive pneumococcal disease, age <5 years §","Invasive pneumococcal disease, age <5 years §","Invasive pneumococcal disease, age <5 years §",Legionellosis,Legionellosis,Legionellosis,Legionellosis
Reporting Area,Confirmed,Confirmed,Confirmed,Confirmed,Probable,Probable,Probable,Probable,Legionellosis,Legionellosis,Legionellosis,Legionellosis
Reporting Area,Current week,Previous 52 weeks Max †,Cum YTD 2022 †,Cum YTD 2021 †,Current week,Previous 52 weeks Max †,Cum YTD 2022 †,Cum YTD 2021 †,Current week,Previous 52 weeks Max †,Cum YTD 2022 †,Cum YTD 2021 †
"U.S. Residents, excluding U.S. Territories",6,24,102,56,1,2,7,-,25,352,666,806
New England,-,2,1,4,-,0,-,-,1,35,31,41
Connecticut,-,1,1,2,-,0,-,-,-,9,4,6
Maine,-,1,-,1,-,0,-,-,-,5,-,-
Massachusetts,-,2,-,1,-,0,-,-,1,22,25,21
New Hampshire,-,1,-,-,-,0,-,-,-,6,2,5
Rhode Island,-,0,-,-,-,0,-,-,-,8,-,9
Vermont,-,0,-,-,-,0,-,-,-,1,-,-
Middle Atlantic,3,5,24,12,-,1,-,-,4,122,122,153
New Jersey,-,3,3,1,-,1,-,-,-,8,5,25
New York (excluding New York City),1,3,8,2,-,1,-,-,3,50,50,43
New York City,-,3,5,3,-,1,-,-,1,23,28,42
Pennsylvania,2,3,8,6,-,0,-,-,-,42,39,43
East North Central,1,6,15,8,1,2,1,-,9,161,151,158
Illinois,-,0,-,-,-,0,-,-,-,70,27,42
Indiana,-,2,4,2,-,0,-,-,-,15,16,14
Michigan,-,3,5,3,-,1,-,-,1,47,30,29
Ohio,-,3,2,3,1,2,1,-,8,49,68,60
Wisconsin,1,3,4,-,-,0,-,-,-,13,10,13
West North Central,-,2,10,5,-,1,1,-,1,18,32,41
Iowa,N,NC,N,N,N,NC,N,N,-,4,8,6
Kansas,-,0,-,-,-,0,-,-,-,5,-,4
Minnesota,-,0,-,-,-,0,-,-,1,10,16,14
Missouri,-,2,9,5,-,1,1,-,-,3,-,11
Nebraska,-,1,1,-,-,0,-,-,-,3,3,4
North Dakota,-,1,-,-,-,0,-,-,-,1,1,-
South Dakota,-,1,-,-,-,1,-,-,-,2,4,2
South Atlantic,-,6,14,11,-,2,4,-,1,50,131,175
Delaware,-,1,-,-,-,0,-,-,-,3,3,3
District of Columbia,-,0,-,-,-,0,-,-,-,0,-,-
Florida,-,5,12,4,-,2,4,-,-,18,101,88
Georgia,-,2,-,4,-,0,-,-,-,8,9,15
Maryland,-,1,-,1,-,0,-,-,-,15,-,15
North Carolina,N,NC,N,N,N,NC,N,N,-,11,4,24
South Carolina,-,2,2,-,-,1,-,-,1,6,8,12
Virginia,-,1,-,2,-,0,-,-,-,10,6,12
West Virginia,-,0,-,-,-,0,-,-,-,3,-,6
East South Central,-,4,10,5,-,1,1,-,2,22,44,55
Alabama,-,2,5,4,-,1,1,-,-,6,7,11
Kentucky,-,2,-,-,-,0,-,-,-,9,11,17
Mississippi,-,2,4,1,-,0,-,-,-,3,6,4
Tennessee,-,2,1,-,-,0,-,-,2,12,20,23
West South Central,-,8,8,9,-,1,-,-,-,23,20,27
Arkansas,-,2,1,3,-,0,-,-,-,5,2,4
Louisiana,-,3,3,1,-,0,-,-,-,4,6,2
Oklahoma,-,0,-,-,-,0,-,-,-,1,1,-
Texas,-,7,4,5,-,1,-,-,-,20,11,21
Mountain,2,5,17,2,-,1,-,-,3,14,59,46
Arizona,2,3,9,2,-,0,-,-,3,6,35,13
Colorado,-,2,4,-,-,0,-,-,-,5,9,15
Idaho,-,0,-,-,-,0,-,-,-,2,2,4
Montana,-,1,1,-,-,0,-,-,-,1,-,2
Nevada,-,1,-,-,-,0,-,-,-,2,6,6
New Mexico,-,1,2,-,-,0,-,-,-,2,-,1
Utah,-,2,1,-,-,1,-,-,-,3,7,3
Wyoming,-,1,-,-,-,0,-,-,-,1,-,2
Pacific,-,2,3,-,-,0,-,-,4,20,76,110
Alaska,-,1,3,-,-,0,-,-,1,1,2,1
California,N,NC,N,N,N,NC,N,N,2,18,51,75
Hawaii,-,1,-,-,-,0,-,-,-,2,5,5
Oregon,N,NC,N,N,N,NC,N,N,-,5,6,20
Washington,N,NC,N,N,N,NC,N,N,1,5,12,9
U.S. Territories,-,0,-,-,-,0,-,-,-,2,-,3
American Samoa,N,NC,N,N,N,NC,N,N,N,NC,N,N
Commonwealth of Northern Mariana Islands,-,0,-,-,-,0,-,-,-,0,-,-
Guam,-,0,-,-,-,0,-,-,-,1,-,-
Puerto Rico,-,0,-,-,-,0,-,-,-,2,-,2
U.S. Virgin Islands,-,0,-,-,-,0,-,-,-,0,-,1
Non-U.S. Residents,-,0,-,-,-,0,-,-,-,0,-,2
Total,6,24,102,56,1,2,7,-,25,352,666,811
