Reporting Area,Arboviral diseases,Arboviral diseases,Arboviral diseases,Arboviral diseases,Babesiosis,Babesiosis,Babesiosis,Babesiosis
Reporting Area,Western equine encephalitis virus disease,Western equine encephalitis virus disease,Western equine encephalitis virus disease,Western equine encephalitis virus disease,Babesiosis,Babesiosis,Babesiosis,Babesiosis
Reporting Area,Current week,Previous 52 weeks Max †,Cum YTD 2022 †,Cum YTD 2021 †,Current week,Previous 52 weeks Max †,Cum YTD 2022 †,Cum YTD 2021 †
"U.S. Residents, excluding U.S. Territories",-,1,1,-,23,117,1121,2098
New England,-,0,-,-,7,37,374,1066
Connecticut,-,0,-,-,-,3,1,130
Maine,-,0,-,-,7,17,148,153
Massachusetts,-,0,-,-,-,27,161,544
New Hampshire,-,0,-,-,-,3,7,67
Rhode Island,-,0,-,-,-,3,18,171
Vermont,-,0,-,-,-,5,39,1
Middle Atlantic,-,0,-,-,13,71,633,833
New Jersey,-,0,-,-,-,30,174,220
New York (excluding New York City),-,0,-,-,13,45,421,528
New York City,-,0,-,-,-,7,38,85
Pennsylvania,-,0,-,-,N,NC,N,N
East North Central,-,0,-,-,-,10,72,101
Illinois,-,0,-,-,-,1,1,7
Indiana,-,0,-,-,-,0,-,1
Michigan,-,0,-,-,-,3,10,1
Ohio,-,0,-,-,-,1,2,1
Wisconsin,-,0,-,-,-,9,59,91
West North Central,-,0,-,-,-,3,2,58
Iowa,-,0,-,-,-,1,2,5
Kansas,-,0,-,-,-,0,-,1
Minnesota,-,0,-,-,-,3,-,51
Missouri,-,0,-,-,-,0,-,-
Nebraska,-,0,-,-,-,0,-,-
North Dakota,-,0,-,-,-,0,-,-
South Dakota,-,0,-,-,-,0,-,1
South Atlantic,-,1,1,-,2,3,27,27
Delaware,-,0,-,-,-,1,-,2
District of Columbia,-,0,-,-,-,0,-,-
Florida,-,0,-,-,1,3,16,9
Georgia,-,0,-,-,N,NC,N,N
Maryland,-,0,-,-,1,1,4,9
North Carolina,-,0,-,-,-,0,-,-
South Carolina,-,1,1,-,-,1,-,1
Virginia,-,0,-,-,-,2,7,6
West Virginia,-,0,-,-,-,0,-,-
East South Central,-,0,-,-,-,1,-,4
Alabama,-,0,-,-,-,1,-,-
Kentucky,-,0,-,-,-,0,-,2
Mississippi,-,0,-,-,N,NC,N,N
Tennessee,-,0,-,-,-,0,-,2
West South Central,-,0,-,-,1,1,3,2
Arkansas,-,0,-,-,-,1,1,1
Louisiana,-,0,-,-,-,1,-,-
Oklahoma,-,0,-,-,N,NC,N,N
Texas,-,0,-,-,1,1,2,1
Mountain,-,0,-,-,-,1,3,2
Arizona,-,0,-,-,-,1,2,2
Colorado,-,0,-,-,N,NC,N,N
Idaho,-,0,-,-,N,NC,N,N
Montana,-,0,-,-,-,1,1,-
Nevada,-,0,-,-,N,NC,N,N
New Mexico,-,0,-,-,N,NC,N,N
Utah,-,0,-,-,-,0,-,-
Wyoming,-,0,-,-,-,0,-,-
Pacific,-,0,-,-,-,3,7,5
Alaska,-,0,-,-,N,NC,N,N
California,-,0,-,-,-,3,6,2
Hawaii,-,0,-,-,N,NC,N,N
Oregon,-,0,-,-,-,1,1,3
Washington,-,0,-,-,-,0,-,-
U.S. Territories,-,0,-,-,-,0,-,-
American Samoa,-,0,-,-,U,NC,U,U
Commonwealth of Northern Mariana Islands,-,0,-,-,-,0,-,-
Guam,-,0,-,-,-,0,-,-
Puerto Rico,-,0,-,-,N,NC,N,N
U.S. Virgin Islands,-,0,-,-,-,0,-,-
Non-U.S. Residents,-,0,-,-,-,1,1,-
Total,-,1,1,-,23,118,1122,2098
