Reporting Area,Cryptosporidiosis,Cryptosporidiosis,Cryptosporidiosis,Cryptosporidiosis
Reporting Area,Current week,Previous 52 weeks Max †,Cum YTD 2023 †,Cum YTD 2022 †
"U.S. Residents, excluding U.S. Territories",83,339,2025,2050
New England,2,19,76,73
Connecticut,-,4,7,9
Maine,-,4,4,8
Massachusetts,2,14,47,36
New Hampshire,-,4,6,5
Rhode Island,-,5,11,10
Vermont,-,4,1,5
Middle Atlantic,15,81,252,312
New Jersey,-,36,42,72
New York (excluding New York City),5,18,51,92
New York City,-,20,57,53
Pennsylvania,10,21,102,95
East North Central,15,74,365,390
Illinois,-,21,95,91
Indiana,-,5,20,34
Michigan,2,14,43,68
Ohio,11,23,134,104
Wisconsin,2,27,73,93
West North Central,6,42,187,198
Iowa,1,21,70,80
Kansas,3,5,24,18
Minnesota,-,0,-,-
Missouri,1,10,52,46
Nebraska,-,7,16,30
North Dakota,-,6,11,6
South Dakota,1,5,14,18
South Atlantic,19,84,489,392
Delaware,-,3,7,7
District of Columbia,-,2,8,-
Florida,2,20,167,106
Georgia,4,19,84,100
Maryland,1,12,36,19
North Carolina,-,16,65,59
South Carolina,3,10,47,30
Virginia,9,15,71,45
West Virginia,-,9,4,26
East South Central,2,29,102,125
Alabama,-,8,5,36
Kentucky,1,16,44,34
Mississippi,-,4,8,16
Tennessee,1,15,45,39
West South Central,2,40,134,156
Arkansas,1,7,8,12
Louisiana,-,7,39,45
Oklahoma,1,7,17,18
Texas,-,33,70,81
Mountain,9,32,139,158
Arizona,3,7,31,21
Colorado,1,12,31,63
Idaho,1,4,10,17
Montana,1,4,19,9
Nevada,-,4,-,3
New Mexico,-,4,5,11
Utah,3,10,43,31
Wyoming,-,4,-,3
Pacific,13,41,281,246
Alaska,-,1,3,1
California,11,32,193,157
Hawaii,-,1,6,2
Oregon,2,7,33,35
Washington,-,10,46,51
U.S. Territories,-,1,-,-
American Samoa,N,NC,N,N
Commonwealth of Northern Mariana Islands,-,0,-,-
Guam,-,0,-,-
Puerto Rico,-,1,-,-
U.S. Virgin Islands,-,0,-,-
Non-U.S. Residents,-,0,-,-
Total,83,339,2025,2050
