Reporting Area,Viral hemorrhagic fevers §,Viral hemorrhagic fevers §,Viral hemorrhagic fevers §,Viral hemorrhagic fevers §,Viral hemorrhagic fevers §,Viral hemorrhagic fevers §,Viral hemorrhagic fevers §,Viral hemorrhagic fevers §,Viral hemorrhagic fevers §,Viral hemorrhagic fevers §,Viral hemorrhagic fevers §,Viral hemorrhagic fevers §
Reporting Area,Lujo virus ¶,Lujo virus ¶,Lujo virus ¶,Lujo virus ¶,Machupo virus **,Machupo virus **,Machupo virus **,Machupo virus **,Marburg virus ††,Marburg virus ††,Marburg virus ††,Marburg virus ††
Reporting Area,Current week,Previous 52 weeks Max †,Cum YTD 2022 †,Cum YTD 2021 †,Current week,Previous 52 weeks Max †,Cum YTD 2022 †,Cum YTD 2021 †,Current week,Previous 52 weeks Max †,Cum YTD 2022 †,Cum YTD 2021 †
"U.S. Residents, excluding U.S. Territories",-,NC,-,-,-,NC,-,-,-,NC,-,-
New England,-,NC,-,-,-,NC,-,-,-,NC,-,-
Connecticut,-,NC,-,-,-,NC,-,-,-,NC,-,-
Maine,-,NC,-,-,-,NC,-,-,-,NC,-,-
Massachusetts,-,NC,-,-,-,NC,-,-,-,NC,-,-
New Hampshire,-,NC,-,-,-,NC,-,-,-,NC,-,-
Rhode Island,-,NC,-,-,-,NC,-,-,-,NC,-,-
Vermont,-,NC,-,-,-,NC,-,-,-,NC,-,-
Middle Atlantic,-,NC,-,-,-,NC,-,-,-,NC,-,-
New Jersey,-,NC,-,-,-,NC,-,-,-,NC,-,-
New York (excluding New York City),-,NC,-,-,-,NC,-,-,-,NC,-,-
New York City,-,NC,-,-,-,NC,-,-,-,NC,-,-
Pennsylvania,-,NC,-,-,-,NC,-,-,-,NC,-,-
East North Central,-,NC,-,-,-,NC,-,-,-,NC,-,-
Illinois,-,NC,-,-,-,NC,-,-,-,NC,-,-
Indiana,-,NC,-,-,-,NC,-,-,-,NC,-,-
Michigan,-,NC,-,-,-,NC,-,-,-,NC,-,-
Ohio,-,NC,-,-,-,NC,-,-,-,NC,-,-
Wisconsin,-,NC,-,-,-,NC,-,-,-,NC,-,-
West North Central,-,NC,-,-,-,NC,-,-,-,NC,-,-
Iowa,-,NC,-,-,-,NC,-,-,-,NC,-,-
Kansas,-,NC,-,-,-,NC,-,-,-,NC,-,-
Minnesota,-,NC,-,-,-,NC,-,-,-,NC,-,-
Missouri,-,NC,-,-,-,NC,-,-,-,NC,-,-
Nebraska,-,NC,-,-,-,NC,-,-,-,NC,-,-
North Dakota,-,NC,-,-,-,NC,-,-,-,NC,-,-
South Dakota,-,NC,-,-,-,NC,-,-,-,NC,-,-
South Atlantic,-,NC,-,-,-,NC,-,-,-,NC,-,-
Delaware,-,NC,-,-,-,NC,-,-,-,NC,-,-
District of Columbia,-,NC,-,-,-,NC,-,-,-,NC,-,-
Florida,-,NC,-,-,-,NC,-,-,-,NC,-,-
Georgia,-,NC,-,-,-,NC,-,-,-,NC,-,-
Maryland,-,NC,-,-,-,NC,-,-,-,NC,-,-
North Carolina,-,NC,-,-,-,NC,-,-,-,NC,-,-
South Carolina,-,NC,-,-,-,NC,-,-,-,NC,-,-
Virginia,-,NC,-,-,-,NC,-,-,-,NC,-,-
West Virginia,-,NC,-,-,-,NC,-,-,-,NC,-,-
East South Central,-,NC,-,-,-,NC,-,-,-,NC,-,-
Alabama,-,NC,-,-,-,NC,-,-,-,NC,-,-
Kentucky,-,NC,-,-,-,NC,-,-,-,NC,-,-
Mississippi,-,NC,-,-,-,NC,-,-,-,NC,-,-
Tennessee,-,NC,-,-,-,NC,-,-,-,NC,-,-
West South Central,-,NC,-,-,-,NC,-,-,-,NC,-,-
Arkansas,-,NC,-,-,-,NC,-,-,-,NC,-,-
Louisiana,-,NC,-,-,-,NC,-,-,-,NC,-,-
Oklahoma,-,NC,-,-,-,NC,-,-,-,NC,-,-
Texas,-,NC,-,-,-,NC,-,-,-,NC,-,-
Mountain,-,NC,-,-,-,NC,-,-,-,NC,-,-
Arizona,-,NC,-,-,-,NC,-,-,-,NC,-,-
Colorado,-,NC,-,-,-,NC,-,-,-,NC,-,-
Idaho,-,NC,-,-,-,NC,-,-,-,NC,-,-
Montana,-,NC,-,-,-,NC,-,-,-,NC,-,-
Nevada,-,NC,-,-,-,NC,-,-,-,NC,-,-
New Mexico,-,NC,-,-,-,NC,-,-,-,NC,-,-
Utah,-,NC,-,-,-,NC,-,-,-,NC,-,-
Wyoming,-,NC,-,-,-,NC,-,-,-,NC,-,-
Pacific,-,NC,-,-,-,NC,-,-,-,NC,-,-
Alaska,-,NC,-,-,-,NC,-,-,-,NC,-,-
California,-,NC,-,-,-,NC,-,-,-,NC,-,-
Hawaii,-,NC,-,-,-,NC,-,-,-,NC,-,-
Oregon,-,NC,-,-,-,NC,-,-,-,NC,-,-
Washington,-,NC,-,-,-,NC,-,-,-,NC,-,-
U.S. Territories,-,NC,-,-,-,NC,-,-,-,NC,-,-
American Samoa,-,NC,-,-,-,NC,-,-,-,NC,-,-
Commonwealth of Northern Mariana Islands,-,NC,-,-,-,NC,-,-,-,NC,-,-
Guam,-,NC,-,-,-,NC,-,-,-,NC,-,-
Puerto Rico,-,NC,-,-,-,NC,-,-,-,NC,-,-
U.S. Virgin Islands,-,NC,-,-,-,NC,-,-,-,NC,-,-
Non-U.S. Residents,-,NC,-,-,-,NC,-,-,-,NC,-,-
Total,-,NC,-,-,-,NC,-,-,-,NC,-,-
