Reporting Area,Chlamydia trachomatis  infection §,Chlamydia trachomatis  infection §,Chlamydia trachomatis  infection §,Chlamydia trachomatis  infection §
Reporting Area,Current week,Previous 52 weeks Max †,Cum YTD 2023 †,Cum YTD 2022 †
"U.S. Residents, excluding U.S. Territories",13735,32591,183252,232945
New England,79,1122,5129,7204
Connecticut,-,260,-,1458
Maine,54,81,408,484
Massachusetts,-,721,4045,3969
New Hampshire,-,93,-,430
Rhode Island,-,217,462,706
Vermont,25,37,214,157
Middle Atlantic,2297,4264,25843,27890
New Jersey,452,743,3613,5009
New York (excluding New York City),831,1499,5981,5135
New York City,193,1455,8079,9565
Pennsylvania,821,1180,8170,8181
East North Central,1968,4779,23873,34212
Illinois,78,1507,4640,10759
Indiana,570,828,3203,4936
Michigan,251,915,4263,6069
Ohio,642,1240,7913,8444
Wisconsin,427,561,3854,4004
West North Central,572,2157,11536,14575
Iowa,26,333,1625,2295
Kansas,69,317,673,2055
Minnesota,138,490,3206,3170
Missouri,333,730,4137,4383
Nebraska,-,218,1176,1413
North Dakota,-,92,142,559
South Dakota,6,124,577,700
South Atlantic,4025,6924,41414,48776
Delaware,114,216,901,742
District of Columbia,84,188,1205,1185
Florida,1548,2340,15469,14150
Georgia,902,1445,5819,11088
Maryland,U,NC,U,U
North Carolina,12,1350,6101,9753
South Carolina,620,1137,4881,5023
Virginia,735,982,6518,6200
West Virginia,10,121,520,635
East South Central,1181,2508,13096,15551
Alabama,529,701,4836,4608
Kentucky,326,523,2557,2357
Mississippi,147,526,2697,2838
Tennessee,179,1073,3006,5748
West South Central,370,4880,19931,34023
Arkansas,165,427,2314,2604
Louisiana,159,797,4944,5366
Oklahoma,46,464,1357,2759
Texas,-,3353,11316,23294
Mountain,866,2475,14072,16195
Arizona,407,920,5480,6157
Colorado,-,785,3697,3365
Idaho,73,186,753,728
Montana,56,112,528,560
Nevada,139,361,955,2313
New Mexico,11,262,763,1361
Utah,156,259,1654,1683
Wyoming,24,54,242,28
Pacific,2377,4844,28358,34519
Alaska,55,128,734,738
California,1739,3950,22025,28445
Hawaii,-,7,-,45
Oregon,232,358,2344,2518
Washington,351,569,3255,2773
U.S. Territories,-,109,113,436
American Samoa,-,0,-,-
Commonwealth of Northern Mariana Islands,-,0,-,-
Guam,-,0,-,-
Puerto Rico,-,109,113,436
U.S. Virgin Islands,-,0,-,-
Non-U.S. Residents,4,7,9,27
Total,13739,32658,183374,233408
