Reporting Area,Cryptosporidiosis,Cryptosporidiosis,Cryptosporidiosis,Cryptosporidiosis,Cyclosporiasis,Cyclosporiasis,Cyclosporiasis,Cyclosporiasis
Reporting Area,Current week,Previous 52 weeks Max †,Cum YTD 2022 †,Cum YTD 2021 †,Current week,Previous 52 weeks Max †,Cum YTD 2022 †,Cum YTD 2021 †
"U.S. Residents, excluding U.S. Territories",109,277,6047,5522,31,228,1891,2051
New England,8,17,256,268,-,9,59,69
Connecticut,-,4,25,35,-,3,17,27
Maine,2,4,33,43,-,1,1,2
Massachusetts,4,10,112,86,-,6,36,32
New Hampshire,-,3,19,44,-,1,2,5
Rhode Island,2,4,44,24,-,2,2,3
Vermont,-,4,23,36,-,1,1,-
Middle Atlantic,13,53,817,733,-,18,156,306
New Jersey,2,14,142,100,-,1,2,77
New York (excluding New York City),3,18,230,265,-,4,3,125
New York City,-,20,169,154,-,18,151,104
Pennsylvania,8,17,276,214,N,NC,N,N
East North Central,9,75,1049,1102,-,36,263,333
Illinois,-,18,247,192,-,29,157,123
Indiana,-,5,4,107,-,2,12,16
Michigan,-,13,155,154,-,5,25,32
Ohio,-,23,328,257,-,7,20,69
Wisconsin,9,39,315,392,-,9,49,93
West North Central,7,53,661,939,-,9,56,339
Iowa,1,24,290,281,-,4,23,84
Kansas,2,7,64,67,-,5,12,67
Minnesota,-,18,-,270,-,1,-,62
Missouri,4,10,143,126,-,4,15,74
Nebraska,-,5,73,70,-,2,5,27
North Dakota,-,5,30,28,-,0,-,9
South Dakota,-,5,61,97,-,1,1,16
South Atlantic,37,41,1021,807,23,118,732,496
Delaware,1,3,26,14,-,2,3,4
District of Columbia,-,1,-,4,-,0,-,-
Florida,16,20,374,197,20,74,433,224
Georgia,8,13,248,148,1,39,161,65
Maryland,6,7,80,42,1,4,28,36
North Carolina,-,11,-,173,-,1,-,102
South Carolina,-,8,80,55,1,14,60,26
Virginia,6,13,151,135,-,11,46,30
West Virginia,-,5,62,39,-,1,1,9
East South Central,6,25,437,386,-,7,22,40
Alabama,-,8,99,71,-,1,-,5
Kentucky,4,13,171,141,N,NC,N,N
Mississippi,-,5,43,19,N,NC,N,N
Tennessee,2,12,124,155,-,7,22,35
West South Central,2,53,534,386,5,60,406,229
Arkansas,1,6,60,38,-,2,6,11
Louisiana,-,11,105,51,1,7,41,27
Oklahoma,1,4,43,61,N,NC,N,N
Texas,-,51,326,236,4,56,359,191
Mountain,8,27,514,426,1,14,107,166
Arizona,1,8,74,65,-,3,10,19
Colorado,3,11,179,129,1,11,78,116
Idaho,-,4,44,55,N,NC,N,N
Montana,-,4,29,44,-,1,2,4
Nevada,-,3,16,13,N,NC,N,N
New Mexico,-,5,43,23,-,2,2,3
Utah,4,9,118,91,-,3,15,23
Wyoming,-,2,11,6,-,1,-,1
Pacific,19,34,758,475,2,9,90,73
Alaska,-,5,4,3,1,1,2,-
California,13,27,534,290,1,9,80,59
Hawaii,-,1,3,4,-,0,-,-
Oregon,1,5,62,91,-,1,7,14
Washington,5,9,155,87,-,1,1,-
U.S. Territories,-,1,-,-,-,0,-,1
American Samoa,N,NC,N,N,N,NC,N,N
Commonwealth of Northern Mariana Islands,-,0,-,-,-,0,-,-
Guam,-,0,-,-,-,0,-,-
Puerto Rico,-,1,-,-,-,0,-,1
U.S. Virgin Islands,-,0,-,-,-,0,-,-
Non-U.S. Residents,-,1,-,-,-,0,-,2
Total,109,277,6047,5522,31,228,1891,2054
