Reporting Area,Ehrlichiosis and Anaplasmosis,Ehrlichiosis and Anaplasmosis,Ehrlichiosis and Anaplasmosis,Ehrlichiosis and Anaplasmosis,Ehrlichiosis and Anaplasmosis,Ehrlichiosis and Anaplasmosis,Ehrlichiosis and Anaplasmosis,Ehrlichiosis and Anaplasmosis,Giardiasis,Giardiasis,Giardiasis,Giardiasis
Reporting Area,Ehrlichia ewingii  infection,Ehrlichia ewingii  infection,Ehrlichia ewingii  infection,Ehrlichia ewingii  infection,Undetermined ehrlichiosis/anaplasmosis,Undetermined ehrlichiosis/anaplasmosis,Undetermined ehrlichiosis/anaplasmosis,Undetermined ehrlichiosis/anaplasmosis,Giardiasis,Giardiasis,Giardiasis,Giardiasis
Reporting Area,Current week,Previous 52 weeks Max †,Cum YTD 2022 †,Cum YTD 2021 †,Current week,Previous 52 weeks Max †,Cum YTD 2022 †,Cum YTD 2021 †,Current week,Previous 52 weeks Max †,Cum YTD 2022 †,Cum YTD 2021 †
"U.S. Residents, excluding U.S. Territories",-,4,4,7,2,17,67,46,68,304,4797,4439
New England,-,0,-,-,-,1,1,3,6,31,438,267
Connecticut,N,NC,N,N,N,NC,N,N,-,8,49,51
Maine,-,0,-,-,-,0,-,-,-,8,35,48
Massachusetts,-,0,-,-,-,1,-,3,6,23,308,110
New Hampshire,-,0,-,-,-,1,-,-,-,8,19,39
Rhode Island,-,0,-,-,-,0,-,-,-,6,27,19
Vermont,-,0,-,-,-,1,1,-,N,NC,N,N
Middle Atlantic,-,1,-,1,-,15,43,15,22,89,1015,1005
New Jersey,-,0,-,1,-,0,-,-,-,11,-,143
New York (excluding New York City),-,1,-,-,-,1,3,-,8,65,343,300
New York City,-,0,-,-,-,1,-,-,14,29,484,350
Pennsylvania,-,0,-,-,-,14,40,15,-,17,188,212
East North Central,-,1,2,1,-,3,9,14,2,48,327,576
Illinois,-,0,-,-,-,1,-,1,N,NC,N,N
Indiana,-,1,-,-,-,0,-,-,-,1,2,2
Michigan,-,0,-,-,-,0,-,-,-,17,124,154
Ohio,-,0,-,-,-,1,1,-,-,14,72,222
Wisconsin,-,1,2,1,-,3,8,13,2,28,129,198
West North Central,-,3,2,4,2,8,7,10,1,21,251,331
Iowa,-,0,-,-,-,0,-,1,-,9,80,90
Kansas,-,0,-,-,-,0,-,1,-,9,35,59
Minnesota,-,0,-,-,-,3,-,5,-,0,-,-
Missouri,-,3,2,4,2,7,7,2,-,8,74,87
Nebraska,-,0,-,-,-,0,-,-,1,5,37,47
North Dakota,-,0,-,-,-,1,-,-,-,4,9,21
South Dakota,-,0,-,-,-,1,-,1,-,8,16,27
South Atlantic,-,0,-,1,-,1,1,2,10,50,849,745
Delaware,-,0,-,-,-,0,-,-,-,2,8,18
District of Columbia,-,0,-,-,-,0,-,-,-,0,-,5
Florida,-,0,-,-,-,0,-,-,-,38,537,294
Georgia,-,0,-,-,-,0,-,-,1,10,99,150
Maryland,-,0,-,1,-,0,-,-,4,11,49,56
North Carolina,-,0,-,-,-,0,-,-,N,NC,N,N
South Carolina,-,0,-,-,-,1,1,2,1,8,53,61
Virginia,-,0,-,-,-,0,-,-,4,17,91,128
West Virginia,-,0,-,-,-,1,-,-,-,4,12,33
East South Central,-,1,-,-,-,1,1,-,1,7,59,70
Alabama,-,0,-,-,-,1,1,-,1,7,59,70
Kentucky,-,1,-,-,-,0,-,-,N,NC,N,N
Mississippi,-,0,-,-,-,0,-,-,N,NC,N,N
Tennessee,-,1,-,-,-,1,-,-,N,NC,N,N
West South Central,-,0,-,-,-,0,-,-,-,21,147,128
Arkansas,-,0,-,-,-,0,-,-,-,10,54,48
Louisiana,-,0,-,-,-,0,-,-,-,16,93,80
Oklahoma,-,0,-,-,-,0,-,-,N,NC,N,N
Texas,-,0,-,-,-,0,-,-,N,NC,N,N
Mountain,-,0,-,-,-,0,-,-,11,38,459,432
Arizona,-,0,-,-,-,0,-,-,2,6,47,38
Colorado,N,NC,N,N,N,NC,N,N,6,19,213,171
Idaho,N,NC,N,N,N,NC,N,N,-,7,34,63
Montana,-,0,-,-,-,0,-,-,-,3,14,22
Nevada,-,0,-,-,-,0,-,-,-,4,28,25
New Mexico,N,NC,N,N,N,NC,N,N,-,3,20,13
Utah,-,0,-,-,-,0,-,-,3,11,89,87
Wyoming,-,0,-,-,-,0,-,-,-,3,14,13
Pacific,-,0,-,-,-,1,5,2,15,73,1252,885
Alaska,N,NC,N,N,N,NC,N,N,3,6,20,15
California,-,0,-,-,-,1,3,1,9,55,959,623
Hawaii,N,NC,N,N,N,NC,N,N,-,2,10,14
Oregon,-,0,-,-,-,1,2,1,2,14,165,141
Washington,-,0,-,-,-,0,-,-,1,13,98,92
U.S. Territories,-,0,-,-,-,0,-,-,-,2,4,14
American Samoa,N,NC,N,N,N,NC,N,N,-,0,-,-
Commonwealth of Northern Mariana Islands,-,0,-,-,-,0,-,-,-,0,-,-
Guam,N,NC,N,N,N,NC,N,N,-,0,-,-
Puerto Rico,N,NC,N,N,N,NC,N,N,-,2,4,14
U.S. Virgin Islands,-,0,-,-,-,0,-,-,-,0,-,-
Non-U.S. Residents,-,0,-,-,-,0,-,-,-,1,3,1
Total,-,4,4,7,2,17,67,46,68,304,4804,4454
