Reporting Area,"Haemophilus influenzae,  invasive disease","Haemophilus influenzae,  invasive disease","Haemophilus influenzae,  invasive disease","Haemophilus influenzae,  invasive disease"
Reporting Area,Age <5 years,Age <5 years,Age <5 years,Age <5 years
Reporting Area,Unknown serotype,Unknown serotype,Unknown serotype,Unknown serotype
Reporting Area,Current week,Previous 52 weeks Max †,Cum YTD 2023 †,Cum YTD 2022 †
"U.S. Residents, excluding U.S. Territories",6,14,114,128
New England,-,1,-,-
Connecticut,-,0,-,-
Maine,-,0,-,-
Massachusetts,-,1,-,-
New Hampshire,-,1,-,-
Rhode Island,-,1,-,-
Vermont,-,0,-,-
Middle Atlantic,1,2,12,12
New Jersey,-,2,-,3
New York (excluding New York City),-,2,5,-
New York City,1,1,4,6
Pennsylvania,-,1,3,3
East North Central,1,3,8,12
Illinois,-,2,2,-
Indiana,-,1,-,-
Michigan,-,2,1,10
Ohio,1,1,5,2
Wisconsin,-,1,-,-
West North Central,1,3,10,24
Iowa,-,0,-,-
Kansas,-,1,2,2
Minnesota,-,2,-,9
Missouri,1,2,5,10
Nebraska,-,1,3,2
North Dakota,-,1,-,-
South Dakota,-,1,-,1
South Atlantic,1,7,42,33
Delaware,-,1,-,1
District of Columbia,-,0,-,1
Florida,1,3,22,11
Georgia,-,2,5,10
Maryland,-,4,6,-
North Carolina,-,1,-,2
South Carolina,-,1,2,6
Virginia,-,1,5,2
West Virginia,-,1,2,-
East South Central,-,3,8,15
Alabama,-,2,3,9
Kentucky,-,2,3,4
Mississippi,-,1,-,-
Tennessee,-,1,2,2
West South Central,-,3,3,10
Arkansas,-,2,-,1
Louisiana,-,1,-,4
Oklahoma,-,1,1,-
Texas,-,2,2,5
Mountain,2,5,13,7
Arizona,-,1,2,-
Colorado,1,1,5,1
Idaho,1,1,3,-
Montana,-,1,-,-
Nevada,-,5,1,1
New Mexico,-,1,-,1
Utah,-,1,2,4
Wyoming,-,0,-,-
Pacific,-,4,18,15
Alaska,-,0,-,-
California,-,2,11,13
Hawaii,-,1,1,2
Oregon,-,1,-,-
Washington,-,3,6,-
U.S. Territories,-,1,1,-
American Samoa,-,0,-,-
Commonwealth of Northern Mariana Islands,-,0,-,-
Guam,-,0,-,-
Puerto Rico,-,1,1,-
U.S. Virgin Islands,-,0,-,-
Non-U.S. Residents,-,0,-,-
Total,6,14,115,128
