Reporting Area,"Vibriosis (any species of the family  Vibrionaceae  , other than toxigenic  Vibrio  cholerae O1 or O139)","Vibriosis (any species of the family  Vibrionaceae  , other than toxigenic  Vibrio  cholerae O1 or O139)","Vibriosis (any species of the family  Vibrionaceae  , other than toxigenic  Vibrio  cholerae O1 or O139)","Vibriosis (any species of the family  Vibrionaceae  , other than toxigenic  Vibrio  cholerae O1 or O139)","Vibriosis (any species of the family  Vibrionaceae  , other than toxigenic  Vibrio  cholerae O1 or O139)","Vibriosis (any species of the family  Vibrionaceae  , other than toxigenic  Vibrio  cholerae O1 or O139)","Vibriosis (any species of the family  Vibrionaceae  , other than toxigenic  Vibrio  cholerae O1 or O139)","Vibriosis (any species of the family  Vibrionaceae  , other than toxigenic  Vibrio  cholerae O1 or O139)"
Reporting Area,Confirmed,Confirmed,Confirmed,Confirmed,Probable,Probable,Probable,Probable
Reporting Area,Current week,Previous 52 weeks Max †,Cum YTD 2022 †,Cum YTD 2021 †,Current week,Previous 52 weeks Max †,Cum YTD 2022 †,Cum YTD 2021 †
"U.S. Residents, excluding U.S. Territories",15,72,428,692,8,40,545,520
New England,3,11,34,46,-,6,20,40
Connecticut,-,3,1,11,-,3,4,18
Maine,1,2,3,3,-,1,1,1
Massachusetts,2,6,27,28,-,3,13,18
New Hampshire,-,1,1,-,-,1,2,1
Rhode Island,-,1,1,4,-,1,-,-
Vermont,-,1,1,-,-,2,-,2
Middle Atlantic,2,14,35,60,-,8,62,80
New Jersey,-,3,4,7,-,4,6,5
New York (excluding New York City),-,7,13,21,-,3,23,24
New York City,-,4,10,18,-,4,16,33
Pennsylvania,2,4,8,14,-,3,17,18
East North Central,-,6,27,35,-,8,74,59
Illinois,-,4,10,13,-,3,21,18
Indiana,-,2,4,5,-,2,3,6
Michigan,-,2,3,7,-,2,12,4
Ohio,-,4,4,9,-,4,21,30
Wisconsin,-,2,6,1,-,4,17,1
West North Central,-,3,12,12,-,6,21,26
Iowa,N,NC,N,N,N,NC,N,N
Kansas,-,1,-,1,-,2,6,7
Minnesota,-,0,-,-,-,0,-,-
Missouri,-,1,8,3,-,3,4,4
Nebraska,-,2,2,4,-,3,8,13
North Dakota,-,1,1,3,-,1,3,1
South Dakota,-,1,1,1,-,1,-,1
South Atlantic,6,17,153,223,-,12,122,108
Delaware,-,3,4,12,-,1,-,6
District of Columbia,-,0,-,-,-,0,-,-
Florida,5,11,102,112,-,6,44,27
Georgia,-,2,-,24,-,4,28,12
Maryland,-,6,12,24,-,6,21,21
North Carolina,-,4,-,17,-,2,-,16
South Carolina,-,3,15,7,-,2,5,4
Virginia,1,5,19,25,-,4,21,11
West Virginia,-,1,1,2,-,4,3,11
East South Central,-,6,15,30,1,4,26,30
Alabama,-,3,8,12,-,2,12,4
Kentucky,-,2,-,7,1,2,8,14
Mississippi,-,1,2,3,-,0,-,-
Tennessee,-,5,5,8,-,1,6,12
West South Central,2,9,54,39,4,12,104,26
Arkansas,-,1,2,-,-,1,2,1
Louisiana,-,4,19,28,2,3,33,19
Oklahoma,-,0,-,1,-,1,4,-
Texas,2,9,33,10,2,11,65,6
Mountain,-,8,36,40,2,5,45,43
Arizona,-,4,9,6,-,3,17,13
Colorado,-,4,19,16,2,2,19,18
Idaho,N,NC,N,N,N,NC,N,N
Montana,-,1,-,1,-,1,1,1
Nevada,-,1,2,1,-,1,1,1
New Mexico,-,0,-,3,-,0,-,-
Utah,-,1,5,13,-,1,5,10
Wyoming,-,1,1,-,-,1,2,-
Pacific,2,21,62,207,1,13,71,108
Alaska,1,1,2,3,-,1,2,2
California,1,13,32,78,1,9,40,60
Hawaii,-,2,15,16,-,1,1,1
Oregon,-,4,5,23,-,1,1,9
Washington,-,6,8,87,-,3,27,36
U.S. Territories,-,0,-,-,-,0,-,-
American Samoa,N,NC,N,N,N,NC,N,N
Commonwealth of Northern Mariana Islands,-,0,-,-,-,0,-,-
Guam,-,0,-,-,-,0,-,-
Puerto Rico,-,0,-,-,-,0,-,-
U.S. Virgin Islands,-,0,-,-,-,0,-,-
Non-U.S. Residents,-,0,-,-,-,0,-,-
Total,15,72,428,692,8,40,545,520
