Reporting Area,Salmonella  Paratyphi infection §,Salmonella  Paratyphi infection §,Salmonella  Paratyphi infection §,Salmonella  Paratyphi infection §,Salmonella  Typhi infection ¶,Salmonella  Typhi infection ¶,Salmonella  Typhi infection ¶,Salmonella  Typhi infection ¶,Salmonellosis (excluding  Salmonella  Typhi infection and  Salmonella  Paratyphi infection) **,Salmonellosis (excluding  Salmonella  Typhi infection and  Salmonella  Paratyphi infection) **,Salmonellosis (excluding  Salmonella  Typhi infection and  Salmonella  Paratyphi infection) **,Salmonellosis (excluding  Salmonella  Typhi infection and  Salmonella  Paratyphi infection) **
Reporting Area,Current week,Previous 52 weeks Max †,Cum YTD 2022 †,Cum YTD 2021 †,Current week,Previous 52 weeks Max †,Cum YTD 2022 †,Cum YTD 2021 †,Current week,Previous 52 weeks Max †,Cum YTD 2022 †,Cum YTD 2021 †
"U.S. Residents, excluding U.S. Territories",1,5,57,44,3,17,177,140,617,1456,24633,27399
New England,-,1,3,5,-,2,12,8,41,103,1264,1225
Connecticut,-,1,1,3,-,1,5,6,5,17,214,277
Maine,-,0,-,-,-,0,-,-,5,8,85,104
Massachusetts,-,1,1,2,-,1,7,2,30,74,706,564
New Hampshire,-,1,1,-,-,1,-,-,-,9,126,121
Rhode Island,-,0,-,-,-,0,-,-,1,8,80,82
Vermont,-,0,-,-,-,0,-,-,-,9,53,77
Middle Atlantic,-,2,13,9,2,5,53,28,89,175,2576,3096
New Jersey,-,0,-,3,-,3,13,9,-,48,167,699
New York (excluding New York City),-,1,6,3,1,3,13,4,15,49,647,786
New York City,-,2,4,2,-,3,20,8,38,53,789,692
Pennsylvania,-,1,3,1,1,1,7,7,36,66,973,919
East North Central,-,3,7,5,-,4,29,15,18,221,2618,3491
Illinois,-,3,5,3,-,3,15,10,-,123,761,1118
Indiana,-,0,-,-,-,0,-,-,-,26,6,428
Michigan,-,1,1,1,-,1,6,3,1,29,406,553
Ohio,-,1,1,1,-,2,8,2,-,57,803,778
Wisconsin,-,0,-,-,-,0,-,-,17,47,642,614
West North Central,-,2,5,2,-,1,1,5,13,132,1474,2333
Iowa,-,1,1,1,-,0,-,-,-,40,442,468
Kansas,-,0,-,-,-,0,-,1,3,27,214,295
Minnesota,-,0,-,1,-,1,-,2,-,33,-,680
Missouri,-,0,-,-,-,1,-,1,10,40,459,488
Nebraska,-,2,4,-,-,0,-,1,-,19,179,193
North Dakota,-,0,-,-,-,0,-,-,-,7,65,70
South Dakota,-,0,-,-,-,1,1,-,-,13,115,139
South Atlantic,1,3,7,5,1,3,22,19,246,501,6938,8261
Delaware,-,0,-,-,-,1,-,1,1,12,98,118
District of Columbia,-,0,-,-,-,0,-,-,-,1,1,11
Florida,-,1,2,2,-,1,7,3,145,221,3793,3423
Georgia,-,0,-,-,-,0,-,-,13,79,1012,1338
Maryland,-,3,-,1,1,1,4,7,21,44,385,424
North Carolina,-,0,-,-,-,1,-,4,-,88,-,1326
South Carolina,-,0,-,-,-,1,1,-,46,77,890,824
Virginia,1,2,5,2,-,3,10,4,20,76,686,655
West Virginia,-,0,-,-,-,0,-,-,-,11,73,142
East South Central,-,2,6,-,-,2,3,3,34,125,2028,1922
Alabama,-,1,2,-,-,2,-,2,5,41,574,493
Kentucky,-,1,2,-,-,1,2,-,1,26,352,291
Mississippi,-,0,-,-,-,0,-,-,2,36,522,623
Tennessee,-,1,2,-,-,1,1,1,26,41,580,515
West South Central,-,3,1,2,-,2,13,9,79,370,3334,2744
Arkansas,-,2,-,1,-,0,-,1,18,30,325,263
Louisiana,-,0,-,1,-,0,-,-,40,57,717,435
Oklahoma,-,0,-,-,-,1,1,1,20,77,412,338
Texas,-,1,1,-,-,2,12,7,1,337,1880,1708
Mountain,-,1,2,6,-,3,9,12,64,88,1729,1731
Arizona,-,1,1,-,-,2,3,6,42,47,571,497
Colorado,-,1,1,-,-,1,2,3,15,42,556,561
Idaho,-,0,-,5,-,1,-,-,-,8,25,122
Montana,-,0,-,-,-,0,-,-,-,7,34,76
Nevada,-,0,-,-,-,0,-,1,-,4,24,40
New Mexico,-,0,-,-,-,1,-,2,2,15,197,174
Utah,-,0,-,1,-,2,4,-,5,15,268,212
Wyoming,-,0,-,-,-,0,-,-,-,6,54,49
Pacific,-,2,13,10,-,4,35,41,33,127,2672,2596
Alaska,-,0,-,-,-,0,-,-,1,4,35,12
California,-,2,9,6,-,4,33,40,16,100,1831,1889
Hawaii,-,0,-,3,-,0,-,-,1,5,49,73
Oregon,-,0,-,-,-,1,2,-,6,17,300,199
Washington,-,1,4,1,-,0,-,1,9,24,457,423
U.S. Territories,-,0,-,7,-,0,-,3,-,16,198,302
American Samoa,-,0,-,-,-,0,-,-,-,0,-,-
Commonwealth of Northern Mariana Islands,-,0,-,4,-,0,-,-,-,1,-,-
Guam,-,0,-,3,-,0,-,3,-,2,-,16
Puerto Rico,-,0,-,-,-,0,-,-,-,16,198,284
U.S. Virgin Islands,-,0,-,-,-,0,-,-,-,1,-,2
Non-U.S. Residents,-,0,-,-,-,0,-,1,1,1,2,2
Total,1,5,57,51,3,17,177,144,618,1466,24833,27703
