Reporting Area,Coccidioidomycosis §,Coccidioidomycosis §,Coccidioidomycosis §,Coccidioidomycosis §
Reporting Area,Total,Total,Total,Total
Reporting Area,Current week,Previous 52 weeks Max †,Cum YTD 2023 †,Cum YTD 2022 †
"U.S. Residents, excluding U.S. Territories",208,NC,1473,2202
New England,-,NC,1,1
Connecticut,N,NC,N,N
Maine,N,NC,N,N
Massachusetts,N,NC,N,N
New Hampshire,-,NC,1,1
Rhode Island,-,NC,-,-
Vermont,N,NC,N,N
Middle Atlantic,-,NC,-,-
New Jersey,N,NC,N,N
New York (excluding New York City),N,NC,N,N
New York City,N,NC,N,N
Pennsylvania,N,NC,N,N
East North Central,-,NC,2,5
Illinois,N,NC,N,N
Indiana,-,NC,-,1
Michigan,-,NC,2,4
Ohio,U,NC,U,U
Wisconsin,-,NC,-,-
West North Central,-,NC,2,9
Iowa,N,NC,N,N
Kansas,-,NC,-,-
Minnesota,-,NC,-,6
Missouri,-,NC,1,1
Nebraska,-,NC,1,1
North Dakota,-,NC,-,1
South Dakota,-,NC,-,-
South Atlantic,-,NC,-,-
Delaware,-,NC,-,-
District of Columbia,N,NC,N,N
Florida,N,NC,N,N
Georgia,N,NC,N,N
Maryland,-,NC,-,-
North Carolina,N,NC,N,N
South Carolina,N,NC,N,N
Virginia,N,NC,N,N
West Virginia,N,NC,N,N
East South Central,-,NC,2,1
Alabama,-,NC,1,-
Kentucky,-,NC,1,1
Mississippi,N,NC,N,N
Tennessee,N,NC,N,N
West South Central,-,NC,2,-
Arkansas,-,NC,-,-
Louisiana,-,NC,2,-
Oklahoma,N,NC,N,N
Texas,N,NC,N,N
Mountain,154,NC,982,1315
Arizona,154,357,974,1278
Colorado,N,NC,N,N
Idaho,N,NC,N,N
Montana,-,NC,1,5
Nevada,-,NC,5,27
New Mexico,-,NC,1,2
Utah,-,NC,1,3
Wyoming,-,NC,-,-
Pacific,54,NC,482,871
Alaska,N,NC,N,N
California,53,195,479,871
Hawaii,N,NC,N,N
Oregon,1,NC,3,-
Washington,N,NC,N,N
U.S. Territories,-,NC,-,-
American Samoa,N,NC,N,N
Commonwealth of Northern Mariana Islands,-,NC,-,-
Guam,-,NC,-,-
Puerto Rico,N,NC,N,N
U.S. Virgin Islands,-,NC,-,-
Non-U.S. Residents,-,NC,-,-
Total,208,NC,1473,2202
