Reporting Area,Vancomycin-intermediate  Staphylococcus aureus,Vancomycin-intermediate  Staphylococcus aureus,Vancomycin-intermediate  Staphylococcus aureus,Vancomycin-intermediate  Staphylococcus aureus,Vancomycin-resistant  Staphylococcus aureus  §,Vancomycin-resistant  Staphylococcus aureus  §,Vancomycin-resistant  Staphylococcus aureus  §,Vancomycin-resistant  Staphylococcus aureus  §,Varicella morbidity,Varicella morbidity,Varicella morbidity,Varicella morbidity
Reporting Area,Current week,Previous 52 weeks Max †,Cum YTD 2022 †,Cum YTD 2021 †,Current week,Previous 52 weeks Max †,Cum YTD 2022 †,Cum YTD 2021 †,Current week,Previous 52 weeks Max †,Cum YTD 2022 †,Cum YTD 2021 †
"U.S. Residents, excluding U.S. Territories",1,4,28,51,-,2,-,1,20,108,2159,1812
New England,-,1,2,1,-,0,-,-,1,12,160,171
Connecticut,-,1,1,-,-,0,-,-,1,5,41,21
Maine,-,0,-,-,-,0,-,-,-,2,19,48
Massachusetts,-,1,1,1,-,0,-,-,-,5,57,68
New Hampshire,N,NC,N,N,-,0,-,-,-,8,18,7
Rhode Island,-,0,-,-,-,0,-,-,-,3,16,19
Vermont,-,0,-,-,-,0,-,-,-,4,9,8
Middle Atlantic,1,2,10,4,-,2,-,-,3,16,136,192
New Jersey,-,0,-,-,-,0,-,-,1,5,1,86
New York (excluding New York City),-,2,6,1,-,2,-,-,N,NC,N,N
New York City,-,0,-,1,-,0,-,-,-,0,-,-
Pennsylvania,1,1,4,2,-,0,-,-,2,14,135,106
East North Central,-,2,3,9,-,0,-,1,4,32,510,458
Illinois,-,0,-,1,-,0,-,-,1,10,120,102
Indiana,N,NC,N,N,-,0,-,-,-,10,91,77
Michigan,-,1,1,4,-,0,-,1,-,9,43,56
Ohio,-,2,2,4,-,0,-,-,-,11,135,123
Wisconsin,-,0,-,-,-,0,-,-,3,13,121,100
West North Central,-,3,11,25,-,0,-,-,1,17,169,158
Iowa,-,0,-,-,-,0,-,-,N,NC,N,N
Kansas,-,0,-,4,-,0,-,-,-,0,-,-
Minnesota,-,0,-,-,-,0,-,-,-,12,91,91
Missouri,-,3,11,21,-,0,-,-,1,7,56,46
Nebraska,-,0,-,-,-,0,-,-,-,2,5,9
North Dakota,-,0,-,-,-,0,-,-,-,1,9,5
South Dakota,N,NC,N,N,-,0,-,-,-,1,8,7
South Atlantic,-,1,1,6,-,0,-,-,5,35,524,360
Delaware,-,0,-,-,-,0,-,-,-,3,6,22
District of Columbia,N,NC,N,N,N,NC,N,N,-,1,3,3
Florida,-,0,-,1,-,0,-,-,5,20,292,206
Georgia,-,0,-,-,-,0,-,-,-,7,75,45
Maryland,-,0,-,-,-,0,-,-,N,NC,N,N
North Carolina,-,1,1,5,-,0,-,-,-,7,-,13
South Carolina,-,0,-,-,-,0,-,-,-,15,77,18
Virginia,-,0,-,-,-,0,-,-,-,14,71,53
West Virginia,-,0,-,-,-,0,-,-,N,NC,N,N
East South Central,-,1,1,1,-,1,-,-,2,6,71,62
Alabama,-,0,-,1,-,1,-,-,2,6,47,32
Kentucky,N,NC,N,N,N,NC,N,N,-,4,17,27
Mississippi,-,1,1,-,-,0,-,-,-,3,7,3
Tennessee,-,0,-,-,-,0,-,-,N,NC,N,N
West South Central,-,1,-,3,-,0,-,-,1,33,269,211
Arkansas,-,0,-,-,-,0,-,-,-,4,27,19
Louisiana,-,0,-,-,-,0,-,-,1,4,25,19
Oklahoma,-,0,-,-,-,0,-,-,N,NC,N,N
Texas,-,1,-,3,-,0,-,-,-,31,217,173
Mountain,-,1,-,2,-,0,-,-,3,22,284,166
Arizona,-,1,-,2,-,0,-,-,1,8,112,61
Colorado,-,0,-,-,-,0,-,-,2,14,88,38
Idaho,N,NC,N,N,N,NC,N,N,N,NC,N,N
Montana,-,0,-,-,-,0,-,-,-,4,13,7
Nevada,-,0,-,-,-,0,-,-,N,NC,N,N
New Mexico,N,NC,N,N,N,NC,N,N,-,3,23,10
Utah,-,0,-,-,-,0,-,-,-,5,45,44
Wyoming,-,0,-,-,-,0,-,-,-,2,3,6
Pacific,-,0,-,-,-,0,-,-,-,4,36,34
Alaska,N,NC,N,N,-,0,-,-,-,2,13,10
California,N,NC,N,N,N,NC,N,N,-,1,11,12
Hawaii,-,0,-,-,-,0,-,-,-,4,12,12
Oregon,N,NC,N,N,N,NC,N,N,N,NC,N,N
Washington,N,NC,N,N,-,0,-,-,N,NC,N,N
U.S. Territories,-,0,-,-,-,0,-,1,-,0,-,-
American Samoa,N,NC,N,N,N,NC,N,N,N,NC,N,N
Commonwealth of Northern Mariana Islands,-,0,-,-,-,0,-,-,-,0,-,-
Guam,-,0,-,-,-,0,-,1,-,0,-,-
Puerto Rico,-,0,-,-,-,0,-,-,-,0,-,-
U.S. Virgin Islands,-,0,-,-,-,0,-,-,-,0,-,-
Non-U.S. Residents,-,0,-,-,-,0,-,-,-,0,-,-
Total,1,4,28,51,-,2,-,2,20,108,2159,1812
