Reporting Area,Cryptosporidiosis,Cryptosporidiosis,Cryptosporidiosis,Cryptosporidiosis
Reporting Area,Current week,Previous 52 weeks Max †,Cum YTD 2023 †,Cum YTD 2022 †
"U.S. Residents, excluding U.S. Territories",72,325,72,108
New England,-,19,-,3
Connecticut,-,4,-,-
Maine,-,3,-,-
Massachusetts,-,11,-,3
New Hampshire,-,4,-,-
Rhode Island,-,5,-,-
Vermont,-,4,-,-
Middle Atlantic,7,79,7,14
New Jersey,1,36,1,1
New York (excluding New York City),-,18,-,1
New York City,1,20,1,3
Pennsylvania,5,19,5,9
East North Central,13,72,13,21
Illinois,-,21,-,2
Indiana,-,5,-,3
Michigan,2,13,2,6
Ohio,9,23,9,3
Wisconsin,2,27,2,7
West North Central,6,41,6,11
Iowa,3,20,3,4
Kansas,-,5,-,2
Minnesota,-,0,-,-
Missouri,2,10,2,1
Nebraska,1,6,1,3
North Dakota,-,6,-,1
South Dakota,-,5,-,-
South Atlantic,27,79,27,23
Delaware,-,3,-,-
District of Columbia,-,0,-,-
Florida,13,20,13,9
Georgia,6,17,6,9
Maryland,1,12,1,-
North Carolina,-,16,-,2
South Carolina,3,10,3,1
Virginia,4,13,4,-
West Virginia,-,9,-,2
East South Central,2,29,2,7
Alabama,-,8,-,3
Kentucky,1,16,1,1
Mississippi,1,5,1,1
Tennessee,-,15,-,2
West South Central,3,28,3,5
Arkansas,-,6,-,-
Louisiana,3,7,3,3
Oklahoma,-,7,-,-
Texas,-,22,-,2
Mountain,7,32,7,12
Arizona,2,7,2,1
Colorado,-,12,-,7
Idaho,-,4,-,-
Montana,-,4,-,-
Nevada,-,6,-,2
New Mexico,-,4,-,1
Utah,5,10,5,1
Wyoming,-,3,-,-
Pacific,7,41,7,12
Alaska,1,1,1,-
California,5,32,5,3
Hawaii,-,1,-,-
Oregon,-,7,-,3
Washington,1,10,1,6
U.S. Territories,-,1,-,-
American Samoa,N,NC,N,N
Commonwealth of Northern Mariana Islands,-,0,-,-
Guam,-,0,-,-
Puerto Rico,-,1,-,-
U.S. Virgin Islands,-,0,-,-
Non-U.S. Residents,-,0,-,-
Total,72,325,72,108
