Reporting Area,"Vibriosis (any species of the family  Vibrionaceae  , other than toxigenic  Vibrio  cholerae O1 or O139)","Vibriosis (any species of the family  Vibrionaceae  , other than toxigenic  Vibrio  cholerae O1 or O139)","Vibriosis (any species of the family  Vibrionaceae  , other than toxigenic  Vibrio  cholerae O1 or O139)","Vibriosis (any species of the family  Vibrionaceae  , other than toxigenic  Vibrio  cholerae O1 or O139)"
Reporting Area,Confirmed,Confirmed,Confirmed,Confirmed
Reporting Area,Current week,Previous 52 weeks Max †,Cum YTD 2023 †,Cum YTD 2022 †
"U.S. Residents, excluding U.S. Territories",7,89,233,352
New England,-,9,11,16
Connecticut,-,2,-,1
Maine,-,3,2,1
Massachusetts,-,7,6,12
New Hampshire,-,1,-,-
Rhode Island,-,2,3,1
Vermont,-,0,-,1
Middle Atlantic,-,10,13,40
New Jersey,-,6,6,12
New York (excluding New York City),-,3,2,11
New York City,-,4,1,13
Pennsylvania,-,4,4,4
East North Central,-,8,26,28
Illinois,-,3,5,11
Indiana,-,2,3,3
Michigan,-,2,2,4
Ohio,-,2,9,4
Wisconsin,-,2,7,6
West North Central,-,3,7,17
Iowa,N,NC,N,N
Kansas,-,0,-,-
Minnesota,-,3,-,10
Missouri,-,2,4,5
Nebraska,-,1,3,1
North Dakota,-,1,-,-
South Dakota,-,1,-,1
South Atlantic,4,35,97,102
Delaware,-,4,2,-
District of Columbia,-,1,-,-
Florida,2,32,63,69
Georgia,-,1,-,-
Maryland,1,7,13,5
North Carolina,-,3,3,10
South Carolina,1,3,9,8
Virginia,-,5,6,8
West Virginia,-,1,1,2
East South Central,-,5,3,18
Alabama,-,3,1,4
Kentucky,-,2,-,1
Mississippi,-,2,-,8
Tennessee,-,2,2,5
West South Central,-,11,26,50
Arkansas,-,2,2,2
Louisiana,-,6,16,20
Oklahoma,-,1,-,-
Texas,-,6,8,28
Mountain,-,7,11,29
Arizona,-,4,4,6
Colorado,-,4,4,14
Idaho,N,NC,N,N
Montana,-,1,1,-
Nevada,-,1,1,4
New Mexico,-,1,-,1
Utah,-,2,1,3
Wyoming,-,1,-,1
Pacific,3,28,39,52
Alaska,-,1,1,-
California,3,16,21,29
Hawaii,-,4,8,17
Oregon,-,6,9,2
Washington,-,10,-,4
U.S. Territories,-,0,-,-
American Samoa,N,NC,N,N
Commonwealth of Northern Mariana Islands,-,0,-,-
Guam,-,0,-,-
Puerto Rico,-,0,-,-
U.S. Virgin Islands,-,0,-,-
Non-U.S. Residents,-,0,-,-
Total,7,89,233,352
