Reporting Area,Anthrax,Anthrax,Anthrax,Anthrax,Arboviral diseases,Arboviral diseases,Arboviral diseases,Arboviral diseases,Arboviral diseases,Arboviral diseases,Arboviral diseases,Arboviral diseases
Reporting Area,Anthrax,Anthrax,Anthrax,Anthrax,Chikungunya virus disease,Chikungunya virus disease,Chikungunya virus disease,Chikungunya virus disease,Eastern equine encephalitis virus disease,Eastern equine encephalitis virus disease,Eastern equine encephalitis virus disease,Eastern equine encephalitis virus disease
Reporting Area,Current week,Previous 52 weeks Max †,Cum YTD 2022 †,Cum YTD 2021 †,Current week,Previous 52 weeks Max †,Cum YTD 2022 †,Cum YTD 2021 †,Current week,Previous 52 weeks Max †,Cum YTD 2022 †,Cum YTD 2021 †
"U.S. Residents, excluding U.S. Territories",-,0,-,-,-,4,45,30,-,1,1,5
New England,-,0,-,-,-,1,4,1,-,0,-,-
Connecticut,-,0,-,-,-,0,-,-,-,0,-,-
Maine,-,0,-,-,-,0,-,-,-,0,-,-
Massachusetts,-,0,-,-,-,1,2,1,-,0,-,-
New Hampshire,-,0,-,-,-,1,1,-,-,0,-,-
Rhode Island,-,0,-,-,-,0,-,-,-,0,-,-
Vermont,-,0,-,-,-,1,1,-,-,0,-,-
Middle Atlantic,-,0,-,-,-,1,11,4,-,0,-,-
New Jersey,-,0,-,-,-,1,1,4,-,0,-,-
New York (excluding New York City),-,0,-,-,-,1,3,-,-,0,-,-
New York City,-,0,-,-,-,1,5,-,-,0,-,-
Pennsylvania,-,0,-,-,-,1,2,-,-,0,-,-
East North Central,-,0,-,-,-,2,9,3,-,1,1,2
Illinois,-,0,-,-,-,2,8,1,-,0,-,-
Indiana,-,0,-,-,-,0,-,2,-,0,-,-
Michigan,-,0,-,-,-,0,-,-,-,0,-,1
Ohio,-,0,-,-,-,1,1,-,-,0,-,-
Wisconsin,-,0,-,-,-,0,-,-,-,1,1,1
West North Central,-,0,-,-,-,1,5,3,-,0,-,-
Iowa,-,0,-,-,-,1,2,-,-,0,-,-
Kansas,-,0,-,-,-,1,1,-,-,0,-,-
Minnesota,-,0,-,-,-,1,2,3,-,0,-,-
Missouri,-,0,-,-,-,1,-,-,-,0,-,-
Nebraska,-,0,-,-,-,0,-,-,-,0,-,-
North Dakota,-,0,-,-,-,0,-,-,-,0,-,-
South Dakota,-,0,-,-,-,0,-,-,-,0,-,-
South Atlantic,-,0,-,-,-,1,3,6,-,0,-,3
Delaware,-,0,-,-,-,0,-,-,-,0,-,-
District of Columbia,-,0,-,-,-,0,-,-,-,0,-,-
Florida,-,0,-,-,-,0,-,1,-,0,-,-
Georgia,-,0,-,-,-,0,-,-,-,0,-,2
Maryland,-,0,-,-,-,1,1,-,-,0,-,-
North Carolina,-,0,-,-,-,0,-,4,-,0,-,1
South Carolina,-,0,-,-,-,0,-,1,-,0,-,-
Virginia,-,0,-,-,-,1,2,-,-,0,-,-
West Virginia,-,0,-,-,-,0,-,-,-,0,-,-
East South Central,-,0,-,-,-,1,3,1,-,0,-,-
Alabama,-,0,-,-,-,0,-,-,-,0,-,-
Kentucky,-,0,-,-,-,1,1,1,-,0,-,-
Mississippi,-,0,-,-,-,0,-,-,-,0,-,-
Tennessee,-,0,-,-,-,1,2,-,-,0,-,-
West South Central,-,0,-,-,-,1,1,1,-,0,-,-
Arkansas,-,0,-,-,-,0,-,-,-,0,-,-
Louisiana,-,0,-,-,-,1,1,1,-,0,-,-
Oklahoma,-,0,-,-,-,0,-,-,-,0,-,-
Texas,-,0,-,-,-,0,-,-,-,0,-,-
Mountain,-,0,-,-,-,1,6,3,-,0,-,-
Arizona,-,0,-,-,-,1,1,-,-,0,-,-
Colorado,-,0,-,-,-,1,3,2,-,0,-,-
Idaho,-,0,-,-,-,0,-,-,-,0,-,-
Montana,-,0,-,-,-,0,-,-,-,0,-,-
Nevada,-,0,-,-,-,0,-,-,-,0,-,-
New Mexico,-,0,-,-,-,1,1,1,-,0,-,-
Utah,-,0,-,-,-,1,1,-,-,0,-,-
Wyoming,-,0,-,-,-,0,-,-,-,0,-,-
Pacific,-,0,-,-,-,1,3,8,-,0,-,-
Alaska,-,0,-,-,-,0,-,-,-,0,-,-
California,-,0,-,-,-,1,3,5,-,0,-,-
Hawaii,-,0,-,-,-,0,-,-,-,0,-,-
Oregon,-,0,-,-,-,0,-,1,-,0,-,-
Washington,-,0,-,-,-,0,-,2,-,0,-,-
U.S. Territories,-,0,-,-,-,0,-,-,-,0,-,-
American Samoa,-,0,-,-,-,0,-,-,-,0,-,-
Commonwealth of Northern Mariana Islands,-,0,-,-,-,0,-,-,-,0,-,-
Guam,-,0,-,-,-,0,-,-,-,0,-,-
Puerto Rico,-,0,-,-,-,0,-,-,-,0,-,-
U.S. Virgin Islands,-,0,-,-,-,0,-,-,-,0,-,-
Non-U.S. Residents,-,0,-,-,-,0,-,-,-,0,-,-
Total,-,0,-,-,-,4,45,30,-,1,1,5
