Reporting Area,Cholera,Cholera,Cholera,Cholera,Coccidioidomycosis,Coccidioidomycosis,Coccidioidomycosis,Coccidioidomycosis
Reporting Area,Current week,Previous 52 weeks Max †,Cum YTD 2022 †,Cum YTD 2021 †,Current week,Previous 52 weeks Max †,Cum YTD 2022 †,Cum YTD 2021 †
"U.S. Residents, excluding U.S. Territories",-,2,4,4,232,536,16681,18884
New England,-,0,-,1,-,2,5,2
Connecticut,-,0,-,1,N,NC,N,N
Maine,-,0,-,-,N,NC,N,N
Massachusetts,-,0,-,-,N,NC,N,N
New Hampshire,-,0,-,-,-,2,4,2
Rhode Island,-,0,-,-,-,1,1,-
Vermont,-,0,-,-,N,NC,N,N
Middle Atlantic,-,1,1,1,-,0,-,-
New Jersey,-,0,-,-,N,NC,N,N
New York (excluding New York City),-,0,-,1,N,NC,N,N
New York City,-,1,-,-,N,NC,N,N
Pennsylvania,-,1,1,-,N,NC,N,N
East North Central,-,1,1,-,1,5,62,103
Illinois,-,1,1,-,N,NC,N,N
Indiana,-,0,-,-,-,1,5,4
Michigan,-,0,-,-,1,4,32,56
Ohio,-,0,-,-,-,3,24,16
Wisconsin,-,0,-,-,-,1,1,27
West North Central,-,0,-,-,-,7,130,194
Iowa,-,0,-,-,N,NC,N,N
Kansas,-,0,-,-,-,2,13,18
Minnesota,-,0,-,-,-,7,84,116
Missouri,-,0,-,-,-,2,17,25
Nebraska,-,0,-,-,-,2,13,19
North Dakota,-,0,-,-,-,1,2,10
South Dakota,-,0,-,-,-,1,1,6
South Atlantic,-,0,-,-,-,1,2,4
Delaware,-,0,-,-,-,0,-,-
District of Columbia,-,0,-,-,N,NC,N,N
Florida,-,0,-,-,N,NC,N,N
Georgia,-,0,-,-,N,NC,N,N
Maryland,-,0,-,-,-,1,2,4
North Carolina,-,0,-,-,N,NC,N,N
South Carolina,-,0,-,-,N,NC,N,N
Virginia,-,0,-,-,N,NC,N,N
West Virginia,-,0,-,-,N,NC,N,N
East South Central,-,1,1,-,-,2,11,20
Alabama,-,0,-,-,-,0,-,9
Kentucky,-,0,-,-,-,2,11,11
Mississippi,-,0,-,-,N,NC,N,N
Tennessee,-,1,1,-,N,NC,N,N
West South Central,-,0,-,-,-,2,10,20
Arkansas,-,0,-,-,-,2,5,3
Louisiana,-,0,-,-,-,1,5,17
Oklahoma,-,0,-,-,N,NC,N,N
Texas,-,0,-,-,N,NC,N,N
Mountain,-,0,-,-,205,369,9611,10985
Arizona,-,0,-,-,205,358,9330,10723
Colorado,-,0,-,-,N,NC,N,N
Idaho,-,0,-,-,N,NC,N,N
Montana,-,0,-,-,-,2,16,21
Nevada,-,0,-,-,-,14,202,178
New Mexico,-,0,-,-,-,3,27,8
Utah,-,0,-,-,-,2,32,55
Wyoming,-,0,-,-,-,1,4,-
Pacific,-,1,1,2,26,191,6850,7556
Alaska,-,0,-,-,N,NC,N,N
California,-,1,1,2,26,190,6844,7549
Hawaii,-,0,-,-,N,NC,N,N
Oregon,-,0,-,-,-,1,6,7
Washington,-,0,-,-,N,NC,N,N
U.S. Territories,-,0,-,-,-,0,-,1
American Samoa,-,0,-,-,N,NC,N,N
Commonwealth of Northern Mariana Islands,-,0,-,-,-,0,-,-
Guam,-,0,-,-,-,0,-,1
Puerto Rico,-,0,-,-,N,NC,N,N
U.S. Virgin Islands,-,0,-,-,-,0,-,-
Non-U.S. Residents,-,0,-,-,-,1,1,2
Total,-,2,4,4,232,536,16682,18887
