Reporting Area,Q fever,Q fever,Q fever,Q fever
Reporting Area,Acute,Acute,Acute,Acute
Reporting Area,Current week,Previous 52 weeks Max †,Cum YTD 2023 †,Cum YTD 2022 †
"U.S. Residents, excluding U.S. Territories",2,8,18,41
New England,-,0,-,-
Connecticut,-,0,-,-
Maine,-,0,-,-
Massachusetts,-,0,-,-
New Hampshire,N,NC,N,N
Rhode Island,-,0,-,-
Vermont,-,0,-,-
Middle Atlantic,-,2,1,1
New Jersey,-,0,-,-
New York (excluding New York City),-,1,1,1
New York City,-,0,-,-
Pennsylvania,-,2,-,-
East North Central,-,2,2,2
Illinois,-,1,1,2
Indiana,-,0,-,-
Michigan,-,1,-,-
Ohio,-,1,1,-
Wisconsin,-,1,-,-
West North Central,-,3,2,2
Iowa,-,2,1,-
Kansas,-,1,-,-
Minnesota,-,1,-,-
Missouri,-,1,-,-
Nebraska,-,1,1,-
North Dakota,-,1,-,-
South Dakota,-,1,-,2
South Atlantic,-,2,2,6
Delaware,-,1,-,1
District of Columbia,-,0,-,-
Florida,-,2,-,1
Georgia,-,0,-,-
Maryland,-,2,-,-
North Carolina,-,0,-,2
South Carolina,-,0,-,-
Virginia,-,1,2,1
West Virginia,-,0,-,1
East South Central,1,1,1,3
Alabama,1,1,1,2
Kentucky,-,1,-,1
Mississippi,-,0,-,-
Tennessee,-,1,-,-
West South Central,-,1,2,1
Arkansas,-,1,1,-
Louisiana,-,1,1,1
Oklahoma,-,0,-,-
Texas,-,1,-,-
Mountain,-,2,1,6
Arizona,-,1,-,-
Colorado,-,1,-,1
Idaho,-,1,1,-
Montana,-,1,-,-
Nevada,-,0,-,2
New Mexico,-,0,-,-
Utah,-,2,-,3
Wyoming,-,1,-,-
Pacific,1,4,7,20
Alaska,-,0,-,-
California,1,3,5,19
Hawaii,-,0,-,-
Oregon,-,1,2,-
Washington,-,1,-,1
U.S. Territories,-,0,-,-
American Samoa,N,NC,N,N
Commonwealth of Northern Mariana Islands,-,0,-,-
Guam,N,NC,N,N
Puerto Rico,-,0,-,-
U.S. Virgin Islands,-,0,-,-
Non-U.S. Residents,-,0,-,-
Total,2,8,18,41
