Reporting Area,Campylobacteriosis,Campylobacteriosis,Campylobacteriosis,Campylobacteriosis
Reporting Area,Current week,Previous 52 weeks Max †,Cum YTD 2023 †,Cum YTD 2022 †
"U.S. Residents, excluding U.S. Territories",589,1674,13262,12670
New England,26,102,586,648
Connecticut,3,26,122,122
Maine,3,9,29,39
Massachusetts,17,55,297,337
New Hampshire,2,13,73,76
Rhode Island,-,13,42,51
Vermont,1,8,23,23
Middle Atlantic,86,238,1916,2068
New Jersey,-,58,271,439
New York (excluding New York City),17,51,233,451
New York City,51,88,937,661
Pennsylvania,18,84,475,517
East North Central,61,249,1529,1707
Illinois,1,80,481,538
Indiana,-,33,41,178
Michigan,7,50,242,288
Ohio,41,98,515,439
Wisconsin,12,47,250,264
West North Central,49,125,752,722
Iowa,20,40,259,227
Kansas,3,32,120,129
Minnesota,-,0,-,-
Missouri,15,36,212,217
Nebraska,11,21,90,96
North Dakota,-,10,14,26
South Dakota,-,19,57,27
South Atlantic,64,296,2416,2424
Delaware,-,9,10,48
District of Columbia,-,5,23,3
Florida,15,127,960,927
Georgia,6,42,246,400
Maryland,-,43,235,203
North Carolina,-,58,392,366
South Carolina,13,30,147,133
Virginia,30,48,359,261
West Virginia,-,18,44,83
East South Central,8,100,559,729
Alabama,-,33,31,171
Kentucky,-,39,190,210
Mississippi,3,22,114,132
Tennessee,5,40,224,216
West South Central,80,197,1290,993
Arkansas,8,31,127,91
Louisiana,3,32,156,156
Oklahoma,15,51,197,164
Texas,54,160,810,582
Mountain,30,146,883,1015
Arizona,20,51,272,307
Colorado,-,42,176,266
Idaho,2,18,109,89
Montana,-,19,23,55
Nevada,-,12,34,65
New Mexico,7,28,99,78
Utah,-,26,132,116
Wyoming,1,8,38,39
Pacific,185,356,3331,2364
Alaska,1,9,27,25
California,169,253,2557,1656
Hawaii,6,30,176,101
Oregon,9,30,237,198
Washington,-,68,334,384
U.S. Territories,-,4,14,35
American Samoa,-,0,-,-
Commonwealth of Northern Mariana Islands,-,0,-,-
Guam,-,0,-,-
Puerto Rico,-,4,14,35
U.S. Virgin Islands,-,0,-,-
Non-U.S. Residents,-,2,1,1
Total,589,1675,13277,12706
