Reporting Area,Gonorrhea,Gonorrhea,Gonorrhea,Gonorrhea,"Haemophilus influenzae,  invasive disease","Haemophilus influenzae,  invasive disease","Haemophilus influenzae,  invasive disease","Haemophilus influenzae,  invasive disease","Haemophilus influenzae,  invasive disease","Haemophilus influenzae,  invasive disease","Haemophilus influenzae,  invasive disease","Haemophilus influenzae,  invasive disease"
Reporting Area,Gonorrhea,Gonorrhea,Gonorrhea,Gonorrhea,"All ages, all serotypes","All ages, all serotypes","All ages, all serotypes","All ages, all serotypes",Age <5 years,Age <5 years,Age <5 years,Age <5 years
Reporting Area,Gonorrhea,Gonorrhea,Gonorrhea,Gonorrhea,"All ages, all serotypes","All ages, all serotypes","All ages, all serotypes","All ages, all serotypes",Serotype b,Serotype b,Serotype b,Serotype b
Reporting Area,Current week,Previous 52 weeks Max †,Cum YTD 2022 †,Cum YTD 2021 †,Current week,Previous 52 weeks Max †,Cum YTD 2022 †,Cum YTD 2021 †,Current week,Previous 52 weeks Max †,Cum YTD 2022 †,Cum YTD 2021 †
"U.S. Residents, excluding U.S. Territories",2699,14780,209146,298725,28,133,1180,845,-,2,3,8
New England,-,480,554,6002,-,6,52,28,-,0,-,-
Connecticut,-,90,-,1660,-,2,5,2,-,0,-,-
Maine,-,17,149,176,-,1,1,3,-,0,-,-
Massachusetts,-,199,-,3214,-,4,34,17,-,0,-,-
New Hampshire,-,20,231,268,-,3,8,2,-,0,-,-
Rhode Island,-,313,173,630,-,2,1,2,-,0,-,-
Vermont,-,8,1,54,-,1,3,2,-,0,-,-
Middle Atlantic,373,1603,25269,29805,6,26,155,115,-,2,1,2
New Jersey,127,247,2732,4171,-,5,-,10,-,0,-,-
New York (excluding New York City),-,671,5220,6306,-,18,42,26,-,1,1,-
New York City,-,694,9860,11263,3,4,41,19,-,0,-,-
Pennsylvania,246,425,7457,8065,3,11,72,60,-,1,-,2
East North Central,484,2063,27153,45569,4,30,241,157,-,2,2,5
Illinois,-,689,4021,12971,-,8,52,32,-,1,1,-
Indiana,-,339,3733,5863,-,7,49,35,-,0,-,2
Michigan,63,455,6068,9569,-,6,51,32,-,0,-,-
Ohio,303,600,9537,12503,4,16,86,38,-,1,1,2
Wisconsin,118,251,3794,4663,-,5,3,20,-,0,-,1
West North Central,77,1003,14657,19927,2,8,68,50,-,0,-,-
Iowa,19,153,1795,2871,-,0,-,2,-,0,-,-
Kansas,-,119,1091,2559,-,1,2,6,-,0,-,-
Minnesota,27,217,3220,4149,-,1,-,-,-,0,-,-
Missouri,-,416,6015,6925,-,7,40,30,-,0,-,-
Nebraska,31,93,1124,1573,2,2,10,3,-,0,-,-
North Dakota,-,50,479,670,-,1,4,3,-,0,-,-
South Dakota,-,72,933,1180,-,3,12,6,-,0,-,-
South Atlantic,945,3245,47372,63188,8,28,215,211,-,0,-,1
Delaware,-,59,542,711,-,3,12,1,-,0,-,-
District of Columbia,26,117,1939,1737,-,1,2,-,-,0,-,-
Florida,475,1007,17335,19258,8,10,121,69,-,0,-,1
Georgia,-,585,8405,10659,-,8,10,53,-,0,-,-
Maryland,-,287,-,5148,-,4,3,19,-,0,-,-
North Carolina,2,682,6715,11807,-,6,-,43,-,0,-,-
South Carolina,232,382,6096,7163,-,5,29,3,-,0,-,-
Virginia,210,333,5834,6031,-,6,28,16,-,0,-,-
West Virginia,-,49,506,674,-,3,10,7,-,0,-,-
East South Central,275,1306,17217,23619,2,11,106,71,-,0,-,-
Alabama,201,372,5652,6852,-,5,31,29,-,0,-,-
Kentucky,74,263,2909,3227,2,4,15,7,-,0,-,-
Mississippi,-,301,3916,5142,-,4,16,12,-,0,-,-
Tennessee,-,488,4740,8398,-,6,44,23,-,0,-,-
West South Central,132,2047,21532,41221,1,28,159,131,-,0,-,-
Arkansas,-,190,2321,3423,1,4,35,18,-,0,-,-
Louisiana,113,350,5935,7365,-,4,10,39,-,0,-,-
Oklahoma,19,138,2058,2899,-,8,36,23,-,0,-,-
Texas,-,1370,11218,27534,-,21,78,51,-,0,-,-
Mountain,155,1068,14580,19171,5,11,128,62,-,1,-,-
Arizona,70,411,6365,7625,-,6,42,20,-,1,-,-
Colorado,-,256,2617,4237,5,6,34,10,-,0,-,-
Idaho,4,46,372,570,-,3,5,6,-,0,-,-
Montana,23,29,425,89,-,2,5,5,-,0,-,-
Nevada,-,191,1824,2931,-,3,12,5,-,0,-,-
New Mexico,22,126,1531,2008,-,3,13,5,-,0,-,-
Utah,36,92,1352,1499,-,3,16,10,-,0,-,-
Wyoming,-,21,94,212,-,1,1,1,-,0,-,-
Pacific,258,2499,40812,50223,-,8,56,20,-,1,-,-
Alaska,-,66,767,790,-,2,14,5,-,0,-,-
California,-,1947,33260,39113,-,4,12,4,-,0,-,-
Hawaii,-,0,-,24,-,1,3,3,-,0,-,-
Oregon,89,156,2442,2547,-,5,27,8,-,1,-,-
Washington,169,395,4343,7749,-,0,-,-,-,0,-,-
U.S. Territories,-,17,75,262,-,0,-,-,-,0,-,-
American Samoa,-,0,-,-,-,0,-,-,-,0,-,-
Commonwealth of Northern Mariana Islands,-,0,-,-,-,0,-,-,-,0,-,-
Guam,-,0,-,-,-,0,-,-,-,0,-,-
Puerto Rico,-,17,75,262,-,0,-,-,-,0,-,-
U.S. Virgin Islands,-,0,-,-,-,0,-,-,-,0,-,-
Non-U.S. Residents,-,4,27,21,-,0,-,-,-,0,-,-
Total,2699,14797,209248,299008,28,133,1180,845,-,2,3,8
