Reporting Area,"Hepatitis A, acute","Hepatitis A, acute","Hepatitis A, acute","Hepatitis A, acute"
Reporting Area,Current week,Previous 52 weeks Max †,Cum YTD 2023 †,Cum YTD 2022 †
"U.S. Residents, excluding U.S. Territories",17,71,224,567
New England,-,8,5,12
Connecticut,-,1,-,2
Maine,-,5,-,4
Massachusetts,-,3,4,4
New Hampshire,-,1,-,-
Rhode Island,-,1,1,1
Vermont,-,1,-,1
Middle Atlantic,3,10,41,72
New Jersey,-,2,1,1
New York (excluding New York City),-,3,4,12
New York City,-,4,7,22
Pennsylvania,3,6,29,37
East North Central,1,6,29,28
Illinois,-,4,9,8
Indiana,-,5,5,9
Michigan,-,2,4,3
Ohio,1,2,7,4
Wisconsin,-,2,4,4
West North Central,2,9,19,54
Iowa,1,2,2,2
Kansas,1,4,1,5
Minnesota,-,1,2,3
Missouri,-,6,5,43
Nebraska,-,3,9,1
North Dakota,-,1,-,-
South Dakota,-,1,-,-
South Atlantic,5,30,44,247
Delaware,-,2,1,7
District of Columbia,-,1,-,-
Florida,3,14,30,71
Georgia,-,7,2,65
Maryland,1,4,4,2
North Carolina,-,6,-,44
South Carolina,-,3,1,5
Virginia,1,8,6,51
West Virginia,-,1,-,2
East South Central,2,11,9,60
Alabama,-,3,2,32
Kentucky,-,1,1,1
Mississippi,2,10,5,21
Tennessee,-,3,1,6
West South Central,-,8,15,53
Arkansas,-,1,-,8
Louisiana,-,2,2,15
Oklahoma,-,4,-,-
Texas,-,8,13,30
Mountain,1,7,9,10
Arizona,1,3,3,1
Colorado,-,4,2,2
Idaho,-,2,-,4
Montana,-,1,-,1
Nevada,-,2,1,1
New Mexico,-,1,1,-
Utah,-,2,2,1
Wyoming,-,1,-,-
Pacific,3,13,53,31
Alaska,-,1,-,1
California,2,10,38,24
Hawaii,-,1,1,1
Oregon,1,2,2,2
Washington,-,3,12,3
U.S. Territories,-,2,1,1
American Samoa,-,0,-,-
Commonwealth of Northern Mariana Islands,-,0,-,-
Guam,-,0,-,-
Puerto Rico,-,2,1,1
U.S. Virgin Islands,-,0,-,-
Non-U.S. Residents,-,2,2,-
Total,17,71,227,568
