Reporting Area,Streptococcal toxic shock syndrome,Streptococcal toxic shock syndrome,Streptococcal toxic shock syndrome,Streptococcal toxic shock syndrome
Reporting Area,Current week,Previous 52 weeks Max †,Cum YTD 2023 †,Cum YTD 2022 †
"U.S. Residents, excluding U.S. Territories",3,18,42,20
New England,-,2,3,2
Connecticut,-,0,-,-
Maine,-,2,2,2
Massachusetts,-,1,-,-
New Hampshire,-,0,-,-
Rhode Island,-,0,-,-
Vermont,-,1,1,-
Middle Atlantic,-,5,3,2
New Jersey,-,2,2,1
New York (excluding New York City),-,2,1,1
New York City,-,0,-,-
Pennsylvania,-,1,-,-
East North Central,-,4,11,4
Illinois,-,3,-,1
Indiana,-,3,6,3
Michigan,-,2,3,-
Ohio,-,2,2,-
Wisconsin,-,0,-,-
West North Central,2,3,7,-
Iowa,N,NC,N,N
Kansas,-,2,2,-
Minnesota,-,0,-,-
Missouri,2,2,5,-
Nebraska,-,0,-,-
North Dakota,-,0,-,-
South Dakota,-,0,-,-
South Atlantic,-,5,12,2
Delaware,-,0,-,-
District of Columbia,-,0,-,-
Florida,N,NC,N,N
Georgia,-,0,-,-
Maryland,-,0,-,-
North Carolina,-,3,9,1
South Carolina,-,1,-,1
Virginia,-,3,1,-
West Virginia,-,1,2,-
East South Central,-,2,1,1
Alabama,N,NC,N,N
Kentucky,-,1,1,1
Mississippi,N,NC,N,N
Tennessee,-,1,-,-
West South Central,-,2,-,-
Arkansas,-,1,-,-
Louisiana,-,2,-,-
Oklahoma,N,NC,N,N
Texas,N,NC,N,N
Mountain,1,4,5,9
Arizona,-,1,-,-
Colorado,-,1,-,-
Idaho,-,0,-,-
Montana,-,1,-,-
Nevada,-,2,4,2
New Mexico,-,0,-,-
Utah,1,2,1,7
Wyoming,-,1,-,-
Pacific,-,0,-,-
Alaska,N,NC,N,N
California,N,NC,N,N
Hawaii,-,0,-,-
Oregon,N,NC,N,N
Washington,N,NC,N,N
U.S. Territories,-,0,-,-
American Samoa,N,NC,N,N
Commonwealth of Northern Mariana Islands,-,0,-,-
Guam,-,0,-,-
Puerto Rico,N,NC,N,N
U.S. Virgin Islands,-,0,-,-
Non-U.S. Residents,-,0,-,-
Total,3,18,42,20
