Reporting Area,Syphilis,Syphilis,Syphilis,Syphilis
Reporting Area,Primary and secondary,Primary and secondary,Primary and secondary,Primary and secondary
Reporting Area,Current week,Previous 52 weeks Max †,Cum YTD 2023 †,Cum YTD 2022 †
"U.S. Residents, excluding U.S. Territories",109,1240,7242,13614
New England,-,34,140,347
Connecticut,-,7,16,55
Maine,-,7,14,15
Massachusetts,-,25,109,221
New Hampshire,-,4,-,21
Rhode Island,-,7,1,33
Vermont,-,1,-,2
Middle Atlantic,26,147,784,1434
New Jersey,-,29,3,249
New York (excluding New York City),22,60,217,274
New York City,-,64,326,538
Pennsylvania,4,36,238,373
East North Central,4,146,711,1568
Illinois,1,34,129,334
Indiana,3,26,111,188
Michigan,-,26,135,260
Ohio,-,66,209,596
Wisconsin,-,27,127,190
West North Central,6,88,548,917
Iowa,2,14,75,82
Kansas,1,13,10,75
Minnesota,1,17,105,197
Missouri,1,42,209,346
Nebraska,-,7,28,66
North Dakota,-,6,12,19
South Dakota,1,21,109,132
South Atlantic,9,279,1617,2895
Delaware,1,13,41,47
District of Columbia,-,10,41,73
Florida,6,116,952,1132
Georgia,1,52,39,529
Maryland,U,NC,U,U
North Carolina,1,65,389,597
South Carolina,-,29,40,238
Virginia,-,31,108,217
West Virginia,-,8,7,62
East South Central,10,99,545,899
Alabama,8,36,245,276
Kentucky,1,21,90,131
Mississippi,-,24,97,208
Tennessee,1,39,113,284
West South Central,2,171,923,1700
Arkansas,-,28,212,307
Louisiana,2,40,108,268
Oklahoma,-,8,10,65
Texas,-,118,593,1060
Mountain,3,135,578,1245
Arizona,1,55,216,512
Colorado,-,30,135,237
Idaho,2,8,23,33
Montana,-,17,70,45
Nevada,-,31,8,203
New Mexico,-,24,101,156
Utah,-,11,24,55
Wyoming,-,3,1,4
Pacific,49,247,1396,2609
Alaska,-,7,19,14
California,11,193,910,2033
Hawaii,-,5,-,56
Oregon,19,32,235,315
Washington,19,31,232,191
U.S. Territories,-,12,20,91
American Samoa,-,0,-,-
Commonwealth of Northern Mariana Islands,-,0,-,-
Guam,-,0,-,-
Puerto Rico,-,12,20,91
U.S. Virgin Islands,-,0,-,-
Non-U.S. Residents,-,2,-,-
Total,109,1245,7262,13705
