Reporting Area,Tularemia,Tularemia,Tularemia,Tularemia
Reporting Area,Current week,Previous 52 weeks Max †,Cum YTD 2023 †,Cum YTD 2022 †
"U.S. Residents, excluding U.S. Territories",-,12,-,1
New England,-,1,-,-
Connecticut,-,0,-,-
Maine,-,1,-,-
Massachusetts,-,1,-,-
New Hampshire,-,0,-,-
Rhode Island,-,0,-,-
Vermont,-,0,-,-
Middle Atlantic,-,1,-,-
New Jersey,-,1,-,-
New York (excluding New York City),-,1,-,-
New York City,-,0,-,-
Pennsylvania,-,0,-,-
East North Central,-,2,-,1
Illinois,-,2,-,-
Indiana,-,1,-,-
Michigan,-,1,-,1
Ohio,-,0,-,-
Wisconsin,-,0,-,-
West North Central,-,7,-,-
Iowa,-,2,-,-
Kansas,-,5,-,-
Minnesota,-,1,-,-
Missouri,-,2,-,-
Nebraska,-,2,-,-
North Dakota,-,1,-,-
South Dakota,-,1,-,-
South Atlantic,-,1,-,-
Delaware,-,0,-,-
District of Columbia,-,0,-,-
Florida,-,0,-,-
Georgia,-,0,-,-
Maryland,-,1,-,-
North Carolina,-,1,-,-
South Carolina,-,0,-,-
Virginia,-,1,-,-
West Virginia,-,0,-,-
East South Central,-,1,-,-
Alabama,-,1,-,-
Kentucky,-,1,-,-
Mississippi,-,0,-,-
Tennessee,-,0,-,-
West South Central,-,3,-,-
Arkansas,-,2,-,-
Louisiana,-,0,-,-
Oklahoma,-,2,-,-
Texas,-,1,-,-
Mountain,-,1,-,-
Arizona,-,1,-,-
Colorado,-,1,-,-
Idaho,-,1,-,-
Montana,-,0,-,-
Nevada,-,0,-,-
New Mexico,-,0,-,-
Utah,-,1,-,-
Wyoming,-,0,-,-
Pacific,-,2,-,-
Alaska,-,0,-,-
California,-,1,-,-
Hawaii,-,0,-,-
Oregon,-,1,-,-
Washington,-,1,-,-
U.S. Territories,-,0,-,-
American Samoa,-,0,-,-
Commonwealth of Northern Mariana Islands,-,0,-,-
Guam,-,0,-,-
Puerto Rico,-,0,-,-
U.S. Virgin Islands,-,0,-,-
Non-U.S. Residents,-,0,-,-
Total,-,12,-,1
