Reporting Area,Syphilis,Syphilis,Syphilis,Syphilis
Reporting Area,Primary and secondary,Primary and secondary,Primary and secondary,Primary and secondary
Reporting Area,Current week,Previous 52 weeks Max †,Cum YTD 2023 †,Cum YTD 2022 †
"U.S. Residents, excluding U.S. Territories",114,1288,11611,18788
New England,-,34,269,462
Connecticut,-,7,16,71
Maine,-,7,15,24
Massachusetts,-,25,222,290
New Hampshire,-,4,15,28
Rhode Island,-,7,1,47
Vermont,-,0,-,2
Middle Atlantic,26,147,1156,1902
New Jersey,-,29,4,327
New York (excluding New York City),17,61,285,386
New York City,2,64,511,719
Pennsylvania,7,36,356,470
East North Central,-,148,1142,2101
Illinois,-,38,187,453
Indiana,-,23,153,241
Michigan,-,26,201,344
Ohio,-,62,427,810
Wisconsin,-,22,174,253
West North Central,4,88,784,1225
Iowa,1,14,96,111
Kansas,1,13,12,95
Minnesota,-,17,137,253
Missouri,1,37,317,496
Nebraska,-,7,41,77
North Dakota,-,6,14,24
South Dakota,1,23,167,169
South Atlantic,15,283,2601,3862
Delaware,-,13,58,66
District of Columbia,-,10,55,96
Florida,11,110,1313,1498
Georgia,-,55,430,707
Maryland,U,NC,U,U
North Carolina,4,65,523,782
South Carolina,-,29,40,309
Virginia,-,29,175,328
West Virginia,-,8,7,76
East South Central,8,99,833,1204
Alabama,8,36,360,379
Kentucky,-,21,114,176
Mississippi,-,24,139,273
Tennessee,-,39,220,376
West South Central,7,175,1496,2279
Arkansas,-,28,280,378
Louisiana,-,42,174,365
Oklahoma,-,5,13,79
Texas,7,120,1029,1457
Mountain,8,137,925,1665
Arizona,2,57,377,676
Colorado,-,31,188,307
Idaho,2,7,28,49
Montana,3,17,114,75
Nevada,1,31,20,272
New Mexico,-,25,152,215
Utah,-,11,43,64
Wyoming,-,3,3,7
Pacific,46,279,2405,4088
Alaska,-,7,29,23
California,23,191,1767,2695
Hawaii,-,5,-,70
Oregon,10,31,300,397
Washington,13,75,309,903
U.S. Territories,-,12,33,120
American Samoa,-,0,-,-
Commonwealth of Northern Mariana Islands,-,0,-,-
Guam,-,0,-,-
Puerto Rico,-,12,33,120
U.S. Virgin Islands,-,0,-,-
Non-U.S. Residents,-,2,-,-
Total,114,1294,11644,18908
