Reporting Area,Vancomycin-intermediate  Staphylococcus aureus,Vancomycin-intermediate  Staphylococcus aureus,Vancomycin-intermediate  Staphylococcus aureus,Vancomycin-intermediate  Staphylococcus aureus,Vancomycin-resistant  Staphylococcus aureus,Vancomycin-resistant  Staphylococcus aureus,Vancomycin-resistant  Staphylococcus aureus,Vancomycin-resistant  Staphylococcus aureus,Varicella morbidity,Varicella morbidity,Varicella morbidity,Varicella morbidity
Reporting Area,Current week,Previous 52 weeks Max †,Cum YTD 2022 †,Cum YTD 2021 †,Current week,Previous 52 weeks Max †,Cum YTD 2022 †,Cum YTD 2021 †,Current week,Previous 52 weeks Max †,Cum YTD 2022 †,Cum YTD 2021 †
"U.S. Residents, excluding U.S. Territories",-,3,2,12,-,2,-,-,31,88,408,386
New England,-,1,-,-,-,0,-,-,-,11,12,35
Connecticut,-,0,-,-,-,0,-,-,-,2,1,7
Maine,-,0,-,-,-,0,-,-,-,8,2,6
Massachusetts,-,1,-,-,-,0,-,-,-,7,-,11
New Hampshire,N,NC,N,N,-,0,-,-,-,0,-,-
Rhode Island,-,0,-,-,-,0,-,-,-,2,3,8
Vermont,-,0,-,-,-,0,-,-,-,4,6,3
Middle Atlantic,-,1,1,1,-,2,-,-,2,13,33,38
New Jersey,-,0,-,-,-,0,-,-,-,6,-,9
New York (excluding New York City),-,1,1,-,-,2,-,-,N,NC,N,N
New York City,-,0,-,1,-,0,-,-,-,0,-,-
Pennsylvania,-,1,-,-,-,0,-,-,2,13,33,29
East North Central,-,2,1,-,-,0,-,-,3,29,120,114
Illinois,-,0,-,-,-,0,-,-,-,10,19,25
Indiana,N,NC,N,N,-,0,-,-,-,7,20,18
Michigan,-,1,-,-,-,0,-,-,-,7,19,25
Ohio,-,2,1,-,-,0,-,-,-,14,37,14
Wisconsin,-,0,-,-,-,0,-,-,3,11,25,32
West North Central,-,2,-,7,-,0,-,-,2,12,31,34
Iowa,-,0,-,-,-,0,-,-,N,NC,N,N
Kansas,-,0,-,-,-,0,-,-,-,0,-,-
Minnesota,-,0,-,-,-,0,-,-,1,10,15,18
Missouri,-,2,-,7,-,0,-,-,-,9,10,8
Nebraska,-,0,-,-,-,0,-,-,1,2,4,4
North Dakota,-,0,-,-,-,0,-,-,-,1,2,2
South Dakota,N,NC,N,N,-,0,-,-,-,3,-,2
South Atlantic,-,2,-,1,-,1,-,-,12,26,106,63
Delaware,-,0,-,-,-,0,-,-,-,5,2,-
District of Columbia,N,NC,N,N,N,NC,N,N,-,1,-,-
Florida,-,1,-,-,-,1,-,-,9,22,73,41
Georgia,-,0,-,-,-,0,-,-,-,6,12,10
Maryland,-,0,-,-,-,0,-,-,N,NC,N,N
North Carolina,-,1,-,1,-,0,-,-,-,0,-,-
South Carolina,-,0,-,-,-,0,-,-,-,5,3,-
Virginia,-,0,-,-,-,0,-,-,3,7,16,12
West Virginia,-,0,-,-,-,0,-,-,N,NC,N,N
East South Central,-,0,-,1,-,0,-,-,-,6,19,9
Alabama,-,0,-,1,-,0,-,-,-,6,16,9
Kentucky,N,NC,N,N,N,NC,N,N,-,5,2,-
Mississippi,-,0,-,-,-,0,-,-,-,1,1,-
Tennessee,-,0,-,-,-,0,-,-,N,NC,N,N
West South Central,-,1,-,-,-,0,-,-,3,20,14,26
Arkansas,-,0,-,-,-,0,-,-,2,3,3,6
Louisiana,-,0,-,-,-,0,-,-,1,3,8,3
Oklahoma,-,0,-,-,-,0,-,-,N,NC,N,N
Texas,-,1,-,-,-,0,-,-,-,18,3,17
Mountain,-,1,-,2,-,0,-,-,9,22,72,58
Arizona,-,1,-,2,-,0,-,-,4,13,32,18
Colorado,-,0,-,-,-,0,-,-,4,14,31,17
Idaho,N,NC,N,N,N,NC,N,N,N,NC,N,N
Montana,-,0,-,-,-,0,-,-,-,4,3,2
Nevada,-,0,-,-,-,0,-,-,N,NC,N,N
New Mexico,N,NC,N,N,N,NC,N,N,1,3,4,2
Utah,-,0,-,-,-,0,-,-,-,5,2,14
Wyoming,-,0,-,-,-,0,-,-,-,1,-,5
Pacific,-,0,-,-,-,0,-,-,-,3,1,9
Alaska,N,NC,N,N,-,0,-,-,-,2,1,2
California,N,NC,N,N,N,NC,N,N,-,1,-,4
Hawaii,-,0,-,-,-,0,-,-,-,2,-,3
Oregon,N,NC,N,N,N,NC,N,N,N,NC,N,N
Washington,N,NC,N,N,-,0,-,-,N,NC,N,N
U.S. Territories,-,0,-,-,-,1,-,-,-,0,-,-
American Samoa,N,NC,N,N,N,NC,N,N,N,NC,N,N
Commonwealth of Northern Mariana Islands,-,0,-,-,-,0,-,-,-,0,-,-
Guam,-,0,-,-,-,1,-,-,-,0,-,-
Puerto Rico,-,0,-,-,-,0,-,-,-,0,-,-
U.S. Virgin Islands,-,0,-,-,-,0,-,-,-,0,-,-
Non-U.S. Residents,-,0,-,-,-,0,-,-,-,0,-,-
Total,-,3,2,12,-,2,-,-,31,88,408,386
