Reporting Area,Salmonella  Paratyphi infection §,Salmonella  Paratyphi infection §,Salmonella  Paratyphi infection §,Salmonella  Paratyphi infection §,Salmonella  Typhi infection ¶,Salmonella  Typhi infection ¶,Salmonella  Typhi infection ¶,Salmonella  Typhi infection ¶,Salmonellosis (excluding  Salmonella  Typhi infection and  Salmonella  Paratyphi infection) **,Salmonellosis (excluding  Salmonella  Typhi infection and  Salmonella  Paratyphi infection) **,Salmonellosis (excluding  Salmonella  Typhi infection and  Salmonella  Paratyphi infection) **,Salmonellosis (excluding  Salmonella  Typhi infection and  Salmonella  Paratyphi infection) **
Reporting Area,Current week,Previous 52 weeks Max †,Cum YTD 2022 †,Cum YTD 2021 †,Current week,Previous 52 weeks Max †,Cum YTD 2022 †,Cum YTD 2021 †,Current week,Previous 52 weeks Max †,Cum YTD 2022 †,Cum YTD 2021 †
"U.S. Residents, excluding U.S. Territories",-,6,80,54,1,17,282,206,334,1561,42230,44649
New England,-,1,4,6,-,3,18,10,14,106,1847,1727
Connecticut,-,1,1,3,-,1,6,6,2,18,324,393
Maine,-,0,-,-,-,0,-,-,1,9,129,125
Massachusetts,-,1,2,3,-,1,10,4,11,73,1006,837
New Hampshire,-,1,1,-,-,1,1,-,-,12,186,147
Rhode Island,-,0,-,-,-,1,1,-,-,8,123,119
Vermont,-,0,-,-,-,0,-,-,-,9,79,106
Middle Atlantic,-,2,21,13,-,6,77,42,45,172,4206,4559
New Jersey,-,0,-,3,-,3,13,13,-,38,469,1020
New York (excluding New York City),-,1,5,5,-,3,19,8,17,98,1151,1157
New York City,-,2,9,4,-,3,31,13,16,58,1166,1053
Pennsylvania,-,1,7,1,-,3,14,8,12,69,1420,1329
East North Central,-,3,8,7,-,4,40,16,8,178,4162,5092
Illinois,-,3,5,3,-,4,19,11,-,58,1339,1694
Indiana,-,0,-,1,-,1,3,-,-,13,74,648
Michigan,-,1,1,1,-,1,9,3,3,26,658,800
Ohio,-,1,2,2,-,2,9,2,-,57,1203,1106
Wisconsin,-,0,-,-,-,0,-,-,5,47,888,844
West North Central,-,2,4,1,-,4,7,10,21,108,2476,3481
Iowa,-,1,1,-,-,0,-,-,1,40,677,620
Kansas,-,0,-,-,-,2,2,1,3,20,443,485
Minnesota,-,0,-,1,-,1,-,3,-,21,-,921
Missouri,-,0,-,-,-,2,2,4,6,41,727,835
Nebraska,-,2,3,-,-,1,1,1,11,15,340,316
North Dakota,-,0,-,-,-,0,-,-,-,10,99,98
South Dakota,-,0,-,-,-,2,2,1,-,10,190,206
South Atlantic,-,2,9,7,1,7,47,31,121,488,12253,13229
Delaware,-,0,-,-,-,0,-,2,-,12,148,184
District of Columbia,-,0,-,-,-,0,-,-,-,1,1,14
Florida,-,1,2,2,-,3,10,5,70,240,6036,5511
Georgia,-,0,-,-,-,0,-,-,7,79,1730,1979
Maryland,-,0,-,3,1,2,12,12,25,50,693,768
North Carolina,-,0,-,-,-,1,3,6,-,79,1009,2080
South Carolina,-,0,-,-,-,1,1,1,-,76,1417,1412
Virginia,-,2,7,2,-,5,21,5,19,76,1050,1063
West Virginia,-,0,-,-,-,0,-,-,-,11,169,218
East South Central,-,2,8,2,-,1,4,7,18,175,3730,3100
Alabama,-,1,3,1,-,0,-,5,3,43,880,785
Kentucky,-,1,2,-,-,1,2,1,2,29,542,545
Mississippi,-,0,-,-,-,0,-,-,2,82,1423,977
Tennessee,-,1,3,1,-,1,2,1,11,45,885,793
West South Central,-,3,3,1,-,3,25,11,49,388,6327,5428
Arkansas,-,2,-,1,-,1,1,1,12,31,562,474
Louisiana,-,0,-,-,-,0,-,-,6,65,1121,956
Oklahoma,-,0,-,-,-,1,1,1,26,40,686,702
Texas,-,1,3,-,-,3,23,9,5,338,3958,3296
Mountain,-,1,2,7,-,3,12,14,43,101,2806,2835
Arizona,-,1,1,-,-,1,3,6,33,47,1027,778
Colorado,-,1,1,-,-,1,2,3,7,43,818,889
Idaho,-,0,-,5,-,1,1,-,-,7,48,166
Montana,-,0,-,-,-,0,-,-,-,8,133,106
Nevada,-,0,-,1,-,0,-,2,-,8,26,236
New Mexico,-,0,-,-,-,1,1,2,-,15,320,292
Utah,-,0,-,1,-,2,5,1,3,17,348,288
Wyoming,-,0,-,-,-,0,-,-,-,6,86,80
Pacific,-,4,21,10,-,4,52,65,15,164,4423,5198
Alaska,-,0,-,-,-,0,-,-,-,6,51,19
California,-,4,16,7,-,4,49,50,10,126,3164,4201
Hawaii,-,0,-,3,-,0,-,-,-,11,120,114
Oregon,-,0,-,-,-,1,2,1,1,23,423,290
Washington,-,1,5,-,-,1,1,14,4,29,665,574
U.S. Territories,-,0,-,14,-,1,-,3,2,17,360,412
American Samoa,-,0,-,-,-,0,-,-,-,0,-,-
Commonwealth of Northern Mariana Islands,-,0,-,4,-,0,-,-,-,0,-,2
Guam,-,0,-,3,-,0,-,3,-,1,-,21
Puerto Rico,-,0,-,7,-,1,-,-,2,17,360,386
U.S. Virgin Islands,-,0,-,-,-,0,-,-,-,0,-,3
Non-U.S. Residents,-,0,-,-,-,0,-,1,-,1,4,2
Total,-,6,80,68,1,17,282,210,336,1566,42594,45063
