Reporting Area,Influenza-associated pediatric mortality §,Influenza-associated pediatric mortality §,Influenza-associated pediatric mortality §,Influenza-associated pediatric mortality §
Reporting Area,Current week,Previous 52 weeks Max †,Cum YTD 2023 †,Cum YTD 2022 †
"U.S. Residents, excluding U.S. Territories",5,17,37,3
New England,-,4,4,-
Connecticut,-,1,-,-
Maine,-,1,1,-
Massachusetts,-,3,2,-
New Hampshire,-,0,-,-
Rhode Island,-,1,1,-
Vermont,-,0,-,-
Middle Atlantic,1,5,5,-
New Jersey,-,1,1,-
New York (excluding New York City),1,1,3,-
New York City,-,3,1,-
Pennsylvania,-,1,-,-
East North Central,1,4,2,1
Illinois,1,1,2,-
Indiana,-,1,-,-
Michigan,-,0,-,-
Ohio,U,NC,U,U
Wisconsin,-,2,-,1
West North Central,1,1,4,-
Iowa,1,1,2,-
Kansas,-,1,-,-
Minnesota,-,1,-,-
Missouri,-,0,-,-
Nebraska,-,1,1,-
North Dakota,-,0,-,-
South Dakota,-,1,1,-
South Atlantic,-,4,13,-
Delaware,-,0,-,-
District of Columbia,-,0,-,-
Florida,-,3,7,-
Georgia,-,1,-,-
Maryland,-,1,1,-
North Carolina,-,1,1,-
South Carolina,-,2,2,-
Virginia,-,2,2,-
West Virginia,-,1,-,-
East South Central,-,5,1,-
Alabama,-,1,1,-
Kentucky,-,5,-,-
Mississippi,-,1,-,-
Tennessee,-,0,-,-
West South Central,-,5,2,1
Arkansas,-,1,1,-
Louisiana,-,1,1,1
Oklahoma,-,0,-,-
Texas,-,5,-,-
Mountain,-,1,2,1
Arizona,-,1,2,-
Colorado,-,1,-,-
Idaho,-,0,-,-
Montana,-,1,-,1
Nevada,-,0,-,-
New Mexico,-,1,-,-
Utah,-,0,-,-
Wyoming,-,0,-,-
Pacific,2,3,4,-
Alaska,-,0,-,-
California,1,2,3,-
Hawaii,1,0,1,-
Oregon,-,2,-,-
Washington,-,1,-,-
U.S. Territories,-,0,-,-
American Samoa,-,0,-,-
Commonwealth of Northern Mariana Islands,-,0,-,-
Guam,-,0,-,-
Puerto Rico,-,0,-,-
U.S. Virgin Islands,-,0,-,-
Non-U.S. Residents,-,0,-,-
Total,5,17,37,3
