Reporting Area,Giardiasis,Giardiasis,Giardiasis,Giardiasis
Reporting Area,Current week,Previous 52 weeks Max †,Cum YTD 2023 †,Cum YTD 2022 †
"U.S. Residents, excluding U.S. Territories",146,356,2644,2722
New England,5,37,164,237
Connecticut,-,7,28,29
Maine,1,10,18,15
Massachusetts,3,22,103,162
New Hampshire,1,7,4,15
Rhode Island,-,4,11,16
Vermont,N,NC,N,N
Middle Atlantic,60,86,614,624
New Jersey,-,10,1,95
New York (excluding New York City),21,47,179,178
New York City,31,31,302,257
Pennsylvania,8,28,132,94
East North Central,20,187,250,214
Illinois,N,NC,N,N
Indiana,1,5,13,23
Michigan,3,14,88,91
Ohio,10,174,80,28
Wisconsin,6,21,69,72
West North Central,4,24,139,158
Iowa,2,7,39,54
Kansas,-,5,21,34
Minnesota,-,0,-,-
Missouri,1,8,52,42
Nebraska,1,5,15,19
North Dakota,-,4,4,1
South Dakota,-,4,8,8
South Atlantic,16,66,541,397
Delaware,-,2,2,3
District of Columbia,-,0,-,-
Florida,1,37,271,263
Georgia,-,18,104,37
Maryland,5,12,57,3
North Carolina,N,NC,N,N
South Carolina,1,8,33,27
Virginia,9,13,67,49
West Virginia,-,4,7,15
East South Central,8,13,84,47
Alabama,3,7,47,25
Kentucky,5,8,37,22
Mississippi,N,NC,N,N
Tennessee,N,NC,N,N
West South Central,2,14,69,64
Arkansas,1,8,19,16
Louisiana,1,11,50,48
Oklahoma,N,NC,N,N
Texas,N,NC,N,N
Mountain,14,37,183,235
Arizona,4,6,29,19
Colorado,8,22,63,101
Idaho,-,7,26,18
Montana,1,4,16,11
Nevada,-,5,5,23
New Mexico,-,3,7,9
Utah,1,9,35,49
Wyoming,-,3,2,5
Pacific,17,85,600,746
Alaska,-,9,5,11
California,9,65,492,568
Hawaii,-,3,9,6
Oregon,8,13,71,98
Washington,-,14,23,63
U.S. Territories,-,2,4,3
American Samoa,-,0,-,-
Commonwealth of Northern Mariana Islands,-,0,-,-
Guam,-,0,-,-
Puerto Rico,-,2,4,3
U.S. Virgin Islands,-,1,-,-
Non-U.S. Residents,-,1,1,1
Total,146,356,2649,2726
