Reporting Area,Legionellosis,Legionellosis,Legionellosis,Legionellosis
Reporting Area,Current week,Previous 52 weeks Max †,Cum YTD 2023 †,Cum YTD 2022 †
"U.S. Residents, excluding U.S. Territories",21,244,870,1169
New England,-,26,39,53
Connecticut,-,4,9,7
Maine,-,4,1,2
Massachusetts,-,21,17,38
New Hampshire,-,4,7,5
Rhode Island,-,12,2,1
Vermont,-,2,3,-
Middle Atlantic,2,65,131,181
New Jersey,-,13,4,29
New York (excluding New York City),1,26,45,56
New York City,-,26,41,36
Pennsylvania,1,20,41,60
East North Central,8,82,206,228
Illinois,-,34,42,38
Indiana,-,14,9,29
Michigan,-,23,31,59
Ohio,8,35,108,74
Wisconsin,-,19,16,28
West North Central,4,20,49,70
Iowa,-,4,5,12
Kansas,-,5,2,2
Minnesota,3,7,22,21
Missouri,1,13,11,22
Nebraska,-,2,8,6
North Dakota,-,1,1,2
South Dakota,-,2,-,5
South Atlantic,3,58,184,271
Delaware,-,2,2,3
District of Columbia,-,8,3,5
Florida,2,20,85,151
Georgia,-,9,7,26
Maryland,-,11,16,13
North Carolina,-,10,22,18
South Carolina,-,7,13,15
Virginia,1,15,31,25
West Virginia,-,6,5,15
East South Central,-,19,28,63
Alabama,-,6,9,12
Kentucky,-,5,-,16
Mississippi,-,4,-,8
Tennessee,-,15,19,27
West South Central,-,23,61,65
Arkansas,-,5,5,3
Louisiana,-,6,13,11
Oklahoma,-,1,-,1
Texas,-,16,43,50
Mountain,2,15,52,78
Arizona,2,9,16,40
Colorado,-,9,13,11
Idaho,-,4,5,3
Montana,-,2,5,3
Nevada,-,3,-,8
New Mexico,-,4,4,3
Utah,-,3,7,10
Wyoming,-,2,2,-
Pacific,2,23,120,160
Alaska,-,1,1,2
California,2,21,92,119
Hawaii,-,2,4,9
Oregon,-,6,10,8
Washington,-,4,13,22
U.S. Territories,-,1,1,2
American Samoa,N,NC,N,N
Commonwealth of Northern Mariana Islands,-,0,-,-
Guam,-,0,-,-
Puerto Rico,-,1,1,-
U.S. Virgin Islands,-,0,-,2
Non-U.S. Residents,-,0,-,-
Total,21,244,871,1171
