Reporting Area,Cryptosporidiosis,Cryptosporidiosis,Cryptosporidiosis,Cryptosporidiosis,Cyclosporiasis,Cyclosporiasis,Cyclosporiasis,Cyclosporiasis
Reporting Area,Current week,Previous 52 weeks Max †,Cum YTD 2022 †,Cum YTD 2021 †,Current week,Previous 52 weeks Max †,Cum YTD 2022 †,Cum YTD 2021 †
"U.S. Residents, excluding U.S. Territories",58,309,10000,8722,5,282,2637,2350
New England,3,19,367,397,-,9,62,75
Connecticut,-,4,26,69,-,3,18,27
Maine,-,3,51,58,-,1,1,2
Massachusetts,1,11,160,132,-,6,38,37
New Hampshire,-,4,37,57,-,1,2,5
Rhode Island,1,5,60,34,-,2,2,4
Vermont,1,4,33,47,-,1,1,-
Middle Atlantic,8,76,1559,1171,-,25,242,326
New Jersey,-,33,466,160,-,8,66,80
New York (excluding New York City),1,18,330,419,-,1,3,131
New York City,-,20,320,269,-,18,173,115
Pennsylvania,7,19,443,323,N,NC,N,N
East North Central,3,71,1728,1727,-,36,362,359
Illinois,-,21,408,290,-,29,192,126
Indiana,-,4,51,208,-,2,15,17
Michigan,1,13,272,237,-,6,55,50
Ohio,-,23,503,388,-,7,39,70
Wisconsin,2,27,494,604,-,9,61,96
West North Central,2,41,1007,1416,-,8,96,359
Iowa,-,20,408,427,-,4,29,88
Kansas,-,5,106,101,-,4,23,69
Minnesota,-,6,-,418,-,1,-,65
Missouri,1,10,236,220,-,5,25,81
Nebraska,1,6,118,95,-,3,17,31
North Dakota,-,6,47,33,-,0,-,9
South Dakota,-,5,92,122,-,1,2,16
South Atlantic,15,68,1799,1289,2,128,936,550
Delaware,-,3,36,22,-,2,3,5
District of Columbia,-,0,-,5,-,0,-,-
Florida,4,20,555,316,-,74,507,252
Georgia,3,17,388,251,-,40,177,67
Maryland,4,12,152,93,-,5,44,47
North Carolina,-,13,167,252,-,29,86,108
South Carolina,1,10,155,83,-,14,61,27
Virginia,3,13,238,199,1,11,54,35
West Virginia,-,9,108,68,1,2,4,9
East South Central,-,29,694,611,-,7,25,53
Alabama,-,8,146,117,-,0,-,6
Kentucky,-,16,267,218,N,NC,N,N
Mississippi,-,5,69,60,N,NC,N,N
Tennessee,-,15,212,216,-,7,25,47
West South Central,6,67,850,649,3,78,655,347
Arkansas,1,6,86,66,-,2,10,15
Louisiana,-,7,153,123,-,13,60,48
Oklahoma,2,11,80,88,N,NC,N,N
Texas,3,51,531,372,3,74,585,284
Mountain,6,32,794,668,-,13,126,183
Arizona,3,7,120,105,-,3,12,21
Colorado,2,12,250,201,-,10,87,123
Idaho,-,4,65,76,N,NC,N,N
Montana,-,4,49,53,-,1,4,4
Nevada,-,6,48,22,N,NC,N,N
New Mexico,-,4,61,67,-,1,3,8
Utah,1,10,181,130,-,3,19,24
Wyoming,-,3,20,14,-,1,1,3
Pacific,15,39,1202,794,-,17,133,98
Alaska,-,1,6,19,-,1,2,-
California,11,32,859,495,-,15,121,65
Hawaii,-,1,10,8,-,1,1,-
Oregon,1,7,107,122,-,2,8,14
Washington,3,9,220,150,-,1,1,19
U.S. Territories,-,1,1,1,-,0,-,1
American Samoa,N,NC,N,N,N,NC,N,N
Commonwealth of Northern Mariana Islands,-,0,-,-,-,0,-,-
Guam,-,0,-,-,-,0,-,-
Puerto Rico,-,1,1,1,-,0,-,1
U.S. Virgin Islands,-,0,-,-,-,0,-,-
Non-U.S. Residents,-,0,-,1,-,0,-,1
Total,58,309,10001,8724,5,282,2637,2352
