Reporting Area,Arboviral diseases,Arboviral diseases,Arboviral diseases,Arboviral diseases,Babesiosis,Babesiosis,Babesiosis,Babesiosis
Reporting Area,Western equine encephalitis virus disease,Western equine encephalitis virus disease,Western equine encephalitis virus disease,Western equine encephalitis virus disease,Babesiosis,Babesiosis,Babesiosis,Babesiosis
Reporting Area,Current week,Previous 52 weeks Max †,Cum YTD 2022 †,Cum YTD 2021 †,Current week,Previous 52 weeks Max †,Cum YTD 2022 †,Cum YTD 2021 †
"U.S. Residents, excluding U.S. Territories",-,0,-,-,-,225,1,10
New England,-,0,-,-,-,119,-,6
Connecticut,-,0,-,-,-,15,-,1
Maine,-,0,-,-,-,19,-,5
Massachusetts,-,0,-,-,-,64,-,-
New Hampshire,-,0,-,-,-,10,-,-
Rhode Island,-,0,-,-,-,33,-,-
Vermont,-,0,-,-,-,1,-,-
Middle Atlantic,-,0,-,-,-,104,-,4
New Jersey,-,0,-,-,-,31,-,2
New York (excluding New York City),-,0,-,-,-,78,-,2
New York City,-,0,-,-,-,15,-,-
Pennsylvania,-,0,-,-,N,NC,N,N
East North Central,-,0,-,-,-,13,-,-
Illinois,-,0,-,-,-,2,-,-
Indiana,-,0,-,-,-,1,-,-
Michigan,-,0,-,-,-,2,-,-
Ohio,-,0,-,-,-,1,-,-
Wisconsin,-,0,-,-,-,10,-,-
West North Central,-,0,-,-,-,2,-,-
Iowa,-,0,-,-,-,2,-,-
Kansas,-,0,-,-,-,0,-,-
Minnesota,-,0,-,-,-,0,-,-
Missouri,-,0,-,-,-,0,-,-
Nebraska,-,0,-,-,-,0,-,-
North Dakota,-,0,-,-,-,0,-,-
South Dakota,-,0,-,-,-,1,-,-
South Atlantic,-,0,-,-,-,4,1,-
Delaware,-,0,-,-,-,1,-,-
District of Columbia,-,0,-,-,-,0,-,-
Florida,-,0,-,-,-,1,1,-
Georgia,-,0,-,-,N,NC,N,N
Maryland,-,0,-,-,-,2,-,-
North Carolina,-,0,-,-,-,0,-,-
South Carolina,-,0,-,-,-,1,-,-
Virginia,-,0,-,-,-,2,-,-
West Virginia,-,0,-,-,-,0,-,-
East South Central,-,0,-,-,-,2,-,-
Alabama,-,0,-,-,-,1,-,-
Kentucky,-,0,-,-,-,1,-,-
Mississippi,-,0,-,-,N,NC,N,N
Tennessee,-,0,-,-,-,2,-,-
West South Central,-,0,-,-,-,1,-,-
Arkansas,-,0,-,-,-,0,-,-
Louisiana,-,0,-,-,-,1,-,-
Oklahoma,-,0,-,-,N,NC,N,N
Texas,-,0,-,-,-,0,-,-
Mountain,-,0,-,-,-,1,-,-
Arizona,-,0,-,-,-,1,-,-
Colorado,-,0,-,-,N,NC,N,N
Idaho,-,0,-,-,N,NC,N,N
Montana,-,0,-,-,-,0,-,-
Nevada,-,0,-,-,N,NC,N,N
New Mexico,-,0,-,-,N,NC,N,N
Utah,-,0,-,-,-,0,-,-
Wyoming,-,0,-,-,-,0,-,-
Pacific,-,0,-,-,-,1,-,-
Alaska,-,0,-,-,N,NC,N,N
California,-,0,-,-,-,1,-,-
Hawaii,-,0,-,-,N,NC,N,N
Oregon,-,0,-,-,-,1,-,-
Washington,-,0,-,-,-,0,-,-
U.S. Territories,-,0,-,-,-,0,-,-
American Samoa,-,0,-,-,U,NC,U,U
Commonwealth of Northern Mariana Islands,-,0,-,-,-,0,-,-
Guam,-,0,-,-,-,0,-,-
Puerto Rico,-,0,-,-,N,NC,N,N
U.S. Virgin Islands,-,0,-,-,-,0,-,-
Non-U.S. Residents,-,0,-,-,-,0,-,-
Total,-,0,-,-,-,225,1,10
