Reporting Area,Tuberculosis,Tuberculosis,Tuberculosis,Tuberculosis
Reporting Area,Current week,Previous 52 weeks Max †,Cum YTD 2023 †,Cum YTD 2022 †
"U.S. Residents, excluding U.S. Territories",25,260,1480,2096
New England,-,12,75,107
Connecticut,-,5,13,29
Maine,-,3,6,4
Massachusetts,-,7,56,64
New Hampshire,-,3,-,5
Rhode Island,-,2,-,4
Vermont,-,1,-,1
Middle Atlantic,21,58,396,332
New Jersey,8,43,86,77
New York (excluding New York City),-,0,-,1
New York City,13,21,247,204
Pennsylvania,-,16,63,50
East North Central,1,87,125,148
Illinois,-,68,84,64
Indiana,-,14,-,25
Michigan,1,8,40,29
Ohio,-,17,-,30
Wisconsin,-,1,1,-
West North Central,-,27,61,117
Iowa,-,6,-,22
Kansas,-,11,9,18
Minnesota,-,25,28,25
Missouri,-,4,21,33
Nebraska,-,2,1,13
North Dakota,-,1,-,3
South Dakota,-,2,2,3
South Atlantic,2,97,289,487
Delaware,-,2,10,5
District of Columbia,-,3,6,5
Florida,-,17,201,217
Georgia,-,12,-,100
Maryland,-,15,1,40
North Carolina,2,39,40,33
South Carolina,-,11,-,25
Virginia,-,19,31,58
West Virginia,-,1,-,4
East South Central,-,13,12,117
Alabama,-,7,-,28
Kentucky,-,3,-,24
Mississippi,-,4,12,21
Tennessee,-,5,-,44
West South Central,-,36,292,485
Arkansas,-,5,29,33
Louisiana,-,6,30,32
Oklahoma,-,8,31,24
Texas,-,32,202,396
Mountain,-,16,117,124
Arizona,-,12,46,50
Colorado,-,7,34,22
Idaho,-,1,-,5
Montana,-,1,2,2
Nevada,-,4,27,27
New Mexico,-,4,8,8
Utah,-,3,-,10
Wyoming,-,1,-,-
Pacific,1,22,113,179
Alaska,-,5,29,37
California,-,0,-,-
Hawaii,-,5,55,31
Oregon,1,6,27,27
Washington,-,13,2,84
U.S. Territories,-,5,10,38
American Samoa,-,0,-,-
Commonwealth of Northern Mariana Islands,-,2,-,12
Guam,-,4,-,19
Puerto Rico,-,3,9,7
U.S. Virgin Islands,-,1,1,-
Non-U.S. Residents,-,0,-,-
Total,25,263,1490,2134
