Reporting Area,"Haemophilus influenzae,  invasive disease","Haemophilus influenzae,  invasive disease","Haemophilus influenzae,  invasive disease","Haemophilus influenzae,  invasive disease"
Reporting Area,"All ages, all serotypes","All ages, all serotypes","All ages, all serotypes","All ages, all serotypes"
Reporting Area,Current week,Previous 52 weeks Max †,Cum YTD 2023 †,Cum YTD 2022 †
"U.S. Residents, excluding U.S. Territories",61,203,1088,708
New England,3,13,54,26
Connecticut,-,5,11,4
Maine,2,3,7,2
Massachusetts,-,8,26,14
New Hampshire,-,3,3,3
Rhode Island,-,2,3,-
Vermont,1,1,4,3
Middle Atlantic,10,38,179,93
New Jersey,-,8,-,17
New York (excluding New York City),4,21,56,19
New York City,3,7,30,20
Pennsylvania,3,15,93,37
East North Central,7,49,206,138
Illinois,-,13,34,28
Indiana,-,9,30,32
Michigan,-,8,45,25
Ohio,7,23,96,36
Wisconsin,-,2,1,17
West North Central,1,10,33,41
Iowa,-,1,-,-
Kansas,-,3,-,11
Minnesota,-,0,-,-
Missouri,1,9,23,18
Nebraska,-,3,8,5
North Dakota,-,1,-,-
South Dakota,-,4,2,7
South Atlantic,20,49,252,147
Delaware,-,3,5,2
District of Columbia,-,1,-,1
Florida,9,15,99,46
Georgia,1,5,12,33
Maryland,6,9,33,3
North Carolina,-,13,31,29
South Carolina,-,7,26,14
Virginia,3,10,31,13
West Virginia,1,5,15,6
East South Central,3,17,88,70
Alabama,-,5,-,27
Kentucky,-,5,27,8
Mississippi,-,6,10,6
Tennessee,3,10,51,29
West South Central,6,24,114,93
Arkansas,2,5,10,8
Louisiana,-,5,11,20
Oklahoma,4,7,28,19
Texas,-,22,65,46
Mountain,7,49,116,73
Arizona,3,10,45,24
Colorado,3,6,25,11
Idaho,-,2,4,3
Montana,-,2,-,4
Nevada,-,41,16,13
New Mexico,-,4,12,8
Utah,1,4,14,9
Wyoming,-,0,-,1
Pacific,4,12,46,27
Alaska,1,3,2,6
California,1,6,15,11
Hawaii,1,3,9,-
Oregon,1,7,20,10
Washington,-,0,-,-
U.S. Territories,-,0,-,-
American Samoa,-,0,-,-
Commonwealth of Northern Mariana Islands,-,0,-,-
Guam,-,0,-,-
Puerto Rico,-,0,-,-
U.S. Virgin Islands,-,0,-,-
Non-U.S. Residents,-,0,-,-
Total,61,203,1088,708
