Reporting Area,Mumps,Mumps,Mumps,Mumps
Reporting Area,Current week,Previous 52 weeks Max †,Cum YTD 2023 †,Cum YTD 2022 †
"U.S. Residents, excluding U.S. Territories",3,23,225,166
New England,-,3,8,4
Connecticut,-,1,2,-
Maine,-,1,3,-
Massachusetts,-,1,1,4
New Hampshire,-,1,-,-
Rhode Island,-,1,2,-
Vermont,-,0,-,-
Middle Atlantic,1,7,29,23
New Jersey,-,2,-,2
New York (excluding New York City),-,2,4,5
New York City,-,3,22,11
Pennsylvania,1,2,3,5
East North Central,-,5,54,39
Illinois,-,3,20,10
Indiana,-,2,7,10
Michigan,-,1,4,7
Ohio,-,2,22,9
Wisconsin,-,2,1,3
West North Central,-,4,18,15
Iowa,-,2,6,2
Kansas,-,1,1,2
Minnesota,-,1,-,-
Missouri,-,1,4,5
Nebraska,-,1,4,5
North Dakota,-,2,3,1
South Dakota,-,0,-,-
South Atlantic,1,3,27,24
Delaware,-,1,1,-
District of Columbia,-,0,-,2
Florida,1,2,10,7
Georgia,-,0,-,4
Maryland,-,2,4,2
North Carolina,-,1,2,1
South Carolina,-,1,3,-
Virginia,-,1,7,7
West Virginia,-,1,-,1
East South Central,-,2,9,4
Alabama,-,1,1,3
Kentucky,-,2,7,1
Mississippi,-,0,-,-
Tennessee,-,1,1,-
West South Central,-,4,28,23
Arkansas,-,0,-,2
Louisiana,-,2,3,3
Oklahoma,-,0,-,2
Texas,-,4,25,16
Mountain,1,2,13,9
Arizona,-,2,4,-
Colorado,-,1,6,3
Idaho,-,1,-,1
Montana,-,1,1,-
Nevada,-,1,-,-
New Mexico,-,1,-,1
Utah,1,1,2,4
Wyoming,-,0,-,-
Pacific,-,6,39,25
Alaska,-,1,-,-
California,-,6,32,18
Hawaii,-,1,-,2
Oregon,-,2,6,4
Washington,-,1,1,1
U.S. Territories,-,1,-,-
American Samoa,-,0,-,-
Commonwealth of Northern Mariana Islands,-,0,-,-
Guam,-,0,-,-
Puerto Rico,-,1,-,-
U.S. Virgin Islands,-,0,-,-
Non-U.S. Residents,-,0,-,-
Total,3,23,225,166
