Reporting Area,Listeriosis §,Listeriosis §,Listeriosis §,Listeriosis §
Reporting Area,Probable,Probable,Probable,Probable
Reporting Area,Current week,Previous 52 weeks Max †,Cum YTD 2023 †,Cum YTD 2022 †
"U.S. Residents, excluding U.S. Territories",-,3,15,28
New England,-,1,1,1
Connecticut,-,0,-,-
Maine,-,0,-,-
Massachusetts,-,1,1,1
New Hampshire,-,0,-,-
Rhode Island,-,0,-,-
Vermont,-,0,-,-
Middle Atlantic,-,1,1,6
New Jersey,-,0,-,-
New York (excluding New York City),-,0,-,-
New York City,-,1,1,4
Pennsylvania,-,0,-,2
East North Central,-,1,2,7
Illinois,-,1,1,5
Indiana,-,1,-,1
Michigan,-,1,1,1
Ohio,-,0,-,-
Wisconsin,-,0,-,-
West North Central,-,1,1,2
Iowa,-,0,-,-
Kansas,-,1,1,-
Minnesota,-,0,-,-
Missouri,-,1,-,2
Nebraska,-,0,-,-
North Dakota,-,0,-,-
South Dakota,-,0,-,-
South Atlantic,-,1,4,2
Delaware,-,0,-,-
District of Columbia,-,1,1,-
Florida,-,1,-,-
Georgia,-,0,-,-
Maryland,-,0,-,1
North Carolina,-,1,2,-
South Carolina,-,0,-,-
Virginia,-,1,1,-
West Virginia,-,0,-,1
East South Central,-,1,1,3
Alabama,-,1,-,2
Kentucky,-,1,-,1
Mississippi,-,0,-,-
Tennessee,-,1,1,-
West South Central,-,2,3,3
Arkansas,-,1,-,-
Louisiana,-,0,-,-
Oklahoma,-,0,-,1
Texas,-,2,3,2
Mountain,-,1,1,3
Arizona,-,0,-,-
Colorado,-,0,-,-
Idaho,-,0,-,-
Montana,-,0,-,-
Nevada,-,0,-,1
New Mexico,-,1,1,1
Utah,-,0,-,1
Wyoming,-,0,-,-
Pacific,-,1,1,1
Alaska,-,0,-,-
California,-,0,-,-
Hawaii,-,1,1,-
Oregon,-,0,-,-
Washington,-,0,-,1
U.S. Territories,-,0,-,-
American Samoa,N,NC,N,N
Commonwealth of Northern Mariana Islands,-,0,-,-
Guam,-,0,-,-
Puerto Rico,-,0,-,-
U.S. Virgin Islands,-,0,-,-
Non-U.S. Residents,-,0,-,-
Total,-,3,15,28
