Reporting Area,Carbapenemase-producing carbapenem-resistant  Enterobacteriaceae,Carbapenemase-producing carbapenem-resistant  Enterobacteriaceae,Carbapenemase-producing carbapenem-resistant  Enterobacteriaceae,Carbapenemase-producing carbapenem-resistant  Enterobacteriaceae,Chancroid,Chancroid,Chancroid,Chancroid,Chlamydia trachomatis  infection §,Chlamydia trachomatis  infection §,Chlamydia trachomatis  infection §,Chlamydia trachomatis  infection §
Reporting Area,Current week,Previous 52 weeks Max †,Cum YTD 2022 †,Cum YTD 2021 †,Current week,Previous 52 weeks Max †,Cum YTD 2022 †,Cum YTD 2021 †,Current week,Previous 52 weeks Max †,Cum YTD 2022 †,Cum YTD 2021 †
"U.S. Residents, excluding U.S. Territories",15,65,517,449,1,1,2,5,13725,NC,308955,433873
New England,-,3,7,-,-,1,-,1,100,NC,2907,13763
Connecticut,-,0,-,-,-,0,-,-,-,NC,-,3133
Maine,-,0,-,-,-,0,-,-,52,NC,876,1020
Massachusetts,-,0,-,-,-,0,-,1,-,NC,-,7211
New Hampshire,-,3,7,-,-,0,-,-,48,NC,812,874
Rhode Island,-,3,-,-,-,0,-,-,-,NC,922,1306
Vermont,-,1,-,-,-,1,-,-,-,NC,297,219
Middle Atlantic,-,14,91,115,1,0,1,-,2776,NC,47120,50260
New Jersey,-,0,-,-,-,0,-,-,470,NC,6387,9129
New York (excluding New York City),-,0,-,-,1,0,1,-,727,NC,10007,9376
New York City,-,4,16,27,-,0,-,-,617,NC,16456,16832
Pennsylvania,-,12,75,88,-,0,-,-,962,NC,14270,14923
East North Central,-,12,67,90,-,0,-,1,667,NC,33578,65715
Illinois,-,0,-,-,-,0,-,-,72,NC,7479,19137
Indiana,-,9,41,50,-,0,-,-,-,NC,-,9982
Michigan,-,5,22,37,-,0,-,1,175,NC,6552,12275
Ohio,-,0,-,-,-,0,-,-,-,NC,12908,16271
Wisconsin,-,3,4,3,-,0,-,-,420,NC,6639,8050
West North Central,-,2,4,3,-,0,-,-,662,NC,20484,27435
Iowa,-,0,-,-,-,0,-,-,57,NC,3358,3424
Kansas,-,0,-,-,-,0,-,-,-,NC,288,4219
Minnesota,-,0,-,-,-,0,-,-,123,NC,5449,6442
Missouri,-,0,-,-,-,0,-,-,224,NC,7194,8380
Nebraska,-,0,-,-,-,0,-,-,189,NC,2559,2539
North Dakota,-,2,4,2,-,0,-,-,1,NC,438,1163
South Dakota,-,1,-,1,-,0,-,-,68,NC,1198,1268
South Atlantic,4,27,80,108,-,0,-,-,3804,NC,68574,97483
Delaware,-,3,1,6,-,0,-,-,-,NC,-,1282
District of Columbia,-,0,-,-,-,0,-,-,-,NC,1945,1806
Florida,N,NC,N,N,-,0,-,-,1507,NC,25619,28033
Georgia,-,10,-,26,-,0,-,-,754,NC,8671,17955
Maryland,-,0,-,-,-,0,-,-,-,NC,-,9384
North Carolina,-,11,45,40,-,0,-,-,9,NC,10050,16711
South Carolina,-,0,-,-,-,0,-,-,716,NC,9987,10130
Virginia,4,22,34,36,-,0,-,-,791,NC,11148,10686
West Virginia,-,0,-,-,-,0,-,-,27,NC,1154,1496
East South Central,-,0,-,-,-,0,-,-,1280,NC,25177,28358
Alabama,N,NC,N,N,-,0,-,-,606,NC,8116,7876
Kentucky,-,0,-,-,-,0,-,-,394,NC,4753,3930
Mississippi,-,0,-,-,-,0,-,-,217,NC,4820,5597
Tennessee,-,0,-,-,-,0,-,-,63,NC,7488,10955
West South Central,-,0,-,-,-,0,-,-,783,NC,30874,56888
Arkansas,-,0,-,-,-,0,-,-,139,NC,3418,4458
Louisiana,-,0,-,-,-,0,-,-,273,NC,8738,9473
Oklahoma,-,0,-,-,-,0,-,-,37,NC,2488,3404
Texas,-,0,-,-,-,0,-,-,334,NC,16230,39553
Mountain,7,16,89,43,-,0,-,-,1313,NC,22300,31809
Arizona,7,16,87,38,-,0,-,-,482,NC,10414,11100
Colorado,-,0,-,-,-,0,-,-,549,NC,3166,7713
Idaho,-,0,-,-,-,0,-,-,16,NC,1037,1840
Montana,-,0,-,-,-,0,-,-,68,NC,430,62
Nevada,-,1,-,3,-,0,-,-,-,NC,1860,3754
New Mexico,-,0,-,-,-,0,-,-,26,NC,2281,3567
Utah,-,3,2,2,-,0,-,-,147,NC,2931,3217
Wyoming,-,0,-,-,-,0,-,-,25,NC,181,556
Pacific,4,20,179,90,-,1,1,3,2340,NC,57941,62162
Alaska,-,0,-,-,-,0,-,-,-,NC,758,1478
California,-,19,136,48,-,1,-,-,1572,NC,47640,50813
Hawaii,-,1,-,-,-,0,-,-,-,NC,-,99
Oregon,4,7,43,42,-,0,-,-,311,NC,4427,4221
Washington,-,0,-,-,-,1,1,3,457,NC,5116,5551
U.S. Territories,-,0,-,-,-,0,-,-,-,NC,52,763
American Samoa,-,0,-,-,-,0,-,-,-,NC,-,-
Commonwealth of Northern Mariana Islands,-,0,-,-,-,0,-,-,-,NC,-,-
Guam,-,0,-,-,-,0,-,-,-,NC,-,-
Puerto Rico,-,0,-,-,-,0,-,-,-,NC,52,763
U.S. Virgin Islands,-,0,-,-,-,0,-,-,-,NC,-,-
Non-U.S. Residents,-,0,-,-,-,0,-,-,5,NC,40,34
Total,15,65,517,449,1,1,2,5,13730,NC,309047,434670
