Reporting Area,Dengue virus infections,Dengue virus infections,Dengue virus infections,Dengue virus infections
Reporting Area,Dengue,Dengue,Dengue,Dengue
Reporting Area,Current week,Previous 52 weeks Max †,Cum YTD 2023 †,Cum YTD 2022 †
"U.S. Residents, excluding U.S. Territories",1,89,141,106
New England,-,4,8,5
Connecticut,-,2,-,-
Maine,-,0,-,-
Massachusetts,-,3,7,4
New Hampshire,-,1,-,-
Rhode Island,-,2,1,-
Vermont,-,1,-,1
Middle Atlantic,-,10,14,20
New Jersey,-,4,3,3
New York (excluding New York City),-,2,2,4
New York City,-,7,7,10
Pennsylvania,-,2,2,3
East North Central,-,6,7,7
Illinois,-,2,5,2
Indiana,-,2,-,2
Michigan,-,1,-,1
Ohio,-,1,2,1
Wisconsin,-,1,-,1
West North Central,-,2,2,-
Iowa,-,1,1,-
Kansas,-,1,-,-
Minnesota,-,1,-,-
Missouri,-,1,-,-
Nebraska,-,2,1,-
North Dakota,-,0,-,-
South Dakota,-,0,-,-
South Atlantic,-,69,95,36
Delaware,-,0,-,-
District of Columbia,-,1,-,3
Florida,-,66,89,31
Georgia,-,1,1,1
Maryland,-,1,2,-
North Carolina,-,1,-,1
South Carolina,-,1,-,-
Virginia,-,2,3,-
West Virginia,-,0,-,-
East South Central,-,2,1,1
Alabama,-,1,1,-
Kentucky,-,1,-,1
Mississippi,-,0,-,-
Tennessee,-,1,-,-
West South Central,-,6,2,7
Arkansas,-,1,-,-
Louisiana,-,1,1,-
Oklahoma,-,0,-,-
Texas,-,6,1,7
Mountain,-,4,4,4
Arizona,-,4,2,2
Colorado,-,2,1,1
Idaho,-,0,-,-
Montana,-,1,1,-
Nevada,-,1,-,1
New Mexico,-,1,-,-
Utah,-,2,-,-
Wyoming,-,0,-,-
Pacific,1,10,8,26
Alaska,-,0,-,-
California,-,10,7,22
Hawaii,1,1,1,1
Oregon,-,1,-,1
Washington,-,3,-,2
U.S. Territories,-,54,208,88
American Samoa,-,0,-,-
Commonwealth of Northern Mariana Islands,-,0,-,-
Guam,-,1,-,-
Puerto Rico,-,54,208,88
U.S. Virgin Islands,-,0,-,-
Non-U.S. Residents,-,0,-,-
Total,1,106,349,194
