Reporting Area,Salmonella  Paratyphi infection §,Salmonella  Paratyphi infection §,Salmonella  Paratyphi infection §,Salmonella  Paratyphi infection §,Salmonella  Typhi infection ¶,Salmonella  Typhi infection ¶,Salmonella  Typhi infection ¶,Salmonella  Typhi infection ¶,Salmonellosis (excluding  Salmonella  Typhi infection and  Salmonella  Paratyphi infection) **,Salmonellosis (excluding  Salmonella  Typhi infection and  Salmonella  Paratyphi infection) **,Salmonellosis (excluding  Salmonella  Typhi infection and  Salmonella  Paratyphi infection) **,Salmonellosis (excluding  Salmonella  Typhi infection and  Salmonella  Paratyphi infection) **
Reporting Area,Current week,Previous 52 weeks Max †,Cum YTD 2022 †,Cum YTD 2021 †,Current week,Previous 52 weeks Max †,Cum YTD 2022 †,Cum YTD 2021 †,Current week,Previous 52 weeks Max †,Cum YTD 2022 †,Cum YTD 2021 †
"U.S. Residents, excluding U.S. Territories",-,5,24,18,-,11,66,42,219,1409,6934,7900
New England,-,2,1,1,-,2,9,3,12,89,298,359
Connecticut,-,2,1,1,-,2,3,2,-,19,28,74
Maine,-,0,-,-,-,0,-,-,-,10,17,33
Massachusetts,-,2,-,-,-,1,6,1,12,44,201,174
New Hampshire,-,0,-,-,-,0,-,-,-,10,32,42
Rhode Island,-,0,-,-,-,0,-,-,-,8,14,21
Vermont,-,0,-,-,-,0,-,-,-,8,6,15
Middle Atlantic,-,3,7,3,-,5,20,14,27,175,751,843
New Jersey,-,1,-,1,-,2,-,5,-,48,23,164
New York (excluding New York City),-,1,2,-,-,3,6,3,-,53,195,198
New York City,-,2,4,1,-,2,11,4,17,53,272,194
Pennsylvania,-,2,1,1,-,1,3,2,10,54,261,287
East North Central,-,1,2,4,-,2,11,1,10,214,847,1034
Illinois,-,1,2,2,-,2,5,-,-,123,232,314
Indiana,-,0,-,-,-,0,-,-,-,24,5,136
Michigan,-,0,-,1,-,1,3,-,4,32,144,191
Ohio,-,1,-,1,-,2,3,1,-,43,239,227
Wisconsin,-,0,-,-,-,0,-,-,6,45,227,166
West North Central,-,2,2,-,-,1,-,-,6,95,417,495
Iowa,-,1,1,-,-,0,-,-,1,32,139,139
Kansas,-,0,-,-,-,1,-,-,-,27,34,78
Minnesota,-,0,-,-,-,0,-,-,-,0,-,-
Missouri,-,0,-,-,-,1,-,-,-,35,114,155
Nebraska,-,1,1,-,-,1,-,-,3,19,71,64
North Dakota,-,0,-,-,-,0,-,-,2,7,19,22
South Dakota,-,0,-,-,-,0,-,-,-,14,40,37
South Atlantic,-,1,2,3,-,3,9,5,54,498,1999,2303
Delaware,-,0,-,-,-,1,-,1,-,13,22,20
District of Columbia,-,0,-,-,-,0,-,-,-,1,-,8
Florida,-,1,1,2,-,1,2,1,13,218,1244,1055
Georgia,-,0,-,-,-,0,-,-,9,79,234,355
Maryland,-,1,-,-,-,1,3,1,6,41,120,148
North Carolina,-,0,-,-,-,1,-,1,-,98,-,300
South Carolina,-,0,-,-,-,1,-,-,19,77,184,174
Virginia,-,1,1,1,-,3,4,1,7,52,182,200
West Virginia,-,0,-,-,-,0,-,-,-,11,13,43
East South Central,-,1,3,-,-,2,1,2,3,123,351,606
Alabama,-,1,1,-,-,2,-,1,3,38,95,138
Kentucky,-,1,2,-,-,1,1,-,-,25,48,93
Mississippi,-,0,-,-,-,0,-,-,-,40,112,169
Tennessee,-,1,-,-,-,0,-,1,-,36,96,206
West South Central,-,3,-,1,-,3,2,2,35,272,769,878
Arkansas,-,2,-,1,-,0,-,1,1,26,57,68
Louisiana,-,1,-,-,-,0,-,-,3,50,148,191
Oklahoma,-,0,-,-,-,0,-,1,14,77,113,100
Texas,-,1,-,-,-,3,2,-,17,176,451,519
Mountain,-,1,1,3,-,3,4,3,26,97,597,573
Arizona,-,0,-,-,-,2,1,1,15,32,179,184
Colorado,-,1,1,-,-,1,1,-,9,41,216,158
Idaho,-,1,-,2,-,1,-,-,-,9,25,45
Montana,-,0,-,-,-,0,-,-,-,7,10,34
Nevada,-,0,-,-,-,0,-,1,-,4,6,15
New Mexico,-,0,-,-,-,1,-,1,-,15,49,52
Utah,-,0,-,1,-,2,2,-,2,23,103,66
Wyoming,-,0,-,-,-,0,-,-,-,8,9,19
Pacific,-,2,6,3,-,4,10,12,46,131,905,809
Alaska,-,0,-,-,-,0,-,-,1,3,16,4
California,-,2,4,1,-,4,9,11,34,105,574,551
Hawaii,-,1,-,1,-,0,-,-,-,8,20,22
Oregon,-,0,-,-,-,1,1,-,5,15,119,68
Washington,-,1,2,1,-,0,-,1,6,30,176,164
U.S. Territories,-,1,-,6,-,0,-,3,-,34,66,118
American Samoa,-,0,-,-,-,0,-,-,-,0,-,-
Commonwealth of Northern Mariana Islands,-,1,-,3,-,0,-,-,-,1,-,-
Guam,-,0,-,3,-,0,-,3,-,2,-,11
Puerto Rico,-,0,-,-,-,0,-,-,-,32,66,107
U.S. Virgin Islands,-,0,-,-,-,0,-,-,-,1,-,-
Non-U.S. Residents,-,0,-,-,-,0,-,-,-,2,-,-
Total,-,5,24,24,-,11,66,45,219,1419,7000,8018
