Reporting Area,Campylobacteriosis,Campylobacteriosis,Campylobacteriosis,Campylobacteriosis
Reporting Area,Current week,Previous 52 weeks Max †,Cum YTD 2023 †,Cum YTD 2022 †
"U.S. Residents, excluding U.S. Territories",952,1773,31960,31346
New England,32,102,1302,1549
Connecticut,-,26,180,294
Maine,3,9,86,83
Massachusetts,24,55,711,831
New Hampshire,5,11,160,170
Rhode Island,-,13,98,106
Vermont,-,8,67,65
Middle Atlantic,185,289,5289,4653
New Jersey,3,59,974,976
New York (excluding New York City),73,127,1347,1092
New York City,68,94,1809,1402
Pennsylvania,41,89,1159,1183
East North Central,103,256,3661,3816
Illinois,-,80,1006,1141
Indiana,-,34,277,431
Michigan,10,50,649,633
Ohio,80,98,1124,1014
Wisconsin,13,48,605,597
West North Central,65,183,1941,2621
Iowa,18,40,554,530
Kansas,13,32,312,352
Minnesota,-,56,-,680
Missouri,14,42,549,546
Nebraska,17,22,251,254
North Dakota,-,8,64,96
South Dakota,3,17,211,163
South Atlantic,178,278,5748,5489
Delaware,-,9,40,102
District of Columbia,-,8,60,13
Florida,112,127,2304,2025
Georgia,2,43,549,820
Maryland,13,43,589,496
North Carolina,-,58,915,898
South Carolina,4,30,377,289
Virginia,47,53,802,662
West Virginia,-,20,112,184
East South Central,16,97,1210,1749
Alabama,4,33,42,421
Kentucky,-,35,381,556
Mississippi,2,22,231,323
Tennessee,10,40,556,449
West South Central,81,245,3427,2805
Arkansas,16,23,320,311
Louisiana,-,25,366,372
Oklahoma,42,58,588,445
Texas,23,164,2153,1677
Mountain,47,154,2318,2569
Arizona,35,56,775,784
Colorado,-,42,508,602
Idaho,-,18,226,227
Montana,-,17,91,179
Nevada,-,16,73,161
New Mexico,10,27,242,228
Utah,2,26,322,306
Wyoming,-,9,81,82
Pacific,245,357,7064,6095
Alaska,-,9,49,60
California,229,272,5668,4414
Hawaii,-,38,498,241
Oregon,16,31,515,449
Washington,-,68,334,931
U.S. Territories,-,4,26,52
American Samoa,-,0,-,-
Commonwealth of Northern Mariana Islands,-,0,-,-
Guam,-,0,-,-
Puerto Rico,-,4,26,52
U.S. Virgin Islands,-,0,-,-
Non-U.S. Residents,-,2,1,1
Total,952,1774,31987,31399
