Reporting Area,"Vibriosis (any species of the family  Vibrionaceae  , other than toxigenic  Vibrio  cholerae O1 or O139)","Vibriosis (any species of the family  Vibrionaceae  , other than toxigenic  Vibrio  cholerae O1 or O139)","Vibriosis (any species of the family  Vibrionaceae  , other than toxigenic  Vibrio  cholerae O1 or O139)","Vibriosis (any species of the family  Vibrionaceae  , other than toxigenic  Vibrio  cholerae O1 or O139)"
Reporting Area,Probable,Probable,Probable,Probable
Reporting Area,Current week,Previous 52 weeks Max †,Cum YTD 2023 †,Cum YTD 2022 †
"U.S. Residents, excluding U.S. Territories",5,47,224,346
New England,1,5,10,11
Connecticut,-,4,2,4
Maine,-,2,-,1
Massachusetts,1,2,8,6
New Hampshire,-,1,-,-
Rhode Island,-,1,-,-
Vermont,-,0,-,-
Middle Atlantic,-,12,27,65
New Jersey,-,6,10,16
New York (excluding New York City),-,3,7,14
New York City,-,5,2,19
Pennsylvania,-,4,8,16
East North Central,-,8,39,49
Illinois,-,3,11,13
Indiana,-,2,5,2
Michigan,-,2,7,9
Ohio,-,4,8,11
Wisconsin,-,3,8,14
West North Central,-,3,2,14
Iowa,N,NC,N,N
Kansas,-,2,-,3
Minnesota,-,0,-,-
Missouri,-,1,1,4
Nebraska,-,2,-,5
North Dakota,-,1,-,2
South Dakota,-,1,1,-
South Atlantic,2,16,67,77
Delaware,-,1,2,-
District of Columbia,-,1,-,1
Florida,1,7,34,20
Georgia,-,5,-,20
Maryland,-,4,13,15
North Carolina,-,6,8,8
South Carolina,1,2,3,3
Virginia,-,4,6,5
West Virginia,-,1,1,5
East South Central,-,5,8,19
Alabama,-,2,-,7
Kentucky,-,3,3,2
Mississippi,-,2,-,7
Tennessee,-,2,5,3
West South Central,2,9,27,48
Arkansas,1,1,1,1
Louisiana,-,3,16,14
Oklahoma,1,1,2,3
Texas,-,7,8,30
Mountain,-,5,19,22
Arizona,-,4,8,8
Colorado,-,3,4,10
Idaho,N,NC,N,N
Montana,-,1,2,1
Nevada,-,1,-,-
New Mexico,-,0,-,-
Utah,-,2,4,2
Wyoming,-,1,1,1
Pacific,-,10,25,41
Alaska,-,1,1,-
California,-,7,15,26
Hawaii,-,0,-,1
Oregon,-,2,2,-
Washington,-,4,7,14
U.S. Territories,-,0,-,-
American Samoa,N,NC,N,N
Commonwealth of Northern Mariana Islands,-,0,-,-
Guam,-,0,-,-
Puerto Rico,-,0,-,-
U.S. Virgin Islands,-,0,-,-
Non-U.S. Residents,-,0,-,-
Total,5,47,224,346
