Reporting Area,Carbapenemase-producing carbapenem-resistant  Enterobacteriaceae,Carbapenemase-producing carbapenem-resistant  Enterobacteriaceae,Carbapenemase-producing carbapenem-resistant  Enterobacteriaceae,Carbapenemase-producing carbapenem-resistant  Enterobacteriaceae,Chancroid,Chancroid,Chancroid,Chancroid,Chlamydia trachomatis  infection §,Chlamydia trachomatis  infection §,Chlamydia trachomatis  infection §,Chlamydia trachomatis  infection §
Reporting Area,Current week,Previous 52 weeks Max †,Cum YTD 2022 †,Cum YTD 2021 †,Current week,Previous 52 weeks Max †,Cum YTD 2022 †,Cum YTD 2021 †,Current week,Previous 52 weeks Max †,Cum YTD 2022 †,Cum YTD 2021 †
"U.S. Residents, excluding U.S. Territories",14,73,1501,1375,1,1,6,7,10033,NC,944316,1153209
New England,-,3,9,5,-,1,-,2,121,NC,21117,35049
Connecticut,-,0,-,-,-,0,-,-,-,NC,-,8443
Maine,-,0,-,-,-,0,-,-,51,NC,2102,2387
Massachusetts,-,0,-,-,-,0,-,1,-,NC,13193,18473
New Hampshire,-,2,8,3,-,0,-,-,39,NC,2024,1995
Rhode Island,-,3,1,2,-,0,-,-,-,NC,2941,3198
Vermont,-,1,-,-,-,1,-,1,31,NC,857,553
Middle Atlantic,-,14,287,315,-,1,1,-,2097,NC,122657,130902
New Jersey,-,0,-,-,-,0,-,-,446,NC,15536,23439
New York (excluding New York City),-,0,-,-,-,1,1,-,685,NC,26535,27823
New York City,-,6,93,66,-,0,-,-,244,NC,43253,42714
Pennsylvania,-,12,194,249,-,0,-,-,722,NC,37333,36926
East North Central,4,13,234,216,-,0,-,1,608,NC,123238,164152
Illinois,-,0,-,-,-,0,-,-,49,NC,29179,50497
Indiana,4,9,154,111,-,0,-,-,-,NC,19398,21975
Michigan,-,5,56,84,-,0,-,1,195,NC,21176,31604
Ohio,-,0,-,-,-,0,-,-,-,NC,36146,40088
Wisconsin,-,3,24,21,-,0,-,-,364,NC,17339,19988
West North Central,-,3,33,33,-,0,-,-,551,NC,65421,70138
Iowa,-,3,22,17,-,0,-,-,107,NC,9101,9131
Kansas,-,0,-,-,-,0,-,-,105,NC,8133,10659
Minnesota,-,0,-,-,-,0,-,-,12,NC,14478,15892
Missouri,-,0,-,-,-,0,-,-,253,NC,21888,22006
Nebraska,-,0,-,-,-,0,-,-,-,NC,6415,6532
North Dakota,-,2,9,13,-,0,-,-,-,NC,2023,2802
South Dakota,-,1,2,3,-,0,-,-,74,NC,3383,3116
South Atlantic,1,21,207,350,-,0,-,-,1788,NC,213305,251159
Delaware,-,3,1,23,-,0,-,-,117,NC,3597,3260
District of Columbia,-,0,-,-,-,0,-,-,73,NC,5463,4714
Florida,N,NC,N,N,-,0,-,-,-,NC,68390,72295
Georgia,-,12,34,70,-,0,-,-,230,NC,43133,45988
Maryland,-,0,-,-,-,0,-,-,-,NC,-,23900
North Carolina,-,8,71,132,-,0,-,-,18,NC,36114,44001
South Carolina,-,0,-,-,-,0,-,-,655,NC,25045,25632
Virginia,1,10,101,125,-,0,-,-,682,NC,28585,27683
West Virginia,-,0,-,-,-,0,-,-,13,NC,2978,3686
East South Central,-,2,5,-,-,0,-,-,1170,NC,67954,76207
Alabama,N,NC,N,N,-,0,-,-,527,NC,21007,21142
Kentucky,-,0,-,-,-,0,-,-,344,NC,12405,11854
Mississippi,-,2,5,-,-,0,-,-,123,NC,12929,15144
Tennessee,-,0,-,-,-,0,-,-,176,NC,21613,28067
West South Central,-,1,-,-,-,1,1,-,261,NC,99306,156107
Arkansas,-,0,-,-,-,0,-,-,119,NC,10184,12342
Louisiana,-,1,-,-,-,0,-,-,120,NC,24388,23683
Oklahoma,-,0,-,-,-,0,-,-,22,NC,7523,14367
Texas,-,0,-,-,-,1,1,-,-,NC,57211,105715
Mountain,2,17,257,139,-,0,-,-,1037,NC,73627,83594
Arizona,2,17,245,130,-,0,-,-,353,NC,27608,29407
Colorado,-,0,-,-,-,0,-,-,427,NC,16297,19048
Idaho,-,0,-,-,-,0,-,-,66,NC,3252,4282
Montana,-,0,-,-,-,0,-,-,25,NC,2772,2865
Nevada,-,1,1,3,-,0,-,-,2,NC,8025,9994
New Mexico,-,0,-,-,-,0,-,-,36,NC,7178,8622
Utah,-,3,11,6,-,0,-,-,109,NC,7642,7883
Wyoming,-,0,-,-,-,0,-,-,19,NC,853,1493
Pacific,7,26,469,317,1,1,4,4,2400,NC,157691,185901
Alaska,-,0,-,-,-,0,-,-,38,NC,3581,3827
California,4,23,313,225,-,0,-,1,1791,NC,129625,133739
Hawaii,-,1,10,-,-,0,-,-,-,NC,-,4476
Oregon,3,7,127,92,-,0,-,-,280,NC,10963,10812
Washington,-,2,19,-,1,1,4,3,291,NC,13522,33047
U.S. Territories,-,7,-,9,-,0,-,-,-,NC,1390,3443
American Samoa,-,0,-,-,-,0,-,-,-,NC,-,-
Commonwealth of Northern Mariana Islands,-,0,-,-,-,0,-,-,-,NC,-,-
Guam,-,0,-,-,-,0,-,-,-,NC,-,-
Puerto Rico,-,7,-,9,-,0,-,-,-,NC,1390,3443
U.S. Virgin Islands,-,0,-,-,-,0,-,-,-,NC,-,-
Non-U.S. Residents,-,0,-,-,-,0,-,-,3,NC,98,83
Total,14,73,1501,1384,1,1,6,7,10036,NC,945804,1156735
