Reporting Area,"Hepatitis B, acute","Hepatitis B, acute","Hepatitis B, acute","Hepatitis B, acute"
Reporting Area,Current week,Previous 52 weeks Max †,Cum YTD 2023 †,Cum YTD 2022 †
"U.S. Residents, excluding U.S. Territories",17,50,302,368
New England,-,4,9,8
Connecticut,-,0,-,-
Maine,-,4,7,3
Massachusetts,-,2,2,5
New Hampshire,-,1,-,-
Rhode Island,-,0,-,-
Vermont,-,1,-,-
Middle Atlantic,1,7,13,22
New Jersey,-,0,-,-
New York (excluding New York City),-,2,3,2
New York City,1,6,3,5
Pennsylvania,-,3,7,15
East North Central,2,9,18,43
Illinois,-,2,3,2
Indiana,-,4,2,15
Michigan,-,3,5,8
Ohio,1,4,4,16
Wisconsin,1,2,4,2
West North Central,1,4,6,11
Iowa,-,4,2,3
Kansas,-,1,-,-
Minnesota,-,2,-,1
Missouri,1,2,2,5
Nebraska,-,1,2,2
North Dakota,-,1,-,-
South Dakota,-,1,-,-
South Atlantic,9,35,167,187
Delaware,-,2,2,1
District of Columbia,U,NC,U,U
Florida,9,32,137,117
Georgia,-,2,-,13
Maryland,-,4,3,3
North Carolina,-,4,11,25
South Carolina,-,3,4,18
Virginia,-,4,6,5
West Virginia,-,4,4,5
East South Central,2,8,44,37
Alabama,1,6,7,11
Kentucky,1,5,17,17
Mississippi,-,1,4,1
Tennessee,-,5,16,8
West South Central,-,6,16,20
Arkansas,-,2,2,7
Louisiana,-,3,5,5
Oklahoma,-,2,-,1
Texas,-,4,9,7
Mountain,1,5,6,22
Arizona,1,2,3,5
Colorado,-,0,-,1
Idaho,-,1,-,-
Montana,-,1,1,-
Nevada,-,2,1,14
New Mexico,-,0,-,-
Utah,-,2,-,2
Wyoming,-,1,1,-
Pacific,1,7,23,18
Alaska,-,1,2,-
California,-,4,13,12
Hawaii,-,2,3,-
Oregon,1,2,1,2
Washington,-,2,4,4
U.S. Territories,-,0,-,-
American Samoa,-,0,-,-
Commonwealth of Northern Mariana Islands,-,0,-,-
Guam,-,0,-,-
Puerto Rico,-,0,-,-
U.S. Virgin Islands,-,0,-,-
Non-U.S. Residents,-,0,-,-
Total,17,50,302,368
