Reporting Area,"Vibriosis (any species of the family  Vibrionaceae  , other than toxigenic  Vibrio  cholerae O1 or O139)","Vibriosis (any species of the family  Vibrionaceae  , other than toxigenic  Vibrio  cholerae O1 or O139)","Vibriosis (any species of the family  Vibrionaceae  , other than toxigenic  Vibrio  cholerae O1 or O139)","Vibriosis (any species of the family  Vibrionaceae  , other than toxigenic  Vibrio  cholerae O1 or O139)","Vibriosis (any species of the family  Vibrionaceae  , other than toxigenic  Vibrio  cholerae O1 or O139)","Vibriosis (any species of the family  Vibrionaceae  , other than toxigenic  Vibrio  cholerae O1 or O139)","Vibriosis (any species of the family  Vibrionaceae  , other than toxigenic  Vibrio  cholerae O1 or O139)","Vibriosis (any species of the family  Vibrionaceae  , other than toxigenic  Vibrio  cholerae O1 or O139)"
Reporting Area,Confirmed,Confirmed,Confirmed,Confirmed,Probable,Probable,Probable,Probable
Reporting Area,Current week,Previous 52 weeks Max †,Cum YTD 2022 †,Cum YTD 2021 †,Current week,Previous 52 weeks Max †,Cum YTD 2022 †,Cum YTD 2021 †
"U.S. Residents, excluding U.S. Territories",6,98,276,366,6,54,398,353
New England,2,11,17,17,1,6,17,28
Connecticut,-,3,1,4,-,3,4,14
Maine,-,2,1,2,-,1,1,-
Massachusetts,2,6,13,11,1,3,11,13
New Hampshire,-,1,-,-,-,1,1,1
Rhode Island,-,2,1,-,-,1,-,-
Vermont,-,1,1,-,-,2,-,-
Middle Atlantic,1,14,24,34,1,10,42,55
New Jersey,-,3,1,-,-,4,-,4
New York (excluding New York City),-,7,11,11,-,4,18,16
New York City,-,4,9,14,-,4,9,21
Pennsylvania,1,4,3,9,1,3,15,14
East North Central,-,6,20,19,-,7,58,45
Illinois,-,4,9,5,-,4,16,14
Indiana,-,2,-,3,-,2,-,3
Michigan,-,2,3,4,-,3,11,1
Ohio,-,4,3,7,-,3,15,26
Wisconsin,-,2,5,-,-,4,16,1
West North Central,-,3,9,7,1,6,17,21
Iowa,N,NC,N,N,N,NC,N,N
Kansas,-,1,-,-,-,2,4,5
Minnesota,-,0,-,-,-,0,-,-
Missouri,-,1,7,3,-,3,4,3
Nebraska,-,2,1,2,1,3,7,11
North Dakota,-,1,-,2,-,1,2,1
South Dakota,-,1,1,-,-,1,-,1
South Atlantic,2,23,94,136,-,9,84,73
Delaware,2,5,2,4,-,1,-,5
District of Columbia,-,0,-,-,-,0,-,-
Florida,-,10,70,84,-,6,35,23
Georgia,-,3,-,6,-,2,9,3
Maryland,-,4,4,12,-,6,18,11
North Carolina,-,4,-,13,-,2,-,12
South Carolina,-,3,9,3,-,2,5,4
Virginia,-,4,8,14,-,4,14,8
West Virginia,-,1,1,-,-,3,3,7
East South Central,1,6,9,20,1,4,18,20
Alabama,1,2,5,9,1,2,9,3
Kentucky,-,2,-,3,-,4,4,6
Mississippi,-,1,1,3,-,0,-,-
Tennessee,-,5,3,5,-,1,5,11
West South Central,-,9,38,49,1,12,80,44
Arkansas,-,1,2,-,-,1,2,1
Louisiana,-,3,17,26,1,3,27,15
Oklahoma,-,1,-,1,-,1,4,-
Texas,-,9,19,22,-,11,47,28
Mountain,-,8,25,14,1,5,32,27
Arizona,-,4,6,2,1,3,12,9
Colorado,-,4,13,5,-,2,14,12
Idaho,N,NC,N,N,N,NC,N,N
Montana,-,1,-,-,-,1,1,-
Nevada,-,1,2,-,-,0,-,1
New Mexico,-,1,-,2,-,0,-,-
Utah,-,4,3,5,-,3,3,5
Wyoming,-,1,1,-,-,1,2,-
Pacific,-,57,40,70,-,21,50,40
Alaska,-,1,-,2,-,1,1,1
California,-,17,23,22,-,12,30,24
Hawaii,-,2,11,13,-,1,1,-
Oregon,-,11,2,8,-,6,1,1
Washington,-,34,4,25,-,9,17,14
U.S. Territories,-,0,-,-,-,0,-,-
American Samoa,N,NC,N,N,N,NC,N,N
Commonwealth of Northern Mariana Islands,-,0,-,-,-,0,-,-
Guam,-,0,-,-,-,0,-,-
Puerto Rico,-,0,-,-,-,0,-,-
U.S. Virgin Islands,-,0,-,-,-,0,-,-
Non-U.S. Residents,-,0,-,-,-,0,-,-
Total,6,98,276,366,6,54,398,353
