Reporting Area,"Vibriosis (any species of the family  Vibrionaceae  , other than toxigenic  Vibrio  cholerae O1 or O139)","Vibriosis (any species of the family  Vibrionaceae  , other than toxigenic  Vibrio  cholerae O1 or O139)","Vibriosis (any species of the family  Vibrionaceae  , other than toxigenic  Vibrio  cholerae O1 or O139)","Vibriosis (any species of the family  Vibrionaceae  , other than toxigenic  Vibrio  cholerae O1 or O139)"
Reporting Area,Probable,Probable,Probable,Probable
Reporting Area,Current week,Previous 52 weeks Max †,Cum YTD 2023 †,Cum YTD 2022 †
"U.S. Residents, excluding U.S. Territories",12,49,397,568
New England,1,5,16,22
Connecticut,1,4,5,9
Maine,-,2,-,1
Massachusetts,-,2,11,10
New Hampshire,-,1,-,2
Rhode Island,-,2,-,-
Vermont,-,0,-,-
Middle Atlantic,4,12,50,100
New Jersey,-,6,21,29
New York (excluding New York City),4,3,13,18
New York City,-,5,4,32
Pennsylvania,-,4,12,21
East North Central,-,8,50,67
Illinois,-,3,16,20
Indiana,-,2,8,4
Michigan,-,2,7,13
Ohio,-,4,9,13
Wisconsin,-,3,10,17
West North Central,-,6,4,51
Iowa,N,NC,N,N
Kansas,-,2,-,4
Minnesota,-,4,-,32
Missouri,-,1,2,6
Nebraska,-,2,1,6
North Dakota,-,1,-,3
South Dakota,-,1,1,-
South Atlantic,5,16,128,118
Delaware,-,1,2,-
District of Columbia,-,1,-,1
Florida,-,7,55,33
Georgia,-,5,-,23
Maryland,3,6,28,20
North Carolina,-,6,17,15
South Carolina,-,2,9,5
Virginia,2,4,15,14
West Virginia,-,1,2,7
East South Central,-,5,11,26
Alabama,-,2,-,9
Kentucky,-,2,3,3
Mississippi,-,2,-,8
Tennessee,-,2,8,6
West South Central,-,9,74,82
Arkansas,-,1,3,2
Louisiana,-,3,28,25
Oklahoma,-,1,3,4
Texas,-,7,40,51
Mountain,-,6,28,33
Arizona,-,4,9,10
Colorado,-,3,9,16
Idaho,N,NC,N,N
Montana,-,1,2,2
Nevada,-,1,-,-
New Mexico,-,1,-,1
Utah,-,2,6,2
Wyoming,-,1,2,2
Pacific,2,16,36,69
Alaska,-,1,1,1
California,1,13,24,47
Hawaii,-,1,2,1
Oregon,1,2,2,1
Washington,-,4,7,19
U.S. Territories,-,0,-,-
American Samoa,N,NC,N,N
Commonwealth of Northern Mariana Islands,-,0,-,-
Guam,-,0,-,-
Puerto Rico,-,0,-,-
U.S. Virgin Islands,-,0,-,-
Non-U.S. Residents,-,0,-,-
Total,12,49,397,568
