Reporting Area,Listeriosis §,Listeriosis §,Listeriosis §,Listeriosis §
Reporting Area,Confirmed,Confirmed,Confirmed,Confirmed
Reporting Area,Current week,Previous 52 weeks Max †,Cum YTD 2023 †,Cum YTD 2022 †
"U.S. Residents, excluding U.S. Territories",10,28,32,51
New England,2,3,4,2
Connecticut,-,1,1,1
Maine,-,1,-,-
Massachusetts,2,3,3,-
New Hampshire,-,1,-,-
Rhode Island,-,1,-,1
Vermont,-,1,-,-
Middle Atlantic,3,12,7,6
New Jersey,-,1,-,-
New York (excluding New York City),1,4,1,1
New York City,2,4,6,3
Pennsylvania,-,5,-,2
East North Central,1,7,5,7
Illinois,-,2,1,2
Indiana,-,3,-,1
Michigan,1,2,3,-
Ohio,-,3,1,4
Wisconsin,-,0,-,-
West North Central,1,3,1,2
Iowa,-,0,-,-
Kansas,-,2,-,1
Minnesota,-,0,-,-
Missouri,1,1,1,1
Nebraska,-,1,-,-
North Dakota,-,0,-,-
South Dakota,-,1,-,-
South Atlantic,-,8,4,14
Delaware,-,1,-,-
District of Columbia,-,0,-,-
Florida,-,3,2,7
Georgia,-,3,-,-
Maryland,-,2,1,-
North Carolina,-,3,-,4
South Carolina,-,2,-,2
Virginia,-,2,1,1
West Virginia,-,1,-,-
East South Central,-,4,-,-
Alabama,-,2,-,-
Kentucky,-,1,-,-
Mississippi,-,1,-,-
Tennessee,-,2,-,-
West South Central,-,7,4,3
Arkansas,-,2,1,-
Louisiana,-,1,-,2
Oklahoma,-,6,-,-
Texas,-,3,3,1
Mountain,1,4,1,7
Arizona,-,1,-,2
Colorado,1,3,1,3
Idaho,-,1,-,-
Montana,-,1,-,-
Nevada,-,2,-,1
New Mexico,-,1,-,-
Utah,-,1,-,1
Wyoming,-,0,-,-
Pacific,2,5,6,10
Alaska,-,1,-,-
California,2,5,6,7
Hawaii,-,2,-,1
Oregon,-,2,-,1
Washington,-,1,-,1
U.S. Territories,-,0,-,-
American Samoa,N,NC,N,N
Commonwealth of Northern Mariana Islands,-,0,-,-
Guam,-,0,-,-
Puerto Rico,-,0,-,-
U.S. Virgin Islands,-,0,-,-
Non-U.S. Residents,-,1,-,-
Total,10,29,32,51
