Reporting Area,Arboviral diseases,Arboviral diseases,Arboviral diseases,Arboviral diseases,Arboviral diseases,Arboviral diseases,Arboviral diseases,Arboviral diseases
Reporting Area,St. Louis encephalitis virus disease,St. Louis encephalitis virus disease,St. Louis encephalitis virus disease,St. Louis encephalitis virus disease,West Nile virus disease,West Nile virus disease,West Nile virus disease,West Nile virus disease
Reporting Area,Current week,Previous 52 weeks Max †,Cum YTD 2022 †,Cum YTD 2021 †,Current week,Previous 52 weeks Max †,Cum YTD 2022 †,Cum YTD 2021 †
"U.S. Residents, excluding U.S. Territories",-,4,8,9,3,288,784,2300
New England,-,0,-,-,-,4,12,21
Connecticut,-,0,-,-,-,2,5,6
Maine,-,0,-,-,-,0,-,-
Massachusetts,-,0,-,-,-,3,6,11
New Hampshire,-,0,-,-,-,0,-,1
Rhode Island,-,0,-,-,-,1,1,2
Vermont,-,0,-,-,-,0,-,1
Middle Atlantic,-,0,-,-,-,16,85,94
New Jersey,-,0,-,-,-,2,9,35
New York (excluding New York City),-,0,-,-,-,5,20,12
New York City,-,0,-,-,-,8,33,21
Pennsylvania,-,0,-,-,-,4,23,26
East North Central,-,0,-,-,-,8,42,137
Illinois,-,0,-,-,-,7,29,64
Indiana,-,0,-,-,-,2,4,8
Michigan,-,0,-,-,-,0,-,47
Ohio,-,0,-,-,-,2,7,11
Wisconsin,-,0,-,-,-,1,2,7
West North Central,-,0,-,-,-,22,165,239
Iowa,-,0,-,-,-,2,7,6
Kansas,-,0,-,-,-,3,10,17
Minnesota,-,0,-,-,-,2,6,35
Missouri,-,0,-,-,-,2,9,12
Nebraska,-,0,-,-,-,8,42,92
North Dakota,-,0,-,-,-,5,26,30
South Dakota,-,0,-,-,-,12,65,47
South Atlantic,-,0,-,-,1,7,37,35
Delaware,-,0,-,-,-,1,1,2
District of Columbia,-,0,-,-,-,0,-,6
Florida,-,0,-,-,-,1,3,4
Georgia,-,0,-,-,-,2,8,4
Maryland,-,0,-,-,1,2,4,4
North Carolina,-,0,-,-,-,3,9,4
South Carolina,-,0,-,-,-,2,8,8
Virginia,-,0,-,-,-,2,4,3
West Virginia,-,0,-,-,-,0,-,-
East South Central,-,0,-,-,-,3,13,25
Alabama,-,0,-,-,-,1,3,10
Kentucky,-,0,-,-,-,1,2,4
Mississippi,-,0,-,-,-,1,4,7
Tennessee,-,0,-,-,-,1,4,4
West South Central,-,0,-,1,1,15,67,149
Arkansas,-,0,-,-,-,1,2,7
Louisiana,-,0,-,1,-,8,42,19
Oklahoma,-,0,-,-,-,1,2,21
Texas,-,0,-,-,1,11,21,102
Mountain,-,4,-,5,1,254,263,1466
Arizona,-,4,-,5,1,251,53,1213
Colorado,-,0,-,-,-,34,191,174
Idaho,-,0,-,-,-,1,2,15
Montana,-,0,-,-,-,0,-,2
Nevada,-,0,-,-,-,0,-,1
New Mexico,-,0,-,-,-,2,9,32
Utah,-,0,-,-,-,2,5,28
Wyoming,-,0,-,-,-,1,3,1
Pacific,-,2,8,3,-,13,100,134
Alaska,-,0,-,-,-,1,-,-
California,-,2,8,3,-,13,93,125
Hawaii,-,0,-,-,-,0,-,-
Oregon,-,0,-,-,-,1,3,5
Washington,-,0,-,-,-,2,4,4
U.S. Territories,-,0,-,-,-,0,-,-
American Samoa,-,0,-,-,-,0,-,-
Commonwealth of Northern Mariana Islands,-,0,-,-,-,0,-,-
Guam,-,0,-,-,-,0,-,-
Puerto Rico,-,0,-,-,-,0,-,-
U.S. Virgin Islands,-,0,-,-,-,0,-,-
Non-U.S. Residents,-,0,-,-,-,0,-,-
Total,-,4,8,9,3,288,784,2300
