Reporting Area,Hemolytic uremic syndrome post-diarrheal,Hemolytic uremic syndrome post-diarrheal,Hemolytic uremic syndrome post-diarrheal,Hemolytic uremic syndrome post-diarrheal,"Hepatitis A, acute","Hepatitis A, acute","Hepatitis A, acute","Hepatitis A, acute","Hepatitis B, acute","Hepatitis B, acute","Hepatitis B, acute","Hepatitis B, acute"
Reporting Area,Current week,Previous 52 weeks Max †,Cum YTD 2022 †,Cum YTD 2021 †,Current week,Previous 52 weeks Max †,Cum YTD 2022 †,Cum YTD 2021 †,Current week,Previous 52 weeks Max †,Cum YTD 2022 †,Cum YTD 2021 †
"U.S. Residents, excluding U.S. Territories",5,17,198,279,8,99,1680,3841,5,65,1279,1357
New England,-,1,-,4,1,8,83,79,1,4,40,40
Connecticut,-,0,-,-,-,1,5,9,-,0,-,-
Maine,-,0,-,3,1,5,54,44,1,4,23,28
Massachusetts,-,1,-,1,-,3,21,13,-,2,14,11
New Hampshire,-,0,-,-,-,1,1,5,-,1,3,-
Rhode Island,-,0,-,-,-,1,1,-,U,NC,U,U
Vermont,-,0,-,-,-,1,1,8,-,1,-,1
Middle Atlantic,-,3,2,11,2,30,172,368,1,6,65,103
New Jersey,-,0,-,-,-,9,7,64,-,3,-,31
New York (excluding New York City),-,3,2,7,-,4,31,95,1,3,15,5
New York City,-,1,-,3,1,7,48,66,-,2,9,31
Pennsylvania,-,1,-,1,1,18,86,143,-,4,41,36
East North Central,-,4,24,22,-,7,96,233,2,8,145,203
Illinois,-,1,2,3,-,3,33,66,-,2,11,15
Indiana,-,2,5,5,-,5,20,77,-,6,47,68
Michigan,-,4,10,3,-,3,13,20,-,2,16,29
Ohio,-,2,4,7,-,2,16,49,-,4,57,84
Wisconsin,-,1,3,4,-,2,14,21,2,2,14,7
West North Central,-,5,27,46,2,10,155,429,-,5,29,40
Iowa,-,1,4,12,-,2,8,6,-,2,12,16
Kansas,-,1,1,7,-,4,30,237,-,1,-,6
Minnesota,-,2,-,8,-,1,8,11,-,2,4,7
Missouri,-,3,15,6,2,8,96,172,-,2,10,8
Nebraska,-,1,2,3,-,1,12,2,-,2,3,-
North Dakota,-,0,-,5,-,1,1,1,-,0,-,2
South Dakota,-,1,5,5,-,1,-,-,-,0,-,1
South Atlantic,-,4,16,16,2,30,650,986,-,44,673,527
Delaware,-,0,-,-,-,3,13,5,-,2,7,5
District of Columbia,-,0,-,-,-,0,-,-,U,NC,U,U
Florida,-,2,11,3,-,14,239,148,-,42,475,309
Georgia,-,3,-,5,1,9,131,310,-,3,25,84
Maryland,-,1,2,-,-,4,9,56,-,3,25,16
North Carolina,-,1,1,2,-,7,84,-,-,7,65,-
South Carolina,-,2,2,1,-,3,23,315,-,3,11,42
Virginia,-,2,-,5,1,20,148,111,-,4,33,26
West Virginia,-,0,-,-,-,2,3,41,-,3,32,45
East South Central,-,3,38,21,1,15,186,667,-,9,142,207
Alabama,-,2,10,2,-,11,48,354,-,5,39,48
Kentucky,-,1,8,8,-,1,2,40,-,5,46,68
Mississippi,-,0,-,-,1,10,114,243,-,2,8,12
Tennessee,-,3,20,11,-,3,22,30,-,8,49,79
West South Central,4,2,13,12,-,24,143,936,1,9,72,102
Arkansas,-,1,2,5,-,6,20,428,-,3,21,19
Louisiana,-,1,1,2,-,7,29,167,-,3,16,26
Oklahoma,4,1,4,-,-,0,-,11,-,9,5,16
Texas,-,2,6,5,-,21,94,330,1,4,30,41
Mountain,1,3,19,22,-,6,58,48,-,3,40,45
Arizona,-,2,9,11,-,3,13,18,-,2,9,13
Colorado,1,1,1,-,-,3,16,11,-,0,-,-
Idaho,-,1,1,3,-,2,8,7,-,1,-,3
Montana,-,0,-,-,-,1,1,-,-,0,-,2
Nevada,-,1,1,1,-,2,8,1,-,3,18,11
New Mexico,-,0,-,-,-,1,3,5,-,1,-,-
Utah,-,1,7,7,-,2,8,5,-,2,13,15
Wyoming,-,0,-,-,-,1,1,1,-,0,-,1
Pacific,-,5,59,125,-,11,137,95,-,4,73,90
Alaska,-,1,1,-,-,1,1,1,-,1,1,2
California,-,4,50,122,-,9,104,64,-,3,45,48
Hawaii,-,0,-,-,-,1,3,4,-,1,1,1
Oregon,-,3,8,3,-,2,11,9,-,2,12,16
Washington,N,NC,N,N,-,3,18,17,-,2,14,23
U.S. Territories,-,0,-,-,-,2,4,9,-,1,-,10
American Samoa,N,NC,N,N,-,0,-,-,-,0,-,-
Commonwealth of Northern Mariana Islands,-,0,-,-,-,0,-,-,-,0,-,-
Guam,-,0,-,-,-,0,-,3,-,0,-,6
Puerto Rico,N,NC,N,N,-,2,4,6,-,1,-,4
U.S. Virgin Islands,-,0,-,-,-,0,-,-,-,0,-,-
Non-U.S. Residents,-,0,-,-,-,1,1,2,-,0,-,1
Total,5,17,198,279,8,99,1685,3852,5,65,1279,1368
