Reporting Area,Pertussis,Pertussis,Pertussis,Pertussis
Reporting Area,Current week,Previous 52 weeks Max †,Cum YTD 2023 †,Cum YTD 2022 †
"U.S. Residents, excluding U.S. Territories",33,111,1038,640
New England,-,9,20,12
Connecticut,-,2,-,-
Maine,-,9,18,11
Massachusetts,-,1,2,1
New Hampshire,-,2,-,-
Rhode Island,-,0,-,-
Vermont,-,1,-,-
Middle Atlantic,7,37,216,83
New Jersey,-,22,-,42
New York (excluding New York City),6,19,80,14
New York City,-,11,46,12
Pennsylvania,1,13,90,15
East North Central,12,22,236,119
Illinois,-,4,19,29
Indiana,-,7,23,25
Michigan,-,5,17,15
Ohio,12,18,174,43
Wisconsin,-,3,3,7
West North Central,-,9,32,36
Iowa,-,3,14,5
Kansas,-,2,2,8
Minnesota,-,3,3,2
Missouri,-,4,10,7
Nebraska,-,4,3,13
North Dakota,-,3,-,1
South Dakota,-,1,-,-
South Atlantic,1,12,88,87
Delaware,-,1,1,-
District of Columbia,-,1,-,2
Florida,1,8,27,14
Georgia,-,4,8,22
Maryland,-,2,2,1
North Carolina,-,4,15,14
South Carolina,-,5,12,18
Virginia,-,5,21,15
West Virginia,-,6,2,1
East South Central,-,14,73,42
Alabama,-,8,9,22
Kentucky,-,11,37,15
Mississippi,-,1,1,-
Tennessee,-,4,26,5
West South Central,3,12,63,50
Arkansas,3,4,8,2
Louisiana,-,1,1,2
Oklahoma,-,0,-,-
Texas,-,11,54,46
Mountain,7,26,249,160
Arizona,4,18,128,23
Colorado,3,14,96,36
Idaho,-,1,-,3
Montana,-,1,3,-
Nevada,-,6,5,33
New Mexico,-,4,5,10
Utah,-,6,12,54
Wyoming,-,1,-,1
Pacific,3,21,61,51
Alaska,-,2,-,-
California,3,10,26,21
Hawaii,-,1,1,1
Oregon,-,3,14,6
Washington,-,10,20,23
U.S. Territories,-,0,-,-
American Samoa,-,0,-,-
Commonwealth of Northern Mariana Islands,-,0,-,-
Guam,-,0,-,-
Puerto Rico,-,0,-,-
U.S. Virgin Islands,-,0,-,-
Non-U.S. Residents,-,0,-,-
Total,33,111,1038,640
