Reporting Area,Salmonella  Paratyphi infection §,Salmonella  Paratyphi infection §,Salmonella  Paratyphi infection §,Salmonella  Paratyphi infection §,Salmonella  Typhi infection ¶,Salmonella  Typhi infection ¶,Salmonella  Typhi infection ¶,Salmonella  Typhi infection ¶,Salmonellosis (excluding  Salmonella  Typhi infection and  Salmonella  Paratyphi infection) **,Salmonellosis (excluding  Salmonella  Typhi infection and  Salmonella  Paratyphi infection) **,Salmonellosis (excluding  Salmonella  Typhi infection and  Salmonella  Paratyphi infection) **,Salmonellosis (excluding  Salmonella  Typhi infection and  Salmonella  Paratyphi infection) **
Reporting Area,Current week,Previous 52 weeks Max †,Cum YTD 2022 †,Cum YTD 2021 †,Current week,Previous 52 weeks Max †,Cum YTD 2022 †,Cum YTD 2021 †,Current week,Previous 52 weeks Max †,Cum YTD 2022 †,Cum YTD 2021 †
"U.S. Residents, excluding U.S. Territories",-,5,9,5,-,8,13,9,107,1289,1958,2404
New England,-,2,-,1,-,2,1,1,10,85,89,121
Connecticut,-,2,-,1,-,2,-,-,-,19,-,17
Maine,-,0,-,-,-,0,-,-,1,10,9,10
Massachusetts,-,2,-,-,-,1,1,1,9,44,74,70
New Hampshire,-,0,-,-,-,0,-,-,-,10,-,14
Rhode Island,-,0,-,-,-,0,-,-,-,8,5,8
Vermont,-,0,-,-,-,0,-,-,-,5,1,2
Middle Atlantic,-,3,6,1,-,3,6,3,23,175,276,259
New Jersey,-,0,-,-,-,0,-,-,-,48,11,68
New York (excluding New York City),-,1,2,-,-,3,-,2,8,53,93,50
New York City,-,2,3,1,-,2,6,1,11,52,88,73
Pennsylvania,-,2,1,-,-,1,-,-,4,54,84,68
East North Central,-,2,-,-,-,2,1,-,-,179,134,273
Illinois,-,1,-,-,-,2,-,-,-,122,49,95
Indiana,-,0,-,-,-,0,-,-,-,9,-,39
Michigan,-,0,-,-,-,0,-,-,-,1,-,23
Ohio,-,1,-,-,-,2,1,-,-,43,77,72
Wisconsin,-,0,-,-,-,0,-,-,-,41,8,44
West North Central,-,1,-,-,-,1,-,-,6,95,139,152
Iowa,-,1,-,-,-,0,-,-,2,32,38,38
Kansas,-,0,-,-,-,1,-,-,-,23,4,30
Minnesota,-,0,-,-,-,0,-,-,-,0,-,-
Missouri,-,0,-,-,-,1,-,-,3,35,44,45
Nebraska,-,0,-,-,-,1,-,-,1,19,35,21
North Dakota,-,0,-,-,-,0,-,-,-,7,2,11
South Dakota,-,0,-,-,-,0,-,-,-,14,16,7
South Atlantic,-,1,1,1,-,2,1,2,19,416,651,758
Delaware,-,0,-,-,-,1,-,1,-,13,4,5
District of Columbia,-,0,-,-,-,0,-,-,-,2,-,3
Florida,-,1,-,1,-,1,1,1,10,210,416,366
Georgia,-,0,-,-,-,0,-,-,2,79,72,102
Maryland,-,1,-,-,-,1,-,-,-,40,5,48
North Carolina,-,0,-,-,-,1,-,-,-,66,-,88
South Carolina,-,0,-,-,-,1,-,-,5,77,74,65
Virginia,-,1,1,-,-,2,-,-,2,50,80,70
West Virginia,-,0,-,-,-,0,-,-,-,10,-,11
East South Central,-,1,-,-,-,2,-,-,-,111,94,134
Alabama,-,1,-,-,-,2,-,-,-,38,34,37
Kentucky,-,0,-,-,-,1,-,-,-,25,14,31
Mississippi,-,0,-,-,-,0,-,-,-,30,16,21
Tennessee,-,1,-,-,-,1,-,-,-,36,30,45
West South Central,-,3,-,-,-,2,2,-,14,267,182,217
Arkansas,-,2,-,-,-,1,-,-,3,26,28,24
Louisiana,-,1,-,-,-,0,-,-,-,50,45,57
Oklahoma,-,0,-,-,-,1,-,-,3,77,31,35
Texas,-,1,-,-,-,2,2,-,8,156,78,101
Mountain,-,2,-,-,-,2,1,1,11,87,157,213
Arizona,-,0,-,-,-,2,1,-,6,32,50,65
Colorado,-,0,-,-,-,1,-,-,5,41,72,61
Idaho,-,1,-,-,-,0,-,-,-,6,-,17
Montana,-,0,-,-,-,0,-,-,-,6,-,15
Nevada,-,0,-,-,-,1,-,-,-,4,2,7
New Mexico,-,0,-,-,-,1,-,1,-,15,17,20
Utah,-,1,-,-,-,2,-,-,-,23,12,18
Wyoming,-,0,-,-,-,0,-,-,-,8,4,10
Pacific,-,2,2,2,-,4,1,2,24,129,236,277
Alaska,-,0,-,-,-,0,-,-,-,2,3,3
California,-,2,2,-,-,4,1,2,20,101,140,178
Hawaii,-,1,-,1,-,0,-,-,-,8,10,14
Oregon,-,0,-,-,-,1,-,-,3,12,34,27
Washington,-,0,-,1,-,1,-,-,1,29,49,55
U.S. Territories,-,3,-,2,-,2,-,-,-,34,10,37
American Samoa,-,0,-,-,-,0,-,-,-,0,-,-
Commonwealth of Northern Mariana Islands,-,1,-,2,-,0,-,-,-,1,-,-
Guam,-,3,-,-,-,2,-,-,-,2,-,1
Puerto Rico,-,0,-,-,-,0,-,-,-,32,10,36
U.S. Virgin Islands,-,0,-,-,-,0,-,-,-,1,-,-
Non-U.S. Residents,-,0,-,-,-,0,-,-,-,2,1,-
Total,-,7,9,7,-,8,13,9,107,1297,1969,2441
