Reporting Area,Hemolytic uremic syndrome post-diarrheal,Hemolytic uremic syndrome post-diarrheal,Hemolytic uremic syndrome post-diarrheal,Hemolytic uremic syndrome post-diarrheal,"Hepatitis A, acute","Hepatitis A, acute","Hepatitis A, acute","Hepatitis A, acute","Hepatitis B, acute","Hepatitis B, acute","Hepatitis B, acute","Hepatitis B, acute"
Reporting Area,Current week,Previous 52 weeks Max †,Cum YTD 2022 †,Cum YTD 2021 †,Current week,Previous 52 weeks Max †,Cum YTD 2022 †,Cum YTD 2021 †,Current week,Previous 52 weeks Max †,Cum YTD 2022 †,Cum YTD 2021 †
"U.S. Residents, excluding U.S. Territories",2,17,106,187,14,107,1276,3835,24,69,882,1179
New England,-,2,-,2,2,8,61,58,-,4,30,31
Connecticut,-,0,-,1,-,1,3,5,-,0,-,-
Maine,-,2,-,-,1,5,36,35,-,4,18,21
Massachusetts,-,1,-,1,1,3,19,6,-,2,11,9
New Hampshire,-,0,-,-,-,1,1,4,-,1,1,-
Rhode Island,-,0,-,-,-,1,1,-,U,NC,U,U
Vermont,-,0,-,-,-,1,1,8,-,1,-,1
Middle Atlantic,-,3,2,8,1,30,145,225,1,6,51,72
New Jersey,-,0,-,-,-,9,1,37,-,2,-,18
New York (excluding New York City),-,3,2,6,-,4,25,86,-,3,10,2
New York City,-,1,-,2,1,7,44,52,-,2,7,25
Pennsylvania,-,1,-,-,-,18,75,50,1,4,34,27
East North Central,1,2,5,8,-,7,61,178,-,8,98,156
Illinois,-,1,-,3,-,4,21,52,-,2,6,13
Indiana,-,0,-,-,-,5,12,50,-,6,28,44
Michigan,-,1,1,1,-,3,7,17,-,2,12,24
Ohio,-,2,2,2,-,2,10,44,-,4,43,70
Wisconsin,1,1,2,2,-,3,11,15,-,2,9,5
West North Central,-,5,16,32,-,10,112,350,-,5,22,25
Iowa,-,1,1,11,-,2,7,4,-,2,7,12
Kansas,-,1,1,5,-,2,8,221,-,1,-,1
Minnesota,-,2,-,4,-,2,7,7,-,2,3,5
Missouri,-,2,9,3,-,10,80,116,-,2,10,5
Nebraska,-,1,2,4,-,1,9,1,-,2,2,-
North Dakota,-,2,-,2,-,1,1,1,-,1,-,1
South Dakota,-,1,3,3,-,1,-,-,-,0,-,1
South Atlantic,-,4,9,11,7,36,494,1605,20,51,445,540
Delaware,-,0,-,-,-,3,13,3,2,1,5,4
District of Columbia,-,0,-,-,-,0,-,-,U,NC,U,U
Florida,-,1,5,3,4,16,201,160,16,46,351,280
Georgia,-,3,-,2,-,9,125,250,-,5,20,64
Maryland,-,1,2,-,-,4,8,54,1,3,16,12
North Carolina,-,1,-,2,-,18,-,747,-,4,-,95
South Carolina,-,2,2,1,-,7,20,281,-,3,11,32
Virginia,-,2,-,3,3,20,125,71,1,4,22,21
West Virginia,-,0,-,-,-,2,2,39,-,4,20,32
East South Central,1,3,25,14,1,15,145,567,1,9,107,172
Alabama,-,2,9,1,-,11,46,314,1,5,30,38
Kentucky,-,1,5,5,-,1,1,35,-,4,35,62
Mississippi,-,0,-,-,1,10,82,189,-,2,7,7
Tennessee,1,3,11,8,-,3,16,29,-,8,35,65
West South Central,-,2,9,8,2,23,115,750,2,12,57,82
Arkansas,-,1,2,4,-,10,15,361,-,3,17,21
Louisiana,-,1,1,1,1,7,27,147,2,2,11,20
Oklahoma,-,1,-,-,-,2,-,10,-,10,4,11
Texas,-,2,6,3,1,20,73,232,-,4,25,30
Mountain,-,3,10,15,-,5,36,33,-,3,24,33
Arizona,-,1,3,9,-,2,9,12,-,2,7,9
Colorado,-,1,-,-,-,3,12,8,-,0,-,-
Idaho,-,1,1,2,-,1,2,2,-,1,-,1
Montana,-,0,-,-,-,1,1,-,-,0,-,2
Nevada,-,1,1,1,-,1,4,1,-,3,15,10
New Mexico,-,0,-,-,-,1,1,5,-,1,-,-
Utah,-,3,5,3,-,2,6,4,-,2,2,10
Wyoming,-,0,-,-,-,1,1,1,-,0,-,1
Pacific,-,9,30,89,1,10,107,69,-,7,48,68
Alaska,-,1,1,-,-,1,1,1,-,1,1,2
California,-,9,24,88,1,7,78,42,-,3,26,37
Hawaii,-,0,-,-,-,1,3,3,-,1,2,1
Oregon,-,3,5,1,-,2,9,9,-,3,10,11
Washington,N,NC,N,N,-,3,16,14,-,3,9,17
U.S. Territories,-,0,-,-,-,2,4,8,-,0,-,8
American Samoa,N,NC,N,N,-,0,-,-,-,0,-,-
Commonwealth of Northern Mariana Islands,-,0,-,-,-,0,-,-,-,0,-,-
Guam,-,0,-,-,-,1,-,3,-,0,-,6
Puerto Rico,N,NC,N,N,-,2,4,5,-,0,-,2
U.S. Virgin Islands,-,0,-,-,-,0,-,-,-,0,-,-
Non-U.S. Residents,-,0,-,-,-,1,1,2,-,0,-,1
Total,2,17,106,187,14,107,1281,3845,24,69,882,1188
