Reporting Area,Tuberculosis,Tuberculosis,Tuberculosis,Tuberculosis
Reporting Area,Current week,Previous 52 weeks Max †,Cum YTD 2023 †,Cum YTD 2022 †
"U.S. Residents, excluding U.S. Territories",29,250,310,609
New England,-,12,13,37
Connecticut,-,5,1,10
Maine,-,3,2,2
Massachusetts,-,7,10,23
New Hampshire,-,3,-,1
Rhode Island,-,2,-,1
Vermont,-,1,-,-
Middle Atlantic,10,57,95,85
New Jersey,9,42,23,15
New York (excluding New York City),-,0,-,1
New York City,1,18,71,53
Pennsylvania,-,17,1,16
East North Central,1,88,25,38
Illinois,-,68,10,12
Indiana,-,14,-,5
Michigan,-,8,12,6
Ohio,-,17,-,8
Wisconsin,1,4,3,7
West North Central,-,27,8,25
Iowa,-,6,-,3
Kansas,-,11,1,3
Minnesota,-,25,-,9
Missouri,-,4,7,7
Nebraska,-,3,-,1
North Dakota,-,1,-,1
South Dakota,-,2,-,1
South Atlantic,5,90,65,143
Delaware,-,1,-,-
District of Columbia,-,2,1,1
Florida,3,17,53,76
Georgia,-,12,-,28
Maryland,-,15,-,11
North Carolina,-,39,1,6
South Carolina,-,11,-,4
Virginia,2,19,10,15
West Virginia,-,2,-,2
East South Central,-,13,2,40
Alabama,-,7,-,12
Kentucky,-,4,-,10
Mississippi,-,4,2,7
Tennessee,-,7,-,11
West South Central,3,35,44,153
Arkansas,-,5,-,13
Louisiana,3,8,14,6
Oklahoma,-,8,-,9
Texas,-,32,30,125
Mountain,2,16,24,34
Arizona,1,12,15,14
Colorado,-,6,-,4
Idaho,-,2,-,2
Montana,-,1,1,-
Nevada,1,5,7,9
New Mexico,-,4,1,3
Utah,-,3,-,2
Wyoming,-,1,-,-
Pacific,8,22,34,54
Alaska,-,7,-,4
California,-,1,1,-
Hawaii,5,5,21,12
Oregon,3,5,9,13
Washington,-,13,3,25
U.S. Territories,-,5,1,13
American Samoa,-,0,-,-
Commonwealth of Northern Mariana Islands,-,2,-,5
Guam,-,4,-,7
Puerto Rico,-,3,1,1
U.S. Virgin Islands,-,0,-,-
Non-U.S. Residents,-,0,-,-
Total,29,253,311,622
