Reporting Area,Carbapenemase-producing carbapenem-resistant  Enterobacteriaceae,Carbapenemase-producing carbapenem-resistant  Enterobacteriaceae,Carbapenemase-producing carbapenem-resistant  Enterobacteriaceae,Carbapenemase-producing carbapenem-resistant  Enterobacteriaceae,Chancroid,Chancroid,Chancroid,Chancroid,Chlamydia trachomatis  infection §,Chlamydia trachomatis  infection §,Chlamydia trachomatis  infection §,Chlamydia trachomatis  infection §
Reporting Area,Current week,Previous 52 weeks Max †,Cum YTD 2022 †,Cum YTD 2021 †,Current week,Previous 52 weeks Max †,Cum YTD 2022 †,Cum YTD 2021 †,Current week,Previous 52 weeks Max †,Cum YTD 2022 †,Cum YTD 2021 †
"U.S. Residents, excluding U.S. Territories",9,74,1655,1512,-,1,7,4,12532,NC,1035603,1242621
New England,-,3,9,7,-,0,-,2,68,NC,28828,37871
Connecticut,-,0,-,-,-,0,-,-,-,NC,-,9101
Maine,-,0,-,-,-,0,-,-,48,NC,2269,2580
Massachusetts,-,0,-,-,-,0,-,1,-,NC,20274,19984
New Hampshire,-,2,8,5,-,0,-,-,-,NC,2124,2139
Rhode Island,-,3,1,2,-,0,-,-,-,NC,3229,3456
Vermont,-,1,-,-,-,0,-,1,20,NC,932,611
Middle Atlantic,3,14,327,339,-,1,1,-,2424,NC,133672,142530
New Jersey,-,0,-,-,-,0,-,-,427,NC,16960,25472
New York (excluding New York City),-,0,-,-,-,1,1,-,906,NC,29133,30249
New York City,-,7,102,69,-,0,-,-,394,NC,47354,46697
Pennsylvania,3,12,225,270,-,0,-,-,697,NC,40225,40112
East North Central,1,13,253,238,-,0,-,1,580,NC,135516,180545
Illinois,-,0,-,-,-,0,-,-,-,NC,32016,54952
Indiana,1,9,167,127,-,0,-,-,-,NC,22730,26087
Michigan,-,6,61,90,-,0,-,1,171,NC,22718,34417
Ohio,-,0,-,-,-,0,-,-,-,NC,39261,43436
Wisconsin,-,3,25,21,-,0,-,-,409,NC,18791,21653
West North Central,-,3,37,37,-,0,-,-,640,NC,69354,75649
Iowa,-,3,24,19,-,0,-,-,-,NC,9480,9917
Kansas,-,0,-,-,-,0,-,-,158,NC,8402,11570
Minnesota,-,0,-,-,-,0,-,-,144,NC,16233,17203
Missouri,-,0,-,-,-,0,-,-,262,NC,23097,23938
Nebraska,-,0,-,-,-,0,-,-,-,NC,6415,6590
North Dakota,-,2,9,15,-,0,-,-,-,NC,2025,3056
South Dakota,-,1,4,3,-,0,-,-,76,NC,3702,3375
South Atlantic,4,21,229,380,-,0,-,-,2676,NC,227766,272596
Delaware,-,3,1,23,-,0,-,-,102,NC,3828,3553
District of Columbia,-,0,-,-,-,0,-,-,45,NC,5905,5154
Florida,N,NC,N,N,-,0,-,-,1133,NC,74368,78314
Georgia,-,12,37,74,-,0,-,-,85,NC,43397,50012
Maryland,-,0,-,-,-,0,-,-,-,NC,-,25853
North Carolina,-,8,79,152,-,0,-,-,1,NC,39053,47848
South Carolina,-,0,-,-,-,0,-,-,599,NC,27014,27628
Virginia,3,10,111,131,-,0,-,-,699,NC,30985,30231
West Virginia,1,0,1,-,-,0,-,-,12,NC,3216,4003
East South Central,-,2,5,-,-,0,-,-,1428,NC,73006,83023
Alabama,N,NC,N,N,-,0,-,-,484,NC,22755,23164
Kentucky,-,0,-,-,-,0,-,-,325,NC,13540,13033
Mississippi,-,2,5,-,-,0,-,-,236,NC,14529,16613
Tennessee,-,0,-,-,-,0,-,-,383,NC,22182,30213
West South Central,-,1,-,-,-,1,1,-,409,NC,117099,169659
Arkansas,-,0,-,-,-,0,-,-,182,NC,11240,13432
Louisiana,-,1,-,-,-,0,-,-,173,NC,26506,25642
Oklahoma,-,0,-,-,-,0,-,-,54,NC,8307,15641
Texas,-,0,-,-,-,1,1,-,-,NC,71046,114944
Mountain,-,17,274,158,-,0,-,-,1380,NC,79619,91012
Arizona,-,17,261,145,-,0,-,-,509,NC,30338,32036
Colorado,-,0,-,-,-,0,-,-,535,NC,17532,20789
Idaho,-,0,-,-,-,0,-,-,69,NC,3595,4700
Montana,-,0,-,-,-,0,-,-,39,NC,3046,3084
Nevada,-,1,1,3,-,0,-,-,-,NC,8025,10881
New Mexico,-,0,-,-,-,0,-,-,72,NC,7913,9347
Utah,-,2,12,10,-,0,-,-,127,NC,8172,8553
Wyoming,-,0,-,-,-,0,-,-,29,NC,998,1622
Pacific,1,26,521,353,-,1,5,1,2927,NC,170743,189736
Alaska,-,0,-,-,-,0,-,-,46,NC,3930,4163
California,1,23,361,247,-,1,1,1,2208,NC,140745,145692
Hawaii,-,1,10,-,-,0,-,-,-,NC,-,4863
Oregon,-,7,128,106,-,0,-,-,293,NC,11847,11787
Washington,-,3,22,-,-,1,4,-,380,NC,14221,23231
U.S. Territories,-,7,-,10,-,0,-,-,-,NC,1390,3741
American Samoa,-,0,-,-,-,0,-,-,-,NC,-,-
Commonwealth of Northern Mariana Islands,-,0,-,-,-,0,-,-,-,NC,-,-
Guam,-,0,-,-,-,0,-,-,-,NC,-,-
Puerto Rico,-,7,-,10,-,0,-,-,-,NC,1390,3741
U.S. Virgin Islands,-,0,-,-,-,0,-,-,-,NC,-,-
Non-U.S. Residents,-,0,-,-,-,0,-,-,-,NC,104,89
Total,9,74,1655,1522,-,1,7,4,12532,NC,1037097,1246451
