Reporting Area,Cryptosporidiosis,Cryptosporidiosis,Cryptosporidiosis,Cryptosporidiosis
Reporting Area,Current week,Previous 52 weeks Max †,Cum YTD 2023 †,Cum YTD 2022 †
"U.S. Residents, excluding U.S. Territories",88,314,805,748
New England,5,19,37,36
Connecticut,-,4,-,5
Maine,-,3,2,3
Massachusetts,2,11,24,19
New Hampshire,-,4,2,3
Rhode Island,3,5,8,4
Vermont,-,4,1,2
Middle Atlantic,8,80,103,101
New Jersey,-,36,12,15
New York (excluding New York City),4,18,22,22
New York City,1,20,27,24
Pennsylvania,3,19,42,40
East North Central,7,51,98,112
Illinois,-,21,38,32
Indiana,-,5,4,12
Michigan,2,14,20,31
Ohio,U,NC,U,U
Wisconsin,5,27,36,37
West North Central,8,42,74,70
Iowa,1,21,32,32
Kansas,-,5,7,5
Minnesota,-,0,-,-
Missouri,3,10,21,12
Nebraska,3,6,8,13
North Dakota,1,6,5,2
South Dakota,-,5,1,6
South Atlantic,21,81,192,165
Delaware,-,3,-,3
District of Columbia,-,2,2,-
Florida,13,20,84,50
Georgia,-,19,27,50
Maryland,4,12,16,8
North Carolina,-,16,15,18
South Carolina,3,10,17,10
Virginia,1,13,31,17
West Virginia,-,9,-,9
East South Central,1,29,27,43
Alabama,-,8,-,10
Kentucky,-,16,13,11
Mississippi,1,5,4,4
Tennessee,-,15,10,18
West South Central,14,30,79,51
Arkansas,-,7,3,4
Louisiana,3,7,23,16
Oklahoma,-,7,8,7
Texas,11,23,45,24
Mountain,9,32,74,64
Arizona,1,7,11,5
Colorado,8,12,21,30
Idaho,-,4,5,6
Montana,-,4,4,3
Nevada,-,4,-,1
New Mexico,-,4,1,7
Utah,-,10,32,10
Wyoming,-,4,-,2
Pacific,15,41,121,106
Alaska,1,1,2,-
California,10,32,76,66
Hawaii,-,1,3,-
Oregon,2,7,15,17
Washington,2,10,25,23
U.S. Territories,-,1,-,-
American Samoa,N,NC,N,N
Commonwealth of Northern Mariana Islands,-,0,-,-
Guam,-,0,-,-
Puerto Rico,-,1,-,-
U.S. Virgin Islands,-,0,-,-
Non-U.S. Residents,-,0,-,-
Total,88,314,805,748
