Reporting Area,Ehrlichiosis and Anaplasmosis,Ehrlichiosis and Anaplasmosis,Ehrlichiosis and Anaplasmosis,Ehrlichiosis and Anaplasmosis,Ehrlichiosis and Anaplasmosis,Ehrlichiosis and Anaplasmosis,Ehrlichiosis and Anaplasmosis,Ehrlichiosis and Anaplasmosis
Reporting Area,Anaplasma phagocytophilum  infection,Anaplasma phagocytophilum  infection,Anaplasma phagocytophilum  infection,Anaplasma phagocytophilum  infection,Ehrlichia chaffeensis  infection,Ehrlichia chaffeensis  infection,Ehrlichia chaffeensis  infection,Ehrlichia chaffeensis  infection
Reporting Area,Current week,Previous 52 weeks Max †,Cum YTD 2022 †,Cum YTD 2021 †,Current week,Previous 52 weeks Max †,Cum YTD 2022 †,Cum YTD 2021 †
"U.S. Residents, excluding U.S. Territories",82,299,3110,4695,30,85,791,897
New England,40,151,1476,1573,-,4,12,20
Connecticut,-,6,14,90,-,0,-,6
Maine,28,62,579,483,-,1,4,2
Massachusetts,8,54,441,610,-,1,4,4
New Hampshire,-,16,56,289,-,0,-,2
Rhode Island,-,7,-,95,-,3,-,6
Vermont,4,52,386,6,-,1,4,-
Middle Atlantic,32,122,1150,2026,10,18,138,131
New Jersey,-,8,44,174,-,10,58,65
New York (excluding New York City),20,80,752,1291,7,12,60,54
New York City,-,6,9,98,-,3,5,5
Pennsylvania,12,37,345,463,3,3,15,7
East North Central,8,52,381,544,3,8,62,101
Illinois,-,2,5,22,-,4,19,39
Indiana,-,1,1,3,-,3,16,29
Michigan,4,6,33,40,2,1,3,3
Ohio,-,2,5,2,1,2,5,7
Wisconsin,4,46,337,477,-,4,19,23
West North Central,2,24,24,447,4,30,242,206
Iowa,2,3,6,12,-,2,5,8
Kansas,-,1,4,3,-,11,30,29
Minnesota,-,23,-,412,-,1,-,6
Missouri,-,3,12,10,4,24,194,157
Nebraska,-,1,1,1,-,4,12,6
North Dakota,-,1,1,9,-,1,1,-
South Dakota,-,0,-,-,-,0,-,-
South Atlantic,-,6,46,62,7,18,164,253
Delaware,-,2,4,8,2,2,13,23
District of Columbia,-,0,-,-,-,0,-,1
Florida,-,3,14,13,-,4,19,13
Georgia,-,0,-,1,-,1,5,8
Maryland,-,3,6,16,1,5,25,46
North Carolina,-,3,9,7,-,8,45,87
South Carolina,-,0,-,-,-,0,-,-
Virginia,-,3,12,16,4,9,55,67
West Virginia,-,1,1,1,-,1,2,8
East South Central,-,2,14,15,3,11,70,130
Alabama,-,2,3,8,-,1,2,11
Kentucky,-,1,1,2,-,8,12,42
Mississippi,-,1,1,-,-,1,2,2
Tennessee,-,1,9,5,3,7,54,75
West South Central,-,2,9,10,3,14,98,55
Arkansas,-,2,5,6,2,12,84,53
Louisiana,-,1,2,1,-,1,1,-
Oklahoma,-,0,-,-,1,3,12,-
Texas,-,1,2,3,-,1,1,2
Mountain,-,1,1,2,-,1,4,1
Arizona,-,1,1,2,-,1,3,-
Colorado,N,NC,N,N,N,NC,N,N
Idaho,N,NC,N,N,N,NC,N,N
Montana,-,1,-,-,-,1,-,1
Nevada,-,0,-,-,-,0,-,-
New Mexico,N,NC,N,N,N,NC,N,N
Utah,-,0,-,-,-,0,-,-
Wyoming,-,0,-,-,-,1,1,-
Pacific,-,2,9,16,-,1,1,-
Alaska,N,NC,N,N,N,NC,N,N
California,-,2,8,13,-,0,-,-
Hawaii,N,NC,N,N,N,NC,N,N
Oregon,-,0,-,2,-,1,1,-
Washington,-,1,1,1,-,0,-,-
U.S. Territories,-,0,-,-,-,0,-,-
American Samoa,N,NC,N,N,N,NC,N,N
Commonwealth of Northern Mariana Islands,-,0,-,-,-,0,-,-
Guam,N,NC,N,N,N,NC,N,N
Puerto Rico,N,NC,N,N,N,NC,N,N
U.S. Virgin Islands,-,0,-,-,-,0,-,-
Non-U.S. Residents,-,0,-,-,-,0,-,-
Total,82,299,3110,4695,30,85,791,897
