Reporting Area,"Haemophilus influenzae,  invasive disease","Haemophilus influenzae,  invasive disease","Haemophilus influenzae,  invasive disease","Haemophilus influenzae,  invasive disease"
Reporting Area,Age <5 years,Age <5 years,Age <5 years,Age <5 years
Reporting Area,Nontypeable,Nontypeable,Nontypeable,Nontypeable
Reporting Area,Current week,Previous 52 weeks Max †,Cum YTD 2023 †,Cum YTD 2022 †
"U.S. Residents, excluding U.S. Territories",-,12,95,60
New England,-,2,4,2
Connecticut,-,0,-,-
Maine,-,1,-,-
Massachusetts,-,2,4,1
New Hampshire,-,0,-,-
Rhode Island,-,1,-,1
Vermont,-,0,-,-
Middle Atlantic,-,3,9,5
New Jersey,-,0,-,-
New York (excluding New York City),-,3,3,1
New York City,-,0,-,-
Pennsylvania,-,2,6,4
East North Central,-,3,15,14
Illinois,-,2,5,3
Indiana,-,2,3,2
Michigan,-,0,-,1
Ohio,-,2,5,7
Wisconsin,-,2,2,1
West North Central,-,1,-,-
Iowa,-,1,-,-
Kansas,-,0,-,-
Minnesota,-,0,-,-
Missouri,-,0,-,-
Nebraska,-,0,-,-
North Dakota,-,0,-,-
South Dakota,-,0,-,-
South Atlantic,-,2,7,8
Delaware,-,0,-,-
District of Columbia,-,0,-,-
Florida,-,1,2,5
Georgia,-,0,-,-
Maryland,-,1,1,-
North Carolina,-,2,3,3
South Carolina,-,0,-,-
Virginia,-,1,1,-
West Virginia,-,1,-,-
East South Central,-,3,7,3
Alabama,-,1,-,2
Kentucky,-,0,-,-
Mississippi,-,0,-,-
Tennessee,-,3,7,1
West South Central,-,4,30,19
Arkansas,-,1,6,5
Louisiana,-,1,2,1
Oklahoma,-,2,3,3
Texas,-,4,19,10
Mountain,-,1,6,5
Arizona,-,1,1,2
Colorado,-,1,5,2
Idaho,-,0,-,-
Montana,-,0,-,1
Nevada,-,0,-,-
New Mexico,-,0,-,-
Utah,-,0,-,-
Wyoming,-,0,-,-
Pacific,-,3,17,4
Alaska,-,1,3,-
California,-,2,13,4
Hawaii,-,0,-,-
Oregon,-,2,1,-
Washington,-,0,-,-
U.S. Territories,-,0,-,-
American Samoa,-,0,-,-
Commonwealth of Northern Mariana Islands,-,0,-,-
Guam,-,0,-,-
Puerto Rico,-,0,-,-
U.S. Virgin Islands,-,0,-,-
Non-U.S. Residents,-,0,-,-
Total,-,12,95,60
