Reporting Area,Ehrlichiosis and Anaplasmosis,Ehrlichiosis and Anaplasmosis,Ehrlichiosis and Anaplasmosis,Ehrlichiosis and Anaplasmosis
Reporting Area,Undetermined ehrlichiosis/anaplasmosis,Undetermined ehrlichiosis/anaplasmosis,Undetermined ehrlichiosis/anaplasmosis,Undetermined ehrlichiosis/anaplasmosis
Reporting Area,Current week,Previous 52 weeks Max †,Cum YTD 2023 †,Cum YTD 2022 †
"U.S. Residents, excluding U.S. Territories",1,13,5,12
New England,-,1,-,1
Connecticut,N,NC,N,N
Maine,-,1,-,-
Massachusetts,-,1,-,1
New Hampshire,-,0,-,-
Rhode Island,-,0,-,-
Vermont,-,1,-,-
Middle Atlantic,1,3,4,-
New Jersey,-,0,-,-
New York (excluding New York City),-,3,-,-
New York City,-,0,-,-
Pennsylvania,1,2,4,-
East North Central,-,3,1,6
Illinois,-,0,-,-
Indiana,-,0,-,-
Michigan,-,1,-,-
Ohio,-,1,-,1
Wisconsin,-,3,1,5
West North Central,-,6,-,2
Iowa,-,0,-,-
Kansas,-,1,-,-
Minnesota,-,0,-,-
Missouri,-,6,-,2
Nebraska,-,0,-,-
North Dakota,-,0,-,-
South Dakota,-,1,-,-
South Atlantic,-,3,-,2
Delaware,-,0,-,-
District of Columbia,-,1,-,-
Florida,-,0,-,-
Georgia,-,0,-,1
Maryland,-,0,-,-
North Carolina,-,1,-,-
South Carolina,-,2,-,1
Virginia,-,1,-,-
West Virginia,-,0,-,-
East South Central,-,1,-,-
Alabama,-,1,-,-
Kentucky,-,0,-,-
Mississippi,-,0,-,-
Tennessee,-,0,-,-
West South Central,-,0,-,-
Arkansas,-,0,-,-
Louisiana,-,0,-,-
Oklahoma,-,0,-,-
Texas,-,0,-,-
Mountain,-,0,-,-
Arizona,-,0,-,-
Colorado,N,NC,N,N
Idaho,N,NC,N,N
Montana,-,0,-,-
Nevada,-,0,-,-
New Mexico,N,NC,N,N
Utah,-,0,-,-
Wyoming,-,0,-,-
Pacific,-,0,-,1
Alaska,N,NC,N,N
California,-,0,-,-
Hawaii,N,NC,N,N
Oregon,-,0,-,1
Washington,-,0,-,-
U.S. Territories,-,0,-,-
American Samoa,N,NC,N,N
Commonwealth of Northern Mariana Islands,-,0,-,-
Guam,N,NC,N,N
Puerto Rico,N,NC,N,N
U.S. Virgin Islands,-,0,-,-
Non-U.S. Residents,-,0,-,-
Total,1,13,5,12
