Reporting Area,Syphilis,Syphilis,Syphilis,Syphilis
Reporting Area,Congenital §,Congenital §,Congenital §,Congenital §
Reporting Area,Current week,Previous 52 weeks Max †,Cum YTD 2023 †,Cum YTD 2022 †
"U.S. Residents, excluding U.S. Territories",-,78,187,677
New England,-,2,3,5
Connecticut,-,0,-,-
Maine,-,1,-,-
Massachusetts,-,2,3,2
New Hampshire,-,2,-,1
Rhode Island,-,1,-,2
Vermont,-,0,-,-
Middle Atlantic,-,5,2,26
New Jersey,-,3,2,12
New York (excluding New York City),-,3,-,7
New York City,-,0,-,-
Pennsylvania,-,3,-,7
East North Central,-,8,14,59
Illinois,-,2,-,19
Indiana,-,2,7,10
Michigan,-,2,5,10
Ohio,-,6,-,18
Wisconsin,-,2,2,2
West North Central,-,7,-,34
Iowa,-,1,-,-
Kansas,-,1,-,6
Minnesota,-,2,-,3
Missouri,-,4,-,16
Nebraska,-,2,-,1
North Dakota,-,1,-,-
South Dakota,-,3,-,8
South Atlantic,-,18,48,94
Delaware,-,1,-,2
District of Columbia,-,1,-,-
Florida,-,12,30,51
Georgia,-,6,5,21
Maryland,U,NC,U,U
North Carolina,-,4,13,9
South Carolina,-,2,-,4
Virginia,-,3,-,3
West Virginia,-,1,-,4
East South Central,-,7,12,40
Alabama,-,3,4,8
Kentucky,-,3,6,3
Mississippi,-,2,1,13
Tennessee,-,3,1,16
West South Central,-,26,35,166
Arkansas,-,5,2,17
Louisiana,-,4,1,22
Oklahoma,-,5,11,18
Texas,-,22,21,109
Mountain,-,12,15,70
Arizona,-,9,11,33
Colorado,-,2,3,10
Idaho,-,1,-,-
Montana,-,2,-,1
Nevada,-,5,-,15
New Mexico,-,5,1,9
Utah,-,2,-,2
Wyoming,-,0,-,-
Pacific,-,22,58,183
Alaska,-,2,1,4
California,-,19,48,159
Hawaii,-,3,-,2
Oregon,-,3,9,12
Washington,-,4,-,6
U.S. Territories,-,1,-,-
American Samoa,-,0,-,-
Commonwealth of Northern Mariana Islands,-,0,-,-
Guam,-,0,-,-
Puerto Rico,-,1,-,-
U.S. Virgin Islands,-,0,-,-
Non-U.S. Residents,-,0,-,-
Total,-,78,187,677
