Reporting Area,Meningococcal disease,Meningococcal disease,Meningococcal disease,Meningococcal disease
Reporting Area,Serogroup B,Serogroup B,Serogroup B,Serogroup B
Reporting Area,Current week,Previous 52 weeks Max †,Cum YTD 2023 †,Cum YTD 2022 †
"U.S. Residents, excluding U.S. Territories",-,3,3,11
New England,-,1,1,2
Connecticut,-,0,-,-
Maine,-,0,-,-
Massachusetts,-,1,1,2
New Hampshire,-,0,-,-
Rhode Island,-,0,-,-
Vermont,-,0,-,-
Middle Atlantic,-,2,-,3
New Jersey,-,0,-,-
New York (excluding New York City),-,2,-,2
New York City,-,0,-,-
Pennsylvania,-,0,-,1
East North Central,-,2,1,3
Illinois,-,1,1,-
Indiana,-,0,-,-
Michigan,-,1,-,1
Ohio,-,1,-,2
Wisconsin,-,0,-,-
West North Central,-,1,-,-
Iowa,-,0,-,-
Kansas,-,0,-,-
Minnesota,-,0,-,-
Missouri,-,0,-,-
Nebraska,-,1,-,-
North Dakota,-,0,-,-
South Dakota,-,0,-,-
South Atlantic,-,1,-,-
Delaware,-,0,-,-
District of Columbia,-,0,-,-
Florida,-,0,-,-
Georgia,-,0,-,-
Maryland,-,0,-,-
North Carolina,-,0,-,-
South Carolina,-,0,-,-
Virginia,-,1,-,-
West Virginia,-,0,-,-
East South Central,-,1,-,1
Alabama,-,0,-,-
Kentucky,-,0,-,-
Mississippi,-,0,-,-
Tennessee,-,1,-,1
West South Central,-,1,-,-
Arkansas,-,0,-,-
Louisiana,-,0,-,-
Oklahoma,-,0,-,-
Texas,-,1,-,-
Mountain,-,1,-,1
Arizona,-,0,-,1
Colorado,-,0,-,-
Idaho,-,0,-,-
Montana,-,0,-,-
Nevada,-,0,-,-
New Mexico,-,0,-,-
Utah,-,0,-,-
Wyoming,-,1,-,-
Pacific,-,2,1,1
Alaska,-,0,-,-
California,-,2,1,1
Hawaii,-,0,-,-
Oregon,-,0,-,-
Washington,-,0,-,-
U.S. Territories,-,0,-,-
American Samoa,-,0,-,-
Commonwealth of Northern Mariana Islands,-,0,-,-
Guam,-,0,-,-
Puerto Rico,-,0,-,-
U.S. Virgin Islands,-,0,-,-
Non-U.S. Residents,-,0,-,-
Total,-,3,3,11
