Reporting Area,"Hepatitis A, acute","Hepatitis A, acute","Hepatitis A, acute","Hepatitis A, acute"
Reporting Area,Current week,Previous 52 weeks Max †,Cum YTD 2023 †,Cum YTD 2022 †
"U.S. Residents, excluding U.S. Territories",10,70,22,117
New England,-,8,-,2
Connecticut,-,1,-,-
Maine,-,5,-,2
Massachusetts,-,3,-,-
New Hampshire,-,1,-,-
Rhode Island,-,1,-,-
Vermont,-,1,-,-
Middle Atlantic,2,11,3,17
New Jersey,-,2,-,-
New York (excluding New York City),1,4,1,2
New York City,-,4,1,7
Pennsylvania,1,7,1,8
East North Central,-,5,1,4
Illinois,-,3,-,1
Indiana,-,4,-,-
Michigan,-,2,-,1
Ohio,-,2,1,1
Wisconsin,-,2,-,1
West North Central,2,9,5,12
Iowa,-,2,-,1
Kansas,-,4,-,-
Minnesota,-,1,-,-
Missouri,1,8,1,11
Nebraska,1,3,4,-
North Dakota,-,1,-,-
South Dakota,-,1,-,-
South Atlantic,6,30,10,50
Delaware,-,3,-,2
District of Columbia,-,1,-,-
Florida,5,14,8,11
Georgia,-,9,1,13
Maryland,1,4,1,1
North Carolina,-,7,-,14
South Carolina,-,3,-,1
Virginia,-,10,-,8
West Virginia,-,2,-,-
East South Central,-,11,-,18
Alabama,-,6,-,10
Kentucky,-,1,-,-
Mississippi,-,10,-,5
Tennessee,-,3,-,3
West South Central,-,9,-,9
Arkansas,-,2,-,-
Louisiana,-,7,-,1
Oklahoma,-,4,-,-
Texas,-,8,-,8
Mountain,-,6,-,1
Arizona,-,3,-,-
Colorado,-,4,-,-
Idaho,-,2,-,1
Montana,-,1,-,-
Nevada,-,2,-,-
New Mexico,-,1,-,-
Utah,-,2,-,-
Wyoming,-,1,-,-
Pacific,-,12,3,4
Alaska,-,1,-,-
California,-,9,3,3
Hawaii,-,1,-,-
Oregon,-,2,-,-
Washington,-,3,-,1
U.S. Territories,-,2,-,-
American Samoa,-,0,-,-
Commonwealth of Northern Mariana Islands,-,0,-,-
Guam,-,0,-,-
Puerto Rico,-,2,-,-
U.S. Virgin Islands,-,0,-,-
Non-U.S. Residents,-,1,-,-
Total,10,70,22,117
