Reporting Area,"Hepatitis B, perinatal infection","Hepatitis B, perinatal infection","Hepatitis B, perinatal infection","Hepatitis B, perinatal infection","Hepatitis C, acute §","Hepatitis C, acute §","Hepatitis C, acute §","Hepatitis C, acute §","Hepatitis C, acute §","Hepatitis C, acute §","Hepatitis C, acute §","Hepatitis C, acute §"
Reporting Area,"Hepatitis B, perinatal infection","Hepatitis B, perinatal infection","Hepatitis B, perinatal infection","Hepatitis B, perinatal infection",Confirmed,Confirmed,Confirmed,Confirmed,Probable,Probable,Probable,Probable
Reporting Area,Current week,Previous 52 weeks Max †,Cum YTD 2022 †,Cum YTD 2021 †,Current week,Previous 52 weeks Max †,Cum YTD 2022 †,Cum YTD 2021 †,Current week,Previous 52 weeks Max †,Cum YTD 2022 †,Cum YTD 2021 †
"U.S. Residents, excluding U.S. Territories",-,2,9,10,16,148,2062,3210,12,36,538,670
New England,-,0,-,1,-,9,73,208,1,5,39,32
Connecticut,-,0,-,-,-,2,8,18,-,0,-,-
Maine,-,0,-,1,-,5,47,94,1,4,30,18
Massachusetts,-,0,-,-,-,3,3,94,-,1,-,7
New Hampshire,-,0,-,-,-,1,2,2,-,2,9,7
Rhode Island,U,NC,U,U,U,NC,U,U,U,NC,U,U
Vermont,-,0,-,-,-,3,13,-,-,0,-,-
Middle Atlantic,-,1,1,1,4,102,302,453,1,9,12,10
New Jersey,-,0,-,-,-,4,31,67,-,2,-,1
New York (excluding New York City),-,0,-,-,3,8,80,97,1,2,11,9
New York City,-,1,1,1,-,90,91,175,-,6,1,-
Pennsylvania,-,0,-,-,1,6,100,114,-,0,-,-
East North Central,-,1,2,2,1,21,220,535,-,5,31,67
Illinois,-,1,1,-,-,9,37,159,-,1,3,9
Indiana,-,0,-,-,-,11,62,130,-,2,5,21
Michigan,-,0,-,-,1,5,54,72,-,3,6,13
Ohio,-,1,1,2,-,8,55,81,-,3,17,21
Wisconsin,-,0,-,-,-,4,12,93,-,1,-,3
West North Central,-,1,2,-,-,5,49,80,-,3,9,14
Iowa,-,0,-,-,-,2,9,14,-,0,-,-
Kansas,-,0,-,-,-,2,7,1,-,3,2,12
Minnesota,-,1,1,-,-,3,10,46,-,1,1,2
Missouri,-,1,1,-,-,2,9,5,-,0,-,-
Nebraska,-,0,-,-,-,1,3,7,-,1,2,-
North Dakota,-,0,-,-,-,0,-,-,-,0,-,-
South Dakota,-,0,-,-,-,2,11,7,-,1,4,-
South Atlantic,-,0,-,4,4,93,851,1097,3,14,230,254
Delaware,-,0,-,-,-,3,8,40,-,1,1,1
District of Columbia,U,NC,U,U,U,NC,U,U,U,NC,U,U
Florida,-,0,-,-,3,84,765,870,2,13,202,175
Georgia,-,0,-,-,-,4,12,63,-,4,10,38
Maryland,-,0,-,-,1,3,20,35,-,1,1,3
North Carolina,-,0,-,2,-,2,-,43,-,2,-,21
South Carolina,-,0,-,-,-,0,-,2,-,1,-,2
Virginia,-,0,-,2,-,5,15,13,1,3,9,5
West Virginia,-,0,-,-,-,4,31,31,-,2,7,9
East South Central,-,1,-,-,1,15,226,293,4,10,116,193
Alabama,-,0,-,-,-,1,1,5,-,2,11,13
Kentucky,-,0,-,-,1,8,136,148,2,5,45,92
Mississippi,-,0,-,-,-,1,2,3,2,3,22,27
Tennessee,-,1,-,-,-,8,87,137,-,6,38,61
West South Central,-,1,1,-,3,12,127,264,-,4,17,34
Arkansas,-,1,1,-,-,2,11,28,-,2,5,19
Louisiana,-,0,-,-,2,10,89,217,-,0,-,1
Oklahoma,-,0,-,-,-,2,5,7,-,3,2,6
Texas,-,0,-,-,1,4,22,12,-,2,10,8
Mountain,-,1,1,-,1,9,125,121,3,6,55,49
Arizona,-,0,-,-,U,NC,U,U,U,NC,U,U
Colorado,-,0,-,-,-,1,1,3,-,1,1,-
Idaho,-,0,-,-,-,1,3,-,-,1,1,-
Montana,-,0,-,-,-,2,20,16,-,3,10,2
Nevada,-,0,-,-,-,2,10,4,-,0,-,-
New Mexico,-,0,-,-,-,2,4,-,-,1,1,-
Utah,-,1,1,-,1,7,87,96,3,4,42,47
Wyoming,-,0,-,-,-,0,-,2,-,0,-,-
Pacific,-,1,2,2,2,9,89,159,-,4,29,17
Alaska,-,0,-,-,N,NC,N,N,N,NC,N,N
California,-,1,2,1,-,6,51,67,-,3,20,2
Hawaii,-,0,-,-,-,0,-,-,-,0,-,-
Oregon,-,0,-,-,2,2,10,17,-,2,4,5
Washington,-,1,-,1,-,3,28,75,-,2,5,10
U.S. Territories,-,0,-,-,-,0,-,-,-,0,-,-
American Samoa,-,0,-,-,-,0,-,-,-,0,-,-
Commonwealth of Northern Mariana Islands,-,0,-,-,-,0,-,-,-,0,-,-
Guam,-,0,-,-,-,0,-,-,-,0,-,-
Puerto Rico,-,0,-,-,N,NC,N,N,N,NC,N,N
U.S. Virgin Islands,-,0,-,-,-,0,-,-,-,0,-,-
Non-U.S. Residents,-,0,-,-,-,0,-,-,-,0,-,-
Total,-,2,9,10,16,148,2062,3210,12,36,538,670
