Reporting Area,"Haemophilus influenzae,  invasive disease","Haemophilus influenzae,  invasive disease","Haemophilus influenzae,  invasive disease","Haemophilus influenzae,  invasive disease"
Reporting Area,Age <5 years,Age <5 years,Age <5 years,Age <5 years
Reporting Area,Unknown serotype,Unknown serotype,Unknown serotype,Unknown serotype
Reporting Area,Current week,Previous 52 weeks Max †,Cum YTD 2023 †,Cum YTD 2022 †
"U.S. Residents, excluding U.S. Territories",5,14,87,77
New England,-,1,-,-
Connecticut,-,0,-,-
Maine,-,0,-,-
Massachusetts,-,1,-,-
New Hampshire,-,1,-,-
Rhode Island,-,1,-,-
Vermont,-,1,-,-
Middle Atlantic,-,2,7,9
New Jersey,-,2,-,3
New York (excluding New York City),-,2,4,-
New York City,-,1,2,4
Pennsylvania,-,1,1,2
East North Central,-,3,7,6
Illinois,-,2,2,-
Indiana,-,1,-,-
Michigan,-,2,1,5
Ohio,-,2,4,1
Wisconsin,-,0,-,-
West North Central,-,2,7,10
Iowa,-,0,-,-
Kansas,-,1,2,1
Minnesota,-,0,-,-
Missouri,-,2,2,6
Nebraska,-,1,3,2
North Dakota,-,1,-,-
South Dakota,-,1,-,1
South Atlantic,3,7,31,19
Delaware,-,1,-,1
District of Columbia,-,1,-,-
Florida,3,2,15,7
Georgia,-,2,4,7
Maryland,-,4,6,-
North Carolina,-,1,-,2
South Carolina,-,2,2,2
Virginia,-,1,3,-
West Virginia,-,1,1,-
East South Central,-,3,7,10
Alabama,-,2,3,7
Kentucky,-,2,2,3
Mississippi,-,1,-,-
Tennessee,-,1,2,-
West South Central,1,3,6,8
Arkansas,1,2,1,1
Louisiana,-,1,-,4
Oklahoma,-,1,1,-
Texas,-,3,4,3
Mountain,-,5,12,5
Arizona,-,0,-,-
Colorado,-,2,7,1
Idaho,-,1,2,-
Montana,-,1,-,-
Nevada,-,5,1,1
New Mexico,-,1,-,-
Utah,-,1,2,3
Wyoming,-,0,-,-
Pacific,1,3,10,10
Alaska,-,0,-,-
California,1,2,9,9
Hawaii,-,1,1,1
Oregon,-,1,-,-
Washington,-,0,-,-
U.S. Territories,-,0,-,-
American Samoa,-,0,-,-
Commonwealth of Northern Mariana Islands,-,0,-,-
Guam,-,0,-,-
Puerto Rico,-,0,-,-
U.S. Virgin Islands,-,0,-,-
Non-U.S. Residents,-,0,-,-
Total,5,14,87,77
