Reporting Area,Coccidioidomycosis §,Coccidioidomycosis §,Coccidioidomycosis §,Coccidioidomycosis §
Reporting Area,Probable,Probable,Probable,Probable
Reporting Area,Current week,Previous 52 weeks Max †,Cum YTD 2023 †,Cum YTD 2022 †
"U.S. Residents, excluding U.S. Territories",2,NC,54,NN
New England,-,NC,-,NN
Connecticut,N,NC,N,NN
Maine,N,NC,N,NN
Massachusetts,N,NC,N,NN
New Hampshire,-,NC,-,NN
Rhode Island,-,NC,-,NN
Vermont,N,NC,N,NN
Middle Atlantic,-,NC,-,NN
New Jersey,N,NC,N,NN
New York (excluding New York City),N,NC,N,NN
New York City,N,NC,N,NN
Pennsylvania,N,NC,N,NN
East North Central,-,NC,7,NN
Illinois,N,NC,N,NN
Indiana,-,NC,-,NN
Michigan,-,NC,6,NN
Ohio,-,NC,1,NN
Wisconsin,-,NC,-,NN
West North Central,1,NC,19,NN
Iowa,N,NC,N,NN
Kansas,-,NC,-,NN
Minnesota,-,NC,12,NN
Missouri,-,NC,2,NN
Nebraska,1,NC,5,NN
North Dakota,-,NC,-,NN
South Dakota,-,NC,-,NN
South Atlantic,-,NC,4,NN
Delaware,-,NC,-,NN
District of Columbia,N,NC,N,NN
Florida,N,NC,N,NN
Georgia,N,NC,N,NN
Maryland,-,NC,4,NN
North Carolina,N,NC,N,NN
South Carolina,N,NC,N,NN
Virginia,N,NC,N,NN
West Virginia,N,NC,N,NN
East South Central,-,NC,2,NN
Alabama,-,NC,1,NN
Kentucky,-,NC,1,NN
Mississippi,N,NC,N,NN
Tennessee,N,NC,N,NN
West South Central,-,NC,1,NN
Arkansas,-,NC,1,NN
Louisiana,-,NC,-,NN
Oklahoma,N,NC,N,NN
Texas,N,NC,N,NN
Mountain,-,NC,8,NN
Arizona,-,NC,-,NN
Colorado,N,NC,N,NN
Idaho,N,NC,N,NN
Montana,-,NC,1,NN
Nevada,-,NC,1,NN
New Mexico,-,NC,6,NN
Utah,-,NC,-,NN
Wyoming,-,NC,-,NN
Pacific,1,NC,13,NN
Alaska,N,NC,N,NN
California,-,NC,-,NN
Hawaii,N,NC,N,NN
Oregon,1,NC,13,NN
Washington,N,NC,N,NN
U.S. Territories,-,NC,-,NN
American Samoa,N,NC,N,NN
Commonwealth of Northern Mariana Islands,-,NC,-,NN
Guam,-,NC,-,NN
Puerto Rico,N,NC,N,NN
U.S. Virgin Islands,-,NC,-,NN
Non-U.S. Residents,-,NC,-,NN
Total,2,NC,54,NN
