Reporting Area,Brucellosis,Brucellosis,Brucellosis,Brucellosis,Campylobacteriosis,Campylobacteriosis,Campylobacteriosis,Campylobacteriosis,"Candida auris  , clinical §","Candida auris  , clinical §","Candida auris  , clinical §","Candida auris  , clinical §"
Reporting Area,Current week,Previous 52 weeks Max †,Cum YTD 2022 †,Cum YTD 2021 †,Current week,Previous 52 weeks Max †,Cum YTD 2022 †,Cum YTD 2021 †,Current week,Previous 52 weeks Max †,Cum YTD 2022 †,Cum YTD 2021 †
"U.S. Residents, excluding U.S. Territories",-,6,99,97,450,1610,50381,56100,2,50,1035,640
New England,-,2,2,2,23,101,2686,2826,-,0,-,-
Connecticut,-,0,-,-,-,22,466,609,-,0,-,-
Maine,-,0,-,-,1,9,174,245,-,0,-,-
Massachusetts,-,0,-,1,20,55,1442,1286,-,0,-,-
New Hampshire,-,0,-,-,-,13,274,256,-,0,-,-
Rhode Island,-,2,2,-,1,11,192,245,-,0,-,-
Vermont,-,0,-,1,1,8,138,185,-,0,-,-
Middle Atlantic,-,2,14,4,96,230,7136,7958,-,8,65,37
New Jersey,-,1,3,1,-,52,1235,1473,-,0,-,-
New York (excluding New York City),-,2,8,-,11,103,1175,1990,-,0,-,-
New York City,-,1,1,3,61,88,2602,2144,-,0,-,-
Pennsylvania,-,1,2,-,24,80,2124,2351,-,8,65,37
East North Central,-,1,9,8,16,216,5778,6986,-,17,252,378
Illinois,-,1,4,1,-,80,1827,1855,-,11,102,313
Indiana,-,0,-,-,-,19,79,812,-,5,69,49
Michigan,-,1,5,1,3,39,968,1360,-,2,19,2
Ohio,-,1,-,6,-,98,1868,1743,-,5,62,14
Wisconsin,-,0,-,-,13,44,1036,1216,-,0,-,-
West North Central,-,2,6,18,42,123,3345,5449,-,0,-,1
Iowa,-,1,-,-,12,39,939,1157,-,0,-,-
Kansas,-,1,1,-,3,24,555,728,-,0,-,-
Minnesota,-,2,4,17,-,34,-,1412,-,0,-,1
Missouri,-,0,-,-,22,35,940,1099,-,0,-,-
Nebraska,-,1,1,1,5,21,482,611,-,0,-,-
North Dakota,-,0,-,-,-,10,148,153,-,0,-,-
South Dakota,-,0,-,-,-,19,281,289,-,0,-,-
South Atlantic,-,2,12,10,44,275,8462,8003,-,21,57,45
Delaware,-,0,-,-,1,9,168,171,-,1,1,2
District of Columbia,-,0,-,-,-,1,1,5,-,0,-,-
Florida,-,1,10,4,18,129,3334,3330,N,NC,N,N
Georgia,-,1,-,1,2,41,1169,1281,-,0,-,1
Maryland,-,1,1,-,3,38,852,751,-,21,49,29
North Carolina,-,1,1,3,-,55,937,-,-,0,-,1
South Carolina,-,0,-,2,5,30,538,553,-,0,-,-
Virginia,-,0,-,-,15,89,1192,1509,-,2,7,12
West Virginia,-,0,-,-,-,18,271,403,-,0,-,-
East South Central,-,1,1,2,2,100,2916,2830,-,0,-,-
Alabama,-,0,-,1,1,33,681,659,N,NC,N,N
Kentucky,-,1,1,1,-,39,954,1137,-,0,-,-
Mississippi,-,0,-,-,1,21,461,262,-,0,-,-
Tennessee,-,0,-,-,-,40,820,772,-,0,-,-
West South Central,-,2,22,13,94,301,4933,5314,1,6,77,38
Arkansas,-,1,5,2,9,31,568,529,-,0,-,-
Louisiana,-,1,1,1,9,32,623,597,-,2,6,-
Oklahoma,-,1,2,-,26,51,964,867,-,0,-,-
Texas,-,2,14,10,50,263,2778,3321,1,6,71,38
Mountain,-,2,6,8,13,140,4188,4457,-,21,153,1
Arizona,-,1,1,5,-,51,1266,1393,-,21,152,1
Colorado,-,1,1,1,11,42,1126,952,-,0,-,-
Idaho,-,1,1,-,-,17,240,428,-,0,-,-
Montana,-,0,-,-,-,19,272,253,-,0,-,-
Nevada,-,2,2,1,-,24,245,222,-,1,1,-
New Mexico,-,0,-,1,-,22,358,493,-,0,-,-
Utah,-,1,1,-,2,26,546,514,-,0,-,-
Wyoming,-,0,-,-,-,7,135,202,-,0,-,-
Pacific,-,2,27,32,120,351,10937,12277,1,23,431,140
Alaska,-,0,-,-,1,8,122,81,-,0,-,-
California,-,2,20,28,73,247,7787,9124,1,23,431,140
Hawaii,-,0,-,2,2,31,582,423,-,0,-,-
Oregon,-,1,4,1,25,30,832,981,-,0,-,-
Washington,-,1,3,1,19,67,1614,1668,-,0,-,-
U.S. Territories,-,0,-,3,-,5,82,101,-,0,-,-
American Samoa,-,0,-,-,-,0,-,-,-,0,-,-
Commonwealth of Northern Mariana Islands,-,0,-,-,-,0,-,4,-,0,-,-
Guam,-,0,-,3,-,0,-,17,-,0,-,-
Puerto Rico,-,0,-,-,-,5,82,80,-,0,-,-
U.S. Virgin Islands,-,0,-,-,-,0,-,-,-,0,-,-
Non-U.S. Residents,-,0,-,-,-,2,3,1,-,0,-,-
Total,-,6,99,100,450,1611,50466,56202,2,50,1035,640
