Reporting Area,Legionellosis,Legionellosis,Legionellosis,Legionellosis
Reporting Area,Current week,Previous 52 weeks Max †,Cum YTD 2023 †,Cum YTD 2022 †
"U.S. Residents, excluding U.S. Territories",27,253,1400,1813
New England,-,29,57,68
Connecticut,-,4,11,12
Maine,-,4,1,2
Massachusetts,-,22,29,43
New Hampshire,-,4,7,8
Rhode Island,-,15,5,2
Vermont,-,2,4,1
Middle Atlantic,7,71,209,324
New Jersey,-,18,14,59
New York (excluding New York City),6,26,75,76
New York City,-,26,59,103
Pennsylvania,1,20,61,86
East North Central,6,82,347,322
Illinois,-,34,63,54
Indiana,1,16,34,48
Michigan,-,23,55,77
Ohio,5,35,172,104
Wisconsin,-,19,23,39
West North Central,2,20,80,96
Iowa,-,4,9,13
Kansas,-,5,6,6
Minnesota,1,7,29,27
Missouri,-,13,19,33
Nebraska,1,2,12,9
North Dakota,-,1,1,2
South Dakota,-,2,4,6
South Atlantic,3,60,300,422
Delaware,-,2,3,3
District of Columbia,-,8,6,10
Florida,-,20,117,216
Georgia,-,9,25,44
Maryland,1,11,30,19
North Carolina,-,10,37,43
South Carolina,1,8,30,26
Virginia,1,15,46,41
West Virginia,-,7,6,20
East South Central,2,19,61,101
Alabama,1,6,20,22
Kentucky,-,5,-,24
Mississippi,-,4,-,14
Tennessee,1,15,41,41
West South Central,3,25,98,121
Arkansas,-,5,6,15
Louisiana,-,6,17,13
Oklahoma,-,1,-,1
Texas,3,16,75,92
Mountain,3,15,83,115
Arizona,2,9,27,51
Colorado,1,9,25,21
Idaho,-,4,9,4
Montana,-,2,5,4
Nevada,-,3,-,9
New Mexico,-,5,7,9
Utah,-,3,8,16
Wyoming,-,2,2,1
Pacific,1,24,165,244
Alaska,-,1,2,2
California,1,22,126,186
Hawaii,-,2,8,10
Oregon,-,6,16,15
Washington,-,4,13,31
U.S. Territories,-,1,1,2
American Samoa,N,NC,N,N
Commonwealth of Northern Mariana Islands,-,0,-,-
Guam,-,0,-,-
Puerto Rico,-,1,1,-
U.S. Virgin Islands,-,0,-,2
Non-U.S. Residents,-,0,-,-
Total,27,253,1401,1815
