Reporting Area,Syphilis,Syphilis,Syphilis,Syphilis
Reporting Area,Primary and secondary,Primary and secondary,Primary and secondary,Primary and secondary
Reporting Area,Current week,Previous 52 weeks Max †,Cum YTD 2023 †,Cum YTD 2022 †
"U.S. Residents, excluding U.S. Territories",81,1284,14455,22802
New England,1,36,348,576
Connecticut,-,7,16,93
Maine,-,7,17,29
Massachusetts,1,25,280,366
New Hampshire,-,4,15,32
Rhode Island,-,15,20,54
Vermont,-,0,-,2
Middle Atlantic,19,147,1401,2340
New Jersey,-,29,4,417
New York (excluding New York City),17,61,367,486
New York City,-,64,586,871
Pennsylvania,2,37,444,566
East North Central,2,149,1429,2532
Illinois,-,37,287,540
Indiana,2,23,184,272
Michigan,-,26,272,425
Ohio,-,64,471,993
Wisconsin,-,22,215,302
West North Central,3,88,991,1495
Iowa,-,14,120,131
Kansas,1,13,21,130
Minnesota,-,17,177,300
Missouri,2,37,380,607
Nebraska,-,7,47,91
North Dakota,-,6,23,28
South Dakota,-,24,223,208
South Atlantic,6,283,3227,4789
Delaware,-,13,76,79
District of Columbia,-,10,79,113
Florida,3,111,1660,1852
Georgia,1,55,435,869
Maryland,U,NC,U,U
North Carolina,1,65,687,972
South Carolina,1,29,48,402
Virginia,-,29,231,407
West Virginia,-,8,11,95
East South Central,6,101,1072,1482
Alabama,6,36,454,465
Kentucky,-,23,146,234
Mississippi,-,25,179,332
Tennessee,-,39,293,451
West South Central,2,175,1712,2804
Arkansas,2,28,341,450
Louisiana,-,42,238,454
Oklahoma,-,3,13,85
Texas,-,120,1120,1815
Mountain,1,137,1256,2091
Arizona,1,57,508,835
Colorado,-,30,236,388
Idaho,-,7,33,54
Montana,-,17,141,119
Nevada,-,31,31,336
New Mexico,-,25,213,279
Utah,-,11,90,72
Wyoming,-,3,4,8
Pacific,41,254,3019,4693
Alaska,-,7,31,27
California,11,191,2252,3335
Hawaii,-,5,-,80
Oregon,12,31,357,475
Washington,18,50,379,776
U.S. Territories,-,12,33,154
American Samoa,-,0,-,-
Commonwealth of Northern Mariana Islands,-,0,-,-
Guam,-,0,-,-
Puerto Rico,-,12,33,154
U.S. Virgin Islands,-,0,-,-
Non-U.S. Residents,-,2,-,-
Total,81,1290,14488,22956
