Reporting Area,"Invasive pneumococcal disease, all ages §","Invasive pneumococcal disease, all ages §","Invasive pneumococcal disease, all ages §","Invasive pneumococcal disease, all ages §"
Reporting Area,Confirmed,Confirmed,Confirmed,Confirmed
Reporting Area,Current week,Previous 52 weeks Max †,Cum YTD 2023 †,Cum YTD 2022 †
"U.S. Residents, excluding U.S. Territories",197,614,1392,1553
New England,1,36,61,65
Connecticut,-,9,12,14
Maine,1,16,13,5
Massachusetts,-,17,31,30
New Hampshire,-,7,2,9
Rhode Island,-,6,-,5
Vermont,-,5,3,2
Middle Atlantic,49,133,235,226
New Jersey,6,27,24,47
New York (excluding New York City),23,73,77,70
New York City,12,26,57,57
Pennsylvania,8,38,77,52
East North Central,29,119,252,263
Illinois,N,NC,N,N
Indiana,-,36,38,69
Michigan,2,26,46,60
Ohio,27,62,146,130
Wisconsin,-,18,22,4
West North Central,11,33,77,128
Iowa,N,NC,N,N
Kansas,1,9,1,22
Minnesota,-,0,-,-
Missouri,5,22,55,70
Nebraska,5,11,17,16
North Dakota,-,4,-,10
South Dakota,-,7,4,10
South Atlantic,41,102,235,262
Delaware,1,4,6,1
District of Columbia,-,3,-,6
Florida,21,65,142,67
Georgia,6,17,16,83
Maryland,9,22,48,-
North Carolina,N,NC,N,N
South Carolina,-,26,5,65
Virginia,-,2,1,1
West Virginia,4,21,17,39
East South Central,12,53,120,139
Alabama,-,16,-,44
Kentucky,-,28,8,22
Mississippi,-,13,29,12
Tennessee,12,38,83,61
West South Central,14,98,71,108
Arkansas,6,21,23,15
Louisiana,8,19,45,39
Oklahoma,N,NC,N,N
Texas,-,73,3,54
Mountain,35,131,310,339
Arizona,13,60,149,140
Colorado,10,34,69,89
Idaho,N,NC,N,N
Montana,-,6,7,7
Nevada,6,12,27,36
New Mexico,4,19,45,44
Utah,2,12,12,20
Wyoming,-,4,1,3
Pacific,5,15,31,23
Alaska,3,14,23,20
California,N,NC,N,N
Hawaii,2,5,8,3
Oregon,N,NC,N,N
Washington,N,NC,N,N
U.S. Territories,-,1,1,-
American Samoa,N,NC,N,N
Commonwealth of Northern Mariana Islands,-,0,-,-
Guam,-,0,-,-
Puerto Rico,-,1,1,-
U.S. Virgin Islands,-,0,-,-
Non-U.S. Residents,-,0,-,-
Total,197,614,1393,1553
