Reporting Area,Arboviral diseases,Arboviral diseases,Arboviral diseases,Arboviral diseases
Reporting Area,West Nile virus disease,West Nile virus disease,West Nile virus disease,West Nile virus disease
Reporting Area,Current week,Previous 52 weeks Max †,Cum YTD 2023 †,Cum YTD 2022 †
"U.S. Residents, excluding U.S. Territories",7,114,28,49
New England,-,4,-,-
Connecticut,-,2,-,-
Maine,-,0,-,-
Massachusetts,-,3,-,-
New Hampshire,-,0,-,-
Rhode Island,-,1,-,-
Vermont,-,0,-,-
Middle Atlantic,-,21,-,2
New Jersey,-,3,-,-
New York (excluding New York City),-,9,-,-
New York City,-,8,-,-
Pennsylvania,-,5,-,2
East North Central,-,11,-,-
Illinois,-,7,-,-
Indiana,-,2,-,-
Michigan,-,4,-,-
Ohio,-,2,-,-
Wisconsin,-,2,-,-
West North Central,-,27,5,6
Iowa,-,3,1,-
Kansas,-,3,-,-
Minnesota,-,6,-,2
Missouri,-,2,1,1
Nebraska,-,10,1,-
North Dakota,-,5,-,3
South Dakota,-,13,2,-
South Atlantic,-,10,4,1
Delaware,-,1,-,-
District of Columbia,-,1,-,-
Florida,-,1,-,-
Georgia,-,3,2,-
Maryland,-,1,1,-
North Carolina,-,3,-,1
South Carolina,-,3,1,-
Virginia,-,2,-,-
West Virginia,-,0,-,-
East South Central,-,3,2,4
Alabama,-,1,1,1
Kentucky,-,1,-,-
Mississippi,-,1,-,3
Tennessee,-,1,1,-
West South Central,-,13,1,3
Arkansas,-,2,-,-
Louisiana,-,9,1,1
Oklahoma,-,1,-,1
Texas,-,5,-,1
Mountain,7,36,15,19
Arizona,7,6,14,19
Colorado,-,34,-,-
Idaho,-,2,-,-
Montana,-,0,-,-
Nevada,-,0,-,-
New Mexico,-,2,-,-
Utah,-,2,-,-
Wyoming,-,1,1,-
Pacific,-,22,1,14
Alaska,-,0,-,-
California,-,22,-,14
Hawaii,-,0,-,-
Oregon,-,1,1,-
Washington,-,2,-,-
U.S. Territories,-,0,-,-
American Samoa,-,0,-,-
Commonwealth of Northern Mariana Islands,-,0,-,-
Guam,-,0,-,-
Puerto Rico,-,0,-,-
U.S. Virgin Islands,-,0,-,-
Non-U.S. Residents,-,0,-,-
Total,7,114,28,49
