Reporting Area,Viral hemorrhagic fevers §,Viral hemorrhagic fevers §,Viral hemorrhagic fevers §,Viral hemorrhagic fevers §,Viral hemorrhagic fevers §,Viral hemorrhagic fevers §,Viral hemorrhagic fevers §,Viral hemorrhagic fevers §,Viral hemorrhagic fevers §,Viral hemorrhagic fevers §,Viral hemorrhagic fevers §,Viral hemorrhagic fevers §
Reporting Area,Chapare virus ¶,Chapare virus ¶,Chapare virus ¶,Chapare virus ¶,Crimean-Congo hemorrhagic fever virus **,Crimean-Congo hemorrhagic fever virus **,Crimean-Congo hemorrhagic fever virus **,Crimean-Congo hemorrhagic fever virus **,Ebola virus ††,Ebola virus ††,Ebola virus ††,Ebola virus ††
Reporting Area,Current week,Previous 52 weeks Max †,Cum YTD 2022 †,Cum YTD 2021 †,Current week,Previous 52 weeks Max †,Cum YTD 2022 †,Cum YTD 2021 †,Current week,Previous 52 weeks Max †,Cum YTD 2022 †,Cum YTD 2021 †
"U.S. Residents, excluding U.S. Territories",-,NC,-,NN,-,NC,-,-,-,NC,-,-
New England,-,NC,-,NN,-,NC,-,-,-,NC,-,-
Connecticut,-,NC,-,NN,-,NC,-,-,-,NC,-,-
Maine,-,NC,-,NN,-,NC,-,-,-,NC,-,-
Massachusetts,-,NC,-,NN,-,NC,-,-,-,NC,-,-
New Hampshire,-,NC,-,NN,-,NC,-,-,-,NC,-,-
Rhode Island,-,NC,-,NN,-,NC,-,-,-,NC,-,-
Vermont,-,NC,-,NN,-,NC,-,-,-,NC,-,-
Middle Atlantic,-,NC,-,NN,-,NC,-,-,-,NC,-,-
New Jersey,-,NC,-,NN,-,NC,-,-,-,NC,-,-
New York (excluding New York City),-,NC,-,NN,-,NC,-,-,-,NC,-,-
New York City,-,NC,-,NN,-,NC,-,-,-,NC,-,-
Pennsylvania,-,NC,-,NN,-,NC,-,-,-,NC,-,-
East North Central,-,NC,-,NN,-,NC,-,-,-,NC,-,-
Illinois,-,NC,-,NN,-,NC,-,-,-,NC,-,-
Indiana,-,NC,-,NN,-,NC,-,-,-,NC,-,-
Michigan,-,NC,-,NN,-,NC,-,-,-,NC,-,-
Ohio,-,NC,-,NN,-,NC,-,-,-,NC,-,-
Wisconsin,-,NC,-,NN,-,NC,-,-,-,NC,-,-
West North Central,-,NC,-,NN,-,NC,-,-,-,NC,-,-
Iowa,-,NC,-,NN,-,NC,-,-,-,NC,-,-
Kansas,-,NC,-,NN,-,NC,-,-,-,NC,-,-
Minnesota,-,NC,-,NN,-,NC,-,-,-,NC,-,-
Missouri,-,NC,-,NN,-,NC,-,-,-,NC,-,-
Nebraska,-,NC,-,NN,-,NC,-,-,-,NC,-,-
North Dakota,-,NC,-,NN,-,NC,-,-,-,NC,-,-
South Dakota,-,NC,-,NN,-,NC,-,-,-,NC,-,-
South Atlantic,-,NC,-,NN,-,NC,-,-,-,NC,-,-
Delaware,-,NC,-,NN,-,NC,-,-,-,NC,-,-
District of Columbia,-,NC,-,NN,-,NC,-,-,-,NC,-,-
Florida,-,NC,-,NN,-,NC,-,-,-,NC,-,-
Georgia,-,NC,-,NN,-,NC,-,-,-,NC,-,-
Maryland,-,NC,-,NN,-,NC,-,-,-,NC,-,-
North Carolina,-,NC,-,NN,-,NC,-,-,-,NC,-,-
South Carolina,-,NC,-,NN,-,NC,-,-,-,NC,-,-
Virginia,-,NC,-,NN,-,NC,-,-,-,NC,-,-
West Virginia,-,NC,-,NN,-,NC,-,-,-,NC,-,-
East South Central,-,NC,-,NN,-,NC,-,-,-,NC,-,-
Alabama,-,NC,-,NN,-,NC,-,-,-,NC,-,-
Kentucky,-,NC,-,NN,-,NC,-,-,-,NC,-,-
Mississippi,-,NC,-,NN,-,NC,-,-,-,NC,-,-
Tennessee,-,NC,-,NN,-,NC,-,-,-,NC,-,-
West South Central,-,NC,-,NN,-,NC,-,-,-,NC,-,-
Arkansas,-,NC,-,NN,-,NC,-,-,-,NC,-,-
Louisiana,-,NC,-,NN,-,NC,-,-,-,NC,-,-
Oklahoma,-,NC,-,NN,-,NC,-,-,-,NC,-,-
Texas,-,NC,-,NN,-,NC,-,-,-,NC,-,-
Mountain,-,NC,-,NN,-,NC,-,-,-,NC,-,-
Arizona,-,NC,-,NN,-,NC,-,-,-,NC,-,-
Colorado,-,NC,-,NN,-,NC,-,-,-,NC,-,-
Idaho,-,NC,-,NN,-,NC,-,-,-,NC,-,-
Montana,-,NC,-,NN,-,NC,-,-,-,NC,-,-
Nevada,-,NC,-,NN,-,NC,-,-,-,NC,-,-
New Mexico,-,NC,-,NN,-,NC,-,-,-,NC,-,-
Utah,-,NC,-,NN,-,NC,-,-,-,NC,-,-
Wyoming,-,NC,-,NN,-,NC,-,-,-,NC,-,-
Pacific,-,NC,-,NN,-,NC,-,-,-,NC,-,-
Alaska,-,NC,-,NN,-,NC,-,-,-,NC,-,-
California,-,NC,-,NN,-,NC,-,-,-,NC,-,-
Hawaii,-,NC,-,NN,-,NC,-,-,-,NC,-,-
Oregon,-,NC,-,NN,-,NC,-,-,-,NC,-,-
Washington,-,NC,-,NN,-,NC,-,-,-,NC,-,-
U.S. Territories,-,NC,-,NN,-,NC,-,-,-,NC,-,-
American Samoa,-,NC,-,NN,-,NC,-,-,-,NC,-,-
Commonwealth of Northern Mariana Islands,-,NC,-,NN,-,NC,-,-,-,NC,-,-
Guam,-,NC,-,NN,-,NC,-,-,-,NC,-,-
Puerto Rico,-,NC,-,NN,-,NC,-,-,-,NC,-,-
U.S. Virgin Islands,-,NC,-,NN,-,NC,-,-,-,NC,-,-
Non-U.S. Residents,-,NC,-,NN,-,NC,-,-,-,NC,-,-
Total,-,NC,-,NN,-,NC,-,-,-,NC,-,-
