Reporting Area,"Carbapenemase-Producing Organisms (CPO), Total §,¶","Carbapenemase-Producing Organisms (CPO), Total §,¶","Carbapenemase-Producing Organisms (CPO), Total §,¶","Carbapenemase-Producing Organisms (CPO), Total §,¶"
Reporting Area,Current week,Previous 52 weeks Max †,Cum YTD 2023 †,Cum YTD 2022 †
"U.S. Residents, excluding U.S. Territories",11,NC,1367,NN
New England,1,NC,24,NN
Connecticut,-,NC,-,NN
Maine,-,NC,-,NN
Massachusetts,-,NC,-,NN
New Hampshire,-,NC,8,NN
Rhode Island,1,NC,16,NN
Vermont,-,NC,-,NN
Middle Atlantic,2,NC,260,NN
New Jersey,-,NC,-,NN
New York (excluding New York City),-,NC,-,NN
New York City,-,NC,56,NN
Pennsylvania,2,NC,204,NN
East North Central,1,NC,194,NN
Illinois,-,NC,24,NN
Indiana,-,NC,102,NN
Michigan,1,NC,52,NN
Ohio,-,NC,-,NN
Wisconsin,-,NC,16,NN
West North Central,-,NC,28,NN
Iowa,-,NC,20,NN
Kansas,-,NC,6,NN
Minnesota,-,NC,-,NN
Missouri,-,NC,-,NN
Nebraska,-,NC,-,NN
North Dakota,-,NC,1,NN
South Dakota,-,NC,1,NN
South Atlantic,-,NC,194,NN
Delaware,-,NC,3,NN
District of Columbia,-,NC,-,NN
Florida,N,NC,N,NN
Georgia,-,NC,41,NN
Maryland,-,NC,-,NN
North Carolina,-,NC,47,NN
South Carolina,-,NC,-,NN
Virginia,-,NC,93,NN
West Virginia,-,NC,10,NN
East South Central,-,NC,15,NN
Alabama,N,NC,N,NN
Kentucky,-,NC,-,NN
Mississippi,-,NC,15,NN
Tennessee,-,NC,-,NN
West South Central,-,NC,-,NN
Arkansas,-,NC,-,NN
Louisiana,-,NC,-,NN
Oklahoma,-,NC,-,NN
Texas,-,NC,-,NN
Mountain,6,NC,227,NN
Arizona,6,NC,218,NN
Colorado,-,NC,-,NN
Idaho,-,NC,-,NN
Montana,-,NC,-,NN
Nevada,-,NC,2,NN
New Mexico,-,NC,-,NN
Utah,-,NC,7,NN
Wyoming,-,NC,-,NN
Pacific,1,NC,425,NN
Alaska,-,NC,-,NN
California,1,NC,420,NN
Hawaii,-,NC,3,NN
Oregon,-,NC,-,NN
Washington,-,NC,2,NN
U.S. Territories,-,NC,-,NN
American Samoa,-,NC,-,NN
Commonwealth of Northern Mariana Islands,-,NC,-,NN
Guam,-,NC,-,NN
Puerto Rico,-,NC,-,NN
U.S. Virgin Islands,-,NC,-,NN
Non-U.S. Residents,-,NC,-,NN
Total,11,NC,1367,NN
