Reporting Area,"Haemophilus influenzae,  invasive disease","Haemophilus influenzae,  invasive disease","Haemophilus influenzae,  invasive disease","Haemophilus influenzae,  invasive disease"
Reporting Area,Age <5 years,Age <5 years,Age <5 years,Age <5 years
Reporting Area,Non-b serotype,Non-b serotype,Non-b serotype,Non-b serotype
Reporting Area,Current week,Previous 52 weeks Max †,Cum YTD 2023 †,Cum YTD 2022 †
"U.S. Residents, excluding U.S. Territories",-,6,8,14
New England,-,1,1,1
Connecticut,-,1,1,-
Maine,-,0,-,-
Massachusetts,-,1,-,1
New Hampshire,-,1,-,-
Rhode Island,-,0,-,-
Vermont,-,0,-,-
Middle Atlantic,-,1,1,2
New Jersey,-,0,-,-
New York (excluding New York City),-,1,-,1
New York City,-,0,-,-
Pennsylvania,-,1,1,1
East North Central,-,3,1,6
Illinois,-,1,-,1
Indiana,-,2,-,2
Michigan,-,1,-,1
Ohio,-,2,1,-
Wisconsin,-,0,-,2
West North Central,-,0,-,-
Iowa,-,0,-,-
Kansas,-,0,-,-
Minnesota,-,0,-,-
Missouri,-,0,-,-
Nebraska,-,0,-,-
North Dakota,-,0,-,-
South Dakota,-,0,-,-
South Atlantic,-,1,1,-
Delaware,-,0,-,-
District of Columbia,-,0,-,-
Florida,-,1,-,-
Georgia,-,0,-,-
Maryland,-,0,-,-
North Carolina,-,1,-,-
South Carolina,-,0,-,-
Virginia,-,0,-,-
West Virginia,-,1,1,-
East South Central,-,1,1,2
Alabama,-,1,-,-
Kentucky,-,0,-,-
Mississippi,-,1,1,1
Tennessee,-,1,-,1
West South Central,-,3,2,1
Arkansas,-,1,-,-
Louisiana,-,0,-,-
Oklahoma,-,1,-,-
Texas,-,3,2,1
Mountain,-,2,1,-
Arizona,-,1,1,-
Colorado,-,2,-,-
Idaho,-,1,-,-
Montana,-,0,-,-
Nevada,-,0,-,-
New Mexico,-,0,-,-
Utah,-,0,-,-
Wyoming,-,0,-,-
Pacific,-,2,-,2
Alaska,-,1,-,1
California,-,1,-,1
Hawaii,-,0,-,-
Oregon,-,1,-,-
Washington,-,0,-,-
U.S. Territories,-,0,-,-
American Samoa,-,0,-,-
Commonwealth of Northern Mariana Islands,-,0,-,-
Guam,-,0,-,-
Puerto Rico,-,0,-,-
U.S. Virgin Islands,-,0,-,-
Non-U.S. Residents,-,0,-,-
Total,-,6,8,14
