Reporting Area,Carbapenemase-producing carbapenem-resistant  Enterobacteriaceae,Carbapenemase-producing carbapenem-resistant  Enterobacteriaceae,Carbapenemase-producing carbapenem-resistant  Enterobacteriaceae,Carbapenemase-producing carbapenem-resistant  Enterobacteriaceae,Chancroid,Chancroid,Chancroid,Chancroid,Chlamydia trachomatis  infection §,Chlamydia trachomatis  infection §,Chlamydia trachomatis  infection §,Chlamydia trachomatis  infection §
Reporting Area,Current week,Previous 52 weeks Max †,Cum YTD 2022 †,Cum YTD 2021 †,Current week,Previous 52 weeks Max †,Cum YTD 2022 †,Cum YTD 2021 †,Current week,Previous 52 weeks Max †,Cum YTD 2022 †,Cum YTD 2021 †
"U.S. Residents, excluding U.S. Territories",-,60,94,194,-,1,-,4,9695,NC,95678,185853
New England,-,3,-,-,-,1,-,-,202,NC,1277,4456
Connecticut,-,0,-,-,-,0,-,-,-,NC,-,15
Maine,-,0,-,-,-,0,-,-,36,NC,349,454
Massachusetts,-,0,-,-,-,0,-,-,-,NC,-,3042
New Hampshire,-,0,-,-,-,0,-,-,16,NC,266,380
Rhode Island,-,3,-,-,-,0,-,-,133,NC,545,469
Vermont,-,1,-,-,-,1,-,-,17,NC,117,96
Middle Atlantic,-,13,27,53,-,0,-,-,2767,NC,18370,21194
New Jersey,-,0,-,-,-,0,-,-,499,NC,2562,3983
New York (excluding New York City),-,0,-,-,-,0,-,-,727,NC,3764,3491
New York City,-,8,1,8,-,0,-,-,666,NC,6448,7255
Pennsylvania,-,12,26,45,-,0,-,-,875,NC,5596,6465
East North Central,-,12,17,45,-,0,-,1,158,NC,8349,29416
Illinois,-,0,-,-,-,0,-,-,56,NC,1609,8656
Indiana,-,10,8,23,-,0,-,-,-,NC,-,4446
Michigan,-,5,9,22,-,0,-,1,102,NC,1791,5260
Ohio,-,0,-,-,-,0,-,-,-,NC,4590,7370
Wisconsin,-,2,-,-,-,0,-,-,-,NC,359,3684
West North Central,-,2,3,2,-,0,-,-,571,NC,7911,11885
Iowa,-,0,-,-,-,0,-,-,49,NC,1275,1355
Kansas,-,0,-,-,-,0,-,-,33,NC,160,1949
Minnesota,-,0,-,-,-,0,-,-,119,NC,1996,2940
Missouri,-,0,-,-,-,0,-,-,204,NC,2810,3428
Nebraska,-,0,-,-,-,0,-,-,165,NC,1026,1161
North Dakota,-,2,3,1,-,0,-,-,1,NC,222,516
South Dakota,-,1,-,1,-,0,-,-,-,NC,422,536
South Atlantic,-,29,1,49,-,0,-,-,3600,NC,22610,41909
Delaware,-,3,1,2,-,0,-,-,-,NC,-,448
District of Columbia,-,0,-,-,-,0,-,-,39,NC,757,794
Florida,N,NC,N,N,-,0,-,-,1523,NC,9283,11572
Georgia,-,10,-,16,-,0,-,-,717,NC,3942,7692
Maryland,-,0,-,-,-,0,-,-,-,NC,-,4128
North Carolina,-,11,-,13,-,0,-,-,-,NC,-,7710
South Carolina,-,0,-,-,-,0,-,-,450,NC,3750,4404
Virginia,-,24,-,18,-,0,-,-,848,NC,4561,4527
West Virginia,-,0,-,-,-,0,-,-,23,NC,317,634
East South Central,-,0,-,-,-,0,-,-,390,NC,7301,12316
Alabama,N,NC,N,N,-,0,-,-,213,NC,3148,3759
Kentucky,-,0,-,-,-,0,-,-,-,NC,186,1516
Mississippi,-,0,-,-,-,0,-,-,177,NC,1620,2634
Tennessee,-,0,-,-,-,0,-,-,-,NC,2347,4407
West South Central,-,0,-,-,-,0,-,-,586,NC,5317,24855
Arkansas,-,0,-,-,-,0,-,-,200,NC,1229,2143
Louisiana,-,0,-,-,-,0,-,-,333,NC,3288,4404
Oklahoma,-,0,-,-,-,0,-,-,53,NC,800,1408
Texas,-,0,-,-,-,0,-,-,-,NC,-,16900
Mountain,-,14,2,16,-,0,-,-,1233,NC,8266,13556
Arizona,-,14,2,12,-,0,-,-,478,NC,3908,4371
Colorado,-,0,-,-,-,0,-,-,474,NC,1829,3160
Idaho,-,0,-,-,-,0,-,-,-,NC,44,799
Montana,-,0,-,-,-,0,-,-,44,NC,311,495
Nevada,-,1,-,3,-,0,-,-,-,NC,81,1541
New Mexico,-,0,-,-,-,0,-,-,57,NC,952,1559
Utah,-,3,-,1,-,0,-,-,180,NC,1141,1376
Wyoming,-,0,-,-,-,0,-,-,-,NC,-,255
Pacific,-,17,44,29,-,1,-,3,188,NC,16277,26266
Alaska,-,0,-,-,-,0,-,-,-,NC,-,679
California,-,16,27,23,-,1,-,-,-,NC,12652,21282
Hawaii,-,1,-,-,-,0,-,-,-,NC,-,-
Oregon,-,5,17,6,-,0,-,-,188,NC,1831,1882
Washington,-,0,-,-,-,1,-,3,-,NC,1794,2423
U.S. Territories,-,0,-,-,-,0,-,-,-,NC,3,219
American Samoa,-,0,-,-,-,0,-,-,-,NC,-,-
Commonwealth of Northern Mariana Islands,-,0,-,-,-,0,-,-,-,NC,-,-
Guam,-,0,-,-,-,0,-,-,-,NC,-,-
Puerto Rico,-,0,-,-,-,0,-,-,-,NC,3,219
U.S. Virgin Islands,-,0,-,-,-,0,-,-,-,NC,-,-
Non-U.S. Residents,-,0,-,-,-,0,-,-,-,NC,1,6
Total,-,60,94,194,-,1,-,4,9695,NC,95682,186078
