Reporting Area,Meningococcal disease,Meningococcal disease,Meningococcal disease,Meningococcal disease
Reporting Area,Unknown serogroup,Unknown serogroup,Unknown serogroup,Unknown serogroup
Reporting Area,Current week,Previous 52 weeks Max †,Cum YTD 2023 †,Cum YTD 2022 †
"U.S. Residents, excluding U.S. Territories",3,7,90,101
New England,-,1,1,1
Connecticut,-,1,1,-
Maine,-,1,-,1
Massachusetts,-,1,-,-
New Hampshire,-,0,-,-
Rhode Island,-,0,-,-
Vermont,-,0,-,-
Middle Atlantic,1,3,16,18
New Jersey,-,1,-,5
New York (excluding New York City),-,2,4,-
New York City,1,2,11,10
Pennsylvania,-,1,1,3
East North Central,1,2,8,2
Illinois,-,0,-,-
Indiana,-,0,-,-
Michigan,-,2,4,1
Ohio,1,1,4,1
Wisconsin,-,0,-,-
West North Central,-,3,9,6
Iowa,-,1,3,2
Kansas,-,1,1,1
Minnesota,-,1,-,1
Missouri,-,3,5,2
Nebraska,-,1,-,-
North Dakota,-,0,-,-
South Dakota,-,1,-,-
South Atlantic,1,4,40,54
Delaware,-,1,1,-
District of Columbia,-,1,1,-
Florida,-,3,24,46
Georgia,-,0,-,3
Maryland,-,0,-,1
North Carolina,-,1,1,3
South Carolina,-,2,6,-
Virginia,1,1,6,1
West Virginia,-,1,1,-
East South Central,-,1,4,5
Alabama,-,0,-,2
Kentucky,-,1,1,2
Mississippi,-,1,1,1
Tennessee,-,1,2,-
West South Central,-,2,4,8
Arkansas,-,1,1,1
Louisiana,-,1,-,4
Oklahoma,-,0,-,1
Texas,-,2,3,2
Mountain,-,2,8,1
Arizona,-,1,1,-
Colorado,-,2,4,-
Idaho,-,0,-,1
Montana,-,0,-,-
Nevada,-,2,1,-
New Mexico,-,0,-,-
Utah,-,1,2,-
Wyoming,-,0,-,-
Pacific,-,1,-,6
Alaska,-,0,-,-
California,-,1,-,1
Hawaii,-,0,-,-
Oregon,-,0,-,1
Washington,-,1,-,4
U.S. Territories,-,0,-,-
American Samoa,-,0,-,-
Commonwealth of Northern Mariana Islands,-,0,-,-
Guam,-,0,-,-
Puerto Rico,-,0,-,-
U.S. Virgin Islands,-,0,-,-
Non-U.S. Residents,-,0,-,-
Total,3,7,90,101
