Reporting Area,Meningococcal disease,Meningococcal disease,Meningococcal disease,Meningococcal disease
Reporting Area,All serogroups,All serogroups,All serogroups,All serogroups
Reporting Area,Current week,Previous 52 weeks Max †,Cum YTD 2023 †,Cum YTD 2022 †
"U.S. Residents, excluding U.S. Territories",5,11,81,74
New England,-,2,2,4
Connecticut,-,1,1,-
Maine,-,1,-,-
Massachusetts,-,2,1,4
New Hampshire,-,0,-,-
Rhode Island,-,0,-,-
Vermont,-,0,-,-
Middle Atlantic,-,5,10,18
New Jersey,-,1,-,2
New York (excluding New York City),-,3,3,4
New York City,-,2,5,7
Pennsylvania,-,1,2,5
East North Central,1,4,9,4
Illinois,-,1,1,-
Indiana,-,1,-,-
Michigan,-,2,4,1
Ohio,1,2,4,3
Wisconsin,-,1,-,-
West North Central,-,2,6,3
Iowa,-,2,4,1
Kansas,-,1,-,1
Minnesota,-,0,-,-
Missouri,-,2,2,1
Nebraska,-,1,-,-
North Dakota,-,1,-,-
South Dakota,-,1,-,-
South Atlantic,1,6,30,22
Delaware,-,0,-,-
District of Columbia,-,1,-,-
Florida,1,5,15,17
Georgia,-,0,-,-
Maryland,-,1,1,-
North Carolina,-,3,4,4
South Carolina,-,2,4,-
Virginia,-,2,6,1
West Virginia,-,1,-,-
East South Central,-,2,3,8
Alabama,-,1,-,1
Kentucky,-,2,-,-
Mississippi,-,1,1,1
Tennessee,-,1,2,6
West South Central,1,2,5,6
Arkansas,-,1,1,-
Louisiana,-,1,-,-
Oklahoma,1,2,2,-
Texas,-,2,2,6
Mountain,1,4,9,5
Arizona,-,2,4,1
Colorado,1,2,4,2
Idaho,-,1,-,1
Montana,-,0,-,-
Nevada,-,1,1,-
New Mexico,-,0,-,-
Utah,-,1,-,-
Wyoming,-,1,-,1
Pacific,1,2,7,4
Alaska,-,0,-,-
California,1,2,6,1
Hawaii,-,0,-,-
Oregon,-,2,1,3
Washington,-,1,-,-
U.S. Territories,-,0,-,-
American Samoa,-,0,-,-
Commonwealth of Northern Mariana Islands,-,0,-,-
Guam,-,0,-,-
Puerto Rico,-,0,-,-
U.S. Virgin Islands,-,0,-,-
Non-U.S. Residents,-,0,-,-
Total,5,11,81,74
