Reporting Area,Streptococcal toxic shock syndrome,Streptococcal toxic shock syndrome,Streptococcal toxic shock syndrome,Streptococcal toxic shock syndrome
Reporting Area,Current week,Previous 52 weeks Max †,Cum YTD 2023 †,Cum YTD 2022 †
"U.S. Residents, excluding U.S. Territories",6,29,281,83
New England,1,5,25,8
Connecticut,-,0,-,-
Maine,-,3,9,5
Massachusetts,1,2,10,2
New Hampshire,-,1,1,-
Rhode Island,-,0,-,-
Vermont,-,1,5,1
Middle Atlantic,2,8,31,14
New Jersey,-,4,18,9
New York (excluding New York City),2,5,10,4
New York City,-,0,-,-
Pennsylvania,-,1,3,1
East North Central,1,11,106,25
Illinois,-,7,66,20
Indiana,-,3,19,5
Michigan,-,2,11,-
Ohio,1,4,10,-
Wisconsin,-,0,-,-
West North Central,1,3,18,4
Iowa,N,NC,N,N
Kansas,-,2,2,-
Minnesota,-,0,-,-
Missouri,1,2,14,4
Nebraska,-,1,2,-
North Dakota,-,0,-,-
South Dakota,-,0,-,-
South Atlantic,1,8,84,6
Delaware,-,0,-,-
District of Columbia,-,0,-,-
Florida,N,NC,N,N
Georgia,-,0,-,-
Maryland,-,0,-,-
North Carolina,-,4,48,4
South Carolina,-,2,4,1
Virginia,1,4,30,1
West Virginia,-,1,2,-
East South Central,-,2,4,1
Alabama,N,NC,N,N
Kentucky,-,1,3,1
Mississippi,N,NC,N,N
Tennessee,-,1,1,-
West South Central,-,2,-,1
Arkansas,-,1,-,1
Louisiana,-,2,-,-
Oklahoma,N,NC,N,N
Texas,N,NC,N,N
Mountain,-,4,13,24
Arizona,-,1,-,-
Colorado,-,1,1,1
Idaho,-,0,-,-
Montana,-,1,1,1
Nevada,-,2,4,3
New Mexico,-,0,-,-
Utah,-,4,7,18
Wyoming,-,0,-,1
Pacific,-,0,-,-
Alaska,N,NC,N,N
California,N,NC,N,N
Hawaii,-,0,-,-
Oregon,N,NC,N,N
Washington,N,NC,N,N
U.S. Territories,-,0,-,-
American Samoa,N,NC,N,N
Commonwealth of Northern Mariana Islands,-,0,-,-
Guam,-,0,-,-
Puerto Rico,N,NC,N,N
U.S. Virgin Islands,-,0,-,-
Non-U.S. Residents,-,0,-,-
Total,6,29,281,83
