Reporting Area,"Hepatitis A, acute","Hepatitis A, acute","Hepatitis A, acute","Hepatitis A, acute"
Reporting Area,Current week,Previous 52 weeks Max †,Cum YTD 2023 †,Cum YTD 2022 †
"U.S. Residents, excluding U.S. Territories",6,67,379,886
New England,1,7,8,31
Connecticut,-,1,-,2
Maine,-,4,-,16
Massachusetts,1,2,6,10
New Hampshire,-,1,-,1
Rhode Island,-,1,1,1
Vermont,-,1,1,1
Middle Atlantic,2,12,71,111
New Jersey,-,3,2,18
New York (excluding New York City),-,3,4,18
New York City,-,4,10,26
Pennsylvania,2,8,55,49
East North Central,-,6,48,42
Illinois,-,4,17,11
Indiana,-,2,5,15
Michigan,-,2,9,3
Ohio,-,2,8,7
Wisconsin,-,3,9,6
West North Central,-,9,29,88
Iowa,-,2,3,5
Kansas,-,4,2,12
Minnesota,-,3,6,5
Missouri,-,6,7,63
Nebraska,-,3,10,3
North Dakota,-,1,1,-
South Dakota,-,1,-,-
South Atlantic,-,28,71,364
Delaware,-,2,1,9
District of Columbia,-,1,3,-
Florida,-,14,43,115
Georgia,-,7,2,86
Maryland,-,4,6,3
North Carolina,-,6,4,58
South Carolina,-,3,1,11
Virginia,-,7,11,80
West Virginia,-,1,-,2
East South Central,-,11,16,81
Alabama,-,3,2,36
Kentucky,-,1,3,1
Mississippi,-,10,8,32
Tennessee,-,1,3,12
West South Central,-,8,35,71
Arkansas,-,1,-,10
Louisiana,-,2,2,17
Oklahoma,-,4,-,-
Texas,-,8,33,44
Mountain,1,6,17,26
Arizona,1,3,4,3
Colorado,-,3,2,10
Idaho,-,2,-,5
Montana,-,1,1,1
Nevada,-,2,5,3
New Mexico,-,1,1,1
Utah,-,2,4,3
Wyoming,-,1,-,-
Pacific,2,13,84,72
Alaska,-,1,-,1
California,1,10,63,55
Hawaii,-,1,2,1
Oregon,-,2,4,5
Washington,1,3,15,10
U.S. Territories,-,2,1,3
American Samoa,-,0,-,-
Commonwealth of Northern Mariana Islands,-,0,-,-
Guam,-,0,-,-
Puerto Rico,-,2,1,3
U.S. Virgin Islands,-,0,-,-
Non-U.S. Residents,-,2,2,1
Total,6,67,382,890
