Reporting Area,"Vibriosis (any species of the family  Vibrionaceae  , other than toxigenic  Vibrio  cholerae O1 or O139)","Vibriosis (any species of the family  Vibrionaceae  , other than toxigenic  Vibrio  cholerae O1 or O139)","Vibriosis (any species of the family  Vibrionaceae  , other than toxigenic  Vibrio  cholerae O1 or O139)","Vibriosis (any species of the family  Vibrionaceae  , other than toxigenic  Vibrio  cholerae O1 or O139)","Vibriosis (any species of the family  Vibrionaceae  , other than toxigenic  Vibrio  cholerae O1 or O139)","Vibriosis (any species of the family  Vibrionaceae  , other than toxigenic  Vibrio  cholerae O1 or O139)","Vibriosis (any species of the family  Vibrionaceae  , other than toxigenic  Vibrio  cholerae O1 or O139)","Vibriosis (any species of the family  Vibrionaceae  , other than toxigenic  Vibrio  cholerae O1 or O139)"
Reporting Area,Confirmed,Confirmed,Confirmed,Confirmed,Probable,Probable,Probable,Probable
Reporting Area,Current week,Previous 52 weeks Max †,Cum YTD 2022 †,Cum YTD 2021 †,Current week,Previous 52 weeks Max †,Cum YTD 2022 †,Cum YTD 2021 †
"U.S. Residents, excluding U.S. Territories",7,77,920,1312,6,37,879,981
New England,1,9,95,107,-,5,47,58
Connecticut,-,2,14,22,-,4,16,23
Maine,-,3,9,8,-,2,3,1
Massachusetts,1,7,63,66,-,2,24,29
New Hampshire,-,1,1,4,-,1,3,3
Rhode Island,-,2,7,7,-,1,1,-
Vermont,-,1,1,-,-,1,-,2
Middle Atlantic,-,10,66,179,3,8,89,176
New Jersey,-,2,6,49,-,3,11,51
New York (excluding New York City),-,4,22,59,1,3,35,40
New York City,-,3,14,37,-,4,19,58
Pennsylvania,-,4,24,34,2,3,24,27
East North Central,-,8,61,82,-,8,110,103
Illinois,-,2,20,24,-,3,29,27
Indiana,-,2,12,8,-,2,7,10
Michigan,-,2,6,14,-,2,18,11
Ohio,-,2,11,20,-,4,34,41
Wisconsin,-,2,12,16,-,4,22,14
West North Central,-,2,15,47,-,7,28,102
Iowa,N,NC,N,N,N,NC,N,N
Kansas,-,1,-,3,-,2,8,11
Minnesota,-,1,-,22,-,4,-,50
Missouri,-,2,10,5,-,2,6,12
Nebraska,-,1,3,9,-,2,11,24
North Dakota,-,1,1,5,-,1,3,1
South Dakota,-,1,1,3,-,1,-,4
South Atlantic,5,33,308,352,2,12,212,181
Delaware,-,3,7,14,-,1,1,7
District of Columbia,-,0,-,-,-,0,-,-
Florida,3,31,183,170,-,7,70,41
Georgia,-,1,-,34,-,5,32,21
Maryland,1,6,43,42,-,5,34,43
North Carolina,-,3,11,32,-,4,18,26
South Carolina,-,3,22,15,-,2,10,9
Virginia,1,5,41,39,2,4,38,16
West Virginia,-,1,1,6,-,2,9,18
East South Central,-,5,36,49,-,5,44,41
Alabama,-,3,17,19,-,2,16,8
Kentucky,-,2,5,9,-,3,12,20
Mississippi,-,1,4,5,-,1,5,-
Tennessee,-,2,10,16,-,2,11,13
West South Central,-,9,87,105,-,12,133,101
Arkansas,-,2,5,-,-,1,3,1
Louisiana,-,4,30,32,-,3,44,32
Oklahoma,-,1,1,1,-,1,5,-
Texas,-,9,51,72,-,11,81,68
Mountain,1,7,73,66,1,5,80,62
Arizona,1,2,25,15,-,4,30,21
Colorado,-,4,33,30,1,3,33,28
Idaho,N,NC,N,N,N,NC,N,N
Montana,-,1,2,2,-,1,3,1
Nevada,-,1,4,2,-,1,3,1
New Mexico,-,0,-,3,-,0,-,-
Utah,-,2,8,13,-,2,9,11
Wyoming,-,1,1,1,-,1,2,-
Pacific,-,22,179,325,-,10,136,157
Alaska,-,1,3,3,-,1,2,2
California,-,10,82,157,-,7,78,98
Hawaii,-,4,24,21,-,1,1,1
Oregon,-,6,23,35,-,1,6,9
Washington,-,10,47,109,-,4,49,47
U.S. Territories,-,0,-,-,-,0,-,-
American Samoa,N,NC,N,N,N,NC,N,N
Commonwealth of Northern Mariana Islands,-,0,-,-,-,0,-,-
Guam,-,0,-,-,-,0,-,-
Puerto Rico,-,0,-,-,-,0,-,-
U.S. Virgin Islands,-,0,-,-,-,0,-,-
Non-U.S. Residents,-,0,-,-,-,0,-,-
Total,7,77,920,1312,6,37,879,981
