Reporting Area,Malaria,Malaria,Malaria,Malaria
Reporting Area,Current week,Previous 52 weeks Max †,Cum YTD 2023 †,Cum YTD 2022 †
"U.S. Residents, excluding U.S. Territories",14,73,559,572
New England,1,7,26,32
Connecticut,-,1,-,-
Maine,-,2,1,1
Massachusetts,1,7,18,25
New Hampshire,-,1,3,2
Rhode Island,-,1,2,4
Vermont,-,1,2,-
Middle Atlantic,3,28,134,116
New Jersey,-,7,9,28
New York (excluding New York City),2,5,32,15
New York City,-,13,76,46
Pennsylvania,1,5,17,27
East North Central,1,11,52,61
Illinois,-,4,13,16
Indiana,-,3,5,4
Michigan,-,2,5,11
Ohio,1,7,29,23
Wisconsin,-,3,-,7
West North Central,-,5,14,44
Iowa,-,2,8,4
Kansas,-,2,1,7
Minnesota,-,2,-,19
Missouri,-,2,2,9
Nebraska,-,2,-,2
North Dakota,-,2,3,3
South Dakota,-,1,-,-
South Atlantic,5,24,189,154
Delaware,-,3,1,1
District of Columbia,-,2,5,3
Florida,-,3,16,22
Georgia,-,6,8,20
Maryland,3,14,92,57
North Carolina,-,4,20,10
South Carolina,-,0,-,-
Virginia,2,6,47,39
West Virginia,-,1,-,2
East South Central,-,6,8,14
Alabama,-,2,2,4
Kentucky,-,4,-,8
Mississippi,-,1,1,-
Tennessee,-,2,5,2
West South Central,-,21,66,47
Arkansas,-,1,1,-
Louisiana,-,1,3,3
Oklahoma,-,0,-,-
Texas,-,20,62,44
Mountain,2,5,33,33
Arizona,2,5,24,10
Colorado,-,2,6,15
Idaho,-,1,2,2
Montana,-,1,-,1
Nevada,-,1,-,2
New Mexico,-,1,1,1
Utah,-,1,-,2
Wyoming,-,1,-,-
Pacific,2,14,37,71
Alaska,-,1,1,1
California,1,7,25,48
Hawaii,-,1,1,-
Oregon,1,2,5,7
Washington,-,5,5,15
U.S. Territories,-,0,-,-
American Samoa,-,0,-,-
Commonwealth of Northern Mariana Islands,-,0,-,-
Guam,-,0,-,-
Puerto Rico,-,0,-,-
U.S. Virgin Islands,-,0,-,-
Non-U.S. Residents,-,2,4,4
Total,14,73,563,576
