Reporting Area,Salmonellosis (excluding  Salmonella  Typhi infection and  Salmonella  Paratyphi infection) §,Salmonellosis (excluding  Salmonella  Typhi infection and  Salmonella  Paratyphi infection) §,Salmonellosis (excluding  Salmonella  Typhi infection and  Salmonella  Paratyphi infection) §,Salmonellosis (excluding  Salmonella  Typhi infection and  Salmonella  Paratyphi infection) §
Reporting Area,Current week,Previous 52 weeks Max †,Cum YTD 2023 †,Cum YTD 2022 †
"U.S. Residents, excluding U.S. Territories",272,1804,6419,6686
New England,11,109,276,261
Connecticut,-,22,65,42
Maine,-,9,11,17
Massachusetts,11,73,152,143
New Hampshire,-,12,21,32
Rhode Island,-,8,18,18
Vermont,-,9,9,9
Middle Atlantic,46,209,769,774
New Jersey,-,56,118,175
New York (excluding New York City),15,101,167,197
New York City,20,57,245,195
Pennsylvania,11,71,239,207
East North Central,38,205,820,845
Illinois,-,59,224,233
Indiana,1,29,28,108
Michigan,5,33,123,140
Ohio,22,57,287,180
Wisconsin,10,48,158,184
West North Central,19,108,415,417
Iowa,1,40,122,124
Kansas,4,20,69,69
Minnesota,-,0,-,-
Missouri,9,41,112,109
Nebraska,5,15,62,58
North Dakota,-,10,15,17
South Dakota,-,10,35,40
South Atlantic,54,563,1738,1906
Delaware,-,12,6,22
District of Columbia,-,2,3,1
Florida,13,240,935,987
Georgia,4,94,153,242
Maryland,13,53,133,108
North Carolina,-,105,153,247
South Carolina,10,76,133,138
Virginia,14,45,201,136
West Virginia,-,11,21,25
East South Central,19,167,311,407
Alabama,6,43,38,105
Kentucky,-,29,73,55
Mississippi,-,74,59,149
Tennessee,13,45,141,98
West South Central,29,369,719,803
Arkansas,4,32,51,43
Louisiana,-,65,113,110
Oklahoma,13,40,103,69
Texas,12,252,452,581
Mountain,35,112,571,503
Arizona,19,47,226,122
Colorado,7,43,111,174
Idaho,7,12,70,31
Montana,1,8,24,15
Nevada,-,8,15,16
New Mexico,1,15,61,50
Utah,-,17,61,77
Wyoming,-,6,3,18
Pacific,21,175,800,770
Alaska,-,6,9,9
California,17,137,568,511
Hawaii,-,11,14,22
Oregon,4,23,79,90
Washington,-,29,130,138
U.S. Territories,2,17,42,64
American Samoa,-,0,-,-
Commonwealth of Northern Mariana Islands,-,0,-,-
Guam,-,0,-,-
Puerto Rico,2,17,42,64
U.S. Virgin Islands,-,2,-,-
Non-U.S. Residents,-,1,1,1
Total,274,1810,6462,6751
