Reporting Area,Ehrlichiosis and Anaplasmosis,Ehrlichiosis and Anaplasmosis,Ehrlichiosis and Anaplasmosis,Ehrlichiosis and Anaplasmosis,Ehrlichiosis and Anaplasmosis,Ehrlichiosis and Anaplasmosis,Ehrlichiosis and Anaplasmosis,Ehrlichiosis and Anaplasmosis,Giardiasis,Giardiasis,Giardiasis,Giardiasis
Reporting Area,Ehrlichia ewingii  infection,Ehrlichia ewingii  infection,Ehrlichia ewingii  infection,Ehrlichia ewingii  infection,Undetermined ehrlichiosis/anaplasmosis,Undetermined ehrlichiosis/anaplasmosis,Undetermined ehrlichiosis/anaplasmosis,Undetermined ehrlichiosis/anaplasmosis,Giardiasis,Giardiasis,Giardiasis,Giardiasis
Reporting Area,Current week,Previous 52 weeks Max †,Cum YTD 2022 †,Cum YTD 2021 †,Current week,Previous 52 weeks Max †,Cum YTD 2022 †,Cum YTD 2021 †,Current week,Previous 52 weeks Max †,Cum YTD 2022 †,Cum YTD 2021 †
"U.S. Residents, excluding U.S. Territories",-,4,-,-,-,12,4,5,62,294,2471,2182
New England,-,0,-,-,-,2,-,-,8,31,244,130
Connecticut,N,NC,N,N,N,NC,N,N,-,8,25,29
Maine,-,0,-,-,-,0,-,-,2,8,18,26
Massachusetts,-,0,-,-,-,2,-,-,6,20,177,52
New Hampshire,-,0,-,-,-,1,-,-,-,8,12,14
Rhode Island,-,0,-,-,-,0,-,-,-,6,12,9
Vermont,-,0,-,-,-,0,-,-,N,NC,N,N
Middle Atlantic,-,1,-,-,-,5,2,4,19,87,584,482
New Jersey,-,1,-,-,-,0,-,-,-,11,-,70
New York (excluding New York City),-,1,-,-,-,1,-,1,3,64,179,148
New York City,-,0,-,-,-,1,-,-,16,29,305,170
Pennsylvania,-,0,-,-,-,5,2,3,-,23,100,94
East North Central,-,1,-,-,-,2,-,-,3,48,177,315
Illinois,-,0,-,-,-,1,-,-,N,NC,N,N
Indiana,-,1,-,-,-,0,-,-,-,1,2,1
Michigan,-,0,-,-,-,0,-,-,1,17,69,70
Ohio,-,0,-,-,-,0,-,-,-,14,33,142
Wisconsin,-,1,-,-,-,2,-,-,2,28,73,102
West North Central,-,3,-,-,-,7,-,-,3,20,97,174
Iowa,-,0,-,-,-,1,-,-,-,9,33,52
Kansas,-,0,-,-,-,1,-,-,-,9,-,35
Minnesota,-,0,-,-,-,0,-,-,-,0,-,-
Missouri,-,3,-,-,-,7,-,-,3,8,38,47
Nebraska,-,0,-,-,-,0,-,-,-,4,16,16
North Dakota,-,0,-,-,-,1,-,-,-,4,1,9
South Dakota,-,0,-,-,-,1,-,-,-,8,9,15
South Atlantic,-,1,-,-,-,1,-,-,6,43,359,382
Delaware,-,0,-,-,-,0,-,-,-,3,3,9
District of Columbia,-,0,-,-,-,0,-,-,-,1,-,3
Florida,-,0,-,-,-,0,-,-,4,38,281,164
Georgia,-,0,-,-,-,0,-,-,-,6,2,59
Maryland,-,1,-,-,-,0,-,-,-,7,-,36
North Carolina,-,0,-,-,-,0,-,-,N,NC,N,N
South Carolina,-,0,-,-,-,1,-,-,2,8,29,41
Virginia,-,0,-,-,-,0,-,-,-,11,38,58
West Virginia,-,0,-,-,-,1,-,-,-,4,6,12
East South Central,-,1,-,-,-,1,-,-,-,7,26,33
Alabama,-,0,-,-,-,0,-,-,-,7,26,33
Kentucky,-,1,-,-,-,0,-,-,N,NC,N,N
Mississippi,-,0,-,-,-,0,-,-,N,NC,N,N
Tennessee,-,1,-,-,-,1,-,-,N,NC,N,N
West South Central,-,0,-,-,-,0,-,-,1,21,74,67
Arkansas,-,0,-,-,-,0,-,-,1,10,20,20
Louisiana,-,0,-,-,-,0,-,-,-,16,54,47
Oklahoma,-,0,-,-,-,0,-,-,N,NC,N,N
Texas,-,0,-,-,-,0,-,-,N,NC,N,N
Mountain,-,0,-,-,-,0,-,-,10,37,233,197
Arizona,-,0,-,-,-,0,-,-,-,8,20,8
Colorado,N,NC,N,N,N,NC,N,N,8,18,115,80
Idaho,N,NC,N,N,N,NC,N,N,-,7,14,27
Montana,-,0,-,-,-,0,-,-,-,3,11,9
Nevada,-,0,-,-,-,0,-,-,-,4,13,17
New Mexico,N,NC,N,N,N,NC,N,N,-,3,8,5
Utah,-,0,-,-,-,0,-,-,2,10,49,44
Wyoming,-,0,-,-,-,0,-,-,-,3,3,7
Pacific,-,0,-,-,-,1,2,1,12,74,677,402
Alaska,N,NC,N,N,N,NC,N,N,-,6,12,8
California,-,0,-,-,-,1,1,-,10,55,520,270
Hawaii,N,NC,N,N,N,NC,N,N,-,2,5,7
Oregon,-,0,-,-,-,1,1,1,2,14,96,69
Washington,-,0,-,-,-,0,-,-,-,13,44,48
U.S. Territories,-,0,-,-,-,0,-,-,-,2,1,7
American Samoa,N,NC,N,N,N,NC,N,N,-,0,-,-
Commonwealth of Northern Mariana Islands,-,0,-,-,-,0,-,-,-,0,-,-
Guam,N,NC,N,N,N,NC,N,N,-,0,-,-
Puerto Rico,N,NC,N,N,N,NC,N,N,-,2,1,7
U.S. Virgin Islands,-,0,-,-,-,0,-,-,-,0,-,-
Non-U.S. Residents,-,0,-,-,-,0,-,-,-,1,1,-
Total,-,4,-,-,-,12,4,5,62,294,2473,2189
