Reporting Area,Candida auris  §,Candida auris  §,Candida auris  §,Candida auris  §
Reporting Area,Screening,Screening,Screening,Screening
Reporting Area,Current week,Previous 52 weeks Max †,Cum YTD 2023 †,Cum YTD 2022 †
"U.S. Residents, excluding U.S. Territories",9,NC,357,NN
New England,-,NC,-,NN
Connecticut,-,NC,-,NN
Maine,-,NC,-,NN
Massachusetts,-,NC,-,NN
New Hampshire,-,NC,-,NN
Rhode Island,-,NC,-,NN
Vermont,-,NC,-,NN
Middle Atlantic,-,NC,11,NN
New Jersey,-,NC,-,NN
New York (excluding New York City),-,NC,-,NN
New York City,-,NC,-,NN
Pennsylvania,-,NC,11,NN
East North Central,6,NC,88,NN
Illinois,-,NC,9,NN
Indiana,-,NC,-,NN
Michigan,6,NC,79,NN
Ohio,-,NC,-,NN
Wisconsin,-,NC,-,NN
West North Central,-,NC,2,NN
Iowa,-,NC,2,NN
Kansas,-,NC,-,NN
Minnesota,-,NC,-,NN
Missouri,-,NC,-,NN
Nebraska,-,NC,-,NN
North Dakota,-,NC,-,NN
South Dakota,-,NC,-,NN
South Atlantic,2,NC,101,NN
Delaware,-,NC,10,NN
District of Columbia,-,NC,-,NN
Florida,-,NC,-,NN
Georgia,-,NC,-,NN
Maryland,2,NC,89,NN
North Carolina,-,NC,1,NN
South Carolina,-,NC,-,NN
Virginia,-,NC,-,NN
West Virginia,-,NC,1,NN
East South Central,-,NC,-,NN
Alabama,-,NC,-,NN
Kentucky,-,NC,-,NN
Mississippi,-,NC,-,NN
Tennessee,-,NC,-,NN
West South Central,1,NC,155,NN
Arkansas,-,NC,-,NN
Louisiana,-,NC,23,NN
Oklahoma,-,NC,-,NN
Texas,1,NC,132,NN
Mountain,-,NC,-,NN
Arizona,-,NC,-,NN
Colorado,-,NC,-,NN
Idaho,-,NC,-,NN
Montana,-,NC,-,NN
Nevada,-,NC,-,NN
New Mexico,-,NC,-,NN
Utah,-,NC,-,NN
Wyoming,-,NC,-,NN
Pacific,-,NC,-,NN
Alaska,-,NC,-,NN
California,-,NC,-,NN
Hawaii,-,NC,-,NN
Oregon,-,NC,-,NN
Washington,-,NC,-,NN
U.S. Territories,-,NC,-,NN
American Samoa,-,NC,-,NN
Commonwealth of Northern Mariana Islands,-,NC,-,NN
Guam,-,NC,-,NN
Puerto Rico,-,NC,-,NN
U.S. Virgin Islands,-,NC,-,NN
Non-U.S. Residents,-,NC,-,NN
Total,9,NC,357,NN
