Reporting Area,Meningococcal disease,Meningococcal disease,Meningococcal disease,Meningococcal disease
Reporting Area,All serogroups,All serogroups,All serogroups,All serogroups
Reporting Area,Current week,Previous 52 weeks Max †,Cum YTD 2023 †,Cum YTD 2022 †
"U.S. Residents, excluding U.S. Territories",4,12,171,153
New England,-,2,3,5
Connecticut,-,1,1,-
Maine,-,1,-,-
Massachusetts,-,2,2,5
New Hampshire,-,0,-,-
Rhode Island,-,0,-,-
Vermont,-,0,-,-
Middle Atlantic,1,5,23,27
New Jersey,-,1,-,5
New York (excluding New York City),1,3,11,5
New York City,-,2,10,10
Pennsylvania,-,1,2,7
East North Central,1,3,19,11
Illinois,-,1,7,-
Indiana,-,1,2,1
Michigan,-,2,4,4
Ohio,1,1,6,5
Wisconsin,-,0,-,1
West North Central,-,3,13,7
Iowa,-,2,8,2
Kansas,-,1,-,1
Minnesota,-,1,-,1
Missouri,-,3,5,2
Nebraska,-,1,-,-
North Dakota,-,0,-,1
South Dakota,-,1,-,-
South Atlantic,2,6,63,60
Delaware,-,1,1,-
District of Columbia,-,1,1,1
Florida,-,3,24,44
Georgia,-,0,-,5
Maryland,1,1,4,1
North Carolina,-,3,10,5
South Carolina,-,2,6,-
Virginia,1,3,16,4
West Virginia,-,1,1,-
East South Central,-,1,4,12
Alabama,-,1,-,2
Kentucky,-,1,1,2
Mississippi,-,1,1,1
Tennessee,-,1,2,7
West South Central,-,2,12,12
Arkansas,-,1,2,-
Louisiana,-,1,1,3
Oklahoma,-,1,3,2
Texas,-,2,6,7
Mountain,-,4,16,7
Arizona,-,2,5,2
Colorado,-,2,9,3
Idaho,-,1,-,1
Montana,-,0,-,-
Nevada,-,1,1,-
New Mexico,-,0,-,-
Utah,-,1,1,-
Wyoming,-,0,-,1
Pacific,-,3,18,12
Alaska,-,0,-,-
California,-,3,17,4
Hawaii,-,0,-,-
Oregon,-,1,1,5
Washington,-,1,-,3
U.S. Territories,-,0,-,-
American Samoa,-,0,-,-
Commonwealth of Northern Mariana Islands,-,0,-,-
Guam,-,0,-,-
Puerto Rico,-,0,-,-
U.S. Virgin Islands,-,0,-,-
Non-U.S. Residents,-,0,-,-
Total,4,12,171,153
