Reporting Area,"Invasive pneumococcal disease, age <5 years §","Invasive pneumococcal disease, age <5 years §","Invasive pneumococcal disease, age <5 years §","Invasive pneumococcal disease, age <5 years §","Invasive pneumococcal disease, age <5 years §","Invasive pneumococcal disease, age <5 years §","Invasive pneumococcal disease, age <5 years §","Invasive pneumococcal disease, age <5 years §",Legionellosis,Legionellosis,Legionellosis,Legionellosis
Reporting Area,Confirmed,Confirmed,Confirmed,Confirmed,Probable,Probable,Probable,Probable,Legionellosis,Legionellosis,Legionellosis,Legionellosis
Reporting Area,Current week,Previous 52 weeks Max †,Cum YTD 2022 †,Cum YTD 2021 †,Current week,Previous 52 weeks Max †,Cum YTD 2022 †,Cum YTD 2021 †,Current week,Previous 52 weeks Max †,Cum YTD 2022 †,Cum YTD 2021 †
"U.S. Residents, excluding U.S. Territories",5,26,296,177,2,2,10,8,49,371,1577,2092
New England,-,3,21,7,-,0,-,-,-,35,61,83
Connecticut,-,1,1,2,-,0,-,-,-,9,7,21
Maine,-,1,2,1,-,0,-,-,-,5,2,2
Massachusetts,-,2,13,4,-,0,-,-,-,22,43,40
New Hampshire,-,1,1,-,-,0,-,-,-,6,7,6
Rhode Island,-,2,4,-,-,0,-,-,-,8,1,14
Vermont,-,0,-,-,-,0,-,-,-,7,1,-
Middle Atlantic,3,5,59,33,-,1,-,1,14,124,296,301
New Jersey,-,3,6,6,-,1,-,-,-,10,7,49
New York (excluding New York City),3,3,26,8,-,1,-,-,12,51,90,78
New York City,-,2,14,9,-,0,-,1,2,25,116,73
Pennsylvania,-,3,13,10,-,0,-,-,-,42,83,101
East North Central,-,6,40,22,-,2,1,-,1,169,301,537
Illinois,-,0,-,-,-,0,-,-,-,70,55,90
Indiana,-,2,9,6,-,0,-,-,-,18,40,52
Michigan,-,3,10,5,-,1,-,-,1,47,64,101
Ohio,-,3,14,10,-,2,1,-,-,49,111,245
Wisconsin,-,3,7,1,-,0,-,-,-,18,31,49
West North Central,-,2,17,10,-,1,2,2,10,27,109,139
Iowa,N,NC,N,N,N,NC,N,N,-,3,12,16
Kansas,-,0,-,-,-,0,-,-,1,5,10,11
Minnesota,-,0,-,-,-,0,-,-,2,10,29,39
Missouri,-,2,13,8,-,1,2,1,6,15,40,48
Nebraska,-,2,3,1,-,0,-,-,1,4,10,17
North Dakota,-,1,1,-,-,0,-,-,-,1,2,1
South Dakota,-,1,-,1,-,0,-,1,-,2,6,7
South Atlantic,1,6,35,40,1,1,4,2,6,53,363,436
Delaware,-,1,-,-,-,0,-,-,-,3,4,5
District of Columbia,-,0,-,-,-,0,-,-,-,0,-,-
Florida,1,5,22,20,1,1,4,1,-,18,216,187
Georgia,-,2,1,14,-,0,-,-,-,8,35,50
Maryland,-,1,1,2,-,0,-,-,4,15,11,36
North Carolina,N,NC,N,N,N,NC,N,N,-,13,16,66
South Carolina,-,2,6,-,-,0,-,1,2,6,28,30
Virginia,-,2,5,4,-,0,-,-,-,10,45,46
West Virginia,-,0,-,-,-,0,-,-,-,4,8,16
East South Central,-,4,26,15,-,1,1,-,3,23,103,144
Alabama,-,2,12,6,-,1,1,-,1,6,21,28
Kentucky,-,2,-,3,-,0,-,-,-,10,26,37
Mississippi,-,3,7,4,-,0,-,-,-,3,7,12
Tennessee,-,2,7,2,-,0,-,-,2,11,49,67
West South Central,-,13,49,35,-,1,1,2,5,23,58,126
Arkansas,-,2,10,6,-,0,-,-,4,5,19,17
Louisiana,-,3,4,9,-,0,-,-,1,4,15,18
Oklahoma,-,0,-,-,-,0,-,-,-,1,1,-
Texas,-,12,35,20,-,1,1,2,-,20,23,91
Mountain,1,5,45,15,1,0,1,1,5,15,112,107
Arizona,1,3,19,6,-,0,-,-,3,8,53,29
Colorado,-,2,8,2,-,0,-,-,2,5,26,34
Idaho,-,0,-,-,-,0,-,-,-,2,4,8
Montana,-,1,3,-,-,0,-,-,-,1,1,6
Nevada,-,1,3,2,-,0,-,-,-,2,7,10
New Mexico,-,2,6,2,-,0,-,-,-,2,4,6
Utah,-,2,6,3,1,0,1,1,-,3,16,12
Wyoming,-,1,-,-,-,0,-,-,-,1,1,2
Pacific,-,2,4,-,-,0,-,-,5,26,174,219
Alaska,-,1,4,-,-,0,-,-,-,1,2,2
California,N,NC,N,N,N,NC,N,N,3,24,121,152
Hawaii,-,1,-,-,-,0,-,-,-,2,6,6
Oregon,N,NC,N,N,N,NC,N,N,2,5,19,30
Washington,N,NC,N,N,N,NC,N,N,-,5,26,29
U.S. Territories,-,0,-,-,-,0,-,-,-,1,-,5
American Samoa,N,NC,N,N,N,NC,N,N,N,NC,N,N
Commonwealth of Northern Mariana Islands,-,0,-,-,-,0,-,-,-,0,-,-
Guam,-,0,-,-,-,0,-,-,-,1,-,-
Puerto Rico,-,0,-,-,-,0,-,-,-,1,-,4
U.S. Virgin Islands,-,0,-,-,-,0,-,-,-,0,-,1
Non-U.S. Residents,-,0,-,-,-,0,-,-,-,0,-,2
Total,5,26,296,177,2,2,10,8,49,371,1577,2099
