"State Code","County Code","Site Num","Parameter Code","POC","Latitude","Longitude","Datum","Parameter Name","Sample Duration","Pollutant Standard","Date Local","Units of Measure","Event Type","Observation Count","Observation Percent","Arithmetic Mean","1st Max Value","1st Max Hour","AQI","Method Code","Method Name","Local Site Name","Address","State Name","County Name","City Name","CBSA Name","Date of Last Change"
"55","059","0019","88101",1,42.504722,-87.80930000000001,"WGS84","PM2.5 - Local Conditions","24 HOUR","PM25 24-hour 2012","1997-04-28","Micrograms/cubic meter (LC)","None",1,100.0,27,27,0,82,"117","R & P Model 2000 PM2.5 Sampler w/WINS - GRAVIMETRIC","CHIWAUKEE PRAIRIE STATELINE","CHIWAUKEE PRAIRIE, 11838 FIRST COURT","Wisconsin","Kenosha","Pleasant Prairie","Chicago-Naperville-Elgin, IL-IN-WI","2014-07-28"
"55","059","0019","88101",1,42.504722,-87.80930000000001,"WGS84","PM2.5 - Local Conditions","24 HOUR","PM25 24-hour 2012","1997-05-10","Micrograms/cubic meter (LC)","None",1,100.0,8,8,0,33,"117","R & P Model 2000 PM2.5 Sampler w/WINS - GRAVIMETRIC","CHIWAUKEE PRAIRIE STATELINE","CHIWAUKEE PRAIRIE, 11838 FIRST COURT","Wisconsin","Kenosha","Pleasant Prairie","Chicago-Naperville-Elgin, IL-IN-WI","2014-07-28"
"55","059","0019","88101",1,42.504722,-87.80930000000001,"WGS84","PM2.5 - Local Conditions","24 HOUR","PM25 24-hour 2012","1997-05-16","Micrograms/cubic meter (LC)","None",1,100.0,6,6,0,25,"117","R & P Model 2000 PM2.5 Sampler w/WINS - GRAVIMETRIC","CHIWAUKEE PRAIRIE STATELINE","CHIWAUKEE PRAIRIE, 11838 FIRST COURT","Wisconsin","Kenosha","Pleasant Prairie","Chicago-Naperville-Elgin, IL-IN-WI","2014-07-28"
"55","059","0019","88101",1,42.504722,-87.80930000000001,"WGS84","PM2.5 - Local Conditions","24 HOUR","PM25 24-hour 2012","1997-05-22","Micrograms/cubic meter (LC)","None",1,100.0,6,6,0,25,"117","R & P Model 2000 PM2.5 Sampler w/WINS - GRAVIMETRIC","CHIWAUKEE PRAIRIE STATELINE","CHIWAUKEE PRAIRIE, 11838 FIRST COURT","Wisconsin","Kenosha","Pleasant Prairie","Chicago-Naperville-Elgin, IL-IN-WI","2014-07-28"
"55","059","0019","88101",1,42.504722,-87.80930000000001,"WGS84","PM2.5 - Local Conditions","24 HOUR","PM25 24-hour 2012","1997-05-28","Micrograms/cubic meter (LC)","None",1,100.0,11,11,0,46,"117","R & P Model 2000 PM2.5 Sampler w/WINS - GRAVIMETRIC","CHIWAUKEE PRAIRIE STATELINE","CHIWAUKEE PRAIRIE, 11838 FIRST COURT","Wisconsin","Kenosha","Pleasant Prairie","Chicago-Naperville-Elgin, IL-IN-WI","2014-07-28"
"55","059","0019","88101",1,42.504722,-87.80930000000001,"WGS84","PM2.5 - Local Conditions","24 HOUR","PM25 24-hour 2012","1997-06-03","Micrograms/cubic meter (LC)","None",1,100.0,12,12,0,50,"117","R & P Model 2000 PM2.5 Sampler w/WINS - GRAVIMETRIC","CHIWAUKEE PRAIRIE STATELINE","CHIWAUKEE PRAIRIE, 11838 FIRST COURT","Wisconsin","Kenosha","Pleasant Prairie","Chicago-Naperville-Elgin, IL-IN-WI","2014-07-28"
"55","059","0019","88101",1,42.504722,-87.80930000000001,"WGS84","PM2.5 - Local Conditions","24 HOUR","PM25 24-hour 2012","1997-06-09","Micrograms/cubic meter (LC)","None",1,100.0,18,18,0,63,"117","R & P Model 2000 PM2.5 Sampler w/WINS - GRAVIMETRIC","CHIWAUKEE PRAIRIE STATELINE","CHIWAUKEE PRAIRIE, 11838 FIRST COURT","Wisconsin","Kenosha","Pleasant Prairie","Chicago-Naperville-Elgin, IL-IN-WI","2014-07-28"
"55","059","0019","88101",1,42.504722,-87.80930000000001,"WGS84","PM2.5 - Local Conditions","24 HOUR","PM25 24-hour 2012","1997-06-15","Micrograms/cubic meter (LC)","None",1,100.0,18,18,0,63,"117","R & P Model 2000 PM2.5 Sampler w/WINS - GRAVIMETRIC","CHIWAUKEE PRAIRIE STATELINE","CHIWAUKEE PRAIRIE, 11838 FIRST COURT","Wisconsin","Kenosha","Pleasant Prairie","Chicago-Naperville-Elgin, IL-IN-WI","2014-07-28"
"55","059","0019","88101",1,42.504722,-87.80930000000001,"WGS84","PM2.5 - Local Conditions","24 HOUR","PM25 24-hour 2012","1997-06-21","Micrograms/cubic meter (LC)","None",1,100.0,9,9,0,38,"117","R & P Model 2000 PM2.5 Sampler w/WINS - GRAVIMETRIC","CHIWAUKEE PRAIRIE STATELINE","CHIWAUKEE PRAIRIE, 11838 FIRST COURT","Wisconsin","Kenosha","Pleasant Prairie","Chicago-Naperville-Elgin, IL-IN-WI","2014-07-28"
"55","059","0019","88101",1,42.504722,-87.80930000000001,"WGS84","PM2.5 - Local Conditions","24 HOUR","PM25 24-hour 2012","1997-06-27","Micrograms/cubic meter (LC)","None",1,100.0,17,17,0,61,"117","R & P Model 2000 PM2.5 Sampler w/WINS - GRAVIMETRIC","CHIWAUKEE PRAIRIE STATELINE","CHIWAUKEE PRAIRIE, 11838 FIRST COURT","Wisconsin","Kenosha","Pleasant Prairie","Chicago-Naperville-Elgin, IL-IN-WI","2014-07-28"
"55","059","0019","88101",1,42.504722,-87.80930000000001,"WGS84","PM2.5 - Local Conditions","24 HOUR","PM25 24-hour 2012","1997-07-03","Micrograms/cubic meter (LC)","None",1,100.0,6,6,0,25,"117","R & P Model 2000 PM2.5 Sampler w/WINS - GRAVIMETRIC","CHIWAUKEE PRAIRIE STATELINE","CHIWAUKEE PRAIRIE, 11838 FIRST COURT","Wisconsin","Kenosha","Pleasant Prairie","Chicago-Naperville-Elgin, IL-IN-WI","2014-07-28"
"55","059","0019","88101",1,42.504722,-87.80930000000001,"WGS84","PM2.5 - Local Conditions","24 HOUR","PM25 24-hour 2012","1997-07-09","Micrograms/cubic meter (LC)","None",1,100.0,8,8,0,33,"117","R & P Model 2000 PM2.5 Sampler w/WINS - GRAVIMETRIC","CHIWAUKEE PRAIRIE STATELINE","CHIWAUKEE PRAIRIE, 11838 FIRST COURT","Wisconsin","Kenosha","Pleasant Prairie","Chicago-Naperville-Elgin, IL-IN-WI","2014-07-28"
"55","059","0019","88101",1,42.504722,-87.80930000000001,"WGS84","PM2.5 - Local Conditions","24 HOUR","PM25 24-hour 2012","1997-07-15","Micrograms/cubic meter (LC)","None",1,100.0,10,10,0,42,"117","R & P Model 2000 PM2.5 Sampler w/WINS - GRAVIMETRIC","CHIWAUKEE PRAIRIE STATELINE","CHIWAUKEE PRAIRIE, 11838 FIRST COURT","Wisconsin","Kenosha","Pleasant Prairie","Chicago-Naperville-Elgin, IL-IN-WI","2014-07-28"
"55","059","0019","88101",1,42.504722,-87.80930000000001,"WGS84","PM2.5 - Local Conditions","24 HOUR","PM25 24-hour 2012","1997-07-21","Micrograms/cubic meter (LC)","None",1,100.0,13,13,0,53,"117","R & P Model 2000 PM2.5 Sampler w/WINS - GRAVIMETRIC","CHIWAUKEE PRAIRIE STATELINE","CHIWAUKEE PRAIRIE, 11838 FIRST COURT","Wisconsin","Kenosha","Pleasant Prairie","Chicago-Naperville-Elgin, IL-IN-WI","2014-07-28"
"55","059","0019","88101",1,42.504722,-87.80930000000001,"WGS84","PM2.5 - Local Conditions","24 HOUR","PM25 24-hour 2012","1997-07-27","Micrograms/cubic meter (LC)","None",1,100.0,16,16,0,59,"117","R & P Model 2000 PM2.5 Sampler w/WINS - GRAVIMETRIC","CHIWAUKEE PRAIRIE STATELINE","CHIWAUKEE PRAIRIE, 11838 FIRST COURT","Wisconsin","Kenosha","Pleasant Prairie","Chicago-Naperville-Elgin, IL-IN-WI","2014-07-28"
"55","059","0019","88101",1,42.504722,-87.80930000000001,"WGS84","PM2.5 - Local Conditions","24 HOUR","PM25 24-hour 2012","1997-08-02","Micrograms/cubic meter (LC)","None",1,100.0,21,21,0,70,"117","R & P Model 2000 PM2.5 Sampler w/WINS - GRAVIMETRIC","CHIWAUKEE PRAIRIE STATELINE","CHIWAUKEE PRAIRIE, 11838 FIRST COURT","Wisconsin","Kenosha","Pleasant Prairie","Chicago-Naperville-Elgin, IL-IN-WI","2014-07-28"
"55","059","0019","88101",1,42.504722,-87.80930000000001,"WGS84","PM2.5 - Local Conditions","24 HOUR","PM25 24-hour 2012","1997-08-08","Micrograms/cubic meter (LC)","None",1,100.0,28,28,0,84,"117","R & P Model 2000 PM2.5 Sampler w/WINS - GRAVIMETRIC","CHIWAUKEE PRAIRIE STATELINE","CHIWAUKEE PRAIRIE, 11838 FIRST COURT","Wisconsin","Kenosha","Pleasant Prairie","Chicago-Naperville-Elgin, IL-IN-WI","2014-07-28"
"55","059","0019","88101",1,42.504722,-87.80930000000001,"WGS84","PM2.5 - Local Conditions","24 HOUR","PM25 24-hour 2012","1997-08-14","Micrograms/cubic meter (LC)","None",1,100.0,12,12,0,50,"117","R & P Model 2000 PM2.5 Sampler w/WINS - GRAVIMETRIC","CHIWAUKEE PRAIRIE STATELINE","CHIWAUKEE PRAIRIE, 11838 FIRST COURT","Wisconsin","Kenosha","Pleasant Prairie","Chicago-Naperville-Elgin, IL-IN-WI","2014-07-28"
"55","059","0019","88101",1,42.504722,-87.80930000000001,"WGS84","PM2.5 - Local Conditions","24 HOUR","PM25 24-hour 2012","1997-08-20","Micrograms/cubic meter (LC)","None",1,100.0,15,15,0,57,"117","R & P Model 2000 PM2.5 Sampler w/WINS - GRAVIMETRIC","CHIWAUKEE PRAIRIE STATELINE","CHIWAUKEE PRAIRIE, 11838 FIRST COURT","Wisconsin","Kenosha","Pleasant Prairie","Chicago-Naperville-Elgin, IL-IN-WI","2014-07-28"
"55","059","0019","88101",1,42.504722,-87.80930000000001,"WGS84","PM2.5 - Local Conditions","24 HOUR","PM25 24-hour 2012","1997-08-26","Micrograms/cubic meter (LC)","None",1,100.0,26,26,0,80,"117","R & P Model 2000 PM2.5 Sampler w/WINS - GRAVIMETRIC","CHIWAUKEE PRAIRIE STATELINE","CHIWAUKEE PRAIRIE, 11838 FIRST COURT","Wisconsin","Kenosha","Pleasant Prairie","Chicago-Naperville-Elgin, IL-IN-WI","2014-07-28"
"55","059","0019","88101",1,42.504722,-87.80930000000001,"WGS84","PM2.5 - Local Conditions","24 HOUR","PM25 24-hour 2012","1997-09-01","Micrograms/cubic meter (LC)","None",1,100.0,11,11,0,46,"117","R & P Model 2000 PM2.5 Sampler w/WINS - GRAVIMETRIC","CHIWAUKEE PRAIRIE STATELINE","CHIWAUKEE PRAIRIE, 11838 FIRST COURT","Wisconsin","Kenosha","Pleasant Prairie","Chicago-Naperville-Elgin, IL-IN-WI","2014-07-28"
"55","059","0019","88101",1,42.504722,-87.80930000000001,"WGS84","PM2.5 - Local Conditions","24 HOUR","PM25 24-hour 2012","1997-09-07","Micrograms/cubic meter (LC)","None",1,100.0,5,5,0,21,"117","R & P Model 2000 PM2.5 Sampler w/WINS - GRAVIMETRIC","CHIWAUKEE PRAIRIE STATELINE","CHIWAUKEE PRAIRIE, 11838 FIRST COURT","Wisconsin","Kenosha","Pleasant Prairie","Chicago-Naperville-Elgin, IL-IN-WI","2014-07-28"
"55","059","0019","88101",1,42.504722,-87.80930000000001,"WGS84","PM2.5 - Local Conditions","24 HOUR","PM25 24-hour 2012","1997-09-13","Micrograms/cubic meter (LC)","None",1,100.0,18,18,0,63,"117","R & P Model 2000 PM2.5 Sampler w/WINS - GRAVIMETRIC","CHIWAUKEE PRAIRIE STATELINE","CHIWAUKEE PRAIRIE, 11838 FIRST COURT","Wisconsin","Kenosha","Pleasant Prairie","Chicago-Naperville-Elgin, IL-IN-WI","2014-07-28"
"55","059","0019","88101",1,42.504722,-87.80930000000001,"WGS84","PM2.5 - Local Conditions","24 HOUR","PM25 24-hour 2012","1997-09-19","Micrograms/cubic meter (LC)","None",1,100.0,14,14,0,55,"117","R & P Model 2000 PM2.5 Sampler w/WINS - GRAVIMETRIC","CHIWAUKEE PRAIRIE STATELINE","CHIWAUKEE PRAIRIE, 11838 FIRST COURT","Wisconsin","Kenosha","Pleasant Prairie","Chicago-Naperville-Elgin, IL-IN-WI","2014-07-28"
"55","059","0019","88101",1,42.504722,-87.80930000000001,"WGS84","PM2.5 - Local Conditions","24 HOUR","PM25 24-hour 2012","1997-09-25","Micrograms/cubic meter (LC)","None",1,100.0,9,9,0,38,"117","R & P Model 2000 PM2.5 Sampler w/WINS - GRAVIMETRIC","CHIWAUKEE PRAIRIE STATELINE","CHIWAUKEE PRAIRIE, 11838 FIRST COURT","Wisconsin","Kenosha","Pleasant Prairie","Chicago-Naperville-Elgin, IL-IN-WI","2014-07-28"
"55","059","0019","88101",1,42.504722,-87.80930000000001,"WGS84","PM2.5 - Local Conditions","24 HOUR","PM25 24-hour 2012","1997-10-01","Micrograms/cubic meter (LC)","None",1,100.0,3,3,0,13,"117","R & P Model 2000 PM2.5 Sampler w/WINS - GRAVIMETRIC","CHIWAUKEE PRAIRIE STATELINE","CHIWAUKEE PRAIRIE, 11838 FIRST COURT","Wisconsin","Kenosha","Pleasant Prairie","Chicago-Naperville-Elgin, IL-IN-WI","2014-07-28"
"55","059","0019","88101",1,42.504722,-87.80930000000001,"WGS84","PM2.5 - Local Conditions","24 HOUR","PM25 24-hour 2012","1997-10-07","Micrograms/cubic meter (LC)","None",1,100.0,33,33,0,95,"117","R & P Model 2000 PM2.5 Sampler w/WINS - GRAVIMETRIC","CHIWAUKEE PRAIRIE STATELINE","CHIWAUKEE PRAIRIE, 11838 FIRST COURT","Wisconsin","Kenosha","Pleasant Prairie","Chicago-Naperville-Elgin, IL-IN-WI","2014-07-28"
"55","059","0019","88101",1,42.504722,-87.80930000000001,"WGS84","PM2.5 - Local Conditions","24 HOUR","PM25 24-hour 2012","1997-10-13","Micrograms/cubic meter (LC)","None",1,100.0,6,6,0,25,"117","R & P Model 2000 PM2.5 Sampler w/WINS - GRAVIMETRIC","CHIWAUKEE PRAIRIE STATELINE","CHIWAUKEE PRAIRIE, 11838 FIRST COURT","Wisconsin","Kenosha","Pleasant Prairie","Chicago-Naperville-Elgin, IL-IN-WI","2014-07-28"
"55","059","0019","88101",1,42.504722,-87.80930000000001,"WGS84","PM2.5 - Local Conditions","24 HOUR","PM25 24-hour 2012","1997-10-19","Micrograms/cubic meter (LC)","None",1,100.0,17,17,0,61,"117","R & P Model 2000 PM2.5 Sampler w/WINS - GRAVIMETRIC","CHIWAUKEE PRAIRIE STATELINE","CHIWAUKEE PRAIRIE, 11838 FIRST COURT","Wisconsin","Kenosha","Pleasant Prairie","Chicago-Naperville-Elgin, IL-IN-WI","2014-07-28"
"55","059","0019","88101",1,42.504722,-87.80930000000001,"WGS84","PM2.5 - Local Conditions","24 HOUR","PM25 24-hour 2012","1997-10-25","Micrograms/cubic meter (LC)","None",1,100.0,5,5,0,21,"117","R & P Model 2000 PM2.5 Sampler w/WINS - GRAVIMETRIC","CHIWAUKEE PRAIRIE STATELINE","CHIWAUKEE PRAIRIE, 11838 FIRST COURT","Wisconsin","Kenosha","Pleasant Prairie","Chicago-Naperville-Elgin, IL-IN-WI","2014-07-28"
"55","059","0019","88101",1,42.504722,-87.80930000000001,"WGS84","PM2.5 - Local Conditions","24 HOUR","PM25 24-hour 2012","1997-10-31","Micrograms/cubic meter (LC)","None",1,100.0,33,33,0,95,"117","R & P Model 2000 PM2.5 Sampler w/WINS - GRAVIMETRIC","CHIWAUKEE PRAIRIE STATELINE","CHIWAUKEE PRAIRIE, 11838 FIRST COURT","Wisconsin","Kenosha","Pleasant Prairie","Chicago-Naperville-Elgin, IL-IN-WI","2014-07-28"
"55","059","0019","88101",1,42.504722,-87.80930000000001,"WGS84","PM2.5 - Local Conditions","24 HOUR","PM25 24-hour 2012","1997-11-06","Micrograms/cubic meter (LC)","None",1,100.0,7,7,0,29,"117","R & P Model 2000 PM2.5 Sampler w/WINS - GRAVIMETRIC","CHIWAUKEE PRAIRIE STATELINE","CHIWAUKEE PRAIRIE, 11838 FIRST COURT","Wisconsin","Kenosha","Pleasant Prairie","Chicago-Naperville-Elgin, IL-IN-WI","2014-07-28"
"55","059","0019","88101",1,42.504722,-87.80930000000001,"WGS84","PM2.5 - Local Conditions","24 HOUR","PM25 24-hour 2012","1997-11-12","Micrograms/cubic meter (LC)","None",1,100.0,18,18,0,63,"117","R & P Model 2000 PM2.5 Sampler w/WINS - GRAVIMETRIC","CHIWAUKEE PRAIRIE STATELINE","CHIWAUKEE PRAIRIE, 11838 FIRST COURT","Wisconsin","Kenosha","Pleasant Prairie","Chicago-Naperville-Elgin, IL-IN-WI","2014-07-28"
"55","059","0019","88101",1,42.504722,-87.80930000000001,"WGS84","PM2.5 - Local Conditions","24 HOUR","PM25 24-hour 2012","1997-11-18","Micrograms/cubic meter (LC)","None",1,100.0,22,22,0,72,"117","R & P Model 2000 PM2.5 Sampler w/WINS - GRAVIMETRIC","CHIWAUKEE PRAIRIE STATELINE","CHIWAUKEE PRAIRIE, 11838 FIRST COURT","Wisconsin","Kenosha","Pleasant Prairie","Chicago-Naperville-Elgin, IL-IN-WI","2014-07-28"
"55","059","0019","88101",1,42.504722,-87.80930000000001,"WGS84","PM2.5 - Local Conditions","24 HOUR","PM25 24-hour 2012","1997-11-24","Micrograms/cubic meter (LC)","None",1,100.0,12,12,0,50,"117","R & P Model 2000 PM2.5 Sampler w/WINS - GRAVIMETRIC","CHIWAUKEE PRAIRIE STATELINE","CHIWAUKEE PRAIRIE, 11838 FIRST COURT","Wisconsin","Kenosha","Pleasant Prairie","Chicago-Naperville-Elgin, IL-IN-WI","2014-07-28"
"55","059","0019","88101",1,42.504722,-87.80930000000001,"WGS84","PM2.5 - Local Conditions","24 HOUR","PM25 24-hour 2012","1997-11-30","Micrograms/cubic meter (LC)","None",1,100.0,8,8,0,33,"117","R & P Model 2000 PM2.5 Sampler w/WINS - GRAVIMETRIC","CHIWAUKEE PRAIRIE STATELINE","CHIWAUKEE PRAIRIE, 11838 FIRST COURT","Wisconsin","Kenosha","Pleasant Prairie","Chicago-Naperville-Elgin, IL-IN-WI","2014-07-28"
"55","059","0019","88101",1,42.504722,-87.80930000000001,"WGS84","PM2.5 - Local Conditions","24 HOUR","PM25 24-hour 2012","1997-12-06","Micrograms/cubic meter (LC)","None",1,100.0,7,7,0,29,"117","R & P Model 2000 PM2.5 Sampler w/WINS - GRAVIMETRIC","CHIWAUKEE PRAIRIE STATELINE","CHIWAUKEE PRAIRIE, 11838 FIRST COURT","Wisconsin","Kenosha","Pleasant Prairie","Chicago-Naperville-Elgin, IL-IN-WI","2014-07-28"
"55","059","0019","88101",1,42.504722,-87.80930000000001,"WGS84","PM2.5 - Local Conditions","24 HOUR","PM25 24-hour 2012","1997-12-12","Micrograms/cubic meter (LC)","None",1,100.0,12,12,0,50,"117","R & P Model 2000 PM2.5 Sampler w/WINS - GRAVIMETRIC","CHIWAUKEE PRAIRIE STATELINE","CHIWAUKEE PRAIRIE, 11838 FIRST COURT","Wisconsin","Kenosha","Pleasant Prairie","Chicago-Naperville-Elgin, IL-IN-WI","2014-07-28"
"55","059","0019","88101",1,42.504722,-87.80930000000001,"WGS84","PM2.5 - Local Conditions","24 HOUR","PM25 24-hour 2012","1997-12-18","Micrograms/cubic meter (LC)","None",1,100.0,24,24,0,76,"117","R & P Model 2000 PM2.5 Sampler w/WINS - GRAVIMETRIC","CHIWAUKEE PRAIRIE STATELINE","CHIWAUKEE PRAIRIE, 11838 FIRST COURT","Wisconsin","Kenosha","Pleasant Prairie","Chicago-Naperville-Elgin, IL-IN-WI","2014-07-28"
"55","059","0019","88101",1,42.504722,-87.80930000000001,"WGS84","PM2.5 - Local Conditions","24 HOUR","PM25 24-hour 2012","1997-12-24","Micrograms/cubic meter (LC)","None",1,100.0,20,20,0,68,"117","R & P Model 2000 PM2.5 Sampler w/WINS - GRAVIMETRIC","CHIWAUKEE PRAIRIE STATELINE","CHIWAUKEE PRAIRIE, 11838 FIRST COURT","Wisconsin","Kenosha","Pleasant Prairie","Chicago-Naperville-Elgin, IL-IN-WI","2014-07-28"
"55","059","0019","88101",1,42.504722,-87.80930000000001,"WGS84","PM2.5 - Local Conditions","24 HOUR","PM25 24-hour 2012","1997-12-30","Micrograms/cubic meter (LC)","None",1,100.0,9,9,0,38,"117","R & P Model 2000 PM2.5 Sampler w/WINS - GRAVIMETRIC","CHIWAUKEE PRAIRIE STATELINE","CHIWAUKEE PRAIRIE, 11838 FIRST COURT","Wisconsin","Kenosha","Pleasant Prairie","Chicago-Naperville-Elgin, IL-IN-WI","2014-07-28"
"55","079","0010","88101",1,43.016667,-87.93333299999999,"WGS84","PM2.5 - Local Conditions","24 HOUR","PM25 24-hour 2012","1997-04-04","Micrograms/cubic meter (LC)","None",1,100.0,50,50,0,137,"117","R & P Model 2000 PM2.5 Sampler w/WINS - GRAVIMETRIC","MILWAUKEE - SIXTEENTH ST. HEALTH CENTER","HEALTH CENTER, 1337 SO 16TH ST","Wisconsin","Milwaukee","Milwaukee","Milwaukee-Waukesha-West Allis, WI","2014-06-11"
"55","079","0010","88101",1,43.016667,-87.93333299999999,"WGS84","PM2.5 - Local Conditions","24 HOUR","PM25 24-hour 2012","1997-04-10","Micrograms/cubic meter (LC)","None",1,100.0,22,22,0,72,"117","R & P Model 2000 PM2.5 Sampler w/WINS - GRAVIMETRIC","MILWAUKEE - SIXTEENTH ST. HEALTH CENTER","HEALTH CENTER, 1337 SO 16TH ST","Wisconsin","Milwaukee","Milwaukee","Milwaukee-Waukesha-West Allis, WI","2014-06-11"
"55","079","0010","88101",1,43.016667,-87.93333299999999,"WGS84","PM2.5 - Local Conditions","24 HOUR","PM25 24-hour 2012","1997-04-16","Micrograms/cubic meter (LC)","None",1,100.0,14,14,0,55,"117","R & P Model 2000 PM2.5 Sampler w/WINS - GRAVIMETRIC","MILWAUKEE - SIXTEENTH ST. HEALTH CENTER","HEALTH CENTER, 1337 SO 16TH ST","Wisconsin","Milwaukee","Milwaukee","Milwaukee-Waukesha-West Allis, WI","2014-06-11"
"55","079","0010","88101",1,43.016667,-87.93333299999999,"WGS84","PM2.5 - Local Conditions","24 HOUR","PM25 24-hour 2012","1997-04-22","Micrograms/cubic meter (LC)","None",1,100.0,8,8,0,33,"117","R & P Model 2000 PM2.5 Sampler w/WINS - GRAVIMETRIC","MILWAUKEE - SIXTEENTH ST. HEALTH CENTER","HEALTH CENTER, 1337 SO 16TH ST","Wisconsin","Milwaukee","Milwaukee","Milwaukee-Waukesha-West Allis, WI","2014-06-11"
"55","079","0010","88101",1,43.016667,-87.93333299999999,"WGS84","PM2.5 - Local Conditions","24 HOUR","PM25 24-hour 2012","1997-04-28","Micrograms/cubic meter (LC)","None",1,100.0,34,34,0,97,"117","R & P Model 2000 PM2.5 Sampler w/WINS - GRAVIMETRIC","MILWAUKEE - SIXTEENTH ST. HEALTH CENTER","HEALTH CENTER, 1337 SO 16TH ST","Wisconsin","Milwaukee","Milwaukee","Milwaukee-Waukesha-West Allis, WI","2014-06-11"
"55","079","0010","88101",1,43.016667,-87.93333299999999,"WGS84","PM2.5 - Local Conditions","24 HOUR","PM25 24-hour 2012","1997-05-04","Micrograms/cubic meter (LC)","None",1,100.0,11,11,0,46,"117","R & P Model 2000 PM2.5 Sampler w/WINS - GRAVIMETRIC","MILWAUKEE - SIXTEENTH ST. HEALTH CENTER","HEALTH CENTER, 1337 SO 16TH ST","Wisconsin","Milwaukee","Milwaukee","Milwaukee-Waukesha-West Allis, WI","2014-06-11"
"55","079","0010","88101",1,43.016667,-87.93333299999999,"WGS84","PM2.5 - Local Conditions","24 HOUR","PM25 24-hour 2012","1997-05-10","Micrograms/cubic meter (LC)","None",1,100.0,10,10,0,42,"117","R & P Model 2000 PM2.5 Sampler w/WINS - GRAVIMETRIC","MILWAUKEE - SIXTEENTH ST. HEALTH CENTER","HEALTH CENTER, 1337 SO 16TH ST","Wisconsin","Milwaukee","Milwaukee","Milwaukee-Waukesha-West Allis, WI","2014-06-11"
"55","079","0010","88101",1,43.016667,-87.93333299999999,"WGS84","PM2.5 - Local Conditions","24 HOUR","PM25 24-hour 2012","1997-05-16","Micrograms/cubic meter (LC)","None",1,100.0,11,11,0,46,"117","R & P Model 2000 PM2.5 Sampler w/WINS - GRAVIMETRIC","MILWAUKEE - SIXTEENTH ST. HEALTH CENTER","HEALTH CENTER, 1337 SO 16TH ST","Wisconsin","Milwaukee","Milwaukee","Milwaukee-Waukesha-West Allis, WI","2014-06-11"
"55","079","0010","88101",1,43.016667,-87.93333299999999,"WGS84","PM2.5 - Local Conditions","24 HOUR","PM25 24-hour 2012","1997-05-22","Micrograms/cubic meter (LC)","None",1,100.0,6,6,0,25,"117","R & P Model 2000 PM2.5 Sampler w/WINS - GRAVIMETRIC","MILWAUKEE - SIXTEENTH ST. HEALTH CENTER","HEALTH CENTER, 1337 SO 16TH ST","Wisconsin","Milwaukee","Milwaukee","Milwaukee-Waukesha-West Allis, WI","2014-06-11"
"55","079","0010","88101",1,43.016667,-87.93333299999999,"WGS84","PM2.5 - Local Conditions","24 HOUR","PM25 24-hour 2012","1997-05-28","Micrograms/cubic meter (LC)","None",1,100.0,14,14,0,55,"117","R & P Model 2000 PM2.5 Sampler w/WINS - GRAVIMETRIC","MILWAUKEE - SIXTEENTH ST. HEALTH CENTER","HEALTH CENTER, 1337 SO 16TH ST","Wisconsin","Milwaukee","Milwaukee","Milwaukee-Waukesha-West Allis, WI","2014-06-11"
"55","079","0010","88101",1,43.016667,-87.93333299999999,"WGS84","PM2.5 - Local Conditions","24 HOUR","PM25 24-hour 2012","1997-06-03","Micrograms/cubic meter (LC)","None",1,100.0,12,12,0,50,"117","R & P Model 2000 PM2.5 Sampler w/WINS - GRAVIMETRIC","MILWAUKEE - SIXTEENTH ST. HEALTH CENTER","HEALTH CENTER, 1337 SO 16TH ST","Wisconsin","Milwaukee","Milwaukee","Milwaukee-Waukesha-West Allis, WI","2014-06-11"
"55","079","0010","88101",1,43.016667,-87.93333299999999,"WGS84","PM2.5 - Local Conditions","24 HOUR","PM25 24-hour 2012","1997-06-09","Micrograms/cubic meter (LC)","None",1,100.0,21,21,0,70,"117","R & P Model 2000 PM2.5 Sampler w/WINS - GRAVIMETRIC","MILWAUKEE - SIXTEENTH ST. HEALTH CENTER","HEALTH CENTER, 1337 SO 16TH ST","Wisconsin","Milwaukee","Milwaukee","Milwaukee-Waukesha-West Allis, WI","2014-06-11"
"55","079","0010","88101",1,43.016667,-87.93333299999999,"WGS84","PM2.5 - Local Conditions","24 HOUR","PM25 24-hour 2012","1997-06-15","Micrograms/cubic meter (LC)","None",1,100.0,13,13,0,53,"117","R & P Model 2000 PM2.5 Sampler w/WINS - GRAVIMETRIC","MILWAUKEE - SIXTEENTH ST. HEALTH CENTER","HEALTH CENTER, 1337 SO 16TH ST","Wisconsin","Milwaukee","Milwaukee","Milwaukee-Waukesha-West Allis, WI","2014-06-11"
"55","079","0010","88101",1,43.016667,-87.93333299999999,"WGS84","PM2.5 - Local Conditions","24 HOUR","PM25 24-hour 2012","1997-06-21","Micrograms/cubic meter (LC)","None",1,100.0,20,20,0,68,"117","R & P Model 2000 PM2.5 Sampler w/WINS - GRAVIMETRIC","MILWAUKEE - SIXTEENTH ST. HEALTH CENTER","HEALTH CENTER, 1337 SO 16TH ST","Wisconsin","Milwaukee","Milwaukee","Milwaukee-Waukesha-West Allis, WI","2014-06-11"
"55","079","0010","88101",1,43.016667,-87.93333299999999,"WGS84","PM2.5 - Local Conditions","24 HOUR","PM25 24-hour 2012","1997-06-27","Micrograms/cubic meter (LC)","None",1,100.0,16,16,0,59,"117","R & P Model 2000 PM2.5 Sampler w/WINS - GRAVIMETRIC","MILWAUKEE - SIXTEENTH ST. HEALTH CENTER","HEALTH CENTER, 1337 SO 16TH ST","Wisconsin","Milwaukee","Milwaukee","Milwaukee-Waukesha-West Allis, WI","2014-06-11"
"55","079","0010","88101",1,43.016667,-87.93333299999999,"WGS84","PM2.5 - Local Conditions","24 HOUR","PM25 24-hour 2012","1997-07-03","Micrograms/cubic meter (LC)","None",1,100.0,8,8,0,33,"117","R & P Model 2000 PM2.5 Sampler w/WINS - GRAVIMETRIC","MILWAUKEE - SIXTEENTH ST. HEALTH CENTER","HEALTH CENTER, 1337 SO 16TH ST","Wisconsin","Milwaukee","Milwaukee","Milwaukee-Waukesha-West Allis, WI","2014-06-11"
"55","079","0010","88101",1,43.016667,-87.93333299999999,"WGS84","PM2.5 - Local Conditions","24 HOUR","PM25 24-hour 2012","1997-07-09","Micrograms/cubic meter (LC)","None",1,100.0,10,10,0,42,"117","R & P Model 2000 PM2.5 Sampler w/WINS - GRAVIMETRIC","MILWAUKEE - SIXTEENTH ST. HEALTH CENTER","HEALTH CENTER, 1337 SO 16TH ST","Wisconsin","Milwaukee","Milwaukee","Milwaukee-Waukesha-West Allis, WI","2014-06-11"
"55","079","0010","88101",1,43.016667,-87.93333299999999,"WGS84","PM2.5 - Local Conditions","24 HOUR","PM25 24-hour 2012","1997-07-15","Micrograms/cubic meter (LC)","None",1,100.0,10,10,0,42,"117","R & P Model 2000 PM2.5 Sampler w/WINS - GRAVIMETRIC","MILWAUKEE - SIXTEENTH ST. HEALTH CENTER","HEALTH CENTER, 1337 SO 16TH ST","Wisconsin","Milwaukee","Milwaukee","Milwaukee-Waukesha-West Allis, WI","2014-06-11"
"55","079","0010","88101",1,43.016667,-87.93333299999999,"WGS84","PM2.5 - Local Conditions","24 HOUR","PM25 24-hour 2012","1997-07-21","Micrograms/cubic meter (LC)","None",1,100.0,16,16,0,59,"117","R & P Model 2000 PM2.5 Sampler w/WINS - GRAVIMETRIC","MILWAUKEE - SIXTEENTH ST. HEALTH CENTER","HEALTH CENTER, 1337 SO 16TH ST","Wisconsin","Milwaukee","Milwaukee","Milwaukee-Waukesha-West Allis, WI","2014-06-11"
"55","079","0010","88101",1,43.016667,-87.93333299999999,"WGS84","PM2.5 - Local Conditions","24 HOUR","PM25 24-hour 2012","1997-07-27","Micrograms/cubic meter (LC)","None",1,100.0,14,14,0,55,"117","R & P Model 2000 PM2.5 Sampler w/WINS - GRAVIMETRIC","MILWAUKEE - SIXTEENTH ST. HEALTH CENTER","HEALTH CENTER, 1337 SO 16TH ST","Wisconsin","Milwaukee","Milwaukee","Milwaukee-Waukesha-West Allis, WI","2014-06-11"
"55","079","0010","88101",1,43.016667,-87.93333299999999,"WGS84","PM2.5 - Local Conditions","24 HOUR","PM25 24-hour 2012","1997-08-02","Micrograms/cubic meter (LC)","None",1,100.0,19,19,0,66,"117","R & P Model 2000 PM2.5 Sampler w/WINS - GRAVIMETRIC","MILWAUKEE - SIXTEENTH ST. HEALTH CENTER","HEALTH CENTER, 1337 SO 16TH ST","Wisconsin","Milwaukee","Milwaukee","Milwaukee-Waukesha-West Allis, WI","2014-06-11"
"55","079","0010","88101",1,43.016667,-87.93333299999999,"WGS84","PM2.5 - Local Conditions","24 HOUR","PM25 24-hour 2012","1997-08-08","Micrograms/cubic meter (LC)","None",1,100.0,25,25,0,78,"117","R & P Model 2000 PM2.5 Sampler w/WINS - GRAVIMETRIC","MILWAUKEE - SIXTEENTH ST. HEALTH CENTER","HEALTH CENTER, 1337 SO 16TH ST","Wisconsin","Milwaukee","Milwaukee","Milwaukee-Waukesha-West Allis, WI","2014-06-11"
"55","079","0010","88101",1,43.016667,-87.93333299999999,"WGS84","PM2.5 - Local Conditions","24 HOUR","PM25 24-hour 2012","1997-08-14","Micrograms/cubic meter (LC)","None",1,100.0,15,15,0,57,"117","R & P Model 2000 PM2.5 Sampler w/WINS - GRAVIMETRIC","MILWAUKEE - SIXTEENTH ST. HEALTH CENTER","HEALTH CENTER, 1337 SO 16TH ST","Wisconsin","Milwaukee","Milwaukee","Milwaukee-Waukesha-West Allis, WI","2014-06-11"
"55","079","0010","88101",1,43.016667,-87.93333299999999,"WGS84","PM2.5 - Local Conditions","24 HOUR","PM25 24-hour 2012","1997-08-20","Micrograms/cubic meter (LC)","None",1,100.0,20,20,0,68,"117","R & P Model 2000 PM2.5 Sampler w/WINS - GRAVIMETRIC","MILWAUKEE - SIXTEENTH ST. HEALTH CENTER","HEALTH CENTER, 1337 SO 16TH ST","Wisconsin","Milwaukee","Milwaukee","Milwaukee-Waukesha-West Allis, WI","2014-06-11"
"55","079","0010","88101",1,43.016667,-87.93333299999999,"WGS84","PM2.5 - Local Conditions","24 HOUR","PM25 24-hour 2012","1997-08-26","Micrograms/cubic meter (LC)","None",1,100.0,35,35,0,99,"117","R & P Model 2000 PM2.5 Sampler w/WINS - GRAVIMETRIC","MILWAUKEE - SIXTEENTH ST. HEALTH CENTER","HEALTH CENTER, 1337 SO 16TH ST","Wisconsin","Milwaukee","Milwaukee","Milwaukee-Waukesha-West Allis, WI","2014-06-11"
"55","079","0010","88101",1,43.016667,-87.93333299999999,"WGS84","PM2.5 - Local Conditions","24 HOUR","PM25 24-hour 2012","1997-09-01","Micrograms/cubic meter (LC)","None",1,100.0,15,15,0,57,"117","R & P Model 2000 PM2.5 Sampler w/WINS - GRAVIMETRIC","MILWAUKEE - SIXTEENTH ST. HEALTH CENTER","HEALTH CENTER, 1337 SO 16TH ST","Wisconsin","Milwaukee","Milwaukee","Milwaukee-Waukesha-West Allis, WI","2014-06-11"
"55","079","0010","88101",1,43.016667,-87.93333299999999,"WGS84","PM2.5 - Local Conditions","24 HOUR","PM25 24-hour 2012","1997-09-19","Micrograms/cubic meter (LC)","None",1,100.0,18,18,0,63,"117","R & P Model 2000 PM2.5 Sampler w/WINS - GRAVIMETRIC","MILWAUKEE - SIXTEENTH ST. HEALTH CENTER","HEALTH CENTER, 1337 SO 16TH ST","Wisconsin","Milwaukee","Milwaukee","Milwaukee-Waukesha-West Allis, WI","2014-06-11"
"55","079","0010","88101",1,43.016667,-87.93333299999999,"WGS84","PM2.5 - Local Conditions","24 HOUR","PM25 24-hour 2012","1997-09-25","Micrograms/cubic meter (LC)","None",1,100.0,9,9,0,38,"117","R & P Model 2000 PM2.5 Sampler w/WINS - GRAVIMETRIC","MILWAUKEE - SIXTEENTH ST. HEALTH CENTER","HEALTH CENTER, 1337 SO 16TH ST","Wisconsin","Milwaukee","Milwaukee","Milwaukee-Waukesha-West Allis, WI","2014-06-11"
"55","079","0010","88101",1,43.016667,-87.93333299999999,"WGS84","PM2.5 - Local Conditions","24 HOUR","PM25 24-hour 2012","1997-10-01","Micrograms/cubic meter (LC)","None",1,100.0,7,7,0,29,"117","R & P Model 2000 PM2.5 Sampler w/WINS - GRAVIMETRIC","MILWAUKEE - SIXTEENTH ST. HEALTH CENTER","HEALTH CENTER, 1337 SO 16TH ST","Wisconsin","Milwaukee","Milwaukee","Milwaukee-Waukesha-West Allis, WI","2014-06-11"
"55","079","0010","88101",1,43.016667,-87.93333299999999,"WGS84","PM2.5 - Local Conditions","24 HOUR","PM25 24-hour 2012","1997-10-07","Micrograms/cubic meter (LC)","None",1,100.0,25,25,0,78,"117","R & P Model 2000 PM2.5 Sampler w/WINS - GRAVIMETRIC","MILWAUKEE - SIXTEENTH ST. HEALTH CENTER","HEALTH CENTER, 1337 SO 16TH ST","Wisconsin","Milwaukee","Milwaukee","Milwaukee-Waukesha-West Allis, WI","2014-06-11"
"55","079","0010","88101",1,43.016667,-87.93333299999999,"WGS84","PM2.5 - Local Conditions","24 HOUR","PM25 24-hour 2012","1997-10-13","Micrograms/cubic meter (LC)","None",1,100.0,6,6,0,25,"117","R & P Model 2000 PM2.5 Sampler w/WINS - GRAVIMETRIC","MILWAUKEE - SIXTEENTH ST. HEALTH CENTER","HEALTH CENTER, 1337 SO 16TH ST","Wisconsin","Milwaukee","Milwaukee","Milwaukee-Waukesha-West Allis, WI","2014-06-11"
"55","079","0010","88101",1,43.016667,-87.93333299999999,"WGS84","PM2.5 - Local Conditions","24 HOUR","PM25 24-hour 2012","1997-10-19","Micrograms/cubic meter (LC)","None",1,100.0,19,19,0,66,"117","R & P Model 2000 PM2.5 Sampler w/WINS - GRAVIMETRIC","MILWAUKEE - SIXTEENTH ST. HEALTH CENTER","HEALTH CENTER, 1337 SO 16TH ST","Wisconsin","Milwaukee","Milwaukee","Milwaukee-Waukesha-West Allis, WI","2014-06-11"
"55","079","0010","88101",1,43.016667,-87.93333299999999,"WGS84","PM2.5 - Local Conditions","24 HOUR","PM25 24-hour 2012","1997-10-25","Micrograms/cubic meter (LC)","None",1,100.0,3,3,0,13,"117","R & P Model 2000 PM2.5 Sampler w/WINS - GRAVIMETRIC","MILWAUKEE - SIXTEENTH ST. HEALTH CENTER","HEALTH CENTER, 1337 SO 16TH ST","Wisconsin","Milwaukee","Milwaukee","Milwaukee-Waukesha-West Allis, WI","2014-06-11"
"55","079","0010","88101",1,43.016667,-87.93333299999999,"WGS84","PM2.5 - Local Conditions","24 HOUR","PM25 24-hour 2012","1997-10-31","Micrograms/cubic meter (LC)","None",1,100.0,31,31,0,91,"117","R & P Model 2000 PM2.5 Sampler w/WINS - GRAVIMETRIC","MILWAUKEE - SIXTEENTH ST. HEALTH CENTER","HEALTH CENTER, 1337 SO 16TH ST","Wisconsin","Milwaukee","Milwaukee","Milwaukee-Waukesha-West Allis, WI","2014-06-11"
"55","079","0010","88101",1,43.016667,-87.93333299999999,"WGS84","PM2.5 - Local Conditions","24 HOUR","PM25 24-hour 2012","1997-11-06","Micrograms/cubic meter (LC)","None",1,100.0,8,8,0,33,"117","R & P Model 2000 PM2.5 Sampler w/WINS - GRAVIMETRIC","MILWAUKEE - SIXTEENTH ST. HEALTH CENTER","HEALTH CENTER, 1337 SO 16TH ST","Wisconsin","Milwaukee","Milwaukee","Milwaukee-Waukesha-West Allis, WI","2014-06-11"
"55","079","0010","88101",1,43.016667,-87.93333299999999,"WGS84","PM2.5 - Local Conditions","24 HOUR","PM25 24-hour 2012","1997-11-12","Micrograms/cubic meter (LC)","None",1,100.0,14,14,0,55,"117","R & P Model 2000 PM2.5 Sampler w/WINS - GRAVIMETRIC","MILWAUKEE - SIXTEENTH ST. HEALTH CENTER","HEALTH CENTER, 1337 SO 16TH ST","Wisconsin","Milwaukee","Milwaukee","Milwaukee-Waukesha-West Allis, WI","2014-06-11"
"55","079","0010","88101",1,43.016667,-87.93333299999999,"WGS84","PM2.5 - Local Conditions","24 HOUR","PM25 24-hour 2012","1997-11-18","Micrograms/cubic meter (LC)","None",1,100.0,24,24,0,76,"117","R & P Model 2000 PM2.5 Sampler w/WINS - GRAVIMETRIC","MILWAUKEE - SIXTEENTH ST. HEALTH CENTER","HEALTH CENTER, 1337 SO 16TH ST","Wisconsin","Milwaukee","Milwaukee","Milwaukee-Waukesha-West Allis, WI","2014-06-11"
"55","079","0010","88101",1,43.016667,-87.93333299999999,"WGS84","PM2.5 - Local Conditions","24 HOUR","PM25 24-hour 2012","1997-11-24","Micrograms/cubic meter (LC)","None",1,100.0,30,30,0,89,"117","R & P Model 2000 PM2.5 Sampler w/WINS - GRAVIMETRIC","MILWAUKEE - SIXTEENTH ST. HEALTH CENTER","HEALTH CENTER, 1337 SO 16TH ST","Wisconsin","Milwaukee","Milwaukee","Milwaukee-Waukesha-West Allis, WI","2014-06-11"
"55","079","0010","88101",1,43.016667,-87.93333299999999,"WGS84","PM2.5 - Local Conditions","24 HOUR","PM25 24-hour 2012","1997-11-30","Micrograms/cubic meter (LC)","None",1,100.0,13,13,0,53,"117","R & P Model 2000 PM2.5 Sampler w/WINS - GRAVIMETRIC","MILWAUKEE - SIXTEENTH ST. HEALTH CENTER","HEALTH CENTER, 1337 SO 16TH ST","Wisconsin","Milwaukee","Milwaukee","Milwaukee-Waukesha-West Allis, WI","2014-06-11"
"55","079","0010","88101",1,43.016667,-87.93333299999999,"WGS84","PM2.5 - Local Conditions","24 HOUR","PM25 24-hour 2012","1997-12-06","Micrograms/cubic meter (LC)","None",1,100.0,6,6,0,25,"117","R & P Model 2000 PM2.5 Sampler w/WINS - GRAVIMETRIC","MILWAUKEE - SIXTEENTH ST. HEALTH CENTER","HEALTH CENTER, 1337 SO 16TH ST","Wisconsin","Milwaukee","Milwaukee","Milwaukee-Waukesha-West Allis, WI","2014-06-11"
"55","079","0010","88101",1,43.016667,-87.93333299999999,"WGS84","PM2.5 - Local Conditions","24 HOUR","PM25 24-hour 2012","1997-12-12","Micrograms/cubic meter (LC)","None",1,100.0,14,14,0,55,"117","R & P Model 2000 PM2.5 Sampler w/WINS - GRAVIMETRIC","MILWAUKEE - SIXTEENTH ST. HEALTH CENTER","HEALTH CENTER, 1337 SO 16TH ST","Wisconsin","Milwaukee","Milwaukee","Milwaukee-Waukesha-West Allis, WI","2014-06-11"
"55","079","0010","88101",1,43.016667,-87.93333299999999,"WGS84","PM2.5 - Local Conditions","24 HOUR","PM25 24-hour 2012","1997-12-18","Micrograms/cubic meter (LC)","None",1,100.0,27,27,0,82,"117","R & P Model 2000 PM2.5 Sampler w/WINS - GRAVIMETRIC","MILWAUKEE - SIXTEENTH ST. HEALTH CENTER","HEALTH CENTER, 1337 SO 16TH ST","Wisconsin","Milwaukee","Milwaukee","Milwaukee-Waukesha-West Allis, WI","2014-06-11"
"55","079","0010","88101",1,43.016667,-87.93333299999999,"WGS84","PM2.5 - Local Conditions","24 HOUR","PM25 24-hour 2012","1997-12-24","Micrograms/cubic meter (LC)","None",1,100.0,27,27,0,82,"117","R & P Model 2000 PM2.5 Sampler w/WINS - GRAVIMETRIC","MILWAUKEE - SIXTEENTH ST. HEALTH CENTER","HEALTH CENTER, 1337 SO 16TH ST","Wisconsin","Milwaukee","Milwaukee","Milwaukee-Waukesha-West Allis, WI","2014-06-11"
"55","079","0010","88101",1,43.016667,-87.93333299999999,"WGS84","PM2.5 - Local Conditions","24 HOUR","PM25 24-hour 2012","1997-12-30","Micrograms/cubic meter (LC)","None",1,100.0,9,9,0,38,"117","R & P Model 2000 PM2.5 Sampler w/WINS - GRAVIMETRIC","MILWAUKEE - SIXTEENTH ST. HEALTH CENTER","HEALTH CENTER, 1337 SO 16TH ST","Wisconsin","Milwaukee","Milwaukee","Milwaukee-Waukesha-West Allis, WI","2014-06-11"
"55","133","0027","88101",1,43.020075,-88.21507,"WGS84","PM2.5 - Local Conditions","24 HOUR","PM25 24-hour 2012","1997-04-04","Micrograms/cubic meter (LC)","None",1,100.0,31,31,0,91,"117","R & P Model 2000 PM2.5 Sampler w/WINS - GRAVIMETRIC","WAUKESHA - CLEVELAND AVE","1310 CLEVELAND AVE","Wisconsin","Waukesha","Waukesha","Milwaukee-Waukesha-West Allis, WI","2014-06-11"
"55","133","0027","88101",1,43.020075,-88.21507,"WGS84","PM2.5 - Local Conditions","24 HOUR","PM25 24-hour 2012","1997-04-10","Micrograms/cubic meter (LC)","None",1,100.0,25,25,0,78,"117","R & P Model 2000 PM2.5 Sampler w/WINS - GRAVIMETRIC","WAUKESHA - CLEVELAND AVE","1310 CLEVELAND AVE","Wisconsin","Waukesha","Waukesha","Milwaukee-Waukesha-West Allis, WI","2014-06-11"
"55","133","0027","88101",1,43.020075,-88.21507,"WGS84","PM2.5 - Local Conditions","24 HOUR","PM25 24-hour 2012","1997-04-16","Micrograms/cubic meter (LC)","None",1,100.0,12,12,0,50,"117","R & P Model 2000 PM2.5 Sampler w/WINS - GRAVIMETRIC","WAUKESHA - CLEVELAND AVE","1310 CLEVELAND AVE","Wisconsin","Waukesha","Waukesha","Milwaukee-Waukesha-West Allis, WI","2014-06-11"
"55","133","0027","88101",1,43.020075,-88.21507,"WGS84","PM2.5 - Local Conditions","24 HOUR","PM25 24-hour 2012","1997-04-22","Micrograms/cubic meter (LC)","None",1,100.0,5,5,0,21,"117","R & P Model 2000 PM2.5 Sampler w/WINS - GRAVIMETRIC","WAUKESHA - CLEVELAND AVE","1310 CLEVELAND AVE","Wisconsin","Waukesha","Waukesha","Milwaukee-Waukesha-West Allis, WI","2014-06-11"
"55","133","0027","88101",1,43.020075,-88.21507,"WGS84","PM2.5 - Local Conditions","24 HOUR","PM25 24-hour 2012","1997-04-28","Micrograms/cubic meter (LC)","None",1,100.0,32,32,0,93,"117","R & P Model 2000 PM2.5 Sampler w/WINS - GRAVIMETRIC","WAUKESHA - CLEVELAND AVE","1310 CLEVELAND AVE","Wisconsin","Waukesha","Waukesha","Milwaukee-Waukesha-West Allis, WI","2014-06-11"
"55","133","0027","88101",1,43.020075,-88.21507,"WGS84","PM2.5 - Local Conditions","24 HOUR","PM25 24-hour 2012","1997-05-04","Micrograms/cubic meter (LC)","None",1,100.0,2,2,0,8,"117","R & P Model 2000 PM2.5 Sampler w/WINS - GRAVIMETRIC","WAUKESHA - CLEVELAND AVE","1310 CLEVELAND AVE","Wisconsin","Waukesha","Waukesha","Milwaukee-Waukesha-West Allis, WI","2014-06-11"
"55","133","0027","88101",1,43.020075,-88.21507,"WGS84","PM2.5 - Local Conditions","24 HOUR","PM25 24-hour 2012","1997-05-10","Micrograms/cubic meter (LC)","None",1,100.0,7,7,0,29,"117","R & P Model 2000 PM2.5 Sampler w/WINS - GRAVIMETRIC","WAUKESHA - CLEVELAND AVE","1310 CLEVELAND AVE","Wisconsin","Waukesha","Waukesha","Milwaukee-Waukesha-West Allis, WI","2014-06-11"
"55","133","0027","88101",1,43.020075,-88.21507,"WGS84","PM2.5 - Local Conditions","24 HOUR","PM25 24-hour 2012","1997-05-16","Micrograms/cubic meter (LC)","None",1,100.0,10,10,0,42,"117","R & P Model 2000 PM2.5 Sampler w/WINS - GRAVIMETRIC","WAUKESHA - CLEVELAND AVE","1310 CLEVELAND AVE","Wisconsin","Waukesha","Waukesha","Milwaukee-Waukesha-West Allis, WI","2014-06-11"
"55","133","0027","88101",1,43.020075,-88.21507,"WGS84","PM2.5 - Local Conditions","24 HOUR","PM25 24-hour 2012","1997-05-22","Micrograms/cubic meter (LC)","None",1,100.0,8,8,0,33,"117","R & P Model 2000 PM2.5 Sampler w/WINS - GRAVIMETRIC","WAUKESHA - CLEVELAND AVE","1310 CLEVELAND AVE","Wisconsin","Waukesha","Waukesha","Milwaukee-Waukesha-West Allis, WI","2014-06-11"
"55","133","0027","88101",1,43.020075,-88.21507,"WGS84","PM2.5 - Local Conditions","24 HOUR","PM25 24-hour 2012","1997-05-28","Micrograms/cubic meter (LC)","None",1,100.0,13,13,0,53,"117","R & P Model 2000 PM2.5 Sampler w/WINS - GRAVIMETRIC","WAUKESHA - CLEVELAND AVE","1310 CLEVELAND AVE","Wisconsin","Waukesha","Waukesha","Milwaukee-Waukesha-West Allis, WI","2014-06-11"
"55","133","0027","88101",1,43.020075,-88.21507,"WGS84","PM2.5 - Local Conditions","24 HOUR","PM25 24-hour 2012","1997-06-03","Micrograms/cubic meter (LC)","None",1,100.0,12,12,0,50,"117","R & P Model 2000 PM2.5 Sampler w/WINS - GRAVIMETRIC","WAUKESHA - CLEVELAND AVE","1310 CLEVELAND AVE","Wisconsin","Waukesha","Waukesha","Milwaukee-Waukesha-West Allis, WI","2014-06-11"
"55","133","0027","88101",1,43.020075,-88.21507,"WGS84","PM2.5 - Local Conditions","24 HOUR","PM25 24-hour 2012","1997-06-09","Micrograms/cubic meter (LC)","None",1,100.0,17,17,0,61,"117","R & P Model 2000 PM2.5 Sampler w/WINS - GRAVIMETRIC","WAUKESHA - CLEVELAND AVE","1310 CLEVELAND AVE","Wisconsin","Waukesha","Waukesha","Milwaukee-Waukesha-West Allis, WI","2014-06-11"
"55","133","0027","88101",1,43.020075,-88.21507,"WGS84","PM2.5 - Local Conditions","24 HOUR","PM25 24-hour 2012","1997-06-15","Micrograms/cubic meter (LC)","None",1,100.0,3,3,0,13,"117","R & P Model 2000 PM2.5 Sampler w/WINS - GRAVIMETRIC","WAUKESHA - CLEVELAND AVE","1310 CLEVELAND AVE","Wisconsin","Waukesha","Waukesha","Milwaukee-Waukesha-West Allis, WI","2014-06-11"
"55","133","0027","88101",1,43.020075,-88.21507,"WGS84","PM2.5 - Local Conditions","24 HOUR","PM25 24-hour 2012","1997-06-21","Micrograms/cubic meter (LC)","None",1,100.0,12,12,0,50,"117","R & P Model 2000 PM2.5 Sampler w/WINS - GRAVIMETRIC","WAUKESHA - CLEVELAND AVE","1310 CLEVELAND AVE","Wisconsin","Waukesha","Waukesha","Milwaukee-Waukesha-West Allis, WI","2014-06-11"
"55","133","0027","88101",1,43.020075,-88.21507,"WGS84","PM2.5 - Local Conditions","24 HOUR","PM25 24-hour 2012","1997-06-27","Micrograms/cubic meter (LC)","None",1,100.0,18,18,0,63,"117","R & P Model 2000 PM2.5 Sampler w/WINS - GRAVIMETRIC","WAUKESHA - CLEVELAND AVE","1310 CLEVELAND AVE","Wisconsin","Waukesha","Waukesha","Milwaukee-Waukesha-West Allis, WI","2014-06-11"
"55","133","0027","88101",1,43.020075,-88.21507,"WGS84","PM2.5 - Local Conditions","24 HOUR","PM25 24-hour 2012","1997-07-03","Micrograms/cubic meter (LC)","None",1,100.0,10,10,0,42,"117","R & P Model 2000 PM2.5 Sampler w/WINS - GRAVIMETRIC","WAUKESHA - CLEVELAND AVE","1310 CLEVELAND AVE","Wisconsin","Waukesha","Waukesha","Milwaukee-Waukesha-West Allis, WI","2014-06-11"
"55","133","0027","88101",1,43.020075,-88.21507,"WGS84","PM2.5 - Local Conditions","24 HOUR","PM25 24-hour 2012","1997-07-09","Micrograms/cubic meter (LC)","None",1,100.0,9,9,0,38,"117","R & P Model 2000 PM2.5 Sampler w/WINS - GRAVIMETRIC","WAUKESHA - CLEVELAND AVE","1310 CLEVELAND AVE","Wisconsin","Waukesha","Waukesha","Milwaukee-Waukesha-West Allis, WI","2014-06-11"
"55","133","0027","88101",1,43.020075,-88.21507,"WGS84","PM2.5 - Local Conditions","24 HOUR","PM25 24-hour 2012","1997-07-15","Micrograms/cubic meter (LC)","None",1,100.0,11,11,0,46,"117","R & P Model 2000 PM2.5 Sampler w/WINS - GRAVIMETRIC","WAUKESHA - CLEVELAND AVE","1310 CLEVELAND AVE","Wisconsin","Waukesha","Waukesha","Milwaukee-Waukesha-West Allis, WI","2014-06-11"
"55","133","0027","88101",1,43.020075,-88.21507,"WGS84","PM2.5 - Local Conditions","24 HOUR","PM25 24-hour 2012","1997-07-21","Micrograms/cubic meter (LC)","None",1,100.0,20,20,0,68,"117","R & P Model 2000 PM2.5 Sampler w/WINS - GRAVIMETRIC","WAUKESHA - CLEVELAND AVE","1310 CLEVELAND AVE","Wisconsin","Waukesha","Waukesha","Milwaukee-Waukesha-West Allis, WI","2014-06-11"
"55","133","0027","88101",1,43.020075,-88.21507,"WGS84","PM2.5 - Local Conditions","24 HOUR","PM25 24-hour 2012","1997-07-27","Micrograms/cubic meter (LC)","None",1,100.0,14,14,0,55,"117","R & P Model 2000 PM2.5 Sampler w/WINS - GRAVIMETRIC","WAUKESHA - CLEVELAND AVE","1310 CLEVELAND AVE","Wisconsin","Waukesha","Waukesha","Milwaukee-Waukesha-West Allis, WI","2014-06-11"
"55","133","0027","88101",1,43.020075,-88.21507,"WGS84","PM2.5 - Local Conditions","24 HOUR","PM25 24-hour 2012","1997-08-02","Micrograms/cubic meter (LC)","None",1,100.0,20,20,0,68,"117","R & P Model 2000 PM2.5 Sampler w/WINS - GRAVIMETRIC","WAUKESHA - CLEVELAND AVE","1310 CLEVELAND AVE","Wisconsin","Waukesha","Waukesha","Milwaukee-Waukesha-West Allis, WI","2014-06-11"
"55","133","0027","88101",1,43.020075,-88.21507,"WGS84","PM2.5 - Local Conditions","24 HOUR","PM25 24-hour 2012","1997-08-08","Micrograms/cubic meter (LC)","None",1,100.0,24,24,0,76,"117","R & P Model 2000 PM2.5 Sampler w/WINS - GRAVIMETRIC","WAUKESHA - CLEVELAND AVE","1310 CLEVELAND AVE","Wisconsin","Waukesha","Waukesha","Milwaukee-Waukesha-West Allis, WI","2014-06-11"
"55","133","0027","88101",1,43.020075,-88.21507,"WGS84","PM2.5 - Local Conditions","24 HOUR","PM25 24-hour 2012","1997-08-14","Micrograms/cubic meter (LC)","None",1,100.0,18,18,0,63,"117","R & P Model 2000 PM2.5 Sampler w/WINS - GRAVIMETRIC","WAUKESHA - CLEVELAND AVE","1310 CLEVELAND AVE","Wisconsin","Waukesha","Waukesha","Milwaukee-Waukesha-West Allis, WI","2014-06-11"
"55","133","0027","88101",1,43.020075,-88.21507,"WGS84","PM2.5 - Local Conditions","24 HOUR","PM25 24-hour 2012","1997-08-20","Micrograms/cubic meter (LC)","None",1,100.0,16,16,0,59,"117","R & P Model 2000 PM2.5 Sampler w/WINS - GRAVIMETRIC","WAUKESHA - CLEVELAND AVE","1310 CLEVELAND AVE","Wisconsin","Waukesha","Waukesha","Milwaukee-Waukesha-West Allis, WI","2014-06-11"
"55","133","0027","88101",1,43.020075,-88.21507,"WGS84","PM2.5 - Local Conditions","24 HOUR","PM25 24-hour 2012","1997-08-26","Micrograms/cubic meter (LC)","None",1,100.0,31,31,0,91,"117","R & P Model 2000 PM2.5 Sampler w/WINS - GRAVIMETRIC","WAUKESHA - CLEVELAND AVE","1310 CLEVELAND AVE","Wisconsin","Waukesha","Waukesha","Milwaukee-Waukesha-West Allis, WI","2014-06-11"
"55","133","0027","88101",1,43.020075,-88.21507,"WGS84","PM2.5 - Local Conditions","24 HOUR","PM25 24-hour 2012","1997-09-01","Micrograms/cubic meter (LC)","None",1,100.0,16,16,0,59,"117","R & P Model 2000 PM2.5 Sampler w/WINS - GRAVIMETRIC","WAUKESHA - CLEVELAND AVE","1310 CLEVELAND AVE","Wisconsin","Waukesha","Waukesha","Milwaukee-Waukesha-West Allis, WI","2014-06-11"
"55","133","0027","88101",1,43.020075,-88.21507,"WGS84","PM2.5 - Local Conditions","24 HOUR","PM25 24-hour 2012","1997-09-19","Micrograms/cubic meter (LC)","None",1,100.0,19,19,0,66,"117","R & P Model 2000 PM2.5 Sampler w/WINS - GRAVIMETRIC","WAUKESHA - CLEVELAND AVE","1310 CLEVELAND AVE","Wisconsin","Waukesha","Waukesha","Milwaukee-Waukesha-West Allis, WI","2014-06-11"
"55","133","0027","88101",1,43.020075,-88.21507,"WGS84","PM2.5 - Local Conditions","24 HOUR","PM25 24-hour 2012","1997-09-25","Micrograms/cubic meter (LC)","None",1,100.0,10,10,0,42,"117","R & P Model 2000 PM2.5 Sampler w/WINS - GRAVIMETRIC","WAUKESHA - CLEVELAND AVE","1310 CLEVELAND AVE","Wisconsin","Waukesha","Waukesha","Milwaukee-Waukesha-West Allis, WI","2014-06-11"
"55","133","0027","88101",1,43.020075,-88.21507,"WGS84","PM2.5 - Local Conditions","24 HOUR","PM25 24-hour 2012","1997-10-01","Micrograms/cubic meter (LC)","None",1,100.0,7,7,0,29,"117","R & P Model 2000 PM2.5 Sampler w/WINS - GRAVIMETRIC","WAUKESHA - CLEVELAND AVE","1310 CLEVELAND AVE","Wisconsin","Waukesha","Waukesha","Milwaukee-Waukesha-West Allis, WI","2014-06-11"
"55","133","0027","88101",1,43.020075,-88.21507,"WGS84","PM2.5 - Local Conditions","24 HOUR","PM25 24-hour 2012","1997-10-07","Micrograms/cubic meter (LC)","None",1,100.0,26,26,0,80,"117","R & P Model 2000 PM2.5 Sampler w/WINS - GRAVIMETRIC","WAUKESHA - CLEVELAND AVE","1310 CLEVELAND AVE","Wisconsin","Waukesha","Waukesha","Milwaukee-Waukesha-West Allis, WI","2014-06-11"
"55","133","0027","88101",1,43.020075,-88.21507,"WGS84","PM2.5 - Local Conditions","24 HOUR","PM25 24-hour 2012","1997-10-13","Micrograms/cubic meter (LC)","None",1,100.0,8,8,0,33,"117","R & P Model 2000 PM2.5 Sampler w/WINS - GRAVIMETRIC","WAUKESHA - CLEVELAND AVE","1310 CLEVELAND AVE","Wisconsin","Waukesha","Waukesha","Milwaukee-Waukesha-West Allis, WI","2014-06-11"
"55","133","0027","88101",1,43.020075,-88.21507,"WGS84","PM2.5 - Local Conditions","24 HOUR","PM25 24-hour 2012","1997-10-19","Micrograms/cubic meter (LC)","None",1,100.0,18,18,0,63,"117","R & P Model 2000 PM2.5 Sampler w/WINS - GRAVIMETRIC","WAUKESHA - CLEVELAND AVE","1310 CLEVELAND AVE","Wisconsin","Waukesha","Waukesha","Milwaukee-Waukesha-West Allis, WI","2014-06-11"
"55","133","0027","88101",1,43.020075,-88.21507,"WGS84","PM2.5 - Local Conditions","24 HOUR","PM25 24-hour 2012","1997-10-25","Micrograms/cubic meter (LC)","None",1,100.0,1,1,0,4,"117","R & P Model 2000 PM2.5 Sampler w/WINS - GRAVIMETRIC","WAUKESHA - CLEVELAND AVE","1310 CLEVELAND AVE","Wisconsin","Waukesha","Waukesha","Milwaukee-Waukesha-West Allis, WI","2014-06-11"
"55","133","0027","88101",1,43.020075,-88.21507,"WGS84","PM2.5 - Local Conditions","24 HOUR","PM25 24-hour 2012","1997-10-31","Micrograms/cubic meter (LC)","None",1,100.0,31,31,0,91,"117","R & P Model 2000 PM2.5 Sampler w/WINS - GRAVIMETRIC","WAUKESHA - CLEVELAND AVE","1310 CLEVELAND AVE","Wisconsin","Waukesha","Waukesha","Milwaukee-Waukesha-West Allis, WI","2014-06-11"
"55","133","0027","88101",1,43.020075,-88.21507,"WGS84","PM2.5 - Local Conditions","24 HOUR","PM25 24-hour 2012","1997-11-06","Micrograms/cubic meter (LC)","None",1,100.0,15,15,0,57,"117","R & P Model 2000 PM2.5 Sampler w/WINS - GRAVIMETRIC","WAUKESHA - CLEVELAND AVE","1310 CLEVELAND AVE","Wisconsin","Waukesha","Waukesha","Milwaukee-Waukesha-West Allis, WI","2014-06-11"
"55","133","0027","88101",1,43.020075,-88.21507,"WGS84","PM2.5 - Local Conditions","24 HOUR","PM25 24-hour 2012","1997-11-12","Micrograms/cubic meter (LC)","None",1,100.0,19,19,0,66,"117","R & P Model 2000 PM2.5 Sampler w/WINS - GRAVIMETRIC","WAUKESHA - CLEVELAND AVE","1310 CLEVELAND AVE","Wisconsin","Waukesha","Waukesha","Milwaukee-Waukesha-West Allis, WI","2014-06-11"
"55","133","0027","88101",1,43.020075,-88.21507,"WGS84","PM2.5 - Local Conditions","24 HOUR","PM25 24-hour 2012","1997-11-18","Micrograms/cubic meter (LC)","None",1,100.0,24,24,0,76,"117","R & P Model 2000 PM2.5 Sampler w/WINS - GRAVIMETRIC","WAUKESHA - CLEVELAND AVE","1310 CLEVELAND AVE","Wisconsin","Waukesha","Waukesha","Milwaukee-Waukesha-West Allis, WI","2014-06-11"
"55","133","0027","88101",1,43.020075,-88.21507,"WGS84","PM2.5 - Local Conditions","24 HOUR","PM25 24-hour 2012","1997-12-04","Micrograms/cubic meter (LC)","None",1,100.0,10,10,0,42,"117","R & P Model 2000 PM2.5 Sampler w/WINS - GRAVIMETRIC","WAUKESHA - CLEVELAND AVE","1310 CLEVELAND AVE","Wisconsin","Waukesha","Waukesha","Milwaukee-Waukesha-West Allis, WI","2014-06-11"
"55","133","0027","88101",1,43.020075,-88.21507,"WGS84","PM2.5 - Local Conditions","24 HOUR","PM25 24-hour 2012","1997-12-06","Micrograms/cubic meter (LC)","None",1,100.0,5,5,0,21,"117","R & P Model 2000 PM2.5 Sampler w/WINS - GRAVIMETRIC","WAUKESHA - CLEVELAND AVE","1310 CLEVELAND AVE","Wisconsin","Waukesha","Waukesha","Milwaukee-Waukesha-West Allis, WI","2014-06-11"
"55","133","0027","88101",1,43.020075,-88.21507,"WGS84","PM2.5 - Local Conditions","24 HOUR","PM25 24-hour 2012","1997-12-12","Micrograms/cubic meter (LC)","None",1,100.0,16,16,0,59,"117","R & P Model 2000 PM2.5 Sampler w/WINS - GRAVIMETRIC","WAUKESHA - CLEVELAND AVE","1310 CLEVELAND AVE","Wisconsin","Waukesha","Waukesha","Milwaukee-Waukesha-West Allis, WI","2014-06-11"
"55","133","0027","88101",1,43.020075,-88.21507,"WGS84","PM2.5 - Local Conditions","24 HOUR","PM25 24-hour 2012","1997-12-18","Micrograms/cubic meter (LC)","None",1,100.0,29,29,0,87,"117","R & P Model 2000 PM2.5 Sampler w/WINS - GRAVIMETRIC","WAUKESHA - CLEVELAND AVE","1310 CLEVELAND AVE","Wisconsin","Waukesha","Waukesha","Milwaukee-Waukesha-West Allis, WI","2014-06-11"
"55","133","0027","88101",1,43.020075,-88.21507,"WGS84","PM2.5 - Local Conditions","24 HOUR","PM25 24-hour 2012","1997-12-24","Micrograms/cubic meter (LC)","None",1,100.0,24,24,0,76,"117","R & P Model 2000 PM2.5 Sampler w/WINS - GRAVIMETRIC","WAUKESHA - CLEVELAND AVE","1310 CLEVELAND AVE","Wisconsin","Waukesha","Waukesha","Milwaukee-Waukesha-West Allis, WI","2014-06-11"
"55","133","0027","88101",1,43.020075,-88.21507,"WGS84","PM2.5 - Local Conditions","24 HOUR","PM25 24-hour 2012","1997-12-30","Micrograms/cubic meter (LC)","None",1,100.0,10,10,0,42,"117","R & P Model 2000 PM2.5 Sampler w/WINS - GRAVIMETRIC","WAUKESHA - CLEVELAND AVE","1310 CLEVELAND AVE","Wisconsin","Waukesha","Waukesha","Milwaukee-Waukesha-West Allis, WI","2014-06-11"
