{"EU27_2020": "European Union - 27 countries (from 2020)", "EU28": "European Union - 28 countries (2013-2020)", "BE": "Belgium", "BE1": "R\u00e9gion de Bruxelles-Capitale / Brussels Hoofdstedelijk Gewest", "BE10": "R\u00e9gion de Bruxelles-Capitale / Brussels Hoofdstedelijk Gewest", "BE100": "Arr. de Bruxelles-Capitale / Arr. van Brussel-Hoofdstad", "BE2": "Vlaams Gewest", "BE21": "Prov. Antwerpen", "BE211": "Arr. Antwerpen", "BE212": "Arr. Mechelen", "BE213": "Arr. Turnhout", "BE22": "Prov. Limburg (BE)", "BE221": "Arr. Hasselt", "BE222": "Arr. Maaseik", "BE223": "Arr. Tongeren", "BE23": "Prov. Oost-Vlaanderen", "BE231": "Arr. Aalst", "BE232": "Arr. Dendermonde", "BE233": "Arr. Eeklo", "BE234": "Arr. Gent", "BE235": "Arr. Oudenaarde", "BE236": "Arr. Sint-Niklaas", "BE24": "Prov. Vlaams-Brabant", "BE241": "Arr. Halle-Vilvoorde", "BE242": "Arr. Leuven", "BE25": "Prov. West-Vlaanderen", "BE251": "Arr. Brugge", "BE252": "Arr. Diksmuide", "BE253": "Arr. Ieper", "BE254": "Arr. Kortrijk", "BE255": "Arr. Oostende", "BE256": "Arr. Roeselare", "BE257": "Arr. Tielt", "BE258": "Arr. Veurne", "BE3": "R\u00e9gion wallonne", "BE31": "Prov. Brabant wallon", "BE310": "Arr. Nivelles", "BE32": "Prov. Hainaut", "BE321": "Arr. Ath", "BE322": "Arr. Charleroi", "BE323": "Arr. Mons", "BE324": "Arr. Mouscron", "BE325": "Arr. Soignies", "BE326": "Arr. Thuin", "BE327": "Arr. Tournai", "BE33": "Prov. Li\u00e8ge", "BE331": "Arr. Huy", "BE332": "Arr. Li\u00e8ge", "BE334": "Arr. Waremme", "BE335": "Arr. Verviers - communes francophones", "BE336": "Bezirk Verviers - Deutschsprachige Gemeinschaft", "BE34": "Prov. Luxembourg (BE)", "BE341": "Arr. Arlon", "BE342": "Arr. Bastogne", "BE343": "Arr. Marche-en-Famenne", "BE344": "Arr. Neufch\u00e2teau", "BE345": "Arr. Virton", "BE35": "Prov. Namur", "BE351": "Arr. Dinant", "BE352": "Arr. Namur", "BE353": "Arr. Philippeville", "BEZ": "Extra-Regio NUTS 1", "BEZZ": "Extra-Regio NUTS 2", "BEZZZ": "Extra-Regio NUTS 3", "BG": "Bulgaria", "BG3": "Severna i yugoiztochna Bulgaria", "BG31": "Severozapaden", "BG311": "Vidin", "BG312": "Montana", "BG313": "Vratsa", "BG314": "Pleven", "BG315": "Lovech", "BG32": "Severen tsentralen", "BG321": "Veliko Tarnovo", "BG322": "Gabrovo", "BG323": "Ruse", "BG324": "Razgrad", "BG325": "Silistra", "BG33": "Severoiztochen", "BG331": "Varna", "BG332": "Dobrich", "BG333": "Shumen", "BG334": "Targovishte", "BG34": "Yugoiztochen", "BG341": "Burgas", "BG342": "Sliven", "BG343": "Yambol", "BG344": "Stara Zagora", "BG4": "Yugozapadna i yuzhna tsentralna Bulgaria", "BG41": "Yugozapaden", "BG411": "Sofia (stolitsa)", "BG412": "Sofia", "BG413": "Blagoevgrad", "BG414": "Pernik", "BG415": "Kyustendil", "BG42": "Yuzhen tsentralen", "BG421": "Plovdiv", "BG422": "Haskovo", "BG423": "Pazardzhik", "BG424": "Smolyan", "BG425": "Kardzhali", "CZ": "Czechia", "CZ0": "Cesko", "CZ01": "Praha", "CZ010": "Hlavn\u00ed mesto Praha", "CZ02": "Stredn\u00ed Cechy", "CZ020": "Stredocesk\u00fd kraj", "CZ03": "Jihoz\u00e1pad", "CZ031": "Jihoceck\u00fd kraj", "CZ032": "Plzensk\u00fd kraj", "CZ04": "Severoz\u00e1pad", "CZ041": "Karlovarsk\u00fd kraj", "CZ042": "\u00dasteck\u00fd kraj", "CZ05": "Severov\u00fdchod", "CZ051": "Libereck\u00fd kraj", "CZ052": "Kr\u00e1lov\u00e9hradeck\u00fd kraj", "CZ053": "Pardubick\u00fd kraj", "CZ06": "Jihov\u00fdchod", "CZ063": "Kraj Vysocina", "CZ064": "Jihomoravsk\u00fd kraj", "CZ07": "Stredn\u00ed Morava", "CZ071": "Olomouck\u00fd kraj", "CZ072": "Zl\u00ednsk\u00fd kraj", "CZ08": "Moravskoslezsko", "CZ080": "Moravskoslezsk\u00fd kraj", "DK": "Denmark", "DK0": "Danmark", "DK01": "Hovedstaden", "DK011": "Byen K\u00f8benhavn", "DK012": "K\u00f8benhavns omegn", "DK013": "Nordsj\u00e6lland", "DK014": "Bornholm", "DK02": "Sj\u00e6lland", "DK021": "\u00d8stsj\u00e6lland", "DK022": "Vest- og Sydsj\u00e6lland", "DK03": "Syddanmark", "DK031": "Fyn", "DK032": "Sydjylland", "DK04": "Midtjylland", "DK041": "Vestjylland", "DK042": "\u00d8stjylland", "DK05": "Nordjylland", "DK050": "Nordjylland", "DKZ": "Extra-Regio NUTS 1", "DKZZ": "Extra-Regio NUTS 2", "DKZZZ": "Extra-Regio NUTS 3", "DE": "Germany (until 1990 former territory of the FRG)", "DE1": "Baden-W\u00fcrttemberg", "DE11": "Stuttgart", "DE111": "Stuttgart, Stadtkreis", "DE112": "B\u00f6blingen", "DE113": "Esslingen", "DE114": "G\u00f6ppingen", "DE115": "Ludwigsburg", "DE116": "Rems-Murr-Kreis", "DE117": "Heilbronn, Stadtkreis", "DE118": "Heilbronn, Landkreis", "DE119": "Hohenlohekreis", "DE11A": "Schw\u00e4bisch Hall", "DE11B": "Main-Tauber-Kreis", "DE11C": "Heidenheim", "DE11D": "Ostalbkreis", "DE12": "Karlsruhe", "DE121": "Baden-Baden, Stadtkreis", "DE122": "Karlsruhe, Stadtkreis", "DE123": "Karlsruhe, Landkreis", "DE124": "Rastatt", "DE125": "Heidelberg, Stadtkreis", "DE126": "Mannheim, Stadtkreis", "DE127": "Neckar-Odenwald-Kreis", "DE128": "Rhein-Neckar-Kreis", "DE129": "Pforzheim, Stadtkreis", "DE12A": "Calw", "DE12B": "Enzkreis", "DE12C": "Freudenstadt", "DE13": "Freiburg", "DE131": "Freiburg im Breisgau, Stadtkreis", "DE132": "Breisgau-Hochschwarzwald", "DE133": "Emmendingen", "DE134": "Ortenaukreis", "DE135": "Rottweil", "DE136": "Schwarzwald-Baar-Kreis", "DE137": "Tuttlingen", "DE138": "Konstanz", "DE139": "L\u00f6rrach", "DE13A": "Waldshut", "DE14": "T\u00fcbingen", "DE141": "Reutlingen", "DE142": "T\u00fcbingen, Landkreis", "DE143": "Zollernalbkreis", "DE144": "Ulm, Stadtkreis", "DE145": "Alb-Donau-Kreis", "DE146": "Biberach", "DE147": "Bodenseekreis", "DE148": "Ravensburg", "DE149": "Sigmaringen", "DE2": "Bayern", "DE21": "Oberbayern", "DE211": "Ingolstadt, Kreisfreie Stadt", "DE212": "M\u00fcnchen, Kreisfreie Stadt", "DE213": "Rosenheim, Kreisfreie Stadt", "DE214": "Alt\u00f6tting", "DE215": "Berchtesgadener Land", "DE216": "Bad T\u00f6lz-Wolfratshausen", "DE217": "Dachau", "DE218": "Ebersberg", "DE219": "Eichst\u00e4tt", "DE21A": "Erding", "DE21B": "Freising", "DE21C": "F\u00fcrstenfeldbruck", "DE21D": "Garmisch-Partenkirchen", "DE21E": "Landsberg am Lech", "DE21F": "Miesbach", "DE21G": "M\u00fchldorf am Inn", "DE21H": "M\u00fcnchen, Landkreis", "DE21I": "Neuburg-Schrobenhausen", "DE21J": "Pfaffenhofen an der Ilm", "DE21K": "Rosenheim, Landkreis", "DE21L": "Starnberg", "DE21M": "Traunstein", "DE21N": "Weilheim-Schongau", "DE22": "Niederbayern", "DE221": "Landshut, Kreisfreie Stadt", "DE222": "Passau, Kreisfreie Stadt", "DE223": "Straubing, Kreisfreie Stadt", "DE224": "Deggendorf", "DE225": "Freyung-Grafenau", "DE226": "Kelheim", "DE227": "Landshut, Landkreis", "DE228": "Passau, Landkreis", "DE229": "Regen", "DE22A": "Rottal-Inn", "DE22B": "Straubing-Bogen", "DE22C": "Dingolfing-Landau", "DE23": "Oberpfalz", "DE231": "Amberg, Kreisfreie Stadt", "DE232": "Regensburg, Kreisfreie Stadt", "DE233": "Weiden in der Oberpfalz, Kreisfreie Stadt", "DE234": "Amberg-Sulzbach", "DE235": "Cham", "DE236": "Neumarkt in der Oberpfalz", "DE237": "Neustadt an der Waldnaab", "DE238": "Regensburg, Landkreis", "DE239": "Schwandorf", "DE23A": "Tirschenreuth", "DE24": "Oberfranken", "DE241": "Bamberg, Kreisfreie Stadt", "DE242": "Bayreuth, Kreisfreie Stadt", "DE243": "Coburg, Kreisfreie Stadt", "DE244": "Hof, Kreisfreie Stadt", "DE245": "Bamberg, Landkreis", "DE246": "Bayreuth, Landkreis", "DE247": "Coburg, Landkreis", "DE248": "Forchheim", "DE249": "Hof, Landkreis", "DE24A": "Kronach", "DE24B": "Kulmbach", "DE24C": "Lichtenfels", "DE24D": "Wunsiedel im Fichtelgebirge", "DE25": "Mittelfranken", "DE251": "Ansbach, Kreisfreie Stadt", "DE252": "Erlangen, Kreisfreie Stadt", "DE253": "F\u00fcrth, Kreisfreie Stadt", "DE254": "N\u00fcrnberg, Kreisfreie Stadt", "DE255": "Schwabach, Kreisfreie Stadt", "DE256": "Ansbach, Landkreis", "DE257": "Erlangen-H\u00f6chstadt", "DE258": "F\u00fcrth, Landkreis", "DE259": "N\u00fcrnberger Land", "DE25A": "Neustadt an der Aisch-Bad Windsheim", "DE25B": "Roth", "DE25C": "Wei\u00dfenburg-Gunzenhausen", "DE26": "Unterfranken", "DE261": "Aschaffenburg, Kreisfreie Stadt", "DE262": "Schweinfurt, Kreisfreie Stadt", "DE263": "W\u00fcrzburg, Kreisfreie Stadt", "DE264": "Aschaffenburg, Landkreis", "DE265": "Bad Kissingen", "DE266": "Rh\u00f6n-Grabfeld", "DE267": "Ha\u00dfberge", "DE268": "Kitzingen", "DE269": "Miltenberg", "DE26A": "Main-Spessart", "DE26B": "Schweinfurt, Landkreis", "DE26C": "W\u00fcrzburg, Landkreis", "DE27": "Schwaben", "DE271": "Augsburg, Kreisfreie Stadt", "DE272": "Kaufbeuren, Kreisfreie Stadt", "DE273": "Kempten (Allg\u00e4u), Kreisfreie Stadt", "DE274": "Memmingen, Kreisfreie Stadt", "DE275": "Aichach-Friedberg", "DE276": "Augsburg, Landkreis", "DE277": "Dillingen an der Donau", "DE278": "G\u00fcnzburg", "DE279": "Neu-Ulm", "DE27A": "Lindau (Bodensee)", "DE27B": "Ostallg\u00e4u", "DE27C": "Unterallg\u00e4u", "DE27D": "Donau-Ries", "DE27E": "Oberallg\u00e4u", "DE3": "Berlin", "DE30": "Berlin", "DE300": "Berlin", "DE4": "Brandenburg", "DE40": "Brandenburg", "DE401": "Brandenburg an der Havel, Kreisfreie Stadt", "DE402": "Cottbus, Kreisfreie Stadt", "DE403": "Frankfurt (Oder), Kreisfreie Stadt", "DE404": "Potsdam, Kreisfreie Stadt", "DE405": "Barnim", "DE406": "Dahme-Spreewald", "DE407": "Elbe-Elster", "DE408": "Havelland", "DE409": "M\u00e4rkisch-Oderland", "DE40A": "Oberhavel", "DE40B": "Oberspreewald-Lausitz", "DE40C": "Oder-Spree", "DE40D": "Ostprignitz-Ruppin", "DE40E": "Potsdam-Mittelmark", "DE40F": "Prignitz", "DE40G": "Spree-Nei\u00dfe", "DE40H": "Teltow-Fl\u00e4ming", "DE40I": "Uckermark", "DE5": "Bremen", "DE50": "Bremen", "DE501": "Bremen, Kreisfreie Stadt", "DE502": "Bremerhaven, Kreisfreie Stadt", "DE6": "Hamburg", "DE60": "Hamburg", "DE600": "Hamburg", "DE7": "Hessen", "DE71": "Darmstadt", "DE711": "Darmstadt, Kreisfreie Stadt", "DE712": "Frankfurt am Main, Kreisfreie Stadt", "DE713": "Offenbach am Main, Kreisfreie Stadt", "DE714": "Wiesbaden, Kreisfreie Stadt", "DE715": "Bergstra\u00dfe", "DE716": "Darmstadt-Dieburg", "DE717": "Gro\u00df-Gerau", "DE718": "Hochtaunuskreis", "DE719": "Main-Kinzig-Kreis", "DE71A": "Main-Taunus-Kreis", "DE71B": "Odenwaldkreis", "DE71C": "Offenbach, Landkreis", "DE71D": "Rheingau-Taunus-Kreis", "DE71E": "Wetteraukreis", "DE72": "Gie\u00dfen", "DE721": "Gie\u00dfen, Landkreis", "DE722": "Lahn-Dill-Kreis", "DE723": "Limburg-Weilburg", "DE724": "Marburg-Biedenkopf", "DE725": "Vogelsbergkreis", "DE73": "Kassel", "DE731": "Kassel, Kreisfreie Stadt", "DE732": "Fulda", "DE733": "Hersfeld-Rotenburg", "DE734": "Kassel, Landkreis", "DE735": "Schwalm-Eder-Kreis", "DE736": "Waldeck-Frankenberg", "DE737": "Werra-Mei\u00dfner-Kreis", "DE8": "Mecklenburg-Vorpommern", "DE80": "Mecklenburg-Vorpommern", "DE803": "Rostock, Kreisfreie Stadt", "DE804": "Schwerin, Kreisfreie Stadt", "DE80J": "Mecklenburgische Seenplatte", "DE80K": "Landkreis Rostock", "DE80L": "Vorpommern-R\u00fcgen", "DE80M": "Nordwestmecklenburg", "DE80N": "Vorpommern-Greifswald", "DE80O": "Ludwigslust-Parchim", "DE9": "Niedersachsen", "DE91": "Braunschweig", "DE911": "Braunschweig, Kreisfreie Stadt", "DE912": "Salzgitter, Kreisfreie Stadt", "DE913": "Wolfsburg, Kreisfreie Stadt", "DE914": "Gifhorn", "DE916": "Goslar", "DE917": "Helmstedt", "DE918": "Northeim", "DE91A": "Peine", "DE91B": "Wolfenb\u00fcttel", "DE91C": "G\u00f6ttingen", "DE92": "Hannover", "DE922": "Diepholz", "DE923": "Hameln-Pyrmont", "DE925": "Hildesheim", "DE926": "Holzminden", "DE927": "Nienburg (Weser)", "DE928": "Schaumburg", "DE929": "Region Hannover", "DE93": "L\u00fcneburg", "DE931": "Celle", "DE932": "Cuxhaven", "DE933": "Harburg", "DE934": "L\u00fcchow-Dannenberg", "DE935": "L\u00fcneburg, Landkreis", "DE936": "Osterholz", "DE937": "Rotenburg (W\u00fcmme)", "DE938": "Heidekreis", "DE939": "Stade", "DE93A": "Uelzen", "DE93B": "Verden", "DE94": "Weser-Ems", "DE941": "Delmenhorst, Kreisfreie Stadt", "DE942": "Emden, Kreisfreie Stadt", "DE943": "Oldenburg (Oldenburg), Kreisfreie Stadt", "DE944": "Osnabr\u00fcck, Kreisfreie Stadt", "DE945": "Wilhelmshaven, Kreisfreie Stadt", "DE946": "Ammerland", "DE947": "Aurich", "DE948": "Cloppenburg", "DE949": "Emsland", "DE94A": "Friesland (DE)", "DE94B": "Grafschaft Bentheim", "DE94C": "Leer", "DE94D": "Oldenburg, Landkreis", "DE94E": "Osnabr\u00fcck, Landkreis", "DE94F": "Vechta", "DE94G": "Wesermarsch", "DE94H": "Wittmund", "DEA": "Nordrhein-Westfalen", "DEA1": "D\u00fcsseldorf", "DEA11": "D\u00fcsseldorf, Kreisfreie Stadt", "DEA12": "Duisburg, Kreisfreie Stadt", "DEA13": "Essen, Kreisfreie Stadt", "DEA14": "Krefeld, Kreisfreie Stadt", "DEA15": "M\u00f6nchengladbach, Kreisfreie Stadt", "DEA16": "M\u00fclheim an der Ruhr, Kreisfreie Stadt", "DEA17": "Oberhausen, Kreisfreie Stadt", "DEA18": "Remscheid, Kreisfreie Stadt", "DEA19": "Solingen, Kreisfreie Stadt", "DEA1A": "Wuppertal, Kreisfreie Stadt", "DEA1B": "Kleve", "DEA1C": "Mettmann", "DEA1D": "Rhein-Kreis Neuss", "DEA1E": "Viersen", "DEA1F": "Wesel", "DEA2": "K\u00f6ln", "DEA22": "Bonn, Kreisfreie Stadt", "DEA23": "K\u00f6ln, Kreisfreie Stadt", "DEA24": "Leverkusen, Kreisfreie Stadt", "DEA26": "D\u00fcren", "DEA27": "Rhein-Erft-Kreis", "DEA28": "Euskirchen", "DEA29": "Heinsberg", "DEA2A": "Oberbergischer Kreis", "DEA2B": "Rheinisch-Bergischer Kreis", "DEA2C": "Rhein-Sieg-Kreis", "DEA2D": "St\u00e4dteregion Aachen", "DEA3": "M\u00fcnster", "DEA31": "Bottrop, Kreisfreie Stadt", "DEA32": "Gelsenkirchen, Kreisfreie Stadt", "DEA33": "M\u00fcnster, Kreisfreie Stadt", "DEA34": "Borken", "DEA35": "Coesfeld", "DEA36": "Recklinghausen", "DEA37": "Steinfurt", "DEA38": "Warendorf", "DEA4": "Detmold", "DEA41": "Bielefeld, Kreisfreie Stadt", "DEA42": "G\u00fctersloh", "DEA43": "Herford", "DEA44": "H\u00f6xter", "DEA45": "Lippe", "DEA46": "Minden-L\u00fcbbecke", "DEA47": "Paderborn", "DEA5": "Arnsberg", "DEA51": "Bochum, Kreisfreie Stadt", "DEA52": "Dortmund, Kreisfreie Stadt", "DEA53": "Hagen, Kreisfreie Stadt", "DEA54": "Hamm, Kreisfreie Stadt", "DEA55": "Herne, Kreisfreie Stadt", "DEA56": "Ennepe-Ruhr-Kreis", "DEA57": "Hochsauerlandkreis", "DEA58": "M\u00e4rkischer Kreis", "DEA59": "Olpe", "DEA5A": "Siegen-Wittgenstein", "DEA5B": "Soest", "DEA5C": "Unna", "DEB": "Rheinland-Pfalz", "DEB1": "Koblenz", "DEB11": "Koblenz, Kreisfreie Stadt", "DEB12": "Ahrweiler", "DEB13": "Altenkirchen (Westerwald)", "DEB14": "Bad Kreuznach", "DEB15": "Birkenfeld", "DEB17": "Mayen-Koblenz", "DEB18": "Neuwied", "DEB1A": "Rhein-Lahn-Kreis", "DEB1B": "Westerwaldkreis", "DEB1C": "Cochem-Zell", "DEB1D": "Rhein-Hunsr\u00fcck-Kreis", "DEB2": "Trier", "DEB21": "Trier, Kreisfreie Stadt", "DEB22": "Bernkastel-Wittlich", "DEB23": "Eifelkreis Bitburg-Pr\u00fcm", "DEB24": "Vulkaneifel", "DEB25": "Trier-Saarburg", "DEB3": "Rheinhessen-Pfalz", "DEB31": "Frankenthal (Pfalz), Kreisfreie Stadt", "DEB32": "Kaiserslautern, Kreisfreie Stadt", "DEB33": "Landau in der Pfalz, Kreisfreie Stadt", "DEB34": "Ludwigshafen am Rhein, Kreisfreie Stadt", "DEB35": "Mainz, Kreisfreie Stadt", "DEB36": "Neustadt an der Weinstra\u00dfe, Kreisfreie Stadt", "DEB37": "Pirmasens, Kreisfreie Stadt", "DEB38": "Speyer, Kreisfreie Stadt", "DEB39": "Worms, Kreisfreie Stadt", "DEB3A": "Zweibr\u00fccken, Kreisfreie Stadt", "DEB3B": "Alzey-Worms", "DEB3C": "Bad D\u00fcrkheim", "DEB3D": "Donnersbergkreis", "DEB3E": "Germersheim", "DEB3F": "Kaiserslautern, Landkreis", "DEB3G": "Kusel", "DEB3H": "S\u00fcdliche Weinstra\u00dfe", "DEB3I": "Rhein-Pfalz-Kreis", "DEB3J": "Mainz-Bingen", "DEB3K": "S\u00fcdwestpfalz", "DEC": "Saarland", "DEC0": "Saarland", "DEC01": "Regionalverband Saarbr\u00fccken", "DEC02": "Merzig-Wadern", "DEC03": "Neunkirchen", "DEC04": "Saarlouis", "DEC05": "Saarpfalz-Kreis", "DEC06": "St. Wendel", "DED": "Sachsen", "DED2": "Dresden", "DED21": "Dresden, Kreisfreie Stadt", "DED2C": "Bautzen", "DED2D": "G\u00f6rlitz", "DED2E": "Mei\u00dfen", "DED2F": "S\u00e4chsische Schweiz-Osterzgebirge", "DED4": "Chemnitz", "DED41": "Chemnitz, Kreisfreie Stadt", "DED42": "Erzgebirgskreis", "DED43": "Mittelsachsen", "DED44": "Vogtlandkreis", "DED45": "Zwickau", "DED5": "Leipzig", "DED51": "Leipzig, Kreisfreie Stadt", "DED52": "Leipzig", "DED53": "Nordsachsen", "DEE": "Sachsen-Anhalt", "DEE0": "Sachsen-Anhalt", "DEE01": "Dessau-Ro\u00dflau, Kreisfreie Stadt", "DEE02": "Halle (Saale), Kreisfreie Stadt", "DEE03": "Magdeburg, Kreisfreie Stadt", "DEE04": "Altmarkkreis Salzwedel", "DEE05": "Anhalt-Bitterfeld", "DEE06": "Jerichower Land", "DEE07": "B\u00f6rde", "DEE08": "Burgenlandkreis (DE)", "DEE09": "Harz", "DEE0A": "Mansfeld-S\u00fcdharz", "DEE0B": "Saalekreis", "DEE0C": "Salzlandkreis", "DEE0D": "Stendal", "DEE0E": "Wittenberg", "DEF": "Schleswig-Holstein", "DEF0": "Schleswig-Holstein", "DEF01": "Flensburg, Kreisfreie Stadt", "DEF02": "Kiel, Kreisfreie Stadt", "DEF03": "L\u00fcbeck, Kreisfreie Stadt", "DEF04": "Neum\u00fcnster, Kreisfreie Stadt", "DEF05": "Dithmarschen", "DEF06": "Herzogtum Lauenburg", "DEF07": "Nordfriesland", "DEF08": "Ostholstein", "DEF09": "Pinneberg", "DEF0A": "Pl\u00f6n", "DEF0B": "Rendsburg-Eckernf\u00f6rde", "DEF0C": "Schleswig-Flensburg", "DEF0D": "Segeberg", "DEF0E": "Steinburg", "DEF0F": "Stormarn", "DEG": "Th\u00fcringen", "DEG0": "Th\u00fcringen", "DEG01": "Erfurt, Kreisfreie Stadt", "DEG02": "Gera, Kreisfreie Stadt", "DEG03": "Jena, Kreisfreie Stadt", "DEG04": "Suhl, Kreisfreie Stadt", "DEG05": "Weimar, Kreisfreie Stadt", "DEG06": "Eichsfeld", "DEG07": "Nordhausen", "DEG09": "Unstrut-Hainich-Kreis", "DEG0A": "Kyffh\u00e4userkreis", "DEG0B": "Schmalkalden-Meiningen", "DEG0C": "Gotha", "DEG0D": "S\u00f6mmerda", "DEG0E": "Hildburghausen", "DEG0F": "Ilm-Kreis", "DEG0G": "Weimarer Land", "DEG0H": "Sonneberg", "DEG0I": "Saalfeld-Rudolstadt", "DEG0J": "Saale-Holzland-Kreis", "DEG0K": "Saale-Orla-Kreis", "DEG0L": "Greiz", "DEG0M": "Altenburger Land", "DEG0N": "Eisenach, Kreisfreie Stadt", "DEG0P": "Wartburgkreis", "EE": "Estonia", "EE0": "Eesti", "EE00": "Eesti", "EE001": "P\u00f5hja-Eesti", "EE004": "L\u00e4\u00e4ne-Eesti", "EE006": "Kesk-Eesti", "EE007": "Kirde-Eesti", "EE008": "L\u00f5una-Eesti", "IE": "Ireland", "IE0": "\u00c9ire/Ireland", "IE04": "Northern and Western", "IE041": "Border", "IE042": "West", "IE05": "Southern", "IE051": "Mid-West", "IE052": "South-East (IE)", "IE053": "South-West (IE)", "IE06": "Eastern and Midland", "IE061": "Dublin", "IE062": "Mid-East", "IE063": "Midland", "EL": "Greece", "EL5": "Voreia Ellada", "EL51": "Anatoliki Makedonia, Thraki", "EL511": "Evros", "EL512": "Xanthi", "EL513": "Rodopi", "EL514": "Drama", "EL515": "Thasos, Kavala", "EL52": "Kentriki Makedonia", "EL521": "Imathia", "EL522": "Thessaloniki", "EL523": "Kilkis", "EL524": "Pella", "EL525": "Pieria", "EL526": "Serres", "EL527": "Chalkidiki", "EL53": "Dytiki Makedonia", "EL531": "Grevena, Kozani", "EL532": "Kastoria", "EL533": "Florina", "EL54": "Ipeiros", "EL541": "Arta, Preveza", "EL542": "Thesprotia", "EL543": "Ioannina", "EL6": "Kentriki Ellada", "EL61": "Thessalia", "EL611": "Karditsa, Trikala", "EL612": "Larisa", "EL613": "Magnisia", "EL62": "Ionia Nisia", "EL621": "Zakynthos", "EL622": "Kerkyra", "EL623": "Ithaki, Kefallinia", "EL624": "Lefkada", "EL63": "Dytiki Ellada", "EL631": "Aitoloakarnania", "EL632": "Achaia", "EL633": "Ileia", "EL64": "Sterea Ellada", "EL641": "Voiotia", "EL642": "Evvoia", "EL643": "Evrytania", "EL644": "Fthiotida", "EL645": "Fokida", "EL65": "Peloponnisos", "EL651": "Argolida, Arkadia", "EL652": "Korinthia", "EL653": "Lakonia, Messinia", "EL3": "Attiki", "EL30": "Attiki", "EL301": "Voreios Tomeas Athinon", "EL302": "Dytikos Tomeas Athinon", "EL303": "Kentrikos Tomeas Athinon", "EL304": "Notios Tomeas Athinon", "EL305": "Anatoliki Attiki", "EL306": "Dytiki Attiki", "EL307": "Peiraias, Nisoi", "EL4": "Nisia Aigaiou, Kriti", "EL41": "Voreio Aigaio", "EL411": "Lesvos, Limnos", "EL412": "Ikaria, Samos", "EL413": "Chios", "EL42": "Notio Aigaio", "EL421": "Kalymnos, Karpathos, Kos, Rodos", "EL422": "Andros, Thira, Kea, Milos, Mykonos, Naxos, Paros, Syros, Tinos", "EL43": "Kriti", "EL431": "Irakleio", "EL432": "Lasithi", "EL433": "Rethymni", "EL434": "Chania", "ES": "Spain", "ES1": "Noroeste (ES)", "ES11": "Galicia", "ES111": "A Coru\u00f1a", "ES112": "Lugo", "ES113": "Ourense", "ES114": "Pontevedra", "ES12": "Principado de Asturias", "ES120": "Asturias", "ES13": "Cantabria", "ES130": "Cantabria", "ES2": "Noreste (ES)", "ES21": "Pa\u00eds Vasco", "ES211": "Araba/\u00c1lava", "ES212": "Gipuzkoa", "ES213": "Bizkaia", "ES22": "Comunidad Foral de Navarra", "ES220": "Navarra", "ES23": "La Rioja", "ES230": "La Rioja", "ES24": "Arag\u00f3n", "ES241": "Huesca", "ES242": "Teruel", "ES243": "Zaragoza", "ES3": "Comunidad de Madrid", "ES30": "Comunidad de Madrid", "ES300": "Madrid", "ES4": "Centro (ES)", "ES41": "Castilla y Le\u00f3n", "ES411": "\u00c1vila", "ES412": "Burgos", "ES413": "Le\u00f3n", "ES414": "Palencia", "ES415": "Salamanca", "ES416": "Segovia", "ES417": "Soria", "ES418": "Valladolid", "ES419": "Zamora", "ES42": "Castilla-la Mancha", "ES421": "Albacete", "ES422": "Ciudad Real", "ES423": "Cuenca", "ES424": "Guadalajara", "ES425": "Toledo", "ES43": "Extremadura", "ES431": "Badajoz", "ES432": "C\u00e1ceres", "ES5": "Este (ES)", "ES51": "Catalu\u00f1a", "ES511": "Barcelona", "ES512": "Girona", "ES513": "Lleida", "ES514": "Tarragona", "ES52": "Comunidad Valenciana", "ES521": "Alicante / Alacant", "ES522": "Castell\u00f3n / Castell\u00f3", "ES523": "Valencia / Val\u00e8ncia", "ES53": "Illes Balears", "ES531": "Eivissa, Formentera", "ES532": "Mallorca", "ES533": "Menorca", "ES6": "Sur (ES)", "ES61": "Andaluc\u00eda", "ES611": "Almer\u00eda", "ES612": "C\u00e1diz", "ES613": "C\u00f3rdoba", "ES614": "Granada", "ES615": "Huelva", "ES616": "Ja\u00e9n", "ES617": "M\u00e1laga", "ES618": "Sevilla", "ES62": "Regi\u00f3n de Murcia", "ES620": "Murcia", "ES63": "Ciudad Aut\u00f3noma de Ceuta (ES)", "ES630": "Ceuta (ES)", "ES64": "Ciudad Aut\u00f3noma de Melilla (ES)", "ES640": "Melilla (ES)", "ES7": "Canarias (ES)", "ES70": "Canarias (ES)", "ES703": "El Hierro", "ES704": "Fuerteventura", "ES705": "Gran Canaria", "ES706": "La Gomera", "ES707": "La Palma", "ES708": "Lanzarote", "ES709": "Tenerife", "ESZ": "Extra-Regio NUTS 1", "ESZZ": "Extra-Regio NUTS 2", "ESZZZ": "Extra-Regio NUTS 3", "FR": "France", "FR1": "\u00cele de France", "FR10": "\u00cele de France", "FR101": "Paris", "FR102": "Seine-et-Marne", "FR103": "Yvelines", "FR104": "Essonne", "FR105": "Hauts-de-Seine", "FR106": "Seine-Saint-Denis", "FR107": "Val-de-Marne", "FR108": "Val-d'Oise", "FRB": "Centre - Val de Loire", "FRB0": "Centre - Val de Loire", "FRB01": "Cher", "FRB02": "Eure-et-Loir", "FRB03": "Indre", "FRB04": "Indre-et-Loire", "FRB05": "Loir-et-Cher", "FRB06": "Loiret", "FRC": "Bourgogne - Franche-Comt\u00e9", "FRC1": "Bourgogne", "FRC11": "C\u00f4te-d'Or", "FRC12": "Ni\u00e8vre", "FRC13": "Sa\u00f4ne-et-Loire", "FRC14": "Yonne", "FRC2": "Franche-Comt\u00e9", "FRC21": "Doubs", "FRC22": "Jura", "FRC23": "Haute-Sa\u00f4ne", "FRC24": "Territoire de Belfort", "FRD": "Normandie", "FRD1": "Basse-Normandie", "FRD11": "Calvados", "FRD12": "Manche", "FRD13": "Orne", "FRD2": "Haute-Normandie", "FRD21": "Eure", "FRD22": "Seine-Maritime", "FRE": "Nord-Pas-de-Calais - Picardie", "FRE1": "Nord-Pas-de-Calais", "FRE11": "Nord", "FRE12": "Pas-de-Calais", "FRE2": "Picardie", "FRE21": "Aisne", "FRE22": "Oise", "FRE23": "Somme", "FRF": "Alsace - Champagne-Ardenne - Lorraine", "FRF1": "Alsace", "FRF11": "Bas-Rhin", "FRF12": "Haut-Rhin", "FRF2": "Champagne-Ardenne", "FRF21": "Ardennes", "FRF22": "Aube", "FRF23": "Marne", "FRF24": "Haute-Marne", "FRF3": "Lorraine", "FRF31": "Meurthe-et-Moselle", "FRF32": "Meuse", "FRF33": "Moselle", "FRF34": "Vosges", "FRG": "Pays-de-la-Loire", "FRG0": "Pays-de-la-Loire", "FRG01": "Loire-Atlantique", "FRG02": "Maine-et-Loire", "FRG03": "Mayenne", "FRG04": "Sarthe", "FRG05": "Vend\u00e9e", "FRH": "Bretagne", "FRH0": "Bretagne", "FRH01": "C\u00f4tes-d'Armor", "FRH02": "Finist\u00e8re", "FRH03": "Ille-et-Vilaine", "FRH04": "Morbihan", "FRI": "Aquitaine - Limousin - Poitou-Charentes", "FRI1": "Aquitaine", "FRI11": "Dordogne", "FRI12": "Gironde", "FRI13": "Landes", "FRI14": "Lot-et-Garonne", "FRI15": "Pyr\u00e9n\u00e9es-Atlantiques", "FRI2": "Limousin", "FRI21": "Corr\u00e8ze", "FRI22": "Creuse", "FRI23": "Haute-Vienne", "FRI3": "Poitou-Charentes", "FRI31": "Charente", "FRI32": "Charente-Maritime", "FRI33": "Deux-S\u00e8vres", "FRI34": "Vienne", "FRJ": "Languedoc-Roussillon - Midi-Pyr\u00e9n\u00e9es", "FRJ1": "Languedoc-Roussillon", "FRJ11": "Aude", "FRJ12": "Gard", "FRJ13": "H\u00e9rault", "FRJ14": "Loz\u00e8re", "FRJ15": "Pyr\u00e9n\u00e9es-Orientales", "FRJ2": "Midi-Pyr\u00e9n\u00e9es", "FRJ21": "Ari\u00e8ge", "FRJ22": "Aveyron", "FRJ23": "Haute-Garonne", "FRJ24": "Gers", "FRJ25": "Lot", "FRJ26": "Hautes-Pyr\u00e9n\u00e9es", "FRJ27": "Tarn", "FRJ28": "Tarn-et-Garonne", "FRK": "Auvergne - Rh\u00f4ne-Alpes", "FRK1": "Auvergne", "FRK11": "Allier", "FRK12": "Cantal", "FRK13": "Haute-Loire", "FRK14": "Puy-de-D\u00f4me", "FRK2": "Rh\u00f4ne-Alpes", "FRK21": "Ain", "FRK22": "Ard\u00e8che", "FRK23": "Dr\u00f4me", "FRK24": "Is\u00e8re", "FRK25": "Loire", "FRK26": "Rh\u00f4ne", "FRK27": "Savoie", "FRK28": "Haute-Savoie", "FRL": "Provence-Alpes-C\u00f4te d'Azur", "FRL0": "Provence-Alpes-C\u00f4te d'Azur", "FRL01": "Alpes-de-Haute-Provence", "FRL02": "Hautes-Alpes", "FRL03": "Alpes-Maritimes", "FRL04": "Bouches-du-Rh\u00f4ne", "FRL05": "Var", "FRL06": "Vaucluse", "FRM": "Corse", "FRM0": "Corse", "FRM01": "Corse-du-Sud", "FRM02": "Haute-Corse", "FRY": "RUP FR - R\u00e9gions ultrap\u00e9riph\u00e9riques fran\u00e7aises", "FRY1": "Guadeloupe", "FRY10": "Guadeloupe", "FRY2": "Martinique", "FRY20": "Martinique", "FRY3": "Guyane", "FRY30": "Guyane", "FRY4": "La R\u00e9union", "FRY40": "La R\u00e9union", "FRY5": "Mayotte", "FRY50": "Mayotte", "FRZ": "Extra-Regio NUTS 1", "FRZZ": "Extra-Regio NUTS 2", "FRZZZ": "Extra-Regio NUTS 3", "HR": "Croatia", "HR0": "Hrvatska", "HR03": "Jadranska Hrvatska", "HR031": "Primorsko-goranska zupanija", "HR032": "Licko-senjska zupanija", "HR033": "Zadarska zupanija", "HR034": "Sibensko-kninska zupanija", "HR035": "Splitsko-dalmatinska zupanija", "HR036": "Istarska zupanija", "HR037": "Dubrovacko-neretvanska zupanija", "HR04": "Kontinentalna Hrvatska", "HR041": "Grad Zagreb", "HR042": "Zagrebacka zupanija", "HR043": "Krapinsko-zagorska zupanija", "HR044": "Varazdinska zupanija", "HR045": "Koprivnicko-krizevacka zupanija", "HR046": "Medimurska zupanija", "HR047": "Bjelovarsko-bilogorska zupanija", "HR048": "Viroviticko-podravska zupanija", "HR049": "Pozesko-slavonska zupanija", "HR04A": "Brodsko-posavska zupanija", "HR04B": "Osjecko-baranjska zupanija", "HR04C": "Vukovarsko-srijemska zupanija", "HR04D": "Karlovacka zupanija", "HR04E": "Sisacko-moslavacka zupanija", "IT": "Italy", "ITC": "Nord-Ovest", "ITC1": "Piemonte", "ITC11": "Torino", "ITC12": "Vercelli", "ITC13": "Biella", "ITC14": "Verbano-Cusio-Ossola", "ITC15": "Novara", "ITC16": "Cuneo", "ITC17": "Asti", "ITC18": "Alessandria", "ITC2": "Valle d'Aosta/Vall\u00e9e d'Aoste", "ITC20": "Valle d'Aosta/Vall\u00e9e d'Aoste", "ITC3": "Liguria", "ITC31": "Imperia", "ITC32": "Savona", "ITC33": "Genova", "ITC34": "La Spezia", "ITC4": "Lombardia", "ITC41": "Varese", "ITC42": "Como", "ITC43": "Lecco", "ITC44": "Sondrio", "ITC46": "Bergamo", "ITC47": "Brescia", "ITC48": "Pavia", "ITC49": "Lodi", "ITC4A": "Cremona", "ITC4B": "Mantova", "ITC4C": "Milano", "ITC4D": "Monza e della Brianza", "ITH": "Nord-Est", "ITH1": "Provincia Autonoma di Bolzano/Bozen", "ITH10": "Bolzano-Bozen", "ITH2": "Provincia Autonoma di Trento", "ITH20": "Trento", "ITH3": "Veneto", "ITH31": "Verona", "ITH32": "Vicenza", "ITH33": "Belluno", "ITH34": "Treviso", "ITH35": "Venezia", "ITH36": "Padova", "ITH37": "Rovigo", "ITH4": "Friuli-Venezia Giulia", "ITH41": "Pordenone", "ITH42": "Udine", "ITH43": "Gorizia", "ITH44": "Trieste", "ITH5": "Emilia-Romagna", "ITH51": "Piacenza", "ITH52": "Parma", "ITH53": "Reggio nell'Emilia", "ITH54": "Modena", "ITH55": "Bologna", "ITH56": "Ferrara", "ITH57": "Ravenna", "ITH58": "Forl\u00ec-Cesena", "ITH59": "Rimini", "ITI": "Centro (IT)", "ITI1": "Toscana", "ITI11": "Massa-Carrara", "ITI12": "Lucca", "ITI13": "Pistoia", "ITI14": "Firenze", "ITI15": "Prato", "ITI16": "Livorno", "ITI17": "Pisa", "ITI18": "Arezzo", "ITI19": "Siena", "ITI1A": "Grosseto", "ITI2": "Umbria", "ITI21": "Perugia", "ITI22": "Terni", "ITI3": "Marche", "ITI31": "Pesaro e Urbino", "ITI32": "Ancona", "ITI33": "Macerata", "ITI34": "Ascoli Piceno", "ITI35": "Fermo", "ITI4": "Lazio", "ITI41": "Viterbo", "ITI42": "Rieti", "ITI43": "Roma", "ITI44": "Latina", "ITI45": "Frosinone", "ITF": "Sud", "ITF1": "Abruzzo", "ITF11": "L'Aquila", "ITF12": "Teramo", "ITF13": "Pescara", "ITF14": "Chieti", "ITF2": "Molise", "ITF21": "Isernia", "ITF22": "Campobasso", "ITF3": "Campania", "ITF31": "Caserta", "ITF32": "Benevento", "ITF33": "Napoli", "ITF34": "Avellino", "ITF35": "Salerno", "ITF4": "Puglia", "ITF43": "Taranto", "ITF44": "Brindisi", "ITF45": "Lecce", "ITF46": "Foggia", "ITF47": "Bari", "ITF48": "Barletta-Andria-Trani", "ITF5": "Basilicata", "ITF51": "Potenza", "ITF52": "Matera", "ITF6": "Calabria", "ITF61": "Cosenza", "ITF62": "Crotone", "ITF63": "Catanzaro", "ITF64": "Vibo Valentia", "ITF65": "Reggio di Calabria", "ITG": "Isole", "ITG1": "Sicilia", "ITG11": "Trapani", "ITG12": "Palermo", "ITG13": "Messina", "ITG14": "Agrigento", "ITG15": "Caltanissetta", "ITG16": "Enna", "ITG17": "Catania", "ITG18": "Ragusa", "ITG19": "Siracusa", "ITG2": "Sardegna", "ITG25": "Sassari", "ITG26": "Nuoro", "ITG27": "Cagliari", "ITG28": "Oristano", "ITG29": "Olbia-Tempio", "ITG2A": "Ogliastra", "ITG2B": "Medio Campidano", "ITG2C": "Carbonia-Iglesias", "ITZ": "Extra-Regio NUTS 1", "ITZZ": "Extra-Regio NUTS 2", "ITZZZ": "Extra-Regio NUTS 3", "CY": "Cyprus", "CY0": "Kypros", "CY00": "Kypros", "CY000": "Kypros", "LV": "Latvia", "LV0": "Latvija", "LV00": "Latvija", "LV003": "Kurzeme", "LV005": "Latgale", "LV006": "Riga", "LV007": "Pieriga", "LV008": "Vidzeme", "LV009": "Zemgale", "LVZ": "Extra-Regio NUTS 1", "LVZZ": "Extra-Regio NUTS 2", "LVZZZ": "Extra-Regio NUTS 3", "LT": "Lithuania", "LT0": "Lietuva", "LT01": "Sostines regionas", "LT011": "Vilniaus apskritis", "LT02": "Vidurio ir vakaru Lietuvos regionas", "LT021": "Alytaus apskritis", "LT022": "Kauno apskritis", "LT023": "Klaipedos apskritis", "LT024": "Marijampoles apskritis", "LT025": "Panevezio apskritis", "LT026": "Siauliu apskritis", "LT027": "Taurages apskritis", "LT028": "Telsiu apskritis", "LT029": "Utenos apskritis", "LU": "Luxembourg", "LU0": "Luxembourg", "LU00": "Luxembourg", "LU000": "Luxembourg", "HU": "Hungary", "HU1": "K\u00f6z\u00e9p-Magyarorsz\u00e1g", "HU11": "Budapest", "HU110": "Budapest", "HU12": "Pest", "HU120": "Pest", "HU2": "Dun\u00e1nt\u00fal", "HU21": "K\u00f6z\u00e9p-Dun\u00e1nt\u00fal", "HU211": "Fej\u00e9r", "HU212": "Kom\u00e1rom-Esztergom", "HU213": "Veszpr\u00e9m", "HU22": "Nyugat-Dun\u00e1nt\u00fal", "HU221": "Gyor-Moson-Sopron", "HU222": "Vas", "HU223": "Zala", "HU23": "D\u00e9l-Dun\u00e1nt\u00fal", "HU231": "Baranya", "HU232": "Somogy", "HU233": "Tolna", "HU3": "Alf\u00f6ld \u00e9s \u00c9szak", "HU31": "\u00c9szak-Magyarorsz\u00e1g", "HU311": "Borsod-Aba\u00faj-Zempl\u00e9n", "HU312": "Heves", "HU313": "N\u00f3gr\u00e1d", "HU32": "\u00c9szak-Alf\u00f6ld", "HU321": "Hajd\u00fa-Bihar", "HU322": "J\u00e1sz-Nagykun-Szolnok", "HU323": "Szabolcs-Szatm\u00e1r-Bereg", "HU33": "D\u00e9l-Alf\u00f6ld", "HU331": "B\u00e1cs-Kiskun", "HU332": "B\u00e9k\u00e9s", "HU333": "Csongr\u00e1d", "HUZ": "Extra-Regio NUTS 1", "HUZZ": "Extra-Regio NUTS 2", "HUZZZ": "Extra-Regio NUTS 3", "MT": "Malta", "MT0": "Malta", "MT00": "Malta", "MT001": "Malta", "MT002": "Gozo and Comino / Ghawdex u Kemmuna", "MTZ": "Extra-Regio NUTS 1", "MTZZ": "Extra-Regio NUTS 2", "MTZZZ": "Extra-Regio NUTS 3", "NL": "Netherlands", "NL1": "Noord-Nederland", "NL11": "Groningen", "NL111": "Oost-Groningen", "NL112": "Delfzijl en omgeving", "NL113": "Overig Groningen", "NL12": "Friesland (NL)", "NL124": "Noord-Friesland", "NL125": "Zuidwest-Friesland", "NL126": "Zuidoost-Friesland", "NL13": "Drenthe", "NL131": "Noord-Drenthe", "NL132": "Zuidoost-Drenthe", "NL133": "Zuidwest-Drenthe", "NL2": "Oost-Nederland", "NL21": "Overijssel", "NL211": "Noord-Overijssel", "NL212": "Zuidwest-Overijssel", "NL213": "Twente", "NL22": "Gelderland", "NL221": "Veluwe", "NL224": "Zuidwest-Gelderland", "NL225": "Achterhoek", "NL226": "Arnhem/Nijmegen", "NL23": "Flevoland", "NL230": "Flevoland", "NL3": "West-Nederland", "NL31": "Utrecht", "NL310": "Utrecht", "NL32": "Noord-Holland", "NL321": "Kop van Noord-Holland", "NL323": "IJmond", "NL324": "Agglomeratie Haarlem", "NL325": "Zaanstreek", "NL327": "Het Gooi en Vechtstreek", "NL328": "Alkmaar en omgeving", "NL329": "Groot-Amsterdam", "NL33": "Zuid-Holland", "NL332": "Agglomeratie 's-Gravenhage", "NL333": "Delft en Westland", "NL337": "Agglomeratie Leiden en Bollenstreek", "NL33A": "Zuidoost-Zuid-Holland", "NL33B": "Oost-Zuid-Holland", "NL33C": "Groot-Rijnmond", "NL34": "Zeeland", "NL341": "Zeeuwsch-Vlaanderen", "NL342": "Overig Zeeland", "NL4": "Zuid-Nederland", "NL41": "Noord-Brabant", "NL411": "West-Noord-Brabant", "NL412": "Midden-Noord-Brabant", "NL413": "Noordoost-Noord-Brabant", "NL414": "Zuidoost-Noord-Brabant", "NL42": "Limburg (NL)", "NL421": "Noord-Limburg", "NL422": "Midden-Limburg", "NL423": "Zuid-Limburg", "NLZ": "Extra-Regio NUTS 1", "NLZZ": "Extra-Regio NUTS 2", "NLZZZ": "Extra-Regio NUTS 3", "AT": "Austria", "AT1": "Ost\u00f6sterreich", "AT11": "Burgenland (AT)", "AT111": "Mittelburgenland", "AT112": "Nordburgenland", "AT113": "S\u00fcdburgenland", "AT12": "Nieder\u00f6sterreich", "AT121": "Mostviertel-Eisenwurzen", "AT122": "Nieder\u00f6sterreich-S\u00fcd", "AT123": "Sankt P\u00f6lten", "AT124": "Waldviertel", "AT125": "Weinviertel", "AT126": "Wiener Umland/Nordteil", "AT127": "Wiener Umland/S\u00fcdteil", "AT13": "Wien", "AT130": "Wien", "AT2": "S\u00fcd\u00f6sterreich", "AT21": "K\u00e4rnten", "AT211": "Klagenfurt-Villach", "AT212": "Oberk\u00e4rnten", "AT213": "Unterk\u00e4rnten", "AT22": "Steiermark", "AT221": "Graz", "AT222": "Liezen", "AT223": "\u00d6stliche Obersteiermark", "AT224": "Oststeiermark", "AT225": "West- und S\u00fcdsteiermark", "AT226": "Westliche Obersteiermark", "AT3": "West\u00f6sterreich", "AT31": "Ober\u00f6sterreich", "AT311": "Innviertel", "AT312": "Linz-Wels", "AT313": "M\u00fchlviertel", "AT314": "Steyr-Kirchdorf", "AT315": "Traunviertel", "AT32": "Salzburg", "AT321": "Lungau", "AT322": "Pinzgau-Pongau", "AT323": "Salzburg und Umgebung", "AT33": "Tirol", "AT331": "Au\u00dferfern", "AT332": "Innsbruck", "AT333": "Osttirol", "AT334": "Tiroler Oberland", "AT335": "Tiroler Unterland", "AT34": "Vorarlberg", "AT341": "Bludenz-Bregenzer Wald", "AT342": "Rheintal-Bodenseegebiet", "ATZ": "Extra-Regio NUTS 1", "ATZZ": "Extra-Regio NUTS 2", "ATZZZ": "Extra-Regio NUTS 3", "PL": "Poland", "PL2": "Makroregion Poludniowy", "PL21": "Malopolskie", "PL213": "Miasto Krak\u00f3w", "PL214": "Krakowski", "PL217": "Tarnowski", "PL218": "Nowosadecki", "PL219": "Nowotarski", "PL21A": "Oswiecimski", "PL22": "Slaskie", "PL224": "Czestochowski", "PL225": "Bielski", "PL227": "Rybnicki", "PL228": "Bytomski", "PL229": "Gliwicki", "PL22A": "Katowicki", "PL22B": "Sosnowiecki", "PL22C": "Tyski", "PL4": "Makroregion P\u00f3lnocno-Zachodni", "PL41": "Wielkopolskie", "PL411": "Pilski", "PL414": "Koninski", "PL415": "Miasto Poznan", "PL416": "Kaliski", "PL417": "Leszczynski", "PL418": "Poznanski", "PL42": "Zachodniopomorskie", "PL424": "Miasto Szczecin", "PL426": "Koszalinski", "PL427": "Szczecinecko-pyrzycki", "PL428": "Szczecinski", "PL43": "Lubuskie", "PL431": "Gorzowski", "PL432": "Zielonog\u00f3rski", "PL5": "Makroregion Poludniowo-Zachodni", "PL51": "Dolnoslaskie", "PL514": "Miasto Wroclaw", "PL515": "Jeleniog\u00f3rski", "PL516": "Legnicko-Glogowski", "PL517": "Walbrzyski", "PL518": "Wroclawski", "PL52": "Opolskie", "PL523": "Nyski", "PL524": "Opolski", "PL6": "Makroregion P\u00f3lnocny", "PL61": "Kujawsko-Pomorskie", "PL613": "Bydgosko-Torunski", "PL616": "Grudziadzki", "PL617": "Inowroclawski", "PL618": "Swiecki", "PL619": "Wloclawski", "PL62": "Warminsko-Mazurskie", "PL621": "Elblaski", "PL622": "Olsztynski", "PL623": "Elcki", "PL63": "Pomorskie", "PL633": "Trojmiejski", "PL634": "Gdanski", "PL636": "Slupski", "PL637": "Chojnicki", "PL638": "Starogardzki", "PL7": "Makroregion Centralny", "PL71": "L\u00f3dzkie", "PL711": "Miasto L\u00f3dz", "PL712": "L\u00f3dzki", "PL713": "Piotrkowski", "PL714": "Sieradzki", "PL715": "Skierniewicki", "PL72": "Swietokrzyskie", "PL721": "Kielecki", "PL722": "Sandomiersko-jedrzejowski", "PL8": "Makroregion Wschodni", "PL81": "Lubelskie", "PL811": "Bialski", "PL812": "Chelmsko-zamojski", "PL814": "Lubelski", "PL815": "Pulawski", "PL82": "Podkarpackie", "PL821": "Krosnienski", "PL822": "Przemyski", "PL823": "Rzeszowski", "PL824": "Tarnobrzeski", "PL84": "Podlaskie", "PL841": "Bialostocki", "PL842": "Lomzynski", "PL843": "Suwalski", "PL9": "Makroregion Wojew\u00f3dztwo Mazowieckie", "PL91": "Warszawski stoleczny", "PL911": "Miasto Warszawa", "PL912": "Warszawski wschodni", "PL913": "Warszawski zachodni", "PL92": "Mazowiecki regionalny", "PL921": "Radomski", "PL922": "Ciechanowski", "PL923": "Plocki", "PL924": "Ostrolecki", "PL925": "Siedlecki", "PL926": "Zyrardowski", "PT": "Portugal", "PT1": "Continente", "PT11": "Norte", "PT111": "Alto Minho", "PT112": "C\u00e1vado", "PT119": "Ave", "PT11A": "\u00c1rea Metropolitana do Porto", "PT11B": "Alto T\u00e2mega", "PT11C": "T\u00e2mega e Sousa", "PT11D": "Douro", "PT11E": "Terras de Tr\u00e1s-os-Montes", "PT15": "Algarve", "PT150": "Algarve", "PT16": "Centro (PT)", "PT16B": "Oeste", "PT16D": "Regi\u00e3o de Aveiro", "PT16E": "Regi\u00e3o de Coimbra", "PT16F": "Regi\u00e3o de Leiria", "PT16G": "Viseu D\u00e3o Laf\u00f5es", "PT16H": "Beira Baixa", "PT16I": "M\u00e9dio Tejo", "PT16J": "Beiras e Serra da Estrela", "PT17": "\u00c1rea Metropolitana de Lisboa", "PT170": "\u00c1rea Metropolitana de Lisboa", "PT18": "Alentejo", "PT181": "Alentejo Litoral", "PT184": "Baixo Alentejo", "PT185": "Lez\u00edria do Tejo", "PT186": "Alto Alentejo", "PT187": "Alentejo Central", "PT2": "Regi\u00e3o Aut\u00f3noma dos A\u00e7ores (PT)", "PT20": "Regi\u00e3o Aut\u00f3noma dos A\u00e7ores (PT)", "PT200": "Regi\u00e3o Aut\u00f3noma dos A\u00e7ores (PT)", "PT3": "Regi\u00e3o Aut\u00f3noma da Madeira (PT)", "PT30": "Regi\u00e3o Aut\u00f3noma da Madeira (PT)", "PT300": "Regi\u00e3o Aut\u00f3noma da Madeira (PT)", "PTZ": "Extra-Regio NUTS 1", "PTZZ": "Extra-Regio NUTS 2", "PTZZZ": "Extra-Regio NUTS 3", "RO": "Romania", "RO1": "Macroregiunea unu", "RO11": "Nord-Vest", "RO111": "Bihor", "RO112": "Bistrita-Nasaud", "RO113": "Cluj", "RO114": "Maramures", "RO115": "Satu Mare", "RO116": "Salaj", "RO12": "Centru", "RO121": "Alba", "RO122": "Brasov", "RO123": "Covasna", "RO124": "Harghita", "RO125": "Mures", "RO126": "Sibiu", "RO2": "Macroregiunea doi", "RO21": "Nord-Est", "RO211": "Bacau", "RO212": "Botosani", "RO213": "Iasi", "RO214": "Neamt", "RO215": "Suceava", "RO216": "Vaslui", "RO22": "Sud-Est", "RO221": "Braila", "RO222": "Buzau", "RO223": "Constanta", "RO224": "Galati", "RO225": "Tulcea", "RO226": "Vrancea", "RO3": "Macroregiunea trei", "RO31": "Sud - Muntenia", "RO311": "Arges", "RO312": "Calarasi", "RO313": "D\u00e2mbovita", "RO314": "Giurgiu", "RO315": "Ialomita", "RO316": "Prahova", "RO317": "Teleorman", "RO32": "Bucuresti - Ilfov", "RO321": "Bucuresti", "RO322": "Ilfov", "RO4": "Macroregiunea patru", "RO41": "Sud-Vest Oltenia", "RO411": "Dolj", "RO412": "Gorj", "RO413": "Mehedinti", "RO414": "Olt", "RO415": "V\u00e2lcea", "RO42": "Vest", "RO421": "Arad", "RO422": "Caras-Severin", "RO423": "Hunedoara", "RO424": "Timis", "ROZ": "Extra-Regio NUTS 1", "ROZZ": "Extra-Regio NUTS 2", "ROZZZ": "Extra-Regio NUTS 3", "SI": "Slovenia", "SI0": "Slovenija", "SI03": "Vzhodna Slovenija", "SI031": "Pomurska", "SI032": "Podravska", "SI033": "Koroska", "SI034": "Savinjska", "SI035": "Zasavska", "SI036": "Posavska", "SI037": "Jugovzhodna Slovenija", "SI038": "Primorsko-notranjska", "SI04": "Zahodna Slovenija", "SI041": "Osrednjeslovenska", "SI042": "Gorenjska", "SI043": "Goriska", "SI044": "Obalno-kraska", "SK": "Slovakia", "SK0": "Slovensko", "SK01": "Bratislavsk\u00fd kraj", "SK010": "Bratislavsk\u00fd kraj", "SK02": "Z\u00e1padn\u00e9 Slovensko", "SK021": "Trnavsk\u00fd kraj", "SK022": "Trenciansky kraj", "SK023": "Nitriansky kraj", "SK03": "Stredn\u00e9 Slovensko", "SK031": "Zilinsk\u00fd kraj", "SK032": "Banskobystrick\u00fd kraj", "SK04": "V\u00fdchodn\u00e9 Slovensko", "SK041": "Presovsk\u00fd kraj", "SK042": "Kosick\u00fd kraj", "FI": "Finland", "FI1": "Manner-Suomi", "FI19": "L\u00e4nsi-Suomi", "FI193": "Keski-Suomi", "FI194": "Etel\u00e4-Pohjanmaa", "FI195": "Pohjanmaa", "FI196": "Satakunta", "FI197": "Pirkanmaa", "FI1B": "Helsinki-Uusimaa", "FI1B1": "Helsinki-Uusimaa", "FI1C": "Etel\u00e4-Suomi", "FI1C1": "Varsinais-Suomi", "FI1C2": "Kanta-H\u00e4me", "FI1C3": "P\u00e4ij\u00e4t-H\u00e4me", "FI1C4": "Kymenlaakso", "FI1C5": "Etel\u00e4-Karjala", "FI1D": "Pohjois- ja It\u00e4-Suomi", "FI1D1": "Etel\u00e4-Savo", "FI1D2": "Pohjois-Savo", "FI1D3": "Pohjois-Karjala", "FI1D5": "Keski-Pohjanmaa", "FI1D7": "Lappi", "FI1D8": "Kainuu", "FI1D9": "Pohjois-Pohjanmaa", "FI2": "\u00c5land", "FI20": "\u00c5land", "FI200": "\u00c5land", "FIZ": "Extra-Regio NUTS 1", "FIZZ": "Extra-Regio NUTS 2", "FIZZZ": "Extra-Regio NUTS 3", "SE": "Sweden", "SE1": "\u00d6stra Sverige", "SE11": "Stockholm", "SE110": "Stockholms l\u00e4n", "SE12": "\u00d6stra Mellansverige", "SE121": "Uppsala l\u00e4n", "SE122": "S\u00f6dermanlands l\u00e4n", "SE123": "\u00d6sterg\u00f6tlands l\u00e4n", "SE124": "\u00d6rebro l\u00e4n", "SE125": "V\u00e4stmanlands l\u00e4n", "SE2": "S\u00f6dra Sverige", "SE21": "Sm\u00e5land med \u00f6arna", "SE211": "J\u00f6nk\u00f6pings l\u00e4n", "SE212": "Kronobergs l\u00e4n", "SE213": "Kalmar l\u00e4n", "SE214": "Gotlands l\u00e4n", "SE22": "Sydsverige", "SE221": "Blekinge l\u00e4n", "SE224": "Sk\u00e5ne l\u00e4n", "SE23": "V\u00e4stsverige", "SE231": "Hallands l\u00e4n", "SE232": "V\u00e4stra G\u00f6talands l\u00e4n", "SE3": "Norra Sverige", "SE31": "Norra Mellansverige", "SE311": "V\u00e4rmlands l\u00e4n", "SE312": "Dalarnas l\u00e4n", "SE313": "G\u00e4vleborgs l\u00e4n", "SE32": "Mellersta Norrland", "SE321": "V\u00e4sternorrlands l\u00e4n", "SE322": "J\u00e4mtlands l\u00e4n", "SE33": "\u00d6vre Norrland", "SE331": "V\u00e4sterbottens l\u00e4n", "SE332": "Norrbottens l\u00e4n", "SEZ": "Extra-Regio NUTS 1", "SEZZ": "Extra-Regio NUTS 2", "SEZZZ": "Extra-Regio NUTS 3", "UK": "United Kingdom", "UKC": "North East (UK)", "UKC1": "Tees Valley and Durham", "UKC11": "Hartlepool and Stockton-on-Tees", "UKC12": "South Teesside", "UKC13": "Darlington", "UKC14": "Durham CC", "UKC2": "Northumberland and Tyne and Wear", "UKC21": "Northumberland", "UKC22": "Tyneside", "UKC23": "Sunderland", "UKD": "North West (UK)", "UKD1": "Cumbria", "UKD11": "West Cumbria", "UKD12": "East Cumbria", "UKD3": "Greater Manchester", "UKD33": "Manchester", "UKD34": "Greater Manchester South West", "UKD35": "Greater Manchester South East", "UKD36": "Greater Manchester North West", "UKD37": "Greater Manchester North East", "UKD4": "Lancashire", "UKD41": "Blackburn with Darwen", "UKD42": "Blackpool", "UKD44": "Lancaster & Wyre", "UKD45": "Mid Lancashire", "UKD46": "East Lancashire", "UKD47": "Chorley & West Lancashire", "UKD6": "Cheshire", "UKD61": "Warrington", "UKD62": "Cheshire East", "UKD63": "Cheshire West and Chester", "UKD7": "Merseyside", "UKD71": "East Merseyside", "UKD72": "Liverpool", "UKD73": "Sefton", "UKD74": "Wirral", "UKE": "Yorkshire and The Humber", "UKE1": "East Yorkshire and Northern Lincolnshire", "UKE11": "Kingston upon Hull, City of", "UKE12": "East Riding of Yorkshire", "UKE13": "North and North East Lincolnshire", "UKE2": "North Yorkshire", "UKE21": "York", "UKE22": "North Yorkshire CC", "UKE3": "South Yorkshire", "UKE31": "Barnsley, Doncaster and Rotherham", "UKE32": "Sheffield", "UKE4": "West Yorkshire", "UKE41": "Bradford", "UKE42": "Leeds", "UKE44": "Calderdale and Kirklees", "UKE45": "Wakefield", "UKF": "East Midlands (UK)", "UKF1": "Derbyshire and Nottinghamshire", "UKF11": "Derby", "UKF12": "East Derbyshire", "UKF13": "South and West Derbyshire", "UKF14": "Nottingham", "UKF15": "North Nottinghamshire", "UKF16": "South Nottinghamshire", "UKF2": "Leicestershire, Rutland and Northamptonshire", "UKF21": "Leicester", "UKF22": "Leicestershire CC and Rutland", "UKF24": "West Northamptonshire", "UKF25": "North Northamptonshire", "UKF3": "Lincolnshire", "UKF30": "Lincolnshire", "UKG": "West Midlands (UK)", "UKG1": "Herefordshire, Worcestershire and Warwickshire", "UKG11": "Herefordshire, County of", "UKG12": "Worcestershire", "UKG13": "Warwickshire", "UKG2": "Shropshire and Staffordshire", "UKG21": "Telford and Wrekin", "UKG22": "Shropshire CC", "UKG23": "Stoke-on-Trent", "UKG24": "Staffordshire CC", "UKG3": "West Midlands", "UKG31": "Birmingham", "UKG32": "Solihull", "UKG33": "Coventry", "UKG36": "Dudley", "UKG37": "Sandwell", "UKG38": "Walsall", "UKG39": "Wolverhampton", "UKH": "East of England", "UKH1": "East Anglia", "UKH11": "Peterborough", "UKH12": "Cambridgeshire CC", "UKH14": "Suffolk", "UKH15": "Norwich & East Norfolk", "UKH16": "North & West Norfolk", "UKH17": "Breckland & South Norfolk", "UKH2": "Bedfordshire and Hertfordshire", "UKH21": "Luton", "UKH23": "Hertfordshire", "UKH24": "Bedford", "UKH25": "Central Bedfordshire", "UKH3": "Essex", "UKH31": "Southend-on-Sea", "UKH32": "Thurrock", "UKH34": "Essex Haven Gateway", "UKH35": "West Essex", "UKH36": "Heart of Essex", "UKH37": "Essex Thames Gateway", "UKI": "London", "UKI3": "Inner London - West", "UKI31": "Camden & City of London", "UKI32": "Westminster", "UKI33": "Kensington and Chelsea & Hammersmith and Fulham", "UKI34": "Wandsworth", "UKI4": "Inner London - East", "UKI41": "Hackney & Newham", "UKI42": "Tower Hamlets", "UKI43": "Haringey & Islington", "UKI44": "Lewisham & Southwark", "UKI45": "Lambeth", "UKI5": "Outer London - East and North East", "UKI51": "Bexley & Greenwich", "UKI52": "Barking & Dagenham and Havering", "UKI53": "Redbridge & Waltham Forest", "UKI54": "Enfield", "UKI6": "Outer London - South", "UKI61": "Bromley", "UKI62": "Croydon", "UKI63": "Merton, Kingston upon Thames & Sutton", "UKI7": "Outer London - West and North West", "UKI71": "Barnet", "UKI72": "Brent", "UKI73": "Ealing", "UKI74": "Harrow & Hillingdon", "UKI75": "Hounslow & Richmond upon Thames", "UKJ": "South East (UK)", "UKJ1": "Berkshire, Buckinghamshire and Oxfordshire", "UKJ11": "Berkshire", "UKJ12": "Milton Keynes", "UKJ13": "Buckinghamshire CC", "UKJ14": "Oxfordshire", "UKJ2": "Surrey, East and West Sussex", "UKJ21": "Brighton and Hove", "UKJ22": "East Sussex CC", "UKJ25": "West Surrey", "UKJ26": "East Surrey", "UKJ27": "West Sussex (South West)", "UKJ28": "West Sussex (North East)", "UKJ3": "Hampshire and Isle of Wight", "UKJ31": "Portsmouth", "UKJ32": "Southampton", "UKJ34": "Isle of Wight", "UKJ35": "South Hampshire", "UKJ36": "Central Hampshire", "UKJ37": "North Hampshire", "UKJ4": "Kent", "UKJ41": "Medway", "UKJ43": "Kent Thames Gateway", "UKJ44": "East Kent", "UKJ45": "Mid Kent", "UKJ46": "West Kent", "UKK": "South West (UK)", "UKK1": "Gloucestershire, Wiltshire and Bristol/Bath area", "UKK11": "Bristol, City of", "UKK12": "Bath and North East Somerset, North Somerset and South Gloucestershire", "UKK13": "Gloucestershire", "UKK14": "Swindon", "UKK15": "Wiltshire CC", "UKK2": "Dorset and Somerset", "UKK21": "Bournemouth and Poole", "UKK22": "Dorset CC", "UKK23": "Somerset", "UKK3": "Cornwall and Isles of Scilly", "UKK30": "Cornwall and Isles of Scilly", "UKK4": "Devon", "UKK41": "Plymouth", "UKK42": "Torbay", "UKK43": "Devon CC", "UKL": "Wales", "UKL1": "West Wales and The Valleys", "UKL11": "Isle of Anglesey", "UKL12": "Gwynedd", "UKL13": "Conwy and Denbighshire", "UKL14": "South West Wales", "UKL15": "Central Valleys", "UKL16": "Gwent Valleys", "UKL17": "Bridgend and Neath Port Talbot", "UKL18": "Swansea", "UKL2": "East Wales", "UKL21": "Monmouthshire and Newport", "UKL22": "Cardiff and Vale of Glamorgan", "UKL23": "Flintshire and Wrexham", "UKL24": "Powys", "UKM": "Scotland", "UKM5": "North Eastern Scotland", "UKM50": "Aberdeen City and Aberdeenshire", "UKM6": "Highlands and Islands", "UKM61": "Caithness & Sutherland and Ross & Cromarty", "UKM62": "Inverness & Nairn and Moray, Badenoch & Strathspey", "UKM63": "Lochaber, Skye & Lochalsh, Arran & Cumbrae and Argyll & Bute", "UKM64": "Eilean Siar (Western Isles)", "UKM65": "Orkney Islands", "UKM66": "Shetland Islands", "UKM7": "Eastern Scotland", "UKM71": "Angus and Dundee City", "UKM72": "Clackmannanshire and Fife", "UKM73": "East Lothian and Midlothian", "UKM75": "Edinburgh, City of", "UKM76": "Falkirk", "UKM77": "Perth & Kinross and Stirling", "UKM78": "West Lothian", "UKM8": "West Central Scotland", "UKM81": "East Dunbartonshire, West Dunbartonshire and Helensburgh & Lomond", "UKM82": "Glasgow City", "UKM83": "Inverclyde, East Renfrewshire and Renfrewshire", "UKM84": "North Lanarkshire", "UKM9": "Southern Scotland", "UKM91": "Scottish Borders", "UKM92": "Dumfries & Galloway", "UKM93": "East Ayrshire and North Ayrshire mainland", "UKM94": "South Ayrshire", "UKM95": "South Lanarkshire", "UKN": "Northern Ireland (UK)", "UKN0": "Northern Ireland (UK)", "UKN06": "Belfast", "UKN07": "Armagh City, Banbridge and Craigavon", "UKN08": "Newry, Mourne and Down", "UKN09": "Ards and North Down", "UKN10": "Derry City and Strabane", "UKN11": "Mid Ulster", "UKN12": "Causeway Coast and Glens", "UKN13": "Antrim and Newtownabbey", "UKN14": "Lisburn and Castlereagh", "UKN15": "Mid and East Antrim", "UKN16": "Fermanagh and Omagh", "UKZ": "Extra-Regio NUTS 1", "UKZZ": "Extra-Regio NUTS 2", "UKZZZ": "Extra-Regio NUTS 3", "NO": "Norway", "NO0": "Norge", "NO01": "Oslo og Akershus", "NO011": "Oslo", "NO012": "Akershus", "NO02": "Hedmark og Oppland", "NO021": "Hedmark", "NO022": "Oppland", "NO03": "S\u00f8r-\u00d8stlandet", "NO031": "\u00d8stfold", "NO032": "Buskerud", "NO033": "Vestfold", "NO034": "Telemark", "NO04": "Agder og Rogaland", "NO041": "Aust-Agder", "NO042": "Vest-Agder", "NO043": "Rogaland", "NO05": "Vestlandet", "NO051": "Hordaland", "NO052": "Sogn og Fjordane", "NO053": "M\u00f8re og Romsdal", "NO06": "Tr\u00f8ndelag", "NO061": "S\u00f8r-Tr\u00f8ndelag", "NO062": "Nord-Tr\u00f8ndelag", "NO07": "Nord-Norge", "NO071": "Nordland", "NO072": "Troms", "NO073": "Finnmark", "NOZ": "Extra-Regio level 1", "NOZZ": "Extra-Regio level 2", "NOZZZ": "Extra-Regio level 3", "ME": "Montenegro", "ME0": "Crna Gora", "ME00": "Crna Gora", "ME000": "Crna Gora", "MK": "North Macedonia", "MK0": "Severna Makedonija", "MK00": "Severna Makedonija", "MK001": "Vardarski", "MK002": "Istocen", "MK003": "Jugozapaden", "MK004": "Jugoistocen", "MK005": "Pelagoniski", "MK006": "Poloski", "MK007": "Severoistocen", "MK008": "Skopski", "AL": "Albania", "AL0": "Shqip\u00ebria", "AL01": "Veri", "AL011": "Dib\u00ebr", "AL012": "Durr\u00ebs", "AL013": "Kuk\u00ebs", "AL014": "Lezh\u00eb", "AL015": "Shkod\u00ebr", "AL02": "Qender", "AL021": "Elbasan", "AL022": "Tiran\u00eb", "AL03": "Jug", "AL031": "Berat", "AL032": "Fier", "AL033": "Gjirokast\u00ebr", "AL034": "Korc\u00eb", "AL035": "Vlor\u00eb", "RS": "Serbia", "RS1": "Srbija - sever", "RS11": "Beogradski region", "RS110": "Beogradska oblast", "RS12": "Region Vojvodine", "RS121": "Zapadnobacka oblast", "RS122": "Juznobanatska oblast", "RS123": "Juznobacka oblast", "RS124": "Severnobanatska oblast", "RS125": "Severnobacka oblast", "RS126": "Srednjobanatska oblast", "RS127": "Sremska oblast", "RS2": "Srbija - jug", "RS21": "Region Sumadije i Zapadne Srbije", "RS211": "Zlatiborska oblast", "RS212": "Kolubarska oblast", "RS213": "Macvanska oblast", "RS214": "Moravicka oblast", "RS215": "Pomoravska oblast", "RS216": "Rasinska oblast", "RS217": "Raska oblast", "RS218": "Sumadijska oblast", "RS22": "Region Juzne i Istocne Srbije", "RS221": "Borska oblast", "RS222": "Branicevska oblast", "RS223": "Zajecarska oblast", "RS224": "Jablanicka oblast", "RS225": "Nisavska oblast", "RS226": "Pirotska oblast", "RS227": "Podunavska oblast", "RS228": "Pcinjska oblast", "RS229": "Toplicka oblast", "RSZ": "Extra-Regio level 1", "RSZZ": "Extra-Regio level 2", "RSZZZ": "Extra-Regio level 3", "TR": "Turkey", "TR1": "Istanbul", "TR10": "Istanbul", "TR100": "Istanbul", "TR2": "Bati Marmara", "TR21": "Tekirdag, Edirne, Kirklareli", "TR211": "Tekirdag", "TR212": "Edirne", "TR213": "Kirklareli", "TR22": "Balikesir, \u00c7anakkale", "TR221": "Balikesir", "TR222": "\u00c7anakkale", "TR3": "Ege", "TR31": "Izmir", "TR310": "Izmir", "TR32": "Aydin, Denizli, Mugla", "TR321": "Aydin", "TR322": "Denizli", "TR323": "Mugla", "TR33": "Manisa, Afyonkarahisar, K\u00fctahya, Usak", "TR331": "Manisa", "TR332": "Afyonkarahisar", "TR333": "K\u00fctahya", "TR334": "Usak", "TR4": "Dogu Marmara", "TR41": "Bursa, Eskisehir, Bilecik", "TR411": "Bursa", "TR412": "Eskisehir", "TR413": "Bilecik", "TR42": "Kocaeli, Sakarya, D\u00fczce, Bolu, Yalova", "TR421": "Kocaeli", "TR422": "Sakarya", "TR423": "D\u00fczce", "TR424": "Bolu", "TR425": "Yalova", "TR5": "Bati Anadolu", "TR51": "Ankara", "TR510": "Ankara", "TR52": "Konya, Karaman", "TR521": "Konya", "TR522": "Karaman", "TR6": "Akdeniz", "TR61": "Antalya, Isparta, Burdur", "TR611": "Antalya", "TR612": "Isparta", "TR613": "Burdur", "TR62": "Adana, Mersin", "TR621": "Adana", "TR622": "Mersin", "TR63": "Hatay, Kahramanmaras, Osmaniye", "TR631": "Hatay", "TR632": "Kahramanmaras", "TR633": "Osmaniye", "TR7": "Orta Anadolu", "TR71": "Kirikkale, Aksaray, Nigde, Nevsehir, Kirsehir", "TR711": "Kirikkale", "TR712": "Aksaray", "TR713": "Nigde", "TR714": "Nevsehir", "TR715": "Kirsehir", "TR72": "Kayseri, Sivas, Yozgat", "TR721": "Kayseri", "TR722": "Sivas", "TR723": "Yozgat", "TR8": "Bati Karadeniz", "TR81": "Zonguldak, Karab\u00fck, Bartin", "TR811": "Zonguldak", "TR812": "Karab\u00fck", "TR813": "Bartin", "TR82": "Kastamonu, \u00c7ankiri, Sinop", "TR821": "Kastamonu", "TR822": "\u00c7ankiri", "TR823": "Sinop", "TR83": "Samsun, Tokat, \u00c7orum, Amasya", "TR831": "Samsun", "TR832": "Tokat", "TR833": "\u00c7orum", "TR834": "Amasya", "TR9": "Dogu Karadeniz", "TR90": "Trabzon, Ordu, Giresun, Rize, Artvin, G\u00fcm\u00fcshane", "TR901": "Trabzon", "TR902": "Ordu", "TR903": "Giresun", "TR904": "Rize", "TR905": "Artvin", "TR906": "G\u00fcm\u00fcshane", "TRA": "Kuzeydogu Anadolu", "TRA1": "Erzurum, Erzincan, Bayburt", "TRA11": "Erzurum", "TRA12": "Erzincan", "TRA13": "Bayburt", "TRA2": "Agri, Kars, Igdir, Ardahan", "TRA21": "Agri", "TRA22": "Kars", "TRA23": "Igdir", "TRA24": "Ardahan", "TRB": "Ortadogu Anadolu", "TRB1": "Malatya, Elazig, Bing\u00f6l, Tunceli", "TRB11": "Malatya", "TRB12": "Elazig", "TRB13": "Bing\u00f6l", "TRB14": "Tunceli", "TRB2": "Van, Mus, Bitlis, Hakkari", "TRB21": "Van", "TRB22": "Mus", "TRB23": "Bitlis", "TRB24": "Hakkari", "TRC": "G\u00fcneydogu Anadolu", "TRC1": "Gaziantep, Adiyaman, Kilis", "TRC11": "Gaziantep", "TRC12": "Adiyaman", "TRC13": "Kilis", "TRC2": "Sanliurfa, Diyarbakir", "TRC21": "Sanliurfa", "TRC22": "Diyarbakir", "TRC3": "Mardin, Batman, Sirnak, Siirt", "TRC31": "Mardin", "TRC32": "Batman", "TRC33": "Sirnak", "TRC34": "Siirt"}