Reporting Area,Yellow fever,Yellow fever,Yellow fever,Yellow fever,"Zika virus disease, non-congenital","Zika virus disease, non-congenital","Zika virus disease, non-congenital","Zika virus disease, non-congenital"
Reporting Area,Current  week,Previous 52  weeks Max †,Cum YTD  2019 †,Cum YTD  2018 †,Current  week,Previous 52  weeks Max †,Cum YTD  2019 †,Cum YTD  2018 †
"U.S. Residents, excluding U.S. Territories",-,0,-,-,-,3,10,60
New England,-,0,-,-,-,0,-,1
Connecticut,-,0,-,-,-,0,-,-
Maine,-,0,-,-,-,0,-,-
Massachusetts,-,0,-,-,-,0,-,1
New Hampshire,-,0,-,-,-,0,-,-
Rhode Island,-,0,-,-,-,0,-,-
Vermont,-,0,-,-,-,0,-,-
Middle Atlantic,-,0,-,-,-,2,4,8
New Jersey,-,0,-,-,-,1,2,2
New York (excluding New York City),-,0,-,-,-,0,-,2
New York City,-,0,-,-,-,1,2,4
Pennsylvania,-,0,-,-,-,0,-,-
East North Central,-,0,-,-,-,0,-,3
Illinois,-,0,-,-,-,0,-,3
Indiana,-,0,-,-,-,0,-,-
Michigan,-,0,-,-,-,0,-,-
Ohio,-,0,-,-,-,0,-,-
Wisconsin,-,0,-,-,-,0,-,-
West North Central,-,0,-,-,-,1,1,1
Iowa,-,0,-,-,-,0,-,-
Kansas,-,0,-,-,-,0,-,-
Minnesota,-,0,-,-,-,0,-,1
Missouri,-,0,-,-,-,0,-,-
Nebraska,-,0,-,-,-,1,1,-
North Dakota,-,0,-,-,-,0,-,-
South Dakota,-,0,-,-,-,0,-,-
South Atlantic,-,0,-,-,-,1,-,22
Delaware,-,0,-,-,-,0,-,-
District of Columbia,-,0,-,-,-,0,-,-
Florida,-,0,-,-,-,1,-,16
Georgia,-,0,-,-,-,0,-,-
Maryland,-,0,-,-,-,0,-,2
North Carolina,-,0,-,-,-,0,-,3
South Carolina,-,0,-,-,-,0,-,-
Virginia,-,0,-,-,-,0,-,1
West Virginia,-,0,-,-,-,0,-,-
East South Central,-,0,-,-,-,0,-,2
Alabama,-,0,-,-,-,0,-,2
Kentucky,-,0,-,-,-,0,-,-
Mississippi,-,0,-,-,-,0,-,-
Tennessee,-,0,-,-,-,0,-,-
West South Central,-,0,-,-,-,1,1,3
Arkansas,-,0,-,-,-,0,-,-
Louisiana,-,0,-,-,-,0,-,-
Oklahoma,-,0,-,-,-,0,-,-
Texas,-,0,-,-,-,1,1,3
Mountain,-,0,-,-,-,1,2,1
Arizona,-,0,-,-,-,1,-,-
Colorado,-,0,-,-,-,0,-,-
Idaho,-,0,-,-,-,1,1,-
Montana,-,0,-,-,-,0,-,-
Nevada,-,0,-,-,-,0,-,-
New Mexico,-,0,-,-,-,0,-,-
Utah,-,0,-,-,-,1,1,1
Wyoming,-,0,-,-,-,0,-,-
Pacific,-,0,-,-,-,2,2,19
Alaska,-,0,-,-,-,0,-,-
California,-,0,-,-,-,2,2,18
Hawaii,-,0,-,-,-,0,-,-
Oregon,-,0,-,-,-,0,-,1
Washington,-,0,-,-,-,0,-,-
U.S. Territories,-,0,-,-,-,5,39,119
American Samoa,-,0,-,-,-,0,-,-
Commonwealth of Northern Mariana Islands,-,0,-,-,-,0,-,-
Guam,-,0,-,-,-,0,-,-
Puerto Rico,-,0,-,-,-,5,39,117
U.S. Virgin Islands,-,0,-,-,-,0,-,2
Non-U.S. Residents,-,NC,-,NP,-,NC,-,NP
Total,-,0,-,-,-,7,49,179
