Reporting Area,"Vibriosis (any species of the family  Vibrionaceae  , other than toxigenic  Vibrio  cholerae O1 or O139)","Vibriosis (any species of the family  Vibrionaceae  , other than toxigenic  Vibrio  cholerae O1 or O139)","Vibriosis (any species of the family  Vibrionaceae  , other than toxigenic  Vibrio  cholerae O1 or O139)","Vibriosis (any species of the family  Vibrionaceae  , other than toxigenic  Vibrio  cholerae O1 or O139)","Vibriosis (any species of the family  Vibrionaceae  , other than toxigenic  Vibrio  cholerae O1 or O139)","Vibriosis (any species of the family  Vibrionaceae  , other than toxigenic  Vibrio  cholerae O1 or O139)","Vibriosis (any species of the family  Vibrionaceae  , other than toxigenic  Vibrio  cholerae O1 or O139)","Vibriosis (any species of the family  Vibrionaceae  , other than toxigenic  Vibrio  cholerae O1 or O139)"
Reporting Area,Confirmed,Confirmed,Confirmed,Confirmed,Probable,Probable,Probable,Probable
Reporting Area,Current week,Previous 52 weeks Max †,Cum YTD 2021 †,Cum YTD 2020 †,Current week,Previous 52 weeks Max †,Cum YTD 2021 †,Cum YTD 2020 †
"U.S. Residents, excluding U.S. Territories",24,63,467,379,15,46,413,314
New England,5,11,34,37,2,4,33,17
Connecticut,-,6,5,15,-,3,15,6
Maine,1,2,2,3,1,0,1,2
Massachusetts,4,6,25,16,1,2,16,6
New Hampshire,-,3,-,1,-,1,1,-
Rhode Island,-,2,2,2,-,1,-,3
Vermont,-,0,-,-,-,0,-,-
Middle Atlantic,3,7,46,30,1,8,57,53
New Jersey,-,1,-,2,-,1,-,5
New York (excluding New York City),3,5,22,12,1,4,23,17
New York City,-,4,14,12,-,6,25,19
Pennsylvania,-,3,10,4,-,3,9,12
East North Central,-,5,16,23,-,5,48,40
Illinois,-,1,5,4,-,3,15,8
Indiana,-,2,3,4,-,2,5,4
Michigan,-,2,-,5,-,1,-,8
Ohio,-,2,8,8,-,5,28,13
Wisconsin,-,1,-,2,-,1,-,7
West North Central,1,2,6,7,2,2,22,8
Iowa,N,NC,N,N,N,NC,N,N
Kansas,-,0,-,2,-,2,4,-
Minnesota,-,0,-,-,-,0,-,-
Missouri,-,1,2,3,-,2,3,-
Nebraska,1,1,2,2,2,2,14,7
North Dakota,-,1,2,-,-,0,-,1
South Dakota,-,0,-,-,-,1,1,-
South Atlantic,5,15,151,138,3,13,71,63
Delaware,-,3,5,2,-,2,5,3
District of Columbia,-,1,-,-,-,1,-,1
Florida,1,12,96,71,1,4,27,12
Georgia,-,3,2,11,-,2,1,12
Maryland,3,4,21,16,1,3,16,14
North Carolina,-,3,2,13,-,3,5,3
South Carolina,-,3,5,9,-,1,4,7
Virginia,1,5,20,13,1,4,13,6
West Virginia,-,1,-,3,-,3,-,5
East South Central,-,4,19,28,-,4,21,18
Alabama,-,2,11,9,-,2,2,7
Kentucky,-,2,2,2,-,2,10,3
Mississippi,-,2,1,12,-,0,-,3
Tennessee,-,2,5,5,-,2,9,5
West South Central,2,8,39,35,1,4,41,47
Arkansas,-,1,-,1,-,1,1,1
Louisiana,-,4,12,20,-,2,8,22
Oklahoma,-,1,1,2,-,0,-,-
Texas,2,7,26,12,1,4,32,24
Mountain,2,5,26,8,3,5,38,23
Arizona,1,4,4,5,1,2,13,4
Colorado,1,2,8,2,2,3,17,12
Idaho,N,NC,N,N,N,NC,N,N
Montana,-,1,-,-,-,0,-,1
Nevada,-,1,-,-,-,0,-,3
New Mexico,-,1,1,-,-,1,-,1
Utah,-,5,13,1,-,3,8,2
Wyoming,-,1,-,-,-,1,-,-
Pacific,6,39,130,73,3,27,82,45
Alaska,-,1,3,-,1,1,2,-
California,4,10,40,40,-,6,19,26
Hawaii,-,3,11,14,-,1,1,3
Oregon,-,11,21,8,-,6,8,4
Washington,2,22,55,11,2,18,52,12
U.S. Territories,-,0,-,1,-,0,-,-
American Samoa,N,NC,N,N,N,NC,N,N
Commonwealth of Northern Mariana Islands,-,0,-,-,-,0,-,-
Guam,-,0,-,-,-,0,-,-
Puerto Rico,-,0,-,1,-,0,-,-
U.S. Virgin Islands,-,0,-,-,-,0,-,-
Non-U.S. Residents,-,0,-,-,-,0,-,-
Total,24,63,467,380,15,46,413,314
