Reporting Area,"Hepatitis C, perinatal infection","Hepatitis C, perinatal infection","Hepatitis C, perinatal infection","Hepatitis C, perinatal infection",Influenza-associated pediatric mortality §,Influenza-associated pediatric mortality §,Influenza-associated pediatric mortality §,Influenza-associated pediatric mortality §
Reporting Area,Current  week,Previous 52  weeks Max †,Cum YTD  2019 †,Cum YTD  2018 †,Current  week,Previous 52  weeks Max †,Cum YTD  2019 †,Cum YTD  2018 †
"U.S. Residents, excluding U.S. Territories",5,8,93,135,-,15,110,144
New England,-,2,3,5,-,2,6,6
Connecticut,-,0,-,-,-,1,1,4
Maine,-,1,1,-,-,1,1,-
Massachusetts,-,2,2,5,-,1,3,1
New Hampshire,-,0,-,-,-,0,-,-
Rhode Island,-,0,-,-,-,0,-,1
Vermont,-,0,-,-,-,1,1,-
Middle Atlantic,1,2,7,22,-,2,12,17
New Jersey,-,1,2,9,-,1,5,4
New York (excluding New York City),-,0,-,-,-,1,3,1
New York City,-,1,-,2,-,1,2,5
Pennsylvania,1,2,5,11,-,1,2,7
East North Central,4,7,38,54,-,2,16,23
Illinois,-,1,1,6,-,2,6,8
Indiana,-,1,-,14,-,0,-,7
Michigan,-,3,9,5,-,2,2,2
Ohio,4,5,28,27,-,1,4,4
Wisconsin,-,0,-,2,-,1,4,2
West North Central,-,1,3,1,-,2,16,10
Iowa,-,0,-,-,-,1,1,-
Kansas,-,1,2,-,-,1,2,2
Minnesota,-,1,1,1,-,1,3,5
Missouri,-,0,-,-,-,1,5,1
Nebraska,-,0,-,-,-,1,4,1
North Dakota,-,0,-,-,-,0,-,-
South Dakota,-,0,-,-,-,1,1,1
South Atlantic,-,4,20,30,-,5,19,29
Delaware,-,0,-,1,-,0,-,-
District of Columbia,-,0,-,-,-,0,-,-
Florida,-,3,14,24,-,1,3,7
Georgia,-,1,-,2,-,2,3,4
Maryland,-,1,-,1,-,2,4,3
North Carolina,-,0,-,-,-,2,4,5
South Carolina,-,0,-,-,-,1,-,3
Virginia,-,2,6,2,-,1,5,5
West Virginia,-,0,-,-,-,0,-,2
East South Central,-,1,5,3,-,2,4,17
Alabama,-,0,-,-,-,1,1,1
Kentucky,-,0,-,-,-,1,2,4
Mississippi,-,0,-,-,-,1,-,3
Tennessee,-,1,5,3,-,1,1,9
West South Central,-,2,7,4,-,2,13,23
Arkansas,-,2,5,1,-,1,-,4
Louisiana,-,1,2,3,-,1,1,3
Oklahoma,-,0,-,-,-,1,1,2
Texas,-,0,-,-,-,2,11,14
Mountain,-,2,2,5,-,2,12,15
Arizona,-,0,-,-,-,0,-,5
Colorado,-,0,-,2,-,1,3,1
Idaho,-,0,-,-,-,0,-,-
Montana,-,1,-,-,-,1,-,1
Nevada,-,1,1,1,-,1,3,3
New Mexico,-,0,-,-,-,1,3,3
Utah,-,1,1,2,-,1,3,1
Wyoming,-,0,-,-,-,0,-,1
Pacific,-,4,8,11,-,4,12,4
Alaska,-,0,-,1,-,1,1,-
California,-,2,8,10,-,3,9,-
Hawaii,-,0,-,-,-,0,-,-
Oregon,-,0,-,-,-,1,1,3
Washington,-,4,-,-,-,1,1,1
U.S. Territories,-,0,-,-,-,0,-,-
American Samoa,-,0,-,-,-,0,-,-
Commonwealth of Northern Mariana Islands,-,0,-,-,-,0,-,-
Guam,-,0,-,-,-,0,-,-
Puerto Rico,-,0,-,-,-,0,-,-
U.S. Virgin Islands,-,0,-,-,-,0,-,-
Non-U.S. Residents,-,NC,-,NP,-,NC,-,NP
Total,5,8,93,135,-,15,110,144
