0,1,2,3,4,5,6,7,8,9
Disease,,,,Total cases reported for previous years,Total cases reported for previous years,Total cases reported for previous years,Total cases reported for previous years,Total cases reported for previous years,
Disease,Current  week,Cum  2015,5-year  weekly  average  §,2014,2013,2012,2011,2010,States reporting cases  during current week (Count)
Anthrax,-,-,-,-,-,-,1,-,
"Arboviral diseases **,††:",,,,,,,,,
California serogroup virus disease,-,56,-,96,95,81,137,75,
Chikungunya virus disease ¶,NN,NN,-,NN,NN,NN,NN,NN,
Eastern equine encephalitis virus disease,-,3,-,8,8,15,4,10,
Powassan virus disease,-,5,0,8,12,7,16,8,
St. Louis encephalitis virus disease,-,19,0,10,1,3,6,10,
Western equine encephalitis virus disease,-,-,-,-,-,-,-,-,
"Botulism, total",3,174,4,161,152,168,153,112,
foodborne,-,40,1,15,4,27,24,7,
infant,3,115,3,127,136,123,97,80,"NYC (1 ), OH (2 )"
other(wound & unspecified),-,19,0,19,12,18,32,25,
Brucellosis,1,112,2,92,99,114,79,115,FL (1 )
Chancroid,1,17,0,6,-,15,8,24,WY (1 )
Cholera,-,1,1,5,14,17,40,13,
Cyclosporiasis ††,-,605,2,388,784,123,151,179,
Diphtheria,-,-,-,1,-,1,-,-,
"Haemophilus influenzae  ,  invasive disease (age <5 yrs) §§:",,,,,,,,,
serotype b,-,21,1,40,31,30,14,23,
nonserotype b,4,219,5,228,222,205,145,200,"OH (1 ), SC (1 ), CO (1 ), AZ (1 )"
unknown serotype,1,200,5,204,185,210,226,223,AZ (1 )
Hansen disease ††,1,63,2,88,81,82,82,98,FL (1 )
Hantavirus Infections ††:,,,,,,,,,
Hantavirus infection (non-HPS) ¶,NN,NN,-,NN,NN,NN,NN,NN,
Hantavirus pulmonary syndrome (HPS),-,10,0,32,21,30,23,20,
"Hemolytic uremic syndrome, post-diarrheal ††",-,224,4,250,329,274,290,266,
"Hepatitis B, virus infection perinatal",-,24,1,47,48,40,NP,NP,
"Influenza-associated pediatric mortality ††,¶¶",1,118,2,141,160,52,118,61,TN (1 )
Leptospirosis ††,-,27,0,38,NN,NN,NN,NN,
Listeriosis,4,649,15,769,735,727,870,821,"PA (1 ), AL (1 ), OK (1 ), TX (1 )"
Measles ***,-,188,1,667,187,55,220,63,
"Meningococcal disease, invasive †††:",,,,,,,,,
serogroup ACWY,-,76,5,123,142,161,257,280,
serogroup B,-,79,3,89,99,110,159,135,
other serogroup,-,18,1,25,17,20,20,12,
unknown serogroup,2,164,7,196,298,260,323,406,"FL (1 ), OR (1 )"
Novel influenza A infection virus §§§,-,6,1,3,21,313,14,4,
Plague,-,9,-,10,4,4,3,2,
"Poliomyelitis, paralytic",-,-,-,-,1,-,-,-,
"Polio virus infection, nonparalytic ††",-,-,-,-,-,-,-,-,
Psittacosis ††,-,7,0,8,6,2,2,4,
Q fever total ††:,2,127,4,168,170,135,134,131,
acute,2,109,3,132,137,113,110,106,"PA (1 ), TN (1 )"
chronic,-,18,1,36,33,22,24,25,
"Rabies, human",-,1,0,1,2,1,6,2,
SARS CoV ††,-,-,-,-,-,-,-,-,
Smallpox ††,-,-,-,-,-,-,-,-,
Streptococcal toxic-shock syndrome ††,2,239,4,259,224,194,168,142,"NY (1 ), OH (1 )"
"Syphilis, congenital (age <1 yr) ††,¶¶¶",-,333,7,458,348,322,360,377,
Toxic-shock syndrome (staphylococcal) ††,-,98,1,59,71,65,78,82,
Trichinellosis ††,-,7,0,14,22,18,15,7,
Tularemia,-,240,2,180,203,149,166,124,
Typhoid fever,4,305,7,349,338,354,390,467,"NYC (3 ), MD (1 )"
Vancomycin-intermediate  Staphylococcus aureus  ††,2,152,4,212,248,134,82,91,"NY (1 ), LA (1 )"
Vancomycin-resistant  Staphylococcus aureus  ††,-,1,-,-,-,2,-,2,
"Viral hemorrhagic Fevers ††,****:",,,,,,,,,
Crimean-Congo hemorrhagic fever,-,-,-,NP,NP,NP,NP,NP,
Ebola hemorrhagic fever,-,-,-,4,NP,NP,NP,NP,
Guanarito hemorrhagic fever,-,-,-,NP,NP,NP,NP,NP,
Junin hemorrhagic fever,-,-,-,NP,NP,NP,NP,NP,
Lassa fever,-,-,-,1,NP,NP,NP,NP,
Lujo virus,-,-,-,NP,NP,NP,NP,NP,
Machupo hemorrhagic fever,-,-,-,NP,NP,NP,NP,NP,
Marburg fever,-,-,-,NP,NP,NP,NP,NP,
Sabia-associated hemorrhagic fever,-,-,-,NP,NP,NP,NP,NP,
Yellow fever,-,-,-,-,-,-,-,-,
