Reporting Area,Tuberculosis †,Tuberculosis †,Tuberculosis †,Tuberculosis †,Tuberculosis †
Reporting Area,Current  quarter,Previous 4 quarters,Previous 4 quarters,Cum  2019,Cum  2018
Reporting Area,Current  quarter,Min,Max,Cum  2019,Cum  2018
United States,1544,1544.0,2474.0,5352,6465
New England,49,49.0,74.0,187,227
Connecticut,6,6.0,23.0,41,37
Maine,3,2.0,7.0,12,11
Massachusetts,38,36.0,52.0,117,148
New Hampshire,-,0.0,4.0,4,8
Rhode Island,2,2.0,6.0,11,18
Vermont,-,0.0,2.0,2,5
Middle Atlantic,301,267.0,319.0,887,897
New Jersey,85,64.0,85.0,240,183
New York (excluding New York City),44,37.0,60.0,124,140
New York City,131,108.0,149.0,388,412
Pennsylvania,41,37.0,57.0,135,162
East North Central,206,133.0,257.0,534,510
Illinois,83,51.0,100.0,234,228
Indiana,27,25.0,41.0,85,74
Michigan,23,23.0,37.0,80,75
Ohio,61,19.0,70.0,102,102
Wisconsin,12,9.0,18.0,33,31
West North Central,46,46.0,99.0,175,266
Iowa,-,0.0,16.0,14,33
Kansas,-,0.0,6.0,4,24
Minnesota,30,26.0,45.0,95,120
Missouri,8,8.0,21.0,34,51
Nebraska,2,1.0,4.0,5,20
North Dakota,1,1.0,6.0,11,10
South Dakota,5,3.0,5.0,12,8
South Atlantic,279,272.0,503.0,947,1111
Delaware,7,1.0,7.0,15,19
District of Columbia,2,2.0,7.0,14,29
Florida,79,79.0,148.0,369,447
Georgia,70,51.0,78.0,192,183
Maryland,37,30.0,68.0,123,142
North Carolina,31,12.0,71.0,86,125
South Carolina,10,10.0,40.0,42,46
Virginia,41,15.0,88.0,101,117
West Virginia,2,1.0,3.0,5,3
East South Central,88,69.0,91.0,248,301
Alabama,30,15.0,30.0,63,76
Kentucky,17,14.0,21.0,52,48
Mississippi,8,8.0,25.0,48,64
Tennessee,33,25.0,33.0,85,113
West South Central,136,136.0,364.0,619,1016
Arkansas,12,12.0,26.0,54,55
Louisiana,22,14.0,25.0,59,80
Oklahoma,16,15.0,22.0,47,53
Texas,86,86.0,298.0,459,828
Mountain,62,62.0,95.0,234,295
Arizona,16,16.0,53.0,108,138
Colorado,10,10.0,14.0,36,50
Idaho,3,1.0,4.0,6,11
Montana,1,0.0,1.0,1,4
Nevada,17,9.0,19.0,38,50
New Mexico,10,8.0,14.0,26,27
Utah,5,3.0,7.0,18,15
Wyoming,-,0.0,1.0,1,-
Pacific,377,377.0,688.0,1521,1842
Alaska,8,8.0,18.0,35,45
California,282,282.0,580.0,1206,1496
Hawaii,20,20.0,26.0,68,94
Oregon,16,11.0,23.0,48,57
Washington,51,41.0,57.0,164,150
U.S. Territories,,,,,
American Samoa,-,0.0,1.0,1,2
Commonwealth of Northern Mariana Islands,8,6.0,15.0,36,41
Guam,18,14.0,21.0,46,50
Puerto Rico,11,7.0,11.0,27,15
U.S. Virgin Islands,-,0.0,0.0,-,-
