Reporting  Area,"Hepatitis (viral, acute, by type) †","Hepatitis (viral, acute, by type) †","Hepatitis (viral, acute, by type) †","Hepatitis (viral, acute, by type) †","Hepatitis (viral, acute, by type) †","Hepatitis (viral, acute, by type) †","Hepatitis (viral, acute, by type) †","Hepatitis (viral, acute, by type) †","Hepatitis (viral, acute, by type) †","Hepatitis (viral, acute, by type) †"
Reporting  Area,C (confirmed),C (confirmed),C (confirmed),C (confirmed),C (confirmed),C (probable),C (probable),C (probable),C (probable),C (probable)
Reporting  Area,Current  week,Previous 52 weeks,Previous 52 weeks,Cum  2018,Cum  2017,Current  week,Previous 52 weeks,Previous 52 weeks,Cum  2018,Cum  2017
Reporting  Area,Current  week,Med,Max,Cum  2018,Cum  2017,Current  week,Med,Max,Cum  2018,Cum  2017
United States,9,61,120,2697,2904,8,17,58,853,893
New England,1,3,8,126,378,-,0,4,29,58
Connecticut,-,0,1,4,9,-,0,0,-,-
Maine,1,0,3,17,19,-,0,3,9,11
Massachusetts,-,2,5,83,319,-,0,2,8,39
New Hampshire,-,0,4,20,22,-,0,2,12,8
Rhode Island,-,0,0,-,-,-,0,0,-,-
Vermont,-,0,1,2,9,-,0,0,-,-
Middle Atlantic,3,9,16,376,489,1,1,3,37,37
New Jersey,-,1,6,65,117,-,0,2,13,18
New York (excluding New York City),2,3,9,174,155,1,0,2,14,19
New York City,-,0,2,4,9,-,0,0,-,-
Pennsylvania,1,3,9,133,208,-,0,2,10,-
East North Central,1,14,25,609,588,4,6,17,294,191
Illinois,-,1,4,46,36,-,0,1,11,10
Indiana,-,4,9,195,182,-,1,5,71,44
Michigan,-,2,6,106,135,-,1,4,36,74
Ohio,1,4,9,209,147,4,3,11,175,63
Wisconsin,-,1,4,53,88,-,0,1,1,-
West North Central,-,3,8,143,135,-,0,1,5,8
Iowa,-,0,0,-,-,-,0,0,-,-
Kansas,-,0,2,7,18,-,0,1,2,2
Minnesota,-,1,3,41,51,-,0,1,-,1
Missouri,-,1,5,65,46,-,0,0,-,-
Nebraska,-,0,1,6,2,-,0,1,1,3
North Dakota,-,0,2,8,1,-,0,1,2,1
South Dakota,-,0,3,16,17,-,0,0,-,1
South Atlantic,-,17,46,835,716,1,3,37,212,253
Delaware,-,0,2,-,2,-,0,0,-,3
District of Columbia,-,0,0,-,-,-,0,0,-,-
Florida,-,9,42,550,329,-,1,4,41,63
Georgia,-,1,5,52,92,-,0,4,23,33
Maryland,-,1,2,32,30,-,0,1,7,9
North Carolina,-,2,7,105,107,-,0,4,28,65
South Carolina,-,0,1,-,10,-,0,1,-,-
Virginia,-,1,4,43,52,1,0,4,22,18
West Virginia,-,1,12,53,94,-,0,31,91,62
East South Central,3,6,23,254,217,1,4,11,174,221
Alabama,-,0,14,48,16,-,0,6,32,18
Kentucky,-,2,8,109,69,-,2,7,98,141
Mississippi,-,0,0,-,-,-,0,0,-,-
Tennessee,3,2,9,97,132,1,1,3,44,62
West South Central,-,1,17,59,67,-,0,19,26,38
Arkansas,-,0,3,9,1,-,0,0,-,-
Louisiana,-,0,1,7,6,-,0,1,3,4
Oklahoma,-,0,17,11,27,-,0,18,8,14
Texas,-,1,3,32,33,-,0,2,15,20
Mountain,1,4,7,159,186,1,1,4,43,60
Arizona,-,0,0,-,-,-,0,0,-,-
Colorado,-,0,3,31,40,-,0,2,9,7
Idaho,-,0,1,4,8,-,0,1,2,4
Montana,1,0,1,9,12,-,0,1,5,1
Nevada,-,0,2,5,33,-,0,0,-,9
New Mexico,-,0,2,15,14,-,0,2,6,14
Utah,-,2,5,81,75,1,0,3,21,25
Wyoming,-,0,1,14,4,-,0,0,-,-
Pacific,-,3,52,136,128,-,0,21,33,27
Alaska,-,0,0,-,-,-,0,0,-,-
California,-,2,7,74,96,-,0,2,17,22
Hawaii,-,0,0,-,-,-,0,0,-,-
Oregon,-,0,2,14,32,-,0,2,10,5
Washington,-,0,52,48,-,-,0,21,6,-
Territories,,,,,,,,,,
American Samoa,-,0,0,-,-,-,0,0,-,-
Commonwealth of Northern Mariana Islands,-,-,-,-,-,-,-,-,-,-
Guam,-,0,0,-,1,-,0,0,-,-
Puerto Rico,-,0,0,-,-,-,0,0,-,-
U.S. Virgin Islands,-,0,0,-,-,-,0,0,-,-
