Reporting Area,Rabies,Rabies,Rabies,Rabies,Rabies,Rabies,Rabies,Rabies
Reporting Area,Animal,Animal,Animal,Animal,Human,Human,Human,Human
Reporting Area,Current  week,Previous 52  weeks Max †,Cum YTD  2019 †,Cum YTD  2018 †,Current  week,Previous 52  weeks Max †,Cum YTD  2019 †,Cum YTD  2018 †
"U.S. Residents, excluding U.S. Territories",27,82,243,422,-,1,-,1
New England,-,13,12,29,-,0,-,-
Connecticut,-,3,3,8,-,0,-,-
Maine,-,5,6,9,-,0,-,-
Massachusetts,-,0,-,-,-,0,-,-
New Hampshire,-,3,3,6,-,0,-,-
Rhode Island,-,3,-,3,-,0,-,-
Vermont,-,5,-,3,-,0,-,-
Middle Atlantic,7,36,77,129,-,0,-,-
New Jersey,-,0,-,-,-,0,-,-
New York (excluding New York City),7,29,77,87,-,0,-,-
New York City,-,0,-,-,-,0,-,-
Pennsylvania,-,13,-,42,-,0,-,-
East North Central,1,24,7,2,-,0,-,-
Illinois,-,13,3,-,-,0,-,-
Indiana,-,0,-,-,-,0,-,-
Michigan,-,7,1,2,-,0,-,-
Ohio,1,6,3,-,-,0,-,-
Wisconsin,N,NC,N,N,-,0,-,-
West North Central,2,5,8,9,-,0,-,-
Iowa,-,0,-,-,-,0,-,-
Kansas,2,3,7,3,-,0,-,-
Minnesota,-,0,-,-,-,0,-,-
Missouri,-,4,1,-,-,0,-,-
Nebraska,-,3,-,4,-,0,-,-
North Dakota,-,0,-,-,-,0,-,-
South Dakota,-,2,-,2,-,0,-,-
South Atlantic,15,24,115,208,-,1,-,1
Delaware,-,0,-,-,-,1,-,-
District of Columbia,-,0,-,-,-,0,-,-
Florida,-,10,25,134,-,0,-,1
Georgia,-,0,-,-,-,0,-,-
Maryland,6,11,43,38,-,0,-,-
North Carolina,9,17,41,36,-,0,-,-
South Carolina,N,NC,N,N,-,0,-,-
Virginia,-,0,-,-,-,0,-,-
West Virginia,-,10,6,-,-,0,-,-
East South Central,2,8,8,7,-,0,-,-
Alabama,2,4,7,6,-,0,-,-
Kentucky,-,8,1,1,-,0,-,-
Mississippi,-,0,-,-,-,0,-,-
Tennessee,-,0,-,-,-,0,-,-
West South Central,-,15,7,17,-,0,-,-
Arkansas,-,3,1,2,-,0,-,-
Louisiana,-,0,-,-,-,0,-,-
Oklahoma,-,8,6,1,-,0,-,-
Texas,-,15,-,14,-,0,-,-
Mountain,-,6,4,5,-,1,-,-
Arizona,N,NC,N,N,-,0,-,-
Colorado,-,0,-,-,-,0,-,-
Idaho,-,3,-,-,-,0,-,-
Montana,-,0,-,-,-,0,-,-
Nevada,-,2,-,-,-,0,-,-
New Mexico,-,2,1,2,-,0,-,-
Utah,-,2,-,-,-,1,-,-
Wyoming,-,4,3,3,-,0,-,-
Pacific,-,9,5,16,-,0,-,-
Alaska,-,2,1,1,-,0,-,-
California,-,9,4,15,-,0,-,-
Hawaii,-,0,-,-,-,0,-,-
Oregon,-,3,-,-,-,0,-,-
Washington,-,0,-,-,-,0,-,-
U.S. Territories,-,0,-,-,-,0,-,-
American Samoa,U,NC,U,U,-,0,-,-
Commonwealth of Northern Mariana Islands,-,0,-,-,-,0,-,-
Guam,-,0,-,-,-,0,-,-
Puerto Rico,-,0,-,-,-,0,-,-
U.S. Virgin Islands,-,0,-,-,-,0,-,-
Non-U.S. Residents,-,NC,-,NP,-,NC,-,NP
Total,27,82,243,422,-,1,-,1
