Reporting  Area,Chlamydia trachomatis  infection,Chlamydia trachomatis  infection,Chlamydia trachomatis  infection,Chlamydia trachomatis  infection,Chlamydia trachomatis  infection,Coccidioidomycosis,Coccidioidomycosis,Coccidioidomycosis,Coccidioidomycosis,Coccidioidomycosis
Reporting  Area,Current  week,Previous 52 weeks,Previous 52 weeks,Cum  2018,Cum  2017,Current  week,Previous 52 weeks,Previous 52 weeks,Cum  2018,Cum  2017
Reporting  Area,Current  week,Med,Max,Cum  2018,Cum  2017,Current  week,Med,Max,Cum  2018,Cum  2017
United States,11525,32269,35303,63132,122104,243,225,378,1115,891
New England,402,1015,1302,1864,4252,-,0,1,-,-
Connecticut,-,202,530,-,750,N,0,0,N,N
Maine,-,61,137,-,427,N,0,0,N,N
Massachusetts,398,574,683,1841,2157,N,0,0,N,N
New Hampshire,-,76,185,-,693,-,0,1,-,-
Rhode Island,4,86,262,23,78,-,0,0,-,-
Vermont,-,23,50,-,147,N,0,0,N,N
Middle Atlantic,3083,4140,5074,12933,18225,-,0,0,-,-
New Jersey,266,684,846,2052,2712,N,0,0,N,N
New York (excluding New York City),916,876,1535,2832,2563,N,0,0,N,N
New York City,864,1419,1588,4305,5677,N,0,0,N,N
Pennsylvania,1037,1105,2003,3744,7273,N,0,0,N,N
East North Central,1618,4426,5208,10489,19258,-,1,4,-,8
Illinois,75,1071,1599,1360,5636,N,0,0,N,N
Indiana,353,649,891,1917,2456,N,0,0,N,N
Michigan,290,933,1093,1878,4095,-,0,2,-,4
Ohio,531,1171,1316,3611,4840,-,0,4,-,2
Wisconsin,369,546,643,1723,2231,-,0,1,-,2
West North Central,334,1898,2224,2916,7305,-,2,5,3,8
Iowa,-,262,338,390,1018,N,0,0,N,N
Kansas,112,265,314,737,1017,N,0,0,N,N
Minnesota,-,437,531,-,1836,-,1,4,-,7
Missouri,174,631,840,1453,2225,-,0,2,2,1
Nebraska,48,165,233,195,605,-,0,1,1,-
North Dakota,-,62,78,2,245,-,0,1,-,-
South Dakota,-,80,120,139,359,N,0,0,N,N
South Atlantic,2312,6773,8367,11766,23296,-,0,2,-,-
Delaware,-,102,149,-,353,-,0,0,-,-
District of Columbia,-,163,426,475,713,-,0,0,-,-
Florida,1076,2009,2424,4863,6045,N,0,0,N,N
Georgia,505,1219,1442,2878,5065,N,0,0,N,N
Maryland,-,627,1245,906,858,-,0,2,-,-
North Carolina,4,1177,1386,20,4881,N,0,0,N,N
South Carolina,-,592,2152,-,2362,N,0,0,N,N
Virginia,727,759,1605,2624,2637,N,0,0,N,N
West Virginia,-,74,130,-,382,N,0,0,N,N
East South Central,209,2015,2758,2390,7301,-,0,1,-,1
Alabama,-,558,953,1071,2199,N,0,0,N,N
Kentucky,-,371,512,-,1523,-,0,1,-,1
Mississippi,-,378,736,684,593,N,0,0,N,N
Tennessee,209,654,915,635,2986,N,0,0,N,N
West South Central,496,4047,5416,1139,14804,2,0,3,2,-
Arkansas,1,207,718,2,309,2,0,2,2,-
Louisiana,442,625,1678,536,1846,-,0,1,-,-
Oklahoma,53,341,405,601,1335,N,0,0,N,N
Texas,-,2865,4061,-,11314,N,0,0,N,N
Mountain,1477,2280,3028,4860,6888,234,123,327,1026,521
Arizona,689,761,1625,1472,1911,233,118,324,1022,511
Colorado,574,495,790,1895,1882,N,0,0,N,N
Idaho,-,114,179,310,20,N,0,0,N,N
Montana,-,89,163,192,387,-,0,3,-,2
Nevada,-,261,350,15,944,-,3,10,1,7
New Mexico,63,247,435,343,812,1,0,2,3,-
Utah,151,196,272,633,810,-,0,4,-,1
Wyoming,-,41,78,-,122,-,0,2,-,-
Pacific,1594,5333,5813,14775,20775,7,76,139,84,353
Alaska,-,111,155,64,385,N,0,0,N,N
California,396,4239,4729,11479,16687,7,76,139,84,353
Hawaii,-,131,181,-,594,N,0,0,N,N
Oregon,441,365,545,1498,1203,-,0,2,-,-
Washington,757,475,615,1734,1906,N,0,0,N,N
Territories,,,,,,,,,,
American Samoa,-,0,0,-,-,N,0,0,N,N
Commonwealth of Northern Mariana Islands,-,-,-,-,-,-,-,-,-,-
Guam,-,-,-,-,-,-,-,-,-,-
Puerto Rico,-,109,241,39,685,N,0,0,N,N
U.S. Virgin Islands,-,10,21,-,42,-,0,0,-,-
