Reporting Area,Hemolytic uremic syndrome post-diarrheal,Hemolytic uremic syndrome post-diarrheal,Hemolytic uremic syndrome post-diarrheal,Hemolytic uremic syndrome post-diarrheal,"Hepatitis (viral, acute, by type)","Hepatitis (viral, acute, by type)","Hepatitis (viral, acute, by type)","Hepatitis (viral, acute, by type)","Hepatitis (viral, acute, by type)","Hepatitis (viral, acute, by type)","Hepatitis (viral, acute, by type)","Hepatitis (viral, acute, by type)"
Reporting Area,Hemolytic uremic syndrome post-diarrheal,Hemolytic uremic syndrome post-diarrheal,Hemolytic uremic syndrome post-diarrheal,Hemolytic uremic syndrome post-diarrheal,A,A,A,A,B,B,B,B
Reporting Area,Current  week,Previous 52  weeks Max †,Cum YTD  2019 †,Cum YTD  2018 †,Current  week,Previous 52  weeks Max †,Cum YTD  2019 †,Cum YTD  2018 †,Current  week,Previous 52  weeks Max †,Cum YTD  2019 †,Cum YTD  2018 †
"U.S. Residents, excluding U.S. Territories",3,19,193,325,83,526,16021,8941,12,127,2433,2721
New England,-,1,2,7,2,24,501,264,-,5,92,97
Connecticut,-,0,-,1,-,3,16,13,-,2,3,9
Maine,-,1,1,-,2,6,35,6,-,4,48,44
Massachusetts,-,0,-,2,-,21,189,229,-,2,30,38
New Hampshire,-,1,1,3,-,14,246,9,-,1,5,3
Rhode Island,-,0,-,1,-,2,4,5,U,NC,U,U
Vermont,-,0,-,-,-,2,11,2,-,1,6,3
Middle Atlantic,1,9,10,27,16,75,1415,269,2,8,171,147
New Jersey,-,0,-,5,-,23,512,61,-,4,47,52
New York (excluding New York City),1,3,5,10,13,14,214,82,-,4,36,22
New York City,-,1,2,11,-,5,86,43,2,3,27,21
Pennsylvania,-,9,3,1,3,43,603,83,-,4,61,52
East North Central,-,2,18,35,6,149,3089,2105,3,31,340,476
Illinois,-,1,6,6,-,10,157,66,-,2,18,21
Indiana,-,0,-,7,-,69,1145,712,-,8,11,136
Michigan,-,2,6,11,-,7,63,287,-,4,49,64
Ohio,-,1,3,5,6,105,1721,1026,1,29,256,242
Wisconsin,-,2,3,6,-,1,3,14,2,1,6,13
West North Central,-,4,28,52,9,21,358,259,-,4,59,55
Iowa,-,2,7,8,-,1,5,9,-,2,12,8
Kansas,-,1,3,14,-,2,6,13,-,3,7,10
Minnesota,-,0,-,11,-,5,53,13,-,1,6,15
Missouri,-,2,10,8,7,14,274,218,-,4,29,16
Nebraska,-,1,2,4,2,2,10,5,-,1,1,3
North Dakota,-,1,4,7,-,1,3,-,-,1,1,2
South Dakota,-,1,2,-,-,1,7,1,-,1,3,1
South Atlantic,-,2,22,37,18,145,4734,2430,3,37,973,1119
Delaware,-,0,-,-,-,3,21,7,-,2,12,5
District of Columbia,-,0,-,-,U,NC,U,U,U,NC,U,U
Florida,-,1,2,8,3,95,2764,319,2,23,620,534
Georgia,-,1,3,10,-,30,675,55,-,10,57,151
Maryland,-,1,3,4,-,5,71,37,-,3,28,44
North Carolina,-,1,3,4,-,6,94,74,-,11,133,183
South Carolina,-,0,-,1,5,31,527,16,-,3,32,38
Virginia,-,2,9,8,10,15,247,56,1,4,42,47
West Virginia,-,1,2,2,-,82,335,1866,-,5,49,117
East South Central,2,3,29,25,21,204,3654,2919,3,20,435,453
Alabama,-,2,6,2,-,10,168,22,-,4,64,39
Kentucky,-,2,9,3,2,171,1436,2458,1,11,168,215
Mississippi,-,1,-,2,1,6,69,11,1,3,35,39
Tennessee,2,2,14,18,18,83,1981,428,1,10,168,160
West South Central,-,5,25,32,8,44,857,276,-,13,153,166
Arkansas,-,2,6,6,1,20,180,190,-,3,31,36
Louisiana,-,1,2,1,5,39,564,19,-,4,58,48
Oklahoma,-,5,7,10,-,5,11,4,-,5,13,3
Texas,-,2,10,15,2,8,102,63,-,7,51,79
Mountain,-,3,23,39,3,46,1127,238,1,4,87,99
Arizona,-,2,6,3,1,30,580,35,1,2,19,19
Colorado,-,3,7,11,1,14,244,16,-,2,17,20
Idaho,-,1,3,10,1,8,72,5,-,1,6,4
Montana,-,0,-,1,-,1,4,-,-,0,-,1
Nevada,-,0,-,1,-,7,100,35,-,3,20,21
New Mexico,-,1,1,2,-,8,100,8,-,1,4,1
Utah,-,2,6,11,-,4,20,134,-,3,21,33
Wyoming,-,0,-,-,-,1,7,5,-,0,-,-
Pacific,-,6,36,71,-,38,286,181,-,53,123,109
Alaska,-,1,1,-,-,0,-,1,-,1,-,6
California,-,3,28,59,-,11,159,156,-,5,85,82
Hawaii,-,0,-,-,-,1,1,4,-,1,5,3
Oregon,-,3,7,12,-,2,24,20,-,2,14,18
Washington,N,NC,N,N,-,35,102,-,-,51,19,-
U.S. Territories,-,0,-,-,-,1,-,7,-,3,-,66
American Samoa,N,NC,N,N,-,0,-,-,-,0,-,-
Commonwealth of Northern Mariana Islands,-,0,-,-,-,0,-,-,-,0,-,-
Guam,-,0,-,-,-,1,-,6,-,3,-,63
Puerto Rico,N,NC,N,N,-,0,-,1,-,1,-,3
U.S. Virgin Islands,-,0,-,-,-,0,-,-,-,0,-,-
Non-U.S. Residents,-,NC,-,NP,1,NC,25,NP,-,NC,-,NP
Total,3,19,193,325,84,526,16046,8948,12,127,2433,2787
