Reporting Area,Vancomycin-intermediate  Staphylococcus aureus,Vancomycin-intermediate  Staphylococcus aureus,Vancomycin-intermediate  Staphylococcus aureus,Vancomycin-intermediate  Staphylococcus aureus,Vancomycin-resistant  Staphylococcus aureus,Vancomycin-resistant  Staphylococcus aureus,Vancomycin-resistant  Staphylococcus aureus,Vancomycin-resistant  Staphylococcus aureus,Varicella morbidity,Varicella morbidity,Varicella morbidity,Varicella morbidity
Reporting Area,Current week,Previous 52 weeks Max †,Cum YTD 2020 †,Cum YTD 2019 †,Current week,Previous 52 weeks Max †,Cum YTD 2020 †,Cum YTD 2019 †,Current week,Previous 52 weeks Max †,Cum YTD 2020 †,Cum YTD 2019 †
"U.S. Residents, excluding U.S. Territories",1,4,21,57,-,1,-,-,26,198,1751,6280
New England,1,1,2,-,-,1,-,-,3,20,105,495
Connecticut,-,0,-,-,-,0,-,-,-,4,1,92
Maine,-,0,-,-,-,0,-,-,-,4,28,69
Massachusetts,1,1,2,-,-,1,-,-,-,15,56,238
New Hampshire,N,NC,N,N,-,0,-,-,-,0,-,26
Rhode Island,-,0,-,-,-,0,-,-,3,4,17,45
Vermont,-,0,-,-,-,0,-,-,-,4,3,25
Middle Atlantic,-,2,3,11,-,0,-,-,4,29,133,650
New Jersey,-,0,-,1,-,0,-,-,-,10,13,306
New York (excluding New York City),-,1,-,6,-,0,-,-,N,NC,N,N
New York City,-,1,1,-,-,0,-,-,-,0,-,-
Pennsylvania,-,1,2,4,-,0,-,-,4,19,120,344
East North Central,-,2,5,23,-,0,-,-,5,51,469,1327
Illinois,-,1,1,8,-,0,-,-,-,16,77,296
Indiana,N,NC,N,N,-,0,-,-,-,6,18,168
Michigan,-,1,-,8,-,0,-,-,1,14,121,308
Ohio,-,2,4,4,-,0,-,-,4,24,153,317
Wisconsin,-,0,-,3,-,0,-,-,-,14,100,238
West North Central,-,4,8,4,-,0,-,-,-,19,121,483
Iowa,-,0,-,1,-,0,-,-,N,NC,N,N
Kansas,-,0,-,-,-,0,-,-,-,0,-,-
Minnesota,-,0,-,-,-,0,-,-,-,15,54,264
Missouri,-,4,8,3,-,0,-,-,-,5,44,135
Nebraska,-,0,-,-,-,0,-,-,-,3,1,35
North Dakota,-,0,-,-,-,0,-,-,-,6,18,27
South Dakota,N,NC,N,N,-,0,-,-,-,2,4,22
South Atlantic,-,1,2,6,-,1,-,-,6,35,431,1452
Delaware,-,0,-,-,-,0,-,-,-,2,12,23
District of Columbia,N,NC,N,N,N,NC,N,N,-,2,5,25
Florida,-,1,1,1,-,0,-,-,5,26,276,753
Georgia,-,0,-,-,-,0,-,-,-,8,64,192
Maryland,-,0,-,2,-,1,-,-,N,NC,N,N
North Carolina,-,1,1,2,-,0,-,-,N,NC,N,N
South Carolina,-,0,-,-,-,0,-,-,-,6,5,117
Virginia,-,0,-,1,-,0,-,-,1,9,69,342
West Virginia,-,0,-,-,-,0,-,-,N,NC,N,N
East South Central,-,1,-,2,-,1,-,-,-,12,32,154
Alabama,-,1,-,-,-,1,-,-,-,3,15,69
Kentucky,N,NC,N,N,N,NC,N,N,-,7,11,34
Mississippi,-,0,-,1,-,0,-,-,-,4,6,51
Tennessee,-,0,-,1,-,0,-,-,N,NC,N,N
West South Central,-,1,-,7,-,0,-,-,-,84,183,999
Arkansas,-,0,-,-,-,0,-,-,-,4,19,91
Louisiana,-,1,-,-,-,0,-,-,-,8,26,50
Oklahoma,-,0,-,-,-,0,-,-,N,NC,N,N
Texas,-,0,-,7,-,0,-,-,-,83,138,858
Mountain,-,1,1,3,-,0,-,-,3,26,233,639
Arizona,-,1,1,3,-,0,-,-,3,13,72,242
Colorado,N,NC,N,N,-,0,-,-,-,13,70,165
Idaho,N,NC,N,N,N,NC,N,N,N,NC,N,N
Montana,-,0,-,-,-,0,-,-,-,2,15,44
Nevada,-,0,-,-,-,0,-,-,N,NC,N,N
New Mexico,N,NC,N,N,N,NC,N,N,-,4,14,64
Utah,-,0,-,-,-,0,-,-,-,8,58,117
Wyoming,-,0,-,-,-,0,-,-,-,1,4,7
Pacific,-,0,-,1,-,0,-,-,5,4,44,81
Alaska,N,NC,N,N,-,0,-,-,-,3,12,20
California,N,NC,N,N,N,NC,N,N,5,2,10,28
Hawaii,-,0,-,1,-,0,-,-,-,3,22,33
Oregon,N,NC,N,N,N,NC,N,N,N,NC,N,N
Washington,N,NC,N,N,-,0,-,-,N,NC,N,N
U.S. Territories,-,0,-,-,-,0,-,-,-,1,-,9
American Samoa,N,NC,N,N,N,NC,N,N,N,NC,N,N
Commonwealth of Northern Mariana Islands,-,0,-,-,-,0,-,-,-,0,-,-
Guam,-,0,-,-,-,0,-,-,-,0,-,-
Puerto Rico,-,0,-,-,-,0,-,-,-,0,-,-
U.S. Virgin Islands,-,0,-,-,-,0,-,-,-,1,-,9
Non-U.S. Residents,-,0,-,-,-,0,-,-,-,0,-,-
Total,1,4,21,57,-,1,-,-,26,198,1751,6289
