Reporting Area,"Invasive pneumococcal disease, age <5 §","Invasive pneumococcal disease, age <5 §","Invasive pneumococcal disease, age <5 §","Invasive pneumococcal disease, age <5 §","Invasive pneumococcal disease, age <5 §","Invasive pneumococcal disease, age <5 §","Invasive pneumococcal disease, age <5 §","Invasive pneumococcal disease, age <5 §"
Reporting Area,Confirmed,Confirmed,Confirmed,Confirmed,Probable,Probable,Probable,Probable
Reporting Area,Current  week,Previous 52  weeks Max †,Cum YTD  2019 †,Cum YTD  2018 †,Current  week,Previous 52  weeks Max †,Cum YTD  2019 †,Cum YTD  2018 †
"U.S. Residents, excluding U.S. Territories",7,35,542,590,-,2,15,19
New England,-,3,29,26,-,1,-,-
Connecticut,-,2,6,6,-,0,-,-
Maine,-,2,3,3,-,0,-,-
Massachusetts,-,3,11,13,-,1,-,-
New Hampshire,-,1,2,2,-,0,-,-
Rhode Island,-,2,6,1,-,0,-,-
Vermont,-,1,1,1,-,0,-,-
Middle Atlantic,-,7,55,76,-,1,2,-
New Jersey,-,4,11,16,-,1,-,-
New York (excluding New York City),-,4,17,19,-,1,1,-
New York City,-,4,23,23,-,0,-,-
Pennsylvania,-,3,4,18,-,1,1,-
East North Central,1,7,86,100,-,1,4,3
Illinois,-,0,-,-,-,0,-,-
Indiana,-,3,20,13,-,0,-,-
Michigan,-,3,26,21,-,1,1,-
Ohio,1,3,26,41,-,1,3,3
Wisconsin,-,4,14,25,-,0,-,-
West North Central,-,5,47,53,-,1,2,5
Iowa,N,NC,N,N,N,NC,N,N
Kansas,-,2,11,7,-,1,2,1
Minnesota,-,3,7,13,-,0,-,-
Missouri,-,2,12,21,-,1,-,3
Nebraska,-,2,6,7,-,0,-,1
North Dakota,-,1,6,2,-,0,-,-
South Dakota,-,1,5,3,-,0,-,-
South Atlantic,1,9,130,101,-,1,3,4
Delaware,-,3,4,2,-,0,-,-
District of Columbia,-,1,1,-,-,0,-,-
Florida,1,5,49,29,-,1,2,3
Georgia,-,5,28,33,-,0,-,-
Maryland,-,3,15,12,-,1,1,-
North Carolina,N,NC,N,N,N,NC,N,N
South Carolina,-,2,13,6,-,0,-,-
Virginia,-,2,13,12,-,0,-,1
West Virginia,-,2,7,7,-,0,-,-
East South Central,-,8,46,59,-,0,-,1
Alabama,-,3,12,17,-,0,-,-
Kentucky,-,2,6,7,-,0,-,1
Mississippi,-,3,13,8,-,0,-,-
Tennessee,-,3,15,27,-,0,-,-
West South Central,3,11,79,84,-,1,2,5
Arkansas,1,4,18,6,-,0,-,-
Louisiana,-,2,8,18,-,1,-,2
Oklahoma,-,0,-,-,-,0,-,-
Texas,2,9,53,60,-,1,2,3
Mountain,2,5,65,78,-,1,1,1
Arizona,1,3,26,23,-,1,-,1
Colorado,-,1,9,15,-,0,-,-
Idaho,-,0,-,-,-,0,-,-
Montana,-,1,2,6,-,0,-,-
Nevada,-,2,7,9,-,0,-,-
New Mexico,-,2,11,7,-,0,-,-
Utah,1,2,10,13,-,1,1,-
Wyoming,-,1,-,5,-,0,-,-
Pacific,-,1,5,13,-,1,1,-
Alaska,-,1,1,11,-,1,1,-
California,N,NC,N,N,N,NC,N,N
Hawaii,-,1,4,2,-,0,-,-
Oregon,N,NC,N,N,N,NC,N,N
Washington,N,NC,N,N,N,NC,N,N
U.S. Territories,-,0,-,-,-,0,-,-
American Samoa,N,NC,N,N,N,NC,N,N
Commonwealth of Northern Mariana Islands,-,0,-,-,-,0,-,-
Guam,-,0,-,-,-,0,-,-
Puerto Rico,-,0,-,-,-,0,-,-
U.S. Virgin Islands,-,0,-,-,-,0,-,-
Non-U.S. Residents,-,NC,-,NP,-,NC,-,NP
Total,7,35,542,590,-,2,15,19
