Reporting  Area,Ehrlichiosis/Anaplasmosis  §,Ehrlichiosis/Anaplasmosis  §,Ehrlichiosis/Anaplasmosis  §,Ehrlichiosis/Anaplasmosis  §,Ehrlichiosis/Anaplasmosis  §,Ehrlichiosis/Anaplasmosis  §,Ehrlichiosis/Anaplasmosis  §,Ehrlichiosis/Anaplasmosis  §,Ehrlichiosis/Anaplasmosis  §,Ehrlichiosis/Anaplasmosis  §,Ehrlichiosis/Anaplasmosis  §,Ehrlichiosis/Anaplasmosis  §,Ehrlichiosis/Anaplasmosis  §,Ehrlichiosis/Anaplasmosis  §,Ehrlichiosis/Anaplasmosis  §
Reporting  Area,Ehrlichia chaffeensis,Ehrlichia chaffeensis,Ehrlichia chaffeensis,Ehrlichia chaffeensis,Ehrlichia chaffeensis,Anaplasma phagocytophilum,Anaplasma phagocytophilum,Anaplasma phagocytophilum,Anaplasma phagocytophilum,Anaplasma phagocytophilum,Undetermined,Undetermined,Undetermined,Undetermined,Undetermined
Reporting  Area,Current  week,Previous 52 weeks,Previous 52 weeks,Cum  2016,Cum  2015,Current  week,Previous 52 weeks,Previous 52 weeks,Cum  2016,Cum  2015,Current  week,Previous 52 weeks,Previous 52 weeks,Cum  2016,Cum  2015
Reporting  Area,Current  week,Med,Max,Cum  2016,Cum  2015,Current  week,Med,Max,Cum  2016,Cum  2015,Current  week,Med,Max,Cum  2016,Cum  2015
UNITED STATES,13,13,107,687,882,65,46,130,1380,2539,4,1,6,49,135
NEW ENGLAND,-,1,8,26,46,24,17,55,596,995,-,0,1,3,3
Conn.,-,0,0,-,-,-,0,4,9,103,-,0,0,-,-
Maine,-,0,1,2,4,20,2,31,224,110,-,0,1,2,1
Mass.,-,0,2,5,6,-,8,37,217,573,-,0,0,-,-
N.H.,-,0,1,3,9,-,1,6,13,63,-,0,0,-,-
R.I.,-,0,6,14,24,-,1,13,32,61,-,0,0,-,-
Vt.,-,0,1,2,3,4,2,21,101,85,-,0,1,1,2
MID. ATLANTIC,2,3,37,100,94,38,14,56,497,564,2,0,3,12,16
N.J.,-,0,6,35,50,-,1,11,55,106,-,0,1,3,4
N.Y. (Upstate),1,1,36,56,36,33,12,53,413,398,1,0,3,5,5
N.Y. City,1,0,3,9,5,5,1,4,28,43,1,0,1,3,-
Pa.,-,0,1,-,3,-,0,2,1,17,-,0,2,1,7
E.N. CENTRAL,-,1,5,36,61,-,5,30,217,431,-,0,5,13,61
Ill.,-,0,3,23,26,-,0,2,3,9,-,0,0,-,1
Ind.,-,0,0,-,-,-,0,0,-,-,-,0,1,7,17
Mich.,-,0,1,1,3,-,0,1,2,5,-,0,0,-,-
Ohio,-,0,1,6,13,-,0,2,3,1,-,0,0,-,1
Wis.,-,0,3,6,19,-,5,30,209,416,-,0,5,6,42
W.N. CENTRAL,2,2,21,163,228,1,1,22,22,487,-,0,2,8,28
Iowa,-,0,1,2,-,-,0,1,3,-,-,0,1,2,-
Kans.,-,0,4,33,38,-,0,1,1,5,-,0,1,1,1
Minn.,-,0,1,-,3,-,0,22,-,467,-,0,2,-,18
Mo.,2,1,16,125,183,1,0,2,8,12,-,0,1,3,8
Nebr.,-,0,1,3,3,-,0,1,1,1,-,0,0,-,-
N. Dak.,-,0,0,-,1,-,0,2,9,2,-,0,1,2,1
S. Dak.,-,0,0,-,-,-,0,0,-,-,-,0,0,-,-
S. ATLANTIC,4,2,23,142,205,1,1,6,32,22,1,0,2,5,8
Del.,1,0,3,11,10,-,0,1,4,1,1,0,0,1,-
D.C.,-,0,0,-,-,-,0,0,-,-,-,0,0,-,-
Fla.,-,0,6,17,12,-,0,2,5,4,-,0,1,-,-
Ga.,-,0,2,3,28,-,0,1,1,-,-,0,1,1,1
Md.,2,0,8,41,27,-,0,2,7,1,-,0,0,-,-
N.C.,-,0,22,27,41,-,0,5,5,8,-,0,0,-,-
S.C.,-,0,1,-,3,-,0,0,-,1,-,0,0,-,-
Va.,1,1,9,40,80,1,0,3,10,7,-,0,2,3,6
W. Va.,-,0,1,3,4,-,0,0,-,-,-,0,0,-,1
E.S. CENTRAL,4,1,9,84,105,-,0,2,8,15,1,0,1,5,14
Ala.,-,0,2,5,6,-,0,1,3,7,-,0,1,3,2
Ky.,-,0,4,19,43,-,0,0,-,-,-,0,0,-,-
Miss.,-,0,1,2,8,-,0,0,-,-,-,0,1,-,2
Tenn.,4,1,8,58,48,-,0,1,5,8,1,0,1,2,10
W.S. CENTRAL,1,2,64,134,143,1,0,5,8,16,-,0,1,-,-
Ark.,1,2,16,125,136,-,0,5,7,14,-,0,0,-,-
La.,-,0,1,1,1,-,0,0,-,-,-,0,1,-,-
Okla.,-,0,60,1,2,-,0,0,-,-,-,0,0,-,-
Tex.,-,0,2,7,4,1,0,1,1,2,-,0,0,-,-
MOUNTAIN,-,0,1,1,-,-,0,0,-,3,-,0,1,1,3
Ariz.,-,0,0,-,-,-,0,0,-,-,-,0,1,1,3
Colo.,N,0,0,N,N,N,0,0,N,N,N,0,0,N,N
Idaho,N,0,0,N,N,N,0,0,N,N,N,0,0,N,N
Mont.,-,0,1,1,-,-,0,0,-,1,-,0,0,-,-
Nev.,-,0,0,-,-,-,0,0,-,-,-,0,0,-,-
N. Mex.,N,0,0,N,N,N,0,0,N,N,N,0,0,N,N
Utah,-,0,0,-,-,-,0,0,-,2,-,0,0,-,-
Wyo.,-,0,0,-,-,-,0,0,-,-,-,0,0,-,-
PACIFIC,-,0,1,1,-,-,0,1,-,6,-,0,2,2,2
Alaska,N,0,0,N,N,N,0,0,N,N,N,0,0,N,N
Calif.,-,0,0,-,-,-,0,0,-,3,-,0,2,2,1
Hawaii,N,0,0,N,N,N,0,0,N,N,N,0,0,N,N
Oreg.,-,0,1,1,-,-,0,0,-,3,-,0,0,-,1
Wash.,-,0,0,-,-,-,0,1,-,-,-,0,0,-,-
Amer. Samoa,N,0,0,N,N,N,0,0,N,N,N,0,0,N,N
C.N.M.I.,-,-,-,-,-,-,-,-,-,-,-,-,-,-,-
Guam,N,0,0,N,N,N,0,0,N,N,N,0,0,N,N
P.R.,N,0,0,N,N,N,0,0,N,N,N,0,0,N,N
V.I.,-,0,0,-,-,-,0,0,-,-,-,0,0,-,-
