Reporting  Area,West Nile virus disease §,West Nile virus disease §,West Nile virus disease §,West Nile virus disease §,West Nile virus disease §,West Nile virus disease §,West Nile virus disease §,West Nile virus disease §,West Nile virus disease §,West Nile virus disease §
Reporting  Area,Neuroinvasive,Neuroinvasive,Neuroinvasive,Neuroinvasive,Neuroinvasive,Non-neuroinvasive ¶,Non-neuroinvasive ¶,Non-neuroinvasive ¶,Non-neuroinvasive ¶,Non-neuroinvasive ¶
Reporting  Area,Current  week,Previous 52 weeks,Previous 52 weeks,Cum  2017,Cum  2016,Current  week,Previous 52 weeks,Previous 52 weeks,Cum  2017,Cum  2016
Reporting  Area,Current  week,Med,Max,Cum  2017,Cum  2016,Current  week,Med,Max,Cum  2017,Cum  2016
UNITED STATES,-,8,102,-,-,-,5,111,-,-
NEW ENGLAND,-,0,3,-,-,-,0,3,-,-
Conn.,-,0,1,-,-,-,0,0,-,-
Maine,-,0,0,-,-,-,0,0,-,-
Mass.,-,0,2,-,-,-,0,2,-,-
N.H.,-,0,0,-,-,-,0,0,-,-
R.I.,-,0,1,-,-,-,0,0,-,-
Vt.,-,0,1,-,-,-,0,1,-,-
MID. ATLANTIC,-,0,6,-,-,-,0,4,-,-
N.J.,-,0,1,-,-,-,0,0,-,-
N.Y. (Upstate),-,0,0,-,-,-,0,4,-,-
N.Y. City,-,0,3,-,-,-,0,0,-,-
Pa.,-,0,2,-,-,-,0,1,-,-
E.N. CENTRAL,-,0,17,-,-,-,0,29,-,-
Ill.,-,0,0,-,-,-,0,27,-,-
Ind.,-,0,4,-,-,-,0,1,-,-
Mich.,-,0,10,-,-,-,0,1,-,-
Ohio,-,0,3,-,-,-,0,2,-,-
Wis.,-,0,2,-,-,-,0,2,-,-
W.N. CENTRAL,-,0,15,-,-,-,0,47,-,-
Iowa,-,0,3,-,-,-,0,5,-,-
Kans.,-,0,3,-,-,-,0,2,-,-
Minn.,-,0,3,-,-,-,0,13,-,-
Mo.,-,0,2,-,-,-,0,1,-,-
Nebr.,-,0,7,-,-,-,0,7,-,-
N. Dak.,-,0,3,-,-,-,0,10,-,-
S. Dak.,-,0,8,-,-,-,0,16,-,-
S. ATLANTIC,-,0,6,-,-,-,0,2,-,-
Del.,-,0,0,-,-,-,0,0,-,-
D.C.,-,0,1,-,-,-,0,0,-,-
Fla.,-,0,3,-,-,-,0,1,-,-
Ga.,-,0,2,-,-,-,0,1,-,-
Md.,-,0,1,-,-,-,0,0,-,-
N.C.,-,0,1,-,-,-,0,0,-,-
S.C.,-,0,2,-,-,-,0,2,-,-
Va.,-,0,2,-,-,-,0,1,-,-
W. Va.,-,0,0,-,-,-,0,1,-,-
E.S. CENTRAL,-,0,4,-,-,-,0,4,-,-
Ala.,-,0,1,-,-,-,0,2,-,-
Ky.,-,0,1,-,-,-,0,1,-,-
Miss.,-,0,4,-,-,-,0,2,-,-
Tenn.,-,0,1,-,-,-,0,1,-,-
W.S. CENTRAL,-,2,20,-,-,-,1,12,-,-
Ark.,-,0,2,-,-,-,0,1,-,-
La.,-,0,6,-,-,-,0,3,-,-
Okla.,-,0,3,-,-,-,0,2,-,-
Tex.,-,1,18,-,-,-,0,10,-,-
MOUNTAIN,-,0,17,-,-,-,0,23,-,-
Ariz.,-,0,6,-,-,-,0,3,-,-
Colo.,-,0,9,-,-,-,0,16,-,-
Idaho,-,0,1,-,-,-,0,2,-,-
Mont.,-,0,1,-,-,-,0,1,-,-
Nev.,-,0,2,-,-,-,0,1,-,-
N. Mex.,-,0,2,-,-,-,0,0,-,-
Utah,-,0,3,-,-,-,0,2,-,-
Wyo.,-,0,2,-,-,-,0,2,-,-
PACIFIC,-,0,42,-,-,-,0,24,-,-
Alaska,-,0,0,-,-,-,0,0,-,-
Calif.,-,0,41,-,-,-,0,23,-,-
Hawaii,-,0,0,-,-,-,0,0,-,-
Oreg.,-,0,1,-,-,-,0,1,-,-
Wash.,-,0,3,-,-,-,0,1,-,-
Amer. Samoa,-,0,0,-,-,-,0,0,-,-
C.N.M.I.,-,-,-,-,-,-,-,-,-,-
Guam,-,0,0,-,-,-,0,0,-,-
P.R.,-,0,0,-,-,-,0,0,-,-
V.I.,-,0,0,-,-,-,0,0,-,-
