0,1,2,3,4,5,6,7,8,9
Disease,,,,Total cases reported for previous years,Total cases reported for previous years,Total cases reported for previous years,Total cases reported for previous years,Total cases reported for previous years,
Disease,Current  week,Cum  2010,5-year  weekly  average  †,2009,2008,2007,2006,2005,States reporting cases  during current week (Count)
Anthrax,-,-,0,1,-,1,1,-,
"Botulism, total",2,96,3,118,145,144,165,135,
foodborne,-,6,0,10,17,32,20,19,
infant,1,67,2,83,109,85,97,85,FL (1 )
other(wound & unspecified),1,23,1,25,19,27,48,31,CA (1 )
Brucellosis,2,116,2,115,80,131,121,120,"FL (1 ), CA (1 )"
Chancroid,1,35,1,28,25,23,33,17,CA (1 )
Cholera,-,7,0,10,5,7,9,8,
Cyclosporiasis §,-,166,2,141,139,93,137,543,
Diphtheria,-,-,-,-,-,-,-,-,
"Domestic arboviral diseases §, ¶ :",,,,,,,,,
California serogroup virus disease,-,71,0,55,62,55,67,80,
Eastern equine encephalitis virus disease,-,10,-,4,4,4,8,21,
Powassan virus disease,-,5,0,6,2,7,1,1,
St. Louis encephalitis virus disease,-,8,0,12,13,9,10,13,
Western equine encephalitis virus disease,-,-,-,-,-,-,-,-,
"Haemophilus influenzae  **,  invasive disease (age <5 yrs):",,,,,,,,,
serotype b,1,15,0,35,30,22,29,9,AZ (1 )
nonserotype b,5,145,4,236,244,199,175,135,"VT (2 ), CT (1 ), WA (2 )"
unknown serotype,4,240,4,178,163,180,179,217,"PA (1 ), OH (1 ), MI (1 ), MO (1 )"
Hansen disease §,1,57,1,103,80,101,66,87,CA (1 )
Hantavirus pulmonary syndrome §,-,17,1,20,18,32,40,26,
"Hemolytic uremic syndrome, post-diarrheal §",-,212,4,242,330,292,288,221,
"HIV infection, pediatric (age <13 yrs) ††",-,-,2,-,-,-,-,380,
"Influenza-associated pediatric mortality §, §§",1,59,2,358,90,77,43,45,NY (1 )
Listeriosis,7,725,15,851,759,808,884,896,"NY (1 ), PA (1 ), FL (1 ), OR (1 ), CA (3 )"
Measles ¶¶,-,59,1,71,140,43,55,66,
"Meningococcal disease, invasive *** :",,,,,,,,,
"A,C,Y, and W-135",2,220,6,301,330,325,318,297,"WY (1 ), WA (1 )"
serogroup B,1,100,3,174,188,167,193,156,OK (1 )
other serogroup,-,8,0,23,38,35,32,27,
unknown serogroup,4,382,10,482,616,550,651,765,"NY (1 ), MO (1 ), CO (1 ), CA (1 )"
Mumps,8,2477,37,1991,454,800,6584,314,"PA (1 ), OH (5 ), TX (1 ), WA (1 )"
Novel influenza A infection virus †††,-,3,0,43774,2,4,NN,NN,
Plague,-,2,-,8,3,7,17,8,
"Poliomyelitis, paralytic",-,-,-,1,-,-,-,1,
"Polio virus infection, nonparalytic §",-,-,-,-,-,-,NN,NN,
Psittacosis §,-,4,0,9,8,12,21,16,
"Q fever total §, §§§:",-,110,1,114,120,171,169,136,
acute,-,84,1,94,106,-,-,-,
chronic,-,26,0,20,14,-,-,-,
"Rabies, human",-,1,0,4,2,1,3,2,
Rubella ¶¶¶,-,6,0,3,16,12,11,11,
"Rubella, congenital syndrome",-,-,-,2,-,-,1,1,
"SARS CoV §, ****",-,-,-,-,-,-,-,-,
Smallpox §,-,-,-,-,-,-,-,-,
Streptococcal toxic-shock syndrome §,2,151,2,161,157,132,125,129,"VT (1 ), OH (1 )"
"Syphilis, congenital (age <1 yr) ††††",-,202,8,423,431,430,349,329,
Tetanus,-,7,1,18,19,28,41,27,
Toxic-shock syndrome (staphylococcal) §,-,71,1,74,71,92,101,90,
Trichinellosis,-,4,0,13,39,5,15,16,
Tularemia,-,104,1,93,123,137,95,154,
Typhoid fever,2,386,4,397,449,434,353,324,"NC (1 ), CA (1 )"
Vancomycin-intermediate  Staphylococcus aureus  §,-,86,1,78,63,37,6,2,
Vancomycin-resistant  Staphylococcus aureus  §,-,2,0,1,-,2,1,3,
Vibriosis (non-cholera  Vibrio  species infections) §,11,729,5,789,588,549,NN,NN,"VA (4 ), SC (1 ), GA (1 ), FL (2 ), WA (2 ), CA (1 )"
Viral Hemorrhagic Fever §§§§,-,1,-,NN,NN,NN,NN,NN,
Yellow fever,-,-,-,-,-,-,-,-,
