0,1,2,3,4,5,6,7,8,9
Disease,,,,Total cases reported for previous years,Total cases reported for previous years,Total cases reported for previous years,Total cases reported for previous years,Total cases reported for previous years,
Disease,Current  week,Cum  2008,5-year  weekly  average  †,2007,2006,2005,2004,2003,States reporting cases  during current week (Count)
Anthrax,-,-,-,1,1,-,-,-,
Botulism:,,,,,,,,,
foodborne,-,13,0,32,20,19,16,20,
infant,-,98,2,85,97,85,87,76,
other(wound & unspecified),-,24,1,27,48,31,30,33,
Brucellosis,-,86,3,131,121,120,114,104,
Chancroid,-,31,0,23,33,17,30,54,
Cholera,-,2,0,7,9,8,6,2,
Cyclosporiasis §,-,127,2,93,137,543,160,75,
Diphtheria,-,-,-,-,-,-,-,1,
"Domestic arboviral diseases §, ¶ :",,,,,,,,,
California serogroup,-,40,0,55,67,80,112,108,
eastern equine,-,2,-,4,8,21,6,14,
Powassan,-,1,-,7,1,1,1,-,
St. Louis,-,8,-,9,10,13,12,41,
western equine,-,-,-,-,-,-,-,-,
"Ehrlichiosis/Anaplasmosis §,**:",,,,,,,,,
Ehrlichia chaffeensis,1,848,17,828,578,506,338,321,NC (1 )
Ehrlichia ewingii,-,9,-,-,-,-,-,-,
Anaplasma phagocytophilum,-,485,27,834,646,786,537,362,
undetermined,-,69,2,337,231,112,59,44,
"Haemophilus influenzae  ††,  invasive disease (age <5 yrs):",,,,,,,,,
serotype B,1,27,1,22,29,9,19,32,MD (1 )
nonserotype B,2,164,4,199,175,135,135,117,NC (2 )
unknown serotype,1,192,5,180,179,217,177,227,GA (1 )
Hansen disease §,-,72,2,101,66,87,105,95,
Hantavirus pulmonary syndrome §,-,14,1,32,40,26,24,26,
"Hemolytic uremic syndrome, post-diarrheal §",1,232,7,292,288,221,200,178,CA (1 )
"Hepatitis C viral, acute",20,830,25,849,766,652,720,1102,"IN (1 ), NC (1 ), TN (1 ), AZ (16 ), OR (1 )"
"HIV infection, pediatric (age <13 yrs) §§",-,-,3,-,-,380,436,504,
"Influenza-associated pediatric mortality §, ¶¶",-,91,1,77,43,45,-,N,
Listeriosis,3,656,19,808,884,896,753,696,"NC (1 ), WA (1 ), CA (1 )"
Measles ***,-,132,1,43,55,66,37,56,
"Meningococcal disease, invasive ††† :",,,,,,,,,
"A,C,Y, and W-135",2,276,7,325,318,297,-,-,"NC (1 ), WA (1 )"
serogroup B,1,151,6,167,193,156,-,-,WA (1 )
other serogroup,-,30,1,35,32,27,-,-,
unknown serogroup,4,600,22,550,651,765,-,-,"NC (1 ), WA (1 ), CA (2 )"
Mumps,3,386,17,800,6584,314,258,231,"NC (1 ), CA (2 )"
Novel influenza A infection virus,-,1,-,4,N,N,N,N,
Plague,-,1,0,7,17,8,3,1,
"Poliomyelitis, paralytic",-,-,-,-,-,1,-,-,
"Poliovirus infection, nonparalytic §",-,-,-,-,N,N,N,N,
Psittacosis §,-,12,0,12,21,16,12,12,
"Q fever total §,§§§:",1,115,3,171,169,136,70,71,
acute,1,103,-,-,-,-,-,-,CA (1 )
chronic,-,12,-,-,-,-,-,-,
"Rabies, human",-,1,0,1,3,2,7,2,
Rubella ¶¶¶,-,17,0,12,11,11,10,7,
"Rubella, congenital syndrome",-,-,-,-,1,1,-,1,
"SARS CoV §, ****",-,-,-,-,-,-,-,8,
Smallpox §,-,-,-,-,-,-,-,-,
Streptococcal toxic-shock syndrome §,-,127,4,132,125,129,132,161,
"Syphilis, congenital (age <1 yr)",-,227,9,430,349,329,353,413,
Tetanus,-,15,1,28,41,27,34,20,
Toxic-shock syndrome (staphylococcal) §,-,66,3,92,101,90,95,133,
Trichinellosis,30,37,0,5,15,16,5,6,CA (30 )
Tularemia,1,106,3,137,95,154,134,129,OR (1 )
Typhoid fever,2,387,8,434,353,324,322,356,"MD (1 ), WA (1 )"
Vancomycin-intermediate  Staphylococcus aureus  §,-,33,0,37,6,2,-,N,
Vancomycin-resistant  Staphylococcus aureus  §,-,-,0,2,1,3,1,N,
Vibriosis (non-cholera  Vibrio  species infections) §,2,451,5,447,N,N,N,N,CA (2 )
Yellow fever,-,-,-,-,-,-,-,-,
