Reporting Area,Smallpox,Smallpox,Smallpox,Smallpox,Streptococcal toxic shock syndrome,Streptococcal toxic shock syndrome,Streptococcal toxic shock syndrome,Streptococcal toxic shock syndrome
Reporting Area,Current week,Previous 52 weeks Max †,Cum YTD 2020 †,Cum YTD 2019 †,Current week,Previous 52 weeks Max †,Cum YTD 2020 †,Cum YTD 2019 †
"U.S. Residents, excluding U.S. Territories",-,0,-,-,1,10,118,326
New England,-,0,-,-,1,2,10,61
Connecticut,-,0,-,-,-,0,-,31
Maine,-,0,-,-,-,2,6,19
Massachusetts,-,0,-,-,1,1,2,6
New Hampshire,-,0,-,-,-,0,-,-
Rhode Island,-,0,-,-,-,1,-,-
Vermont,-,0,-,-,-,1,2,5
Middle Atlantic,-,0,-,-,-,2,6,12
New Jersey,-,0,-,-,-,1,-,7
New York (excluding New York City),-,0,-,-,-,2,3,4
New York City,-,0,-,-,-,0,-,-
Pennsylvania,-,0,-,-,-,1,3,1
East North Central,-,0,-,-,-,3,36,118
Illinois,-,0,-,-,-,3,28,78
Indiana,-,0,-,-,-,2,1,24
Michigan,-,0,-,-,-,1,3,5
Ohio,-,0,-,-,-,1,3,11
Wisconsin,-,0,-,-,-,1,1,-
West North Central,-,0,-,-,-,1,4,14
Iowa,-,0,-,-,N,NC,N,N
Kansas,-,0,-,-,-,0,-,3
Minnesota,-,0,-,-,-,0,-,-
Missouri,-,0,-,-,-,1,4,11
Nebraska,-,0,-,-,-,0,-,-
North Dakota,-,0,-,-,-,0,-,-
South Dakota,-,0,-,-,-,0,-,-
South Atlantic,-,0,-,-,-,6,43,68
Delaware,-,0,-,-,-,0,-,-
District of Columbia,-,0,-,-,-,0,-,-
Florida,-,0,-,-,N,NC,N,N
Georgia,-,0,-,-,-,4,30,42
Maryland,-,0,-,-,-,0,-,-
North Carolina,-,0,-,-,-,2,5,7
South Carolina,-,0,-,-,-,1,1,2
Virginia,-,0,-,-,-,3,6,15
West Virginia,-,0,-,-,-,1,1,2
East South Central,-,0,-,-,-,2,7,10
Alabama,-,0,-,-,N,NC,N,N
Kentucky,-,0,-,-,-,2,7,10
Mississippi,-,0,-,-,N,NC,N,N
Tennessee,-,0,-,-,-,0,-,-
West South Central,-,0,-,-,-,0,-,-
Arkansas,-,0,-,-,-,0,-,-
Louisiana,-,0,-,-,-,0,-,-
Oklahoma,-,0,-,-,N,NC,N,N
Texas,-,0,-,-,N,NC,N,N
Mountain,-,0,-,-,-,5,12,42
Arizona,-,0,-,-,-,0,-,-
Colorado,-,0,-,-,-,1,1,1
Idaho,-,0,-,-,-,1,-,2
Montana,-,0,-,-,-,1,-,1
Nevada,-,0,-,-,-,2,4,23
New Mexico,-,0,-,-,-,0,-,-
Utah,-,0,-,-,-,2,7,15
Wyoming,-,0,-,-,-,0,-,-
Pacific,-,0,-,-,-,0,-,1
Alaska,-,0,-,-,N,NC,N,N
California,-,0,-,-,N,NC,N,N
Hawaii,-,0,-,-,-,0,-,1
Oregon,-,0,-,-,N,NC,N,N
Washington,-,0,-,-,N,NC,N,N
U.S. Territories,-,0,-,-,-,0,-,-
American Samoa,-,0,-,-,N,NC,N,N
Commonwealth of Northern Mariana Islands,-,0,-,-,-,0,-,-
Guam,-,0,-,-,-,0,-,-
Puerto Rico,-,0,-,-,N,NC,N,N
U.S. Virgin Islands,-,0,-,-,-,0,-,-
Non-U.S. Residents,-,0,-,-,-,0,-,-
Total,-,0,-,-,1,10,118,326
