Reporting Area,Severe acute respiratory syndrome-associated coronavirus disease,Severe acute respiratory syndrome-associated coronavirus disease,Severe acute respiratory syndrome-associated coronavirus disease,Severe acute respiratory syndrome-associated coronavirus disease,Shiga toxin-producing  Escherichia coli  (STEC),Shiga toxin-producing  Escherichia coli  (STEC),Shiga toxin-producing  Escherichia coli  (STEC),Shiga toxin-producing  Escherichia coli  (STEC),Shigellosis,Shigellosis,Shigellosis,Shigellosis
Reporting Area,Current week,Previous 52 weeks Max †,Cum YTD 2021 †,Cum YTD 2020 †,Current week,Previous 52 weeks Max †,Cum YTD 2021 †,Cum YTD 2020 †,Current week,Previous 52 weeks Max †,Cum YTD 2021 †,Cum YTD 2020 †
"U.S. Residents, excluding U.S. Territories",-,4,-,-,24,243,356,1370,34,300,462,2309
New England,-,2,-,-,1,11,13,50,1,9,14,73
Connecticut,-,0,-,-,-,5,-,10,-,3,-,20
Maine,-,0,-,-,-,2,1,1,-,2,3,2
Massachusetts,-,2,-,-,1,4,8,22,1,6,9,39
New Hampshire,-,0,-,-,-,2,1,3,-,2,-,-
Rhode Island,-,0,-,-,-,3,1,6,-,3,1,10
Vermont,-,0,-,-,-,4,2,8,-,3,1,2
Middle Atlantic,-,0,-,-,5,48,71,156,5,32,92,294
New Jersey,-,0,-,-,-,4,-,3,-,4,2,44
New York (excluding New York City),-,0,-,-,5,21,28,38,1,9,13,34
New York City,-,0,-,-,-,22,22,73,4,17,65,165
Pennsylvania,-,0,-,-,-,13,21,42,-,9,12,51
East North Central,-,0,-,-,2,49,61,215,3,22,50,192
Illinois,-,0,-,-,-,14,7,74,-,10,8,74
Indiana,-,0,-,-,-,8,5,22,-,3,3,13
Michigan,-,0,-,-,-,9,1,21,-,9,4,33
Ohio,-,0,-,-,2,21,25,49,2,10,27,50
Wisconsin,-,0,-,-,-,12,23,49,1,4,8,22
West North Central,-,2,-,-,1,45,15,107,4,8,16,57
Iowa,-,0,-,-,-,23,5,31,-,4,5,22
Kansas,-,0,-,-,-,8,-,13,-,2,1,4
Minnesota,-,0,-,-,-,0,-,-,-,0,-,-
Missouri,-,1,-,-,-,11,2,39,-,3,4,17
Nebraska,-,0,-,-,1,11,7,16,4,4,6,6
North Dakota,-,2,-,-,-,5,1,5,-,2,-,6
South Dakota,-,0,-,-,-,0,-,3,-,1,-,2
South Atlantic,-,0,-,-,4,37,50,229,1,59,23,311
Delaware,-,0,-,-,-,3,-,2,-,1,1,3
District of Columbia,-,0,-,-,-,1,-,2,-,3,-,7
Florida,-,0,-,-,-,24,-,97,-,24,1,111
Georgia,-,0,-,-,1,16,18,25,-,19,-,65
Maryland,-,0,-,-,-,5,-,22,-,6,-,32
North Carolina,-,0,-,-,-,6,2,30,-,11,7,56
South Carolina,-,0,-,-,-,5,3,10,-,4,2,11
Virginia,-,0,-,-,3,9,26,31,1,6,12,25
West Virginia,-,0,-,-,-,4,1,10,-,1,-,1
East South Central,-,0,-,-,-,19,17,55,1,26,13,252
Alabama,-,0,-,-,-,8,2,9,1,20,6,192
Kentucky,-,0,-,-,-,4,1,13,-,2,4,15
Mississippi,-,0,-,-,-,1,-,6,-,5,-,13
Tennessee,-,0,-,-,-,14,14,27,-,7,3,32
West South Central,-,0,-,-,4,34,27,89,5,100,29,537
Arkansas,-,0,-,-,1,7,14,5,-,5,2,6
Louisiana,-,0,-,-,-,4,-,13,-,8,4,73
Oklahoma,-,0,-,-,2,6,6,10,-,11,1,46
Texas,-,0,-,-,1,29,7,61,5,91,22,412
Mountain,-,3,-,-,4,32,53,156,4,22,51,139
Arizona,-,0,-,-,-,7,15,32,2,11,21,60
Colorado,-,3,-,-,4,14,21,48,-,17,19,36
Idaho,-,0,-,-,-,9,-,14,-,2,-,4
Montana,-,0,-,-,-,5,1,9,-,2,-,3
Nevada,-,0,-,-,-,1,2,6,-,3,5,11
New Mexico,-,0,-,-,-,3,-,4,-,5,-,15
Utah,-,0,-,-,-,8,10,40,2,3,6,10
Wyoming,-,0,-,-,-,6,4,3,-,1,-,-
Pacific,-,1,-,-,3,47,49,313,10,66,174,454
Alaska,-,0,-,-,-,1,-,2,-,1,-,-
California,-,0,-,-,3,38,35,231,5,54,94,384
Hawaii,-,0,-,-,-,1,1,2,-,3,1,6
Oregon,-,1,-,-,-,11,13,31,-,23,21,26
Washington,-,0,-,-,-,2,-,47,5,15,58,38
U.S. Territories,-,0,-,-,-,1,-,-,-,0,-,-
American Samoa,-,0,-,-,-,0,-,-,-,0,-,-
Commonwealth of Northern Mariana Islands,-,0,-,-,-,0,-,-,-,0,-,-
Guam,-,0,-,-,-,0,-,-,-,1,-,-
Puerto Rico,-,0,-,-,-,1,-,-,-,0,-,-
U.S. Virgin Islands,-,0,-,-,-,0,-,-,-,0,-,-
Non-U.S. Residents,-,0,-,-,-,0,-,-,-,2,-,1
Total,-,4,-,-,24,243,356,1370,34,300,462,2310
