Reporting Area,Hemolytic uremic syndrome post-diarrheal,Hemolytic uremic syndrome post-diarrheal,Hemolytic uremic syndrome post-diarrheal,Hemolytic uremic syndrome post-diarrheal,"Hepatitis A, acute","Hepatitis A, acute","Hepatitis A, acute","Hepatitis A, acute","Hepatitis B, acute","Hepatitis B, acute","Hepatitis B, acute","Hepatitis B, acute"
Reporting Area,Current week,Previous 52 weeks Max †,Cum YTD 2021 †,Cum YTD 2020 †,Current week,Previous 52 weeks Max †,Cum YTD 2021 †,Cum YTD 2020 †,Current week,Previous 52 weeks Max †,Cum YTD 2021 †,Cum YTD 2020 †
"U.S. Residents, excluding U.S. Territories",3,17,266,215,13,450,4516,8700,12,92,1542,1901
New England,-,2,6,1,-,6,74,223,1,5,44,56
Connecticut,-,1,1,-,-,1,10,13,-,0,-,-
Maine,-,2,3,-,-,4,43,137,1,5,30,37
Massachusetts,-,1,2,1,-,3,13,31,-,1,13,16
New Hampshire,-,0,-,-,-,2,4,26,-,0,-,-
Rhode Island,-,0,-,-,-,1,-,2,U,NC,U,U
Vermont,-,0,-,-,-,2,4,14,-,1,1,3
Middle Atlantic,1,2,10,12,1,29,472,477,-,8,90,122
New Jersey,-,0,-,1,-,8,81,143,-,2,1,41
New York (excluding New York City),1,1,8,5,1,17,103,184,-,4,8,19
New York City,-,1,1,3,-,7,77,34,-,8,37,18
Pennsylvania,-,1,1,3,-,19,211,116,-,4,44,44
East North Central,-,2,17,11,1,10,205,576,1,11,213,283
Illinois,-,2,3,3,-,4,65,90,-,2,12,27
Indiana,-,1,-,3,1,5,65,186,-,7,66,89
Michigan,-,1,3,5,-,3,19,19,-,3,28,39
Ohio,-,2,7,-,-,8,54,270,1,5,95,118
Wisconsin,-,1,4,-,-,1,2,11,-,2,12,10
West North Central,1,4,32,29,-,30,334,659,-,3,25,47
Iowa,-,2,9,3,-,1,5,6,-,2,12,17
Kansas,-,1,6,2,-,23,224,240,-,0,-,2
Minnesota,-,1,-,2,-,2,11,67,-,1,5,7
Missouri,-,1,3,15,-,8,88,339,-,1,5,15
Nebraska,1,2,4,2,-,1,5,5,-,0,-,1
North Dakota,-,2,4,3,-,1,1,1,-,1,2,4
South Dakota,-,2,6,2,-,0,-,1,-,1,1,1
South Atlantic,-,2,11,19,6,80,1623,3643,6,56,719,771
Delaware,-,0,-,-,-,3,8,28,-,1,5,7
District of Columbia,-,0,-,-,-,0,-,6,U,NC,U,U
Florida,-,1,3,2,-,17,196,950,6,47,443,364
Georgia,-,0,-,4,2,19,330,519,-,8,84,96
Maryland,-,0,-,8,-,15,58,314,-,2,24,34
North Carolina,-,1,1,1,-,35,528,439,-,5,53,119
South Carolina,-,1,1,1,-,24,325,1101,-,4,49,60
Virginia,-,2,6,3,4,19,140,194,-,4,30,38
West Virginia,-,0,-,-,-,5,38,92,-,3,31,53
East South Central,-,3,27,24,1,27,703,1494,4,11,219,331
Alabama,-,1,3,2,1,24,377,862,3,4,57,57
Kentucky,-,1,9,6,-,4,29,52,-,5,68,103
Mississippi,-,0,-,-,-,11,272,319,-,2,15,34
Tennessee,-,3,15,16,-,4,25,261,1,5,79,137
West South Central,1,7,14,9,4,49,966,1204,-,14,106,137
Arkansas,-,1,6,5,1,24,406,301,-,4,29,49
Louisiana,-,1,2,2,1,15,186,740,-,3,22,37
Oklahoma,1,6,1,-,-,13,11,2,-,10,17,18
Texas,-,2,5,2,2,25,363,161,-,11,38,33
Mountain,-,3,23,23,-,3,48,196,-,4,38,55
Arizona,-,3,13,7,-,2,23,42,-,2,12,17
Colorado,-,0,-,8,-,1,12,89,-,2,-,10
Idaho,-,0,-,-,-,1,1,19,-,0,-,-
Montana,-,0,-,1,-,1,1,8,-,1,2,5
Nevada,-,1,1,1,-,1,1,19,-,3,10,12
New Mexico,-,0,-,-,-,1,4,6,-,0,-,-
Utah,-,3,9,6,-,1,5,12,-,2,13,10
Wyoming,-,0,-,-,-,2,1,1,-,1,1,1
Pacific,-,10,126,87,-,284,91,228,-,6,88,99
Alaska,-,1,1,-,-,1,1,-,-,1,2,4
California,-,10,116,83,-,4,58,197,-,3,43,46
Hawaii,-,0,-,-,-,1,4,6,-,1,2,-
Oregon,-,3,9,4,-,2,12,25,-,3,20,16
Washington,N,NC,N,N,-,284,16,-,-,3,21,33
U.S. Territories,-,0,-,-,-,1,8,13,-,2,4,7
American Samoa,N,NC,N,N,-,0,-,-,-,0,-,-
Commonwealth of Northern Mariana Islands,-,0,-,-,-,0,-,-,-,0,-,-
Guam,-,0,-,-,-,1,3,-,-,1,1,-
Puerto Rico,N,NC,N,N,-,1,5,13,-,1,3,2
U.S. Virgin Islands,-,0,-,-,-,0,-,-,-,0,-,5
Non-U.S. Residents,-,0,-,-,-,1,1,6,-,1,1,1
Total,3,17,266,215,13,450,4525,8719,12,92,1547,1909
