Reporting Area,Arboviral diseases,Arboviral diseases,Arboviral diseases,Arboviral diseases,Babesiosis,Babesiosis,Babesiosis,Babesiosis
Reporting Area,Western equine encephalitis virus disease,Western equine encephalitis virus disease,Western equine encephalitis virus disease,Western equine encephalitis virus disease,Babesiosis,Babesiosis,Babesiosis,Babesiosis
Reporting Area,Current week,Previous 52 weeks Max †,Cum YTD 2021 †,Cum YTD 2020 †,Current week,Previous 52 weeks Max †,Cum YTD 2021 †,Cum YTD 2020 †
"U.S. Residents, excluding U.S. Territories",-,0,-,-,6,226,2306,1746
New England,-,0,-,-,1,119,1096,1017
Connecticut,-,0,-,-,-,15,106,139
Maine,-,0,-,-,1,19,200,65
Massachusetts,-,0,-,-,-,64,544,576
New Hampshire,-,0,-,-,-,10,63,28
Rhode Island,-,0,-,-,-,33,182,193
Vermont,-,0,-,-,-,1,1,16
Middle Atlantic,-,0,-,-,5,103,1056,629
New Jersey,-,0,-,-,-,31,205,238
New York (excluding New York City),-,0,-,-,5,78,752,298
New York City,-,0,-,-,-,16,99,93
Pennsylvania,-,0,-,-,N,NC,N,N
East North Central,-,0,-,-,-,13,106,65
Illinois,-,0,-,-,-,2,7,5
Indiana,-,0,-,-,-,1,1,1
Michigan,-,0,-,-,-,2,3,-
Ohio,-,0,-,-,-,1,1,1
Wisconsin,-,0,-,-,-,10,94,58
West North Central,-,0,-,-,-,2,5,2
Iowa,-,0,-,-,-,2,4,1
Kansas,-,0,-,-,-,0,-,-
Minnesota,-,0,-,-,-,0,-,-
Missouri,-,0,-,-,-,0,-,-
Nebraska,-,0,-,-,-,0,-,-
North Dakota,-,0,-,-,-,0,-,-
South Dakota,-,0,-,-,-,1,1,1
South Atlantic,-,0,-,-,-,4,29,18
Delaware,-,0,-,-,-,1,3,4
District of Columbia,-,0,-,-,-,0,-,-
Florida,-,0,-,-,-,1,2,2
Georgia,-,0,-,-,N,NC,N,N
Maryland,-,0,-,-,-,2,11,9
North Carolina,-,0,-,-,-,0,-,-
South Carolina,-,0,-,-,-,1,3,-
Virginia,-,0,-,-,-,2,10,3
West Virginia,-,0,-,-,-,0,-,-
East South Central,-,0,-,-,-,2,5,5
Alabama,-,0,-,-,-,1,1,1
Kentucky,-,0,-,-,-,1,2,3
Mississippi,-,0,-,-,N,NC,N,N
Tennessee,-,0,-,-,-,2,2,1
West South Central,-,0,-,-,-,1,1,4
Arkansas,-,0,-,-,-,0,-,1
Louisiana,-,0,-,-,-,1,1,-
Oklahoma,-,0,-,-,N,NC,N,N
Texas,-,0,-,-,-,0,-,3
Mountain,-,0,-,-,-,1,3,1
Arizona,-,0,-,-,-,1,3,-
Colorado,-,0,-,-,N,NC,N,N
Idaho,-,0,-,-,N,NC,N,N
Montana,-,0,-,-,-,0,-,-
Nevada,-,0,-,-,N,NC,N,N
New Mexico,-,0,-,-,N,NC,N,N
Utah,-,0,-,-,-,0,-,-
Wyoming,-,0,-,-,-,0,-,1
Pacific,-,0,-,-,-,1,5,5
Alaska,-,0,-,-,N,NC,N,N
California,-,0,-,-,-,1,2,1
Hawaii,-,0,-,-,N,NC,N,N
Oregon,-,0,-,-,-,1,3,4
Washington,-,0,-,-,-,0,-,-
U.S. Territories,-,0,-,-,-,0,-,-
American Samoa,-,0,-,-,U,NC,U,U
Commonwealth of Northern Mariana Islands,-,0,-,-,-,0,-,-
Guam,-,0,-,-,-,0,-,-
Puerto Rico,-,0,-,-,N,NC,N,N
U.S. Virgin Islands,-,0,-,-,-,0,-,-
Non-U.S. Residents,-,0,-,-,-,0,-,-
Total,-,0,-,-,6,226,2306,1746
