Reporting Area,Tuberculosis,Tuberculosis,Tuberculosis,Tuberculosis,Tularemia,Tularemia,Tularemia,Tularemia
Reporting Area,Current week,Previous 52 weeks Max †,Cum YTD 2021 †,Cum YTD 2020 †,Current week,Previous 52 weeks Max †,Cum YTD 2021 †,Cum YTD 2020 †
"U.S. Residents, excluding U.S. Territories",32,295,1025,1953,-,8,1,12
New England,3,8,43,85,-,1,-,-
Connecticut,-,4,10,22,-,0,-,-
Maine,1,2,3,4,-,0,-,-
Massachusetts,2,6,27,48,-,1,-,-
New Hampshire,-,3,-,6,-,1,-,-
Rhode Island,-,2,3,4,-,0,-,-
Vermont,-,1,-,1,-,0,-,-
Middle Atlantic,5,101,160,242,-,1,-,-
New Jersey,3,85,31,36,-,1,-,-
New York (excluding New York City),1,12,28,44,-,1,-,-
New York City,-,16,66,121,-,0,-,-
Pennsylvania,1,10,35,41,-,0,-,-
East North Central,2,41,107,143,-,2,-,1
Illinois,-,35,34,50,-,1,-,1
Indiana,2,5,17,28,-,1,-,-
Michigan,-,9,-,26,-,1,-,-
Ohio,-,35,43,26,-,0,-,-
Wisconsin,-,3,13,13,-,1,-,-
West North Central,2,24,41,81,-,3,-,4
Iowa,-,3,-,10,-,1,-,-
Kansas,-,6,3,6,-,1,-,2
Minnesota,-,17,13,30,-,0,-,-
Missouri,1,6,22,14,-,2,-,2
Nebraska,-,4,-,9,-,1,-,-
North Dakota,1,3,3,4,-,2,-,-
South Dakota,-,1,-,8,-,0,-,-
South Atlantic,7,50,81,325,-,1,-,1
Delaware,-,2,2,6,-,1,-,-
District of Columbia,-,2,1,9,-,0,-,-
Florida,-,14,-,126,-,0,-,-
Georgia,-,12,29,83,-,0,-,-
Maryland,-,7,-,37,-,0,-,-
North Carolina,5,21,12,21,-,1,-,-
South Carolina,1,8,16,2,-,0,-,-
Virginia,1,16,21,35,-,0,-,1
West Virginia,-,2,-,6,-,0,-,-
East South Central,4,16,45,83,-,1,-,-
Alabama,-,6,15,17,-,1,-,-
Kentucky,1,8,12,15,-,1,-,-
Mississippi,1,3,1,10,-,0,-,-
Tennessee,2,6,17,41,-,1,-,-
West South Central,2,30,183,321,-,2,1,3
Arkansas,-,4,16,20,-,2,-,3
Louisiana,2,7,21,26,-,1,-,-
Oklahoma,-,5,6,16,-,1,1,-
Texas,-,25,140,259,-,0,-,-
Mountain,1,15,55,99,-,1,-,2
Arizona,-,8,16,52,-,0,-,1
Colorado,-,7,15,14,-,1,-,-
Idaho,-,2,-,4,-,1,-,-
Montana,-,3,-,-,-,0,-,1
Nevada,1,4,19,13,-,0,-,-
New Mexico,-,3,3,6,-,1,-,-
Utah,-,4,2,10,-,0,-,-
Wyoming,-,0,-,-,-,1,-,-
Pacific,6,69,310,574,-,3,-,1
Alaska,-,4,16,22,-,0,-,-
California,5,61,199,457,-,0,-,1
Hawaii,1,5,28,24,-,0,-,-
Oregon,-,4,17,21,-,1,-,-
Washington,-,9,50,50,-,2,-,-
U.S. Territories,2,7,20,33,-,0,-,-
American Samoa,-,1,-,-,-,0,-,-
Commonwealth of Northern Mariana Islands,-,4,-,6,-,0,-,-
Guam,1,3,17,20,-,0,-,-
Puerto Rico,1,4,3,6,-,0,-,-
U.S. Virgin Islands,-,1,-,1,-,0,-,-
Non-U.S. Residents,-,0,-,-,-,0,-,-
Total,34,302,1045,1986,-,8,1,12
