Reporting Area,Cholera,Cholera,Cholera,Cholera,Coccidioidomycosis,Coccidioidomycosis,Coccidioidomycosis,Coccidioidomycosis
Reporting Area,Current week,Previous 52 weeks Max †,Cum YTD 2020 †,Cum YTD 2019 †,Current week,Previous 52 weeks Max †,Cum YTD 2020 †,Cum YTD 2019 †
"U.S. Residents, excluding U.S. Territories",-,2,-,6,404,439,7343,12572
New England,-,0,-,-,-,1,1,1
Connecticut,-,0,-,-,N,NC,N,N
Maine,-,0,-,-,N,NC,N,N
Massachusetts,-,0,-,-,N,NC,N,N
New Hampshire,-,0,-,-,-,1,1,-
Rhode Island,-,0,-,-,-,0,-,1
Vermont,-,0,-,-,N,NC,N,N
Middle Atlantic,-,1,-,-,-,0,-,-
New Jersey,-,0,-,-,N,NC,N,N
New York (excluding New York City),-,0,-,-,-,0,-,-
New York City,-,1,-,-,N,NC,N,N
Pennsylvania,-,0,-,-,N,NC,N,N
East North Central,-,0,-,3,-,5,29,52
Illinois,-,0,-,1,N,NC,N,N
Indiana,-,0,-,-,-,1,2,-
Michigan,-,0,-,2,-,2,16,33
Ohio,-,0,-,-,-,4,9,12
Wisconsin,-,0,-,-,-,1,2,7
West North Central,-,0,-,3,-,7,84,99
Iowa,-,0,-,-,N,NC,N,N
Kansas,-,0,-,-,-,0,-,-
Minnesota,-,0,-,3,-,7,63,65
Missouri,-,0,-,-,-,2,10,20
Nebraska,-,0,-,-,-,2,9,6
North Dakota,-,0,-,-,-,1,2,2
South Dakota,-,0,-,-,-,0,-,6
South Atlantic,-,1,-,-,-,1,4,6
Delaware,-,0,-,-,-,0,-,-
District of Columbia,-,0,-,-,N,NC,N,N
Florida,-,0,-,-,N,NC,N,N
Georgia,-,1,-,-,N,NC,N,N
Maryland,-,1,-,-,-,1,4,6
North Carolina,-,0,-,-,N,NC,N,N
South Carolina,-,0,-,-,N,NC,N,N
Virginia,-,0,-,-,N,NC,N,N
West Virginia,-,0,-,-,N,NC,N,N
East South Central,-,0,-,-,-,1,6,2
Alabama,-,0,-,-,N,NC,N,N
Kentucky,-,0,-,-,-,1,6,2
Mississippi,-,0,-,-,N,NC,N,N
Tennessee,-,0,-,-,N,NC,N,N
West South Central,-,0,-,-,-,3,8,18
Arkansas,-,0,-,-,-,3,4,8
Louisiana,-,0,-,-,-,3,4,10
Oklahoma,-,0,-,-,N,NC,N,N
Texas,-,0,-,-,N,NC,N,N
Mountain,-,1,-,-,394,321,6547,6962
Arizona,-,0,-,-,394,318,6490,6709
Colorado,-,1,-,-,N,NC,N,N
Idaho,-,0,-,-,N,NC,N,N
Montana,-,0,-,-,-,2,8,8
Nevada,-,0,-,-,-,5,23,78
New Mexico,-,0,-,-,-,5,-,122
Utah,-,0,-,-,-,4,26,44
Wyoming,-,0,-,-,-,1,-,1
Pacific,-,0,-,-,10,156,664,5432
Alaska,-,0,-,-,N,NC,N,N
California,-,0,-,-,10,156,658,5429
Hawaii,-,0,-,-,N,NC,N,N
Oregon,-,0,-,-,-,2,6,3
Washington,-,0,-,-,N,NC,N,N
U.S. Territories,-,0,-,-,-,0,-,-
American Samoa,-,0,-,-,N,NC,N,N
Commonwealth of Northern Mariana Islands,-,0,-,-,-,0,-,-
Guam,-,0,-,-,-,0,-,-
Puerto Rico,-,0,-,-,N,NC,N,N
U.S. Virgin Islands,-,0,-,-,-,0,-,-
Non-U.S. Residents,-,1,-,1,-,1,-,3
Total,-,2,-,7,404,439,7343,12575
