Reporting Area,Yellow fever,Yellow fever,Yellow fever,Yellow fever,"Zika virus disease, non-congenital","Zika virus disease, non-congenital","Zika virus disease, non-congenital","Zika virus disease, non-congenital"
Reporting Area,Current week,Previous 52 weeks Max †,Cum YTD 2021 †,Cum YTD 2020 †,Current week,Previous 52 weeks Max †,Cum YTD 2021 †,Cum YTD 2020 †
"U.S. Residents, excluding U.S. Territories",-,0,-,-,-,1,2,4
New England,-,0,-,-,-,0,-,-
Connecticut,-,0,-,-,-,0,-,-
Maine,-,0,-,-,-,0,-,-
Massachusetts,-,0,-,-,-,0,-,-
New Hampshire,-,0,-,-,-,0,-,-
Rhode Island,-,0,-,-,-,0,-,-
Vermont,-,0,-,-,-,0,-,-
Middle Atlantic,-,0,-,-,-,1,1,1
New Jersey,-,0,-,-,-,0,-,-
New York (excluding New York City),-,0,-,-,-,0,-,1
New York City,-,0,-,-,-,0,-,-
Pennsylvania,-,0,-,-,-,1,1,-
East North Central,-,0,-,-,-,0,-,-
Illinois,-,0,-,-,-,0,-,-
Indiana,-,0,-,-,-,0,-,-
Michigan,-,0,-,-,-,0,-,-
Ohio,-,0,-,-,-,0,-,-
Wisconsin,-,0,-,-,-,0,-,-
West North Central,-,0,-,-,-,0,-,-
Iowa,-,0,-,-,-,0,-,-
Kansas,-,0,-,-,-,0,-,-
Minnesota,-,0,-,-,-,0,-,-
Missouri,-,0,-,-,-,0,-,-
Nebraska,-,0,-,-,-,0,-,-
North Dakota,-,0,-,-,-,0,-,-
South Dakota,-,0,-,-,-,0,-,-
South Atlantic,-,0,-,-,-,0,-,3
Delaware,-,0,-,-,-,0,-,-
District of Columbia,-,0,-,-,-,0,-,-
Florida,-,0,-,-,-,0,-,-
Georgia,-,0,-,-,-,0,-,-
Maryland,-,0,-,-,-,0,-,1
North Carolina,-,0,-,-,-,0,-,1
South Carolina,-,0,-,-,-,0,-,-
Virginia,-,0,-,-,-,0,-,1
West Virginia,-,0,-,-,-,0,-,-
East South Central,-,0,-,-,-,0,-,-
Alabama,-,0,-,-,-,0,-,-
Kentucky,-,0,-,-,-,0,-,-
Mississippi,-,0,-,-,-,0,-,-
Tennessee,-,0,-,-,-,0,-,-
West South Central,-,0,-,-,-,0,-,-
Arkansas,-,0,-,-,-,0,-,-
Louisiana,-,0,-,-,-,0,-,-
Oklahoma,-,0,-,-,-,0,-,-
Texas,-,0,-,-,-,0,-,-
Mountain,-,0,-,-,-,0,-,-
Arizona,-,0,-,-,-,0,-,-
Colorado,-,0,-,-,-,0,-,-
Idaho,-,0,-,-,-,0,-,-
Montana,-,0,-,-,-,0,-,-
Nevada,-,0,-,-,-,0,-,-
New Mexico,-,0,-,-,-,0,-,-
Utah,-,0,-,-,-,0,-,-
Wyoming,-,0,-,-,-,0,-,-
Pacific,-,0,-,-,-,1,1,-
Alaska,-,0,-,-,-,0,-,-
California,-,0,-,-,-,1,1,-
Hawaii,-,0,-,-,-,0,-,-
Oregon,-,0,-,-,-,0,-,-
Washington,-,0,-,-,-,0,-,-
U.S. Territories,-,0,-,-,-,3,25,44
American Samoa,-,0,-,-,-,0,-,-
Commonwealth of Northern Mariana Islands,-,0,-,-,-,0,-,-
Guam,-,0,-,-,-,0,-,-
Puerto Rico,-,0,-,-,-,3,25,44
U.S. Virgin Islands,-,0,-,-,-,0,-,-
Non-U.S. Residents,-,0,-,-,-,0,-,-
Total,-,0,-,-,-,3,27,48
