0,1,2,3,4,5,6,7,8,9
Disease,,,,Total cases reported for previous years,Total cases reported for previous years,Total cases reported for previous years,Total cases reported for previous years,Total cases reported for previous years,
Disease,Current  week,Cum  2015,5-year  weekly  average  §,2014,2013,2012,2011,2010,States reporting cases  during current week (Count)
Anthrax,-,-,-,-,-,-,1,-,
"Arboviral diseases **,††:",,,,,,,,,
California serogroup virus disease,-,-,2,89,95,81,137,75,
Chikungunya virus disease ¶,NN,NN,-,NN,NN,NN,NN,NN,
Eastern equine encephalitis virus disease,-,-,0,8,8,15,4,10,
Powassan virus disease,-,1,1,8,12,7,16,8,
St. Louis encephalitis virus disease,-,-,0,9,1,3,6,10,
Western equine encephalitis virus disease,-,-,-,-,-,-,-,-,
"Botulism, total",-,91,3,161,152,168,153,112,
foodborne,-,37,0,15,4,27,24,7,
infant,-,49,3,127,136,123,97,80,
other(wound & unspecified),-,5,0,19,12,18,32,25,
Brucellosis,-,37,2,92,99,114,79,115,
Chancroid,1,11,0,6,-,15,8,24,TX (1 )
Cholera,-,-,0,-,14,17,40,13,
Cyclosporiasis ††,7,38,11,388,784,123,151,179,"NYC (1 ), TX (6 )"
Diphtheria,-,-,-,1,-,1,-,-,
"Haemophilus influenzae  ,  invasive disease (age <5 yrs) §§:",,,,,,,,,
serotype b,-,8,0,40,31,30,14,23,
nonserotype b,1,108,4,229,222,205,145,200,SC (1 )
unknown serotype,3,100,4,204,185,210,226,223,"FL (1 ), CO (1 ), AZ (1 )"
Hansen disease ††,-,22,1,88,81,82,82,98,
Hantavirus Infections ††:,,,,,,,,,
Hantavirus infection (non-HPS) ¶,NN,NN,-,NN,NN,NN,NN,NN,
Hantavirus pulmonary syndrome (HPS),-,3,1,30,21,30,23,20,
"Hemolytic uremic syndrome, post-diarrheal ††",2,58,6,250,329,274,290,266,TN (2 )
"Hepatitis B, virus infection perinatal",2,14,1,47,48,40,NP,NP,"OH (1 ), GA (1 )"
"Influenza-associated pediatric mortality ††,¶¶",-,118,1,130,160,52,118,61,
Leptospirosis ††,-,4,0,38,NN,NN,NN,NN,
Listeriosis,7,199,15,769,735,727,870,821,"NY (1 ), NYC (2 ), OH (1 ), NC (3 )"
Measles ***,1,175,13,667,187,55,220,63,OH (1 )
"Meningococcal disease, invasive †††:",,,,,,,,,
serogroup ACWY,-,38,3,123,142,161,257,280,
serogroup B,-,45,2,89,99,110,159,135,
other serogroup,-,8,0,25,17,20,20,12,
unknown serogroup,2,90,5,196,298,260,323,406,PA (2 )
Novel influenza A infection virus §§§,-,1,10,3,21,313,14,4,
Plague,-,-,0,10,4,4,3,2,
"Poliomyelitis, paralytic",-,-,-,-,1,-,-,-,
"Polio virus infection, nonparalytic ††",-,-,-,-,-,-,-,-,
Psittacosis ††,-,2,0,8,6,2,2,4,
Q fever total ††:,1,48,3,167,170,135,134,131,
acute,1,38,3,132,137,113,110,106,NC (1 )
chronic,-,10,0,35,33,22,24,25,
"Rabies, human",-,-,0,1,2,1,6,2,
SARS CoV ††,-,-,-,-,-,-,-,-,
Smallpox ††,-,-,-,-,-,-,-,-,
Streptococcal toxic-shock syndrome ††,1,112,3,259,224,194,168,142,VA (1 )
"Syphilis, congenital (age <1 yr) ††,¶¶¶",-,104,7,458,348,322,360,377,
Toxic-shock syndrome (staphylococcal) ††,1,26,1,59,71,65,78,82,OH (1 )
Trichinellosis ††,-,1,0,14,22,18,15,7,
Tularemia,2,37,8,180,203,149,166,124,"PA (1 ), MO (1 )"
Typhoid fever,1,138,7,349,338,354,390,467,OH (1 )
Vancomycin-intermediate  Staphylococcus aureus  ††,2,63,3,212,248,134,82,91,"NYC (1 ), MO (1 )"
Vancomycin-resistant  Staphylococcus aureus  ††,-,1,0,-,-,2,-,2,
"Viral hemorrhagic Fevers ††,****:",,,,,,,,,
Crimean-Congo hemorrhagic fever,-,-,-,NP,NP,NP,NP,NP,
Ebola hemorrhagic fever,-,-,-,6,NP,NP,NP,NP,
Guanarito hemorrhagic fever,-,-,-,NP,NP,NP,NP,NP,
Junin hemorrhagic fever,-,-,-,NP,NP,NP,NP,NP,
Lassa fever,-,-,-,1,NP,NP,NP,NP,
Lujo virus,-,-,-,NP,NP,NP,NP,NP,
Machupo hemorrhagic fever,-,-,-,NP,NP,NP,NP,NP,
Marburg fever,-,-,-,NP,NP,NP,NP,NP,
Sabia-associated hemorrhagic fever,-,-,-,NP,NP,NP,NP,NP,
Yellow fever,-,-,-,-,-,-,-,-,
