Reporting  Area,"Hepatitis (viral, acute, by type) †","Hepatitis (viral, acute, by type) †","Hepatitis (viral, acute, by type) †","Hepatitis (viral, acute, by type) †","Hepatitis (viral, acute, by type) †","Hepatitis (viral, acute, by type) †","Hepatitis (viral, acute, by type) †","Hepatitis (viral, acute, by type) †","Hepatitis (viral, acute, by type) †","Hepatitis (viral, acute, by type) †"
Reporting  Area,A,A,A,A,A,B,B,B,B,B
Reporting  Area,Current  week,Previous 52 weeks,Previous 52 weeks,Cum  2018,Cum  2017,Current  week,Previous 52 weeks,Previous 52 weeks,Cum  2018,Cum  2017
Reporting  Area,Current  week,Med,Max,Cum  2018,Cum  2017,Current  week,Med,Max,Cum  2018,Cum  2017
United States,19,41,69,19,13,8,56,86,8,46
New England,1,1,4,1,1,1,2,7,1,1
Connecticut,1,0,2,1,-,-,0,1,-,-
Maine,-,0,1,-,-,1,1,4,1,1
Massachusetts,-,1,3,-,1,-,1,3,-,-
New Hampshire,-,0,1,-,-,-,0,0,-,-
Rhode Island,-,0,1,-,-,U,0,0,U,U
Vermont,-,0,1,-,-,-,0,1,-,-
Middle Atlantic,3,7,13,3,3,2,3,11,2,2
New Jersey,-,1,4,-,1,-,1,4,-,-
New York (excluding New York City),-,1,6,-,1,-,0,4,-,-
New York City,2,2,7,2,-,1,1,4,1,-
Pennsylvania,1,1,5,1,1,1,1,4,1,2
East North Central,2,12,31,2,4,2,10,27,2,8
Illinois,-,1,3,-,1,-,0,2,-,-
Indiana,-,0,2,-,1,-,4,10,-,4
Michigan,1,9,28,1,2,-,1,4,-,-
Ohio,1,0,3,1,-,1,4,18,1,4
Wisconsin,-,0,2,-,-,1,0,3,1,-
West North Central,1,1,5,1,-,-,2,5,-,-
Iowa,-,0,1,-,-,-,0,2,-,-
Kansas,-,0,1,-,-,-,0,3,-,-
Minnesota,-,0,2,-,-,-,0,2,-,-
Missouri,1,0,5,1,-,-,0,2,-,-
Nebraska,-,0,1,-,-,-,0,2,-,-
North Dakota,-,0,1,-,-,-,0,0,-,-
South Dakota,-,0,1,-,-,-,0,1,-,-
South Atlantic,5,8,16,5,2,1,23,33,1,17
Delaware,-,0,1,-,-,-,0,2,-,1
District of Columbia,U,0,1,U,U,U,0,0,U,U
Florida,-,4,11,-,1,-,11,19,-,10
Georgia,2,1,5,2,1,1,2,7,1,2
Maryland,1,0,4,1,-,-,1,2,-,1
North Carolina,-,0,2,-,-,-,3,7,-,2
South Carolina,-,0,4,-,-,-,0,1,-,1
Virginia,2,1,4,2,-,-,1,5,-,-
West Virginia,-,0,2,-,-,-,4,13,-,-
East South Central,2,1,6,2,-,1,10,19,1,13
Alabama,-,0,3,-,-,-,1,5,-,-
Kentucky,2,0,5,2,-,1,3,12,1,5
Mississippi,-,0,1,-,-,-,1,3,-,2
Tennessee,-,0,1,-,-,-,4,9,-,6
West South Central,-,2,10,-,-,-,4,11,-,2
Arkansas,-,0,1,-,-,-,1,3,-,-
Louisiana,-,0,1,-,-,-,1,7,-,2
Oklahoma,-,0,3,-,-,-,0,2,-,-
Texas,-,2,8,-,-,-,1,7,-,-
Mountain,5,5,13,5,2,-,2,5,-,3
Arizona,1,1,5,1,-,-,0,2,-,-
Colorado,-,1,7,-,2,-,0,3,-,2
Idaho,-,0,2,-,-,-,0,2,-,-
Montana,-,0,1,-,-,-,0,1,-,-
Nevada,-,0,3,-,-,-,0,3,-,-
New Mexico,-,0,1,-,-,-,0,0,-,-
Utah,4,1,10,4,-,-,0,2,-,1
Wyoming,-,0,4,-,-,U,0,0,U,U
Pacific,-,1,5,-,1,1,1,6,1,-
Alaska,-,0,0,-,-,-,0,2,-,-
California,-,0,0,-,-,-,0,0,-,-
Hawaii,-,0,2,-,-,-,0,0,-,-
Oregon,-,0,4,-,1,1,0,3,1,-
Washington,-,0,3,-,-,-,1,3,-,-
Territories,,,,,,,,,,
American Samoa,-,0,0,-,-,-,0,0,-,-
Commonwealth of Northern Mariana Islands,-,-,-,-,-,-,-,-,-,-
Guam,-,-,-,-,-,-,-,-,-,-
Puerto Rico,-,0,1,-,-,-,0,1,-,-
U.S. Virgin Islands,-,0,0,-,-,-,0,0,-,-
