Reporting  Area,"Invasive pneumococcal disease, age <5 †","Invasive pneumococcal disease, age <5 †","Invasive pneumococcal disease, age <5 †","Invasive pneumococcal disease, age <5 †","Invasive pneumococcal disease, age <5 †","Invasive pneumococcal disease, age <5 †","Invasive pneumococcal disease, age <5 †","Invasive pneumococcal disease, age <5 †","Invasive pneumococcal disease, age <5 †","Invasive pneumococcal disease, age <5 †"
Reporting  Area,Confirmed,Confirmed,Confirmed,Confirmed,Confirmed,Probable,Probable,Probable,Probable,Probable
Reporting  Area,Current  week,Previous 52 weeks,Previous 52 weeks,Cum  2018,Cum  2017,Current  week,Previous 52 weeks,Previous 52 weeks,Cum  2018,Cum  2017
Reporting  Area,Current  week,Med,Max,Cum  2018,Cum  2017,Current  week,Med,Max,Cum  2018,Cum  2017
United States,6,20,43,313,389,-,0,2,12,5
New England,-,1,4,14,14,-,0,0,-,-
Connecticut,-,0,2,3,2,-,0,0,-,-
Maine,-,0,2,3,1,-,0,0,-,-
Massachusetts,-,0,2,7,8,-,0,0,-,-
New Hampshire,-,0,1,-,2,-,0,0,-,-
Rhode Island,-,0,2,1,1,-,0,0,-,-
Vermont,-,0,1,-,-,-,0,0,-,-
Middle Atlantic,3,2,7,44,38,-,0,1,-,1
New Jersey,2,0,2,3,3,-,0,1,-,-
New York (excluding New York City),-,1,3,11,16,-,0,0,-,-
New York City,-,0,4,17,10,-,0,0,-,-
Pennsylvania,1,0,3,13,9,-,0,1,-,1
East North Central,2,3,9,56,74,-,0,1,2,1
Illinois,-,0,0,-,-,-,0,0,-,-
Indiana,-,1,3,10,16,-,0,0,-,-
Michigan,-,0,5,10,11,-,0,0,-,-
Ohio,2,1,4,24,32,-,0,1,2,1
Wisconsin,-,0,3,12,15,-,0,0,-,-
West North Central,-,1,7,21,27,-,0,2,3,1
Iowa,N,0,0,N,N,N,0,0,N,N
Kansas,-,0,2,3,8,-,0,0,-,-
Minnesota,-,0,2,-,-,-,0,0,-,-
Missouri,-,0,4,13,11,-,0,2,2,1
Nebraska,-,0,1,2,2,-,0,1,1,-
North Dakota,-,0,1,1,3,-,0,0,-,-
South Dakota,-,0,2,2,3,-,0,0,-,-
South Atlantic,-,4,14,49,100,-,0,1,2,1
Delaware,-,0,1,-,-,-,0,0,-,-
District of Columbia,-,0,1,-,1,-,0,0,-,-
Florida,-,1,5,19,27,-,0,1,2,-
Georgia,-,1,4,9,14,-,0,0,-,-
Maryland,-,0,2,4,13,-,0,1,-,1
North Carolina,N,0,0,N,N,N,0,0,N,N
South Carolina,-,1,4,6,31,-,0,0,-,-
Virginia,-,0,3,9,10,-,0,0,-,-
West Virginia,-,0,2,2,4,-,0,0,-,-
East South Central,-,2,6,36,36,-,0,1,1,-
Alabama,-,0,2,11,11,-,0,0,-,-
Kentucky,-,0,3,4,6,-,0,1,1,-
Mississippi,-,0,2,5,5,-,0,0,-,-
Tennessee,-,0,3,16,14,-,0,0,-,-
West South Central,1,3,17,51,55,-,0,2,4,1
Arkansas,-,0,2,4,5,-,0,0,-,-
Louisiana,-,0,4,11,6,-,0,2,2,-
Oklahoma,-,0,2,4,5,-,0,0,-,-
Texas,1,2,15,32,39,-,0,1,2,1
Mountain,-,2,5,37,41,-,0,0,-,-
Arizona,-,0,4,14,12,-,0,0,-,-
Colorado,-,0,2,10,14,-,0,0,-,-
Idaho,-,0,1,-,4,-,0,0,-,-
Montana,-,0,1,3,2,-,0,0,-,-
Nevada,-,0,1,-,2,-,0,0,-,-
New Mexico,-,0,2,5,4,-,0,0,-,-
Utah,-,0,2,3,2,-,0,0,-,-
Wyoming,-,0,2,2,1,-,0,0,-,-
Pacific,-,0,2,5,4,-,0,0,-,-
Alaska,-,0,1,3,2,-,0,0,-,-
California,N,0,0,N,N,N,0,0,N,N
Hawaii,-,0,1,2,2,-,0,0,-,-
Oregon,N,0,0,N,N,N,0,0,N,N
Washington,N,0,0,N,N,N,0,0,N,N
Territories,,,,,,,,,,
American Samoa,-,0,0,-,-,-,0,0,-,-
Commonwealth of Northern Mariana Islands,-,-,-,-,-,-,-,-,-,-
Guam,-,-,-,-,-,-,-,-,-,-
Puerto Rico,-,0,0,-,-,-,0,0,-,-
U.S. Virgin Islands,-,0,0,-,-,-,0,0,-,-
