Reporting Area,Tularemia,Tularemia,Tularemia,Tularemia,Vancomycin-intermediate  Staphylococcus aureus,Vancomycin-intermediate  Staphylococcus aureus,Vancomycin-intermediate  Staphylococcus aureus,Vancomycin-intermediate  Staphylococcus aureus
Reporting Area,Current  week,Previous 52  weeks Max †,Cum YTD  2019 †,Cum YTD  2018 †,Current  week,Previous 52  weeks Max †,Cum YTD  2019 †,Cum YTD  2018 †
"U.S. Residents, excluding U.S. Territories",4,14,135,162,-,5,38,56
New England,-,2,3,4,-,1,-,-
Connecticut,-,0,-,-,-,0,-,-
Maine,-,0,-,-,-,0,-,-
Massachusetts,-,2,3,4,-,1,-,-
New Hampshire,-,0,-,-,N,NC,N,N
Rhode Island,-,0,-,-,-,0,-,-
Vermont,-,0,-,-,-,0,-,-
Middle Atlantic,-,1,2,2,-,2,8,11
New Jersey,-,1,1,1,-,1,1,2
New York (excluding New York City),-,0,-,-,-,1,4,2
New York City,-,0,-,-,-,1,-,1
Pennsylvania,-,1,1,1,-,1,3,6
East North Central,-,1,3,10,-,2,15,21
Illinois,-,1,2,5,-,1,6,7
Indiana,-,0,-,2,N,NC,N,N
Michigan,-,0,-,2,-,2,5,2
Ohio,-,1,-,-,-,2,4,4
Wisconsin,-,1,1,1,-,1,-,8
West North Central,1,10,54,44,-,1,3,4
Iowa,-,1,2,-,-,1,1,-
Kansas,-,1,5,17,-,0,-,-
Minnesota,-,1,-,1,-,0,-,-
Missouri,-,4,17,15,-,1,2,4
Nebraska,1,3,13,2,-,0,-,-
North Dakota,-,2,4,3,-,0,-,-
South Dakota,-,3,13,6,N,NC,N,N
South Atlantic,-,1,4,8,-,1,7,2
Delaware,-,0,-,-,-,0,-,-
District of Columbia,-,0,-,-,N,NC,N,N
Florida,-,0,-,2,-,1,1,2
Georgia,-,0,-,-,-,0,-,-
Maryland,-,1,1,-,-,1,2,-
North Carolina,-,0,-,3,-,1,3,-
South Carolina,-,0,-,-,-,0,-,-
Virginia,-,1,3,2,-,1,1,-
West Virginia,-,0,-,1,-,0,-,-
East South Central,-,2,7,11,-,1,1,5
Alabama,-,1,3,-,-,0,-,1
Kentucky,-,0,-,7,N,NC,N,N
Mississippi,-,1,1,-,-,1,-,1
Tennessee,-,2,3,4,-,1,1,3
West South Central,2,14,44,56,-,1,-,10
Arkansas,-,4,31,39,-,0,-,-
Louisiana,-,0,-,-,-,0,-,8
Oklahoma,2,13,13,17,-,0,-,-
Texas,-,0,-,-,-,1,-,2
Mountain,1,2,9,15,-,1,3,3
Arizona,1,1,2,-,-,1,3,2
Colorado,-,1,4,6,N,NC,N,N
Idaho,-,0,-,3,N,NC,N,N
Montana,-,1,1,4,-,0,-,-
Nevada,-,1,-,-,-,0,-,1
New Mexico,-,1,2,1,N,NC,N,N
Utah,-,0,-,-,-,0,-,-
Wyoming,-,1,-,1,-,0,-,-
Pacific,-,4,9,12,-,1,1,-
Alaska,-,0,-,-,N,NC,N,N
California,-,1,4,4,N,NC,N,N
Hawaii,-,0,-,-,-,1,1,-
Oregon,-,1,2,8,N,NC,N,N
Washington,-,4,3,-,N,NC,N,N
U.S. Territories,-,0,-,-,-,0,-,-
American Samoa,-,0,-,-,N,NC,N,N
Commonwealth of Northern Mariana Islands,-,0,-,-,-,0,-,-
Guam,-,0,-,-,-,0,-,-
Puerto Rico,-,0,-,-,-,0,-,-
U.S. Virgin Islands,-,0,-,-,-,0,-,-
Non-U.S. Residents,-,NC,-,NP,-,NC,-,NP
Total,4,14,135,162,-,5,38,56
