Reporting Area,Cryptosporidiosis,Cryptosporidiosis,Cryptosporidiosis,Cryptosporidiosis,Cyclosporiasis,Cyclosporiasis,Cyclosporiasis,Cyclosporiasis
Reporting Area,Current week,Previous 52 weeks Max †,Cum YTD 2020 †,Cum YTD 2019 †,Current week,Previous 52 weeks Max †,Cum YTD 2020 †,Cum YTD 2019 †
"U.S. Residents, excluding U.S. Territories",17,200,5740,13975,3,246,2186,4704
New England,2,20,319,539,-,5,38,360
Connecticut,-,4,32,80,-,2,7,103
Maine,-,4,57,71,-,0,-,-
Massachusetts,2,6,116,231,-,4,24,211
New Hampshire,-,2,37,65,-,2,3,9
Rhode Island,-,3,21,63,-,1,4,31
Vermont,-,11,56,29,-,0,-,6
Middle Atlantic,3,46,827,1684,-,34,245,761
New Jersey,-,6,66,288,-,19,66,263
New York (excluding New York City),3,31,365,486,-,10,60,305
New York City,-,13,130,397,-,17,119,193
Pennsylvania,-,13,266,513,N,NC,N,N
East North Central,-,44,1038,2557,-,109,451,573
Illinois,-,11,198,407,-,95,307,164
Indiana,-,5,53,321,-,0,-,31
Michigan,-,6,38,415,-,3,16,127
Ohio,-,19,324,685,-,14,55,142
Wisconsin,-,24,425,729,-,17,73,109
West North Central,1,30,740,1982,-,122,534,388
Iowa,1,17,326,558,-,103,259,121
Kansas,-,4,56,139,-,6,33,23
Minnesota,-,0,-,487,-,0,-,137
Missouri,-,13,171,400,-,37,136,61
Nebraska,-,5,103,193,-,30,88,36
North Dakota,-,2,23,38,N,NC,N,N
South Dakota,-,6,61,167,-,6,18,10
South Atlantic,1,40,1015,2194,-,39,236,1187
Delaware,-,3,22,39,-,1,1,5
District of Columbia,-,2,9,31,-,0,-,37
Florida,-,11,182,662,-,16,68,543
Georgia,-,21,338,364,-,18,109,77
Maryland,-,6,58,107,-,3,16,220
North Carolina,-,9,143,286,-,1,1,76
South Carolina,-,4,81,111,-,3,14,24
Virginia,1,11,161,520,-,12,26,201
West Virginia,-,5,21,74,-,1,1,4
East South Central,-,17,392,937,-,15,74,72
Alabama,-,8,128,225,-,1,3,5
Kentucky,-,8,99,341,-,5,16,1
Mississippi,-,3,18,124,N,NC,N,N
Tennessee,-,9,147,247,-,11,55,66
West South Central,4,24,492,1881,2,59,539,1171
Arkansas,3,5,63,142,-,2,11,34
Louisiana,-,6,72,355,-,16,35,100
Oklahoma,1,5,79,194,N,NC,N,N
Texas,-,19,278,1190,2,53,493,1037
Mountain,1,21,422,967,1,9,57,120
Arizona,-,5,78,143,-,2,3,17
Colorado,1,7,121,269,1,6,36,58
Idaho,-,2,9,131,N,NC,N,N
Montana,-,3,39,72,-,1,1,2
Nevada,-,3,11,50,N,NC,N,N
New Mexico,-,3,29,83,-,1,4,16
Utah,-,6,124,197,-,3,12,22
Wyoming,-,1,11,22,-,1,1,5
Pacific,5,21,495,1234,-,2,12,72
Alaska,-,2,6,12,-,1,2,-
California,-,13,242,727,-,2,10,50
Hawaii,-,1,5,9,-,0,-,-
Oregon,-,5,89,254,-,0,-,5
Washington,5,11,153,232,-,0,-,17
U.S. Territories,-,0,-,-,-,0,-,-
American Samoa,N,NC,N,N,N,NC,N,N
Commonwealth of Northern Mariana Islands,-,0,-,-,-,0,-,-
Guam,-,0,-,-,-,0,-,-
Puerto Rico,-,0,-,-,-,0,-,-
U.S. Virgin Islands,-,0,-,-,-,0,-,-
Non-U.S. Residents,-,1,2,-,-,0,-,-
Total,17,200,5742,13975,3,246,2186,4704
