Reporting Area,"Vibriosis (any species of the family  Vibrionaceae  , other than toxigenic  Vibrio  cholerae O1 or O139)","Vibriosis (any species of the family  Vibrionaceae  , other than toxigenic  Vibrio  cholerae O1 or O139)","Vibriosis (any species of the family  Vibrionaceae  , other than toxigenic  Vibrio  cholerae O1 or O139)","Vibriosis (any species of the family  Vibrionaceae  , other than toxigenic  Vibrio  cholerae O1 or O139)","Vibriosis (any species of the family  Vibrionaceae  , other than toxigenic  Vibrio  cholerae O1 or O139)","Vibriosis (any species of the family  Vibrionaceae  , other than toxigenic  Vibrio  cholerae O1 or O139)","Vibriosis (any species of the family  Vibrionaceae  , other than toxigenic  Vibrio  cholerae O1 or O139)","Vibriosis (any species of the family  Vibrionaceae  , other than toxigenic  Vibrio  cholerae O1 or O139)"
Reporting Area,Confirmed,Confirmed,Confirmed,Confirmed,Probable,Probable,Probable,Probable
Reporting Area,Current  week,Previous 52  weeks Max †,Cum YTD  2019 †,Cum YTD  2018 †,Current  week,Previous 52  weeks Max †,Cum YTD  2019 †,Cum YTD  2018 †
"U.S. Residents, excluding U.S. Territories",-,108,24,44,1,39,26,46
New England,-,15,2,4,-,4,2,1
Connecticut,-,6,-,2,-,3,2,1
Maine,-,2,-,1,-,0,-,-
Massachusetts,-,8,2,-,-,2,-,-
New Hampshire,-,2,-,1,-,2,-,-
Rhode Island,-,2,-,-,-,1,-,-
Vermont,-,1,-,-,-,0,-,-
Middle Atlantic,-,13,3,5,-,7,4,2
New Jersey,-,5,-,2,-,5,2,1
New York (excluding New York City),-,7,1,2,-,0,-,-
New York City,-,4,1,1,-,3,-,1
Pennsylvania,-,4,1,-,-,2,2,-
East North Central,-,11,2,2,-,7,5,4
Illinois,-,6,-,1,-,4,3,2
Indiana,-,2,-,-,-,1,-,1
Michigan,-,4,1,1,-,2,2,-
Ohio,-,5,1,-,-,2,-,1
Wisconsin,-,3,-,-,-,2,-,-
West North Central,-,5,-,1,-,4,3,5
Iowa,N,NC,N,N,N,NC,N,N
Kansas,-,3,-,-,-,2,-,3
Minnesota,-,0,-,-,-,0,-,-
Missouri,-,3,-,-,-,3,3,2
Nebraska,-,1,-,-,-,4,-,-
North Dakota,-,1,-,-,-,2,-,-
South Dakota,-,1,-,1,-,1,-,-
South Atlantic,-,20,9,14,-,8,4,9
Delaware,-,1,-,-,-,0,-,-
District of Columbia,-,1,-,1,-,1,-,-
Florida,-,17,-,9,-,5,-,2
Georgia,-,3,2,-,-,0,-,-
Maryland,-,5,1,4,-,4,3,2
North Carolina,-,4,1,-,-,3,-,3
South Carolina,-,3,5,-,-,2,1,-
Virginia,-,6,-,-,-,4,-,2
West Virginia,-,0,-,-,-,2,-,-
East South Central,-,5,2,1,-,4,2,4
Alabama,-,3,1,-,-,2,2,2
Kentucky,-,1,-,-,-,4,-,-
Mississippi,-,2,-,-,-,1,-,-
Tennessee,-,2,1,1,-,2,-,2
West South Central,-,9,1,3,-,11,-,10
Arkansas,-,3,-,-,-,1,-,-
Louisiana,-,3,1,1,-,2,-,3
Oklahoma,-,3,-,-,-,1,-,-
Texas,-,8,-,2,-,11,-,7
Mountain,-,8,-,4,1,3,4,9
Arizona,-,0,-,-,-,0,-,-
Colorado,-,6,-,3,1,3,3,5
Idaho,N,NC,N,N,N,NC,N,N
Montana,-,2,-,-,-,3,-,1
Nevada,-,1,-,-,-,1,-,-
New Mexico,-,1,-,-,-,2,-,2
Utah,-,4,-,1,-,1,1,-
Wyoming,-,0,-,-,-,1,-,1
Pacific,-,48,5,10,-,13,2,2
Alaska,-,3,-,1,-,3,-,-
California,-,28,1,7,-,6,1,2
Hawaii,-,3,-,1,-,1,-,-
Oregon,-,8,1,1,-,3,-,-
Washington,-,22,3,-,-,7,1,-
U.S. Territories,-,0,-,-,-,0,-,-
American Samoa,N,NC,N,N,N,NC,N,N
Commonwealth of Northern Mariana Islands,-,0,-,-,-,0,-,-
Guam,-,0,-,-,-,0,-,-
Puerto Rico,-,0,-,-,-,0,-,-
U.S. Virgin Islands,-,0,-,-,-,0,-,-
Non-U.S. Residents,-,NC,-,NP,-,NC,-,NP
Total,-,108,24,44,1,39,26,46
