Reporting Area,"Vibriosis (any species of the family  Vibrionaceae  , other than toxigenic  Vibrio  cholerae O1 or O139)","Vibriosis (any species of the family  Vibrionaceae  , other than toxigenic  Vibrio  cholerae O1 or O139)","Vibriosis (any species of the family  Vibrionaceae  , other than toxigenic  Vibrio  cholerae O1 or O139)","Vibriosis (any species of the family  Vibrionaceae  , other than toxigenic  Vibrio  cholerae O1 or O139)","Vibriosis (any species of the family  Vibrionaceae  , other than toxigenic  Vibrio  cholerae O1 or O139)","Vibriosis (any species of the family  Vibrionaceae  , other than toxigenic  Vibrio  cholerae O1 or O139)","Vibriosis (any species of the family  Vibrionaceae  , other than toxigenic  Vibrio  cholerae O1 or O139)","Vibriosis (any species of the family  Vibrionaceae  , other than toxigenic  Vibrio  cholerae O1 or O139)"
Reporting Area,Confirmed,Confirmed,Confirmed,Confirmed,Probable,Probable,Probable,Probable
Reporting Area,Current week,Previous 52 weeks Max †,Cum YTD 2021 †,Cum YTD 2020 †,Current week,Previous 52 weeks Max †,Cum YTD 2021 †,Cum YTD 2020 †
"U.S. Residents, excluding U.S. Territories",-,54,8,39,4,22,18,54
New England,-,10,1,3,-,5,1,2
Connecticut,-,6,-,2,-,2,-,1
Maine,-,2,-,-,-,2,-,-
Massachusetts,-,6,1,1,-,2,1,1
New Hampshire,-,3,-,-,-,1,-,-
Rhode Island,-,2,-,-,-,2,-,-
Vermont,-,0,-,-,-,0,-,-
Middle Atlantic,-,7,1,1,-,5,-,11
New Jersey,-,1,-,-,-,1,-,4
New York (excluding New York City),-,5,1,1,-,4,-,2
New York City,-,1,-,-,-,3,-,3
Pennsylvania,-,3,-,-,-,3,-,2
East North Central,-,3,2,3,-,4,1,6
Illinois,-,1,-,2,-,2,-,2
Indiana,-,1,-,-,-,1,-,2
Michigan,-,1,-,1,-,0,-,-
Ohio,-,2,2,-,-,3,1,2
Wisconsin,-,1,-,-,-,1,-,-
West North Central,-,2,-,2,-,2,2,1
Iowa,N,NC,N,N,N,NC,N,N
Kansas,-,1,-,-,-,0,-,-
Minnesota,-,0,-,-,-,0,-,-
Missouri,-,1,-,2,-,1,-,-
Nebraska,-,2,-,-,-,2,2,1
North Dakota,-,1,-,-,-,0,-,-
South Dakota,-,0,-,-,-,0,-,-
South Atlantic,-,14,-,16,-,8,2,12
Delaware,-,3,-,-,-,2,1,-
District of Columbia,-,1,-,-,-,1,-,1
Florida,-,7,-,14,-,3,-,3
Georgia,-,4,-,1,-,3,-,1
Maryland,-,6,-,-,-,2,-,4
North Carolina,-,2,-,-,-,1,-,2
South Carolina,-,3,-,1,-,1,-,-
Virginia,-,5,-,-,-,4,1,-
West Virginia,-,1,-,-,-,1,-,1
East South Central,-,6,-,3,1,3,2,5
Alabama,-,3,-,1,-,1,-,3
Kentucky,-,2,-,1,1,2,1,2
Mississippi,-,2,-,-,-,1,-,-
Tennessee,-,2,-,1,-,1,1,-
West South Central,-,8,-,2,2,4,5,5
Arkansas,-,1,-,-,-,1,-,-
Louisiana,-,4,-,1,-,2,-,1
Oklahoma,-,0,-,-,-,0,-,-
Texas,-,7,-,1,2,4,5,4
Mountain,-,4,3,-,-,4,1,5
Arizona,-,4,-,-,-,3,1,-
Colorado,-,2,1,-,-,2,-,3
Idaho,N,NC,N,N,N,NC,N,N
Montana,-,1,-,-,-,1,-,-
Nevada,-,1,-,-,-,0,-,2
New Mexico,-,1,-,-,-,1,-,-
Utah,-,1,2,-,-,1,-,-
Wyoming,-,0,-,-,-,0,-,-
Pacific,-,18,1,9,1,9,4,7
Alaska,-,1,-,-,-,0,-,-
California,-,6,-,6,-,6,-,3
Hawaii,-,2,1,2,-,1,-,2
Oregon,-,6,-,1,-,1,-,1
Washington,-,11,-,-,1,5,4,1
U.S. Territories,-,0,-,-,-,0,-,-
American Samoa,N,NC,N,N,N,NC,N,N
Commonwealth of Northern Mariana Islands,-,0,-,-,-,0,-,-
Guam,-,0,-,-,-,0,-,-
Puerto Rico,-,0,-,-,-,0,-,-
U.S. Virgin Islands,-,0,-,-,-,0,-,-
Non-U.S. Residents,-,0,-,-,-,0,-,-
Total,-,54,8,39,4,22,18,54
