Reporting Area,Leptospirosis,Leptospirosis,Leptospirosis,Leptospirosis,Listeriosis §,Listeriosis §,Listeriosis §,Listeriosis §,Listeriosis §,Listeriosis §,Listeriosis §,Listeriosis §
Reporting Area,Leptospirosis,Leptospirosis,Leptospirosis,Leptospirosis,Confirmed,Confirmed,Confirmed,Confirmed,Probable,Probable,Probable,Probable
Reporting Area,Current week,Previous 52 weeks Max †,Cum YTD 2020 †,Cum YTD 2019 †,Current week,Previous 52 weeks Max †,Cum YTD 2020 †,Cum YTD 2019 †,Current week,Previous 52 weeks Max †,Cum YTD 2020 †,Cum YTD 2019 †
"U.S. Residents, excluding U.S. Territories",-,5,31,81,3,31,442,793,1,2,19,46
New England,-,0,-,-,-,5,49,49,1,1,7,-
Connecticut,-,0,-,-,-,2,9,13,-,0,-,-
Maine,-,0,-,-,-,2,5,3,-,0,-,-
Massachusetts,-,0,-,-,-,3,29,25,1,1,7,-
New Hampshire,-,0,-,-,-,1,-,5,-,0,-,-
Rhode Island,-,0,-,-,-,2,4,2,-,0,-,-
Vermont,-,0,-,-,-,1,2,1,-,0,-,-
Middle Atlantic,-,1,3,9,3,7,108,160,-,1,1,3
New Jersey,-,0,-,-,-,3,-,30,-,0,-,-
New York (excluding New York City),N,NC,N,N,3,5,55,51,-,0,-,-
New York City,-,1,1,6,-,3,22,38,-,0,-,1
Pennsylvania,-,1,2,3,-,3,31,41,-,1,1,2
East North Central,-,1,6,12,-,8,64,105,-,1,1,10
Illinois,-,1,2,3,-,2,17,26,-,1,1,3
Indiana,-,0,-,3,-,1,-,16,-,0,-,5
Michigan,-,1,2,3,-,3,18,24,-,0,-,1
Ohio,-,1,2,-,-,7,28,23,-,0,-,1
Wisconsin,-,0,-,3,-,1,1,16,-,0,-,-
West North Central,-,1,1,7,-,2,14,40,-,1,2,3
Iowa,N,NC,N,N,-,1,3,7,-,0,-,-
Kansas,-,0,-,-,-,1,-,2,-,0,-,2
Minnesota,-,1,-,-,-,1,-,16,-,0,-,1
Missouri,-,1,1,4,-,2,9,13,-,1,2,-
Nebraska,-,0,-,3,-,1,2,2,-,0,-,-
North Dakota,N,NC,N,N,-,0,-,-,-,0,-,-
South Dakota,-,0,-,-,-,0,-,-,-,0,-,-
South Atlantic,-,1,3,13,-,5,79,166,-,1,4,14
Delaware,-,0,-,-,-,0,-,3,-,0,-,1
District of Columbia,-,1,1,-,-,0,-,-,-,0,-,1
Florida,-,0,-,7,-,2,32,41,-,1,3,4
Georgia,-,0,-,1,-,1,4,22,-,0,-,-
Maryland,-,1,1,1,-,2,9,23,-,0,-,-
North Carolina,-,1,1,2,-,2,6,32,-,0,-,-
South Carolina,-,0,-,-,-,2,10,17,-,1,1,3
Virginia,-,0,-,-,-,4,18,21,-,0,-,3
West Virginia,-,0,-,2,-,0,-,7,-,0,-,2
East South Central,-,0,-,1,-,3,28,39,-,1,2,4
Alabama,-,0,-,-,-,1,11,6,-,0,-,1
Kentucky,-,0,-,1,-,1,4,8,-,1,1,1
Mississippi,N,NC,N,N,-,1,5,4,-,0,-,-
Tennessee,N,NC,N,N,-,2,8,21,-,1,1,2
West South Central,-,1,1,1,-,4,18,75,-,1,2,7
Arkansas,N,NC,N,N,-,1,2,4,-,0,-,-
Louisiana,-,1,1,1,-,1,1,11,-,0,-,1
Oklahoma,-,0,-,-,-,1,-,9,-,0,-,-
Texas,N,NC,N,N,-,4,15,51,-,1,2,6
Mountain,-,3,4,1,-,3,22,34,-,0,-,2
Arizona,-,1,1,-,-,2,5,10,-,0,-,1
Colorado,N,NC,N,N,-,3,7,11,-,0,-,1
Idaho,N,NC,N,N,-,0,-,5,-,0,-,-
Montana,-,1,-,-,-,1,1,-,-,0,-,-
Nevada,-,0,-,-,-,1,-,6,-,0,-,-
New Mexico,-,0,-,-,-,1,2,-,-,0,-,-
Utah,-,3,3,1,-,2,7,2,-,0,-,-
Wyoming,-,0,-,-,-,0,-,-,-,0,-,-
Pacific,-,4,13,37,-,19,60,125,-,0,-,3
Alaska,-,0,-,-,-,0,-,1,-,0,-,-
California,-,1,3,7,-,4,52,105,-,0,-,3
Hawaii,-,2,6,28,-,1,-,9,-,0,-,-
Oregon,-,1,2,2,-,1,6,10,-,0,-,-
Washington,-,4,2,-,-,18,2,-,-,0,-,-
U.S. Territories,-,7,40,73,-,1,2,2,-,0,-,1
American Samoa,-,0,-,-,-,0,-,-,-,0,-,-
Commonwealth of Northern Mariana Islands,-,0,-,-,-,0,-,-,-,0,-,-
Guam,-,0,-,2,-,0,-,-,-,0,-,-
Puerto Rico,-,7,40,71,-,1,2,2,-,0,-,1
U.S. Virgin Islands,-,0,-,-,-,0,-,-,-,0,-,-
Non-U.S. Residents,-,0,-,-,-,0,-,-,-,0,-,-
Total,-,8,71,154,3,31,444,795,1,2,19,47
