Reporting Area,Botulism,Botulism,Botulism,Botulism,Botulism,Botulism,Botulism,Botulism,Botulism,Botulism,Botulism,Botulism
Reporting Area,Foodborne,Foodborne,Foodborne,Foodborne,Infant,Infant,Infant,Infant,Other (wound & unspecified),Other (wound & unspecified),Other (wound & unspecified),Other (wound & unspecified)
Reporting Area,Current  week,Previous 52  weeks Max †,Cum YTD  2019 †,Cum YTD  2018 †,Current  week,Previous 52  weeks Max †,Cum YTD  2019 †,Cum YTD  2018 †,Current  week,Previous 52  weeks Max †,Cum YTD  2019 †,Cum YTD  2018 †
"U.S. Residents, excluding U.S. Territories",-,5,6,2,1,7,19,45,-,4,2,11
New England,-,0,-,-,-,1,-,1,-,0,-,-
Connecticut,-,0,-,-,-,0,-,1,-,0,-,-
Maine,-,0,-,-,-,0,-,-,-,0,-,-
Massachusetts,-,0,-,-,-,1,-,-,-,0,-,-
New Hampshire,-,0,-,-,-,0,-,-,-,0,-,-
Rhode Island,-,0,-,-,-,0,-,-,-,0,-,-
Vermont,-,0,-,-,-,0,-,-,-,0,-,-
Middle Atlantic,-,3,-,-,1,4,5,13,-,0,-,-
New Jersey,-,0,-,-,-,1,1,3,-,0,-,-
New York (excluding New York City),-,0,-,-,-,2,-,-,-,0,-,-
New York City,-,3,-,-,-,1,-,2,-,0,-,-
Pennsylvania,-,2,-,-,1,4,4,8,-,0,-,-
East North Central,-,0,-,-,-,1,4,-,-,1,-,-
Illinois,-,0,-,-,-,0,-,-,-,0,-,-
Indiana,-,0,-,-,-,0,-,-,-,0,-,-
Michigan,-,0,-,-,-,1,-,-,-,1,-,-
Ohio,-,0,-,-,-,1,4,-,-,0,-,-
Wisconsin,-,0,-,-,-,0,-,-,-,0,-,-
West North Central,-,0,-,-,-,1,-,1,-,0,-,-
Iowa,-,0,-,-,-,1,-,-,-,0,-,-
Kansas,-,0,-,-,-,0,-,-,-,0,-,-
Minnesota,-,0,-,-,-,0,-,1,-,0,-,-
Missouri,-,0,-,-,-,1,-,-,-,0,-,-
Nebraska,-,0,-,-,-,0,-,-,-,0,-,-
North Dakota,-,0,-,-,-,1,-,-,-,0,-,-
South Dakota,-,0,-,-,-,0,-,-,-,0,-,-
South Atlantic,-,0,-,1,-,3,2,4,-,0,-,-
Delaware,-,0,-,-,-,1,-,-,-,0,-,-
District of Columbia,-,0,-,-,-,0,-,-,-,0,-,-
Florida,-,0,-,-,-,1,-,-,-,0,-,-
Georgia,-,0,-,-,-,1,-,-,-,0,-,-
Maryland,-,0,-,-,-,1,1,2,-,0,-,-
North Carolina,-,0,-,-,-,1,-,-,-,0,-,-
South Carolina,-,0,-,-,-,0,-,-,-,0,-,-
Virginia,-,0,-,-,-,1,1,2,-,0,-,-
West Virginia,-,0,-,1,-,0,-,-,-,0,-,-
East South Central,-,0,-,-,-,1,2,5,-,0,-,-
Alabama,-,0,-,-,-,0,-,-,-,0,-,-
Kentucky,-,0,-,-,-,1,-,2,-,0,-,-
Mississippi,-,0,-,-,-,0,-,-,-,0,-,-
Tennessee,-,0,-,-,-,1,2,3,-,0,-,-
West South Central,-,1,-,-,-,3,-,1,-,1,-,-
Arkansas,-,0,-,-,-,0,-,-,-,0,-,-
Louisiana,-,0,-,-,-,1,-,-,-,0,-,-
Oklahoma,-,0,-,-,-,0,-,-,-,0,-,-
Texas,-,1,-,-,-,2,-,1,-,1,-,-
Mountain,-,1,1,-,-,2,2,4,-,2,1,-
Arizona,-,0,-,-,-,2,1,2,-,2,1,-
Colorado,-,0,-,-,-,1,-,-,-,0,-,-
Idaho,-,0,-,-,-,1,-,1,-,0,-,-
Montana,-,0,-,-,-,1,1,-,-,0,-,-
Nevada,-,0,-,-,-,1,-,-,-,0,-,-
New Mexico,-,0,-,-,-,0,-,-,-,1,-,-
Utah,-,1,1,-,-,1,-,1,-,0,-,-
Wyoming,-,0,-,-,-,1,-,-,-,0,-,-
Pacific,-,4,5,1,-,3,4,16,-,4,1,11
Alaska,-,4,4,-,-,0,-,-,-,0,-,-
California,-,1,1,-,-,3,3,13,-,4,1,11
Hawaii,-,0,-,-,-,0,-,-,-,0,-,-
Oregon,-,0,-,-,-,1,-,2,-,1,-,-
Washington,-,0,-,1,-,2,1,1,-,0,-,-
U.S. Territories,-,0,-,-,-,0,-,-,-,0,-,-
American Samoa,-,0,-,-,-,0,-,-,-,0,-,-
Commonwealth of Northern Mariana Islands,-,0,-,-,-,0,-,-,-,0,-,-
Guam,-,0,-,-,-,0,-,-,-,0,-,-
Puerto Rico,-,0,-,-,-,0,-,-,-,0,-,-
U.S. Virgin Islands,-,0,-,-,-,0,-,-,-,0,-,-
Non-U.S. Residents,-,NC,-,NP,-,NC,-,NP,-,NC,-,NP
Total,-,5,6,2,1,7,19,45,-,4,2,11
