0,1,2,3,4,5,6,7,8,9
Disease,,,,Total cases reported for previous years,Total cases reported for previous years,Total cases reported for previous years,Total cases reported for previous years,Total cases reported for previous years,
Disease,Current  week,Cum  2011,5-year  weekly  average  †,2010,2009,2008,2007,2006,States reporting cases  during current week (Count)
Anthrax,-,-,0,-,1,-,1,1,
"Arboviral diseases §, ¶ :",,,,,,,,,
California serogroup virus disease,-,49,4,75,55,62,55,67,
Eastern equine encephalitis virus disease,-,2,0,10,4,4,4,8,
Powassan virus disease,-,12,0,8,6,2,7,1,
St. Louis encephalitis virus disease,-,1,1,10,12,13,9,10,
Western equine encephalitis virus disease,-,-,-,-,-,-,-,-,
Babesiosis,8,395,0,NN,NN,NN,NN,NN,NY (8 )
"Botulism, total",-,64,3,112,118,145,144,165,
foodborne,-,7,0,7,10,17,32,20,
infant,-,49,2,80,83,109,85,97,
other(wound & unspecified),-,8,1,25,25,19,27,48,
Brucellosis,-,57,2,115,115,80,131,121,
Chancroid,-,12,0,24,28,25,23,33,
Cholera,-,27,0,13,10,5,7,9,
Cyclosporiasis §,2,128,2,179,141,139,93,137,"NY (1 ), GA (1 )"
Diphtheria,-,-,-,-,-,-,-,-,
"Haemophilus influenzae  **,  invasive disease (age <5 yrs):",,,,,,,,,
serotype b,-,5,0,23,35,30,22,29,
nonserotype b,1,79,2,200,236,244,199,175,NY (1 )
unknown serotype,-,165,2,223,178,163,180,179,
Hansen disease §,-,33,2,98,103,80,101,66,
Hantavirus pulmonary syndrome §,-,17,0,20,20,18,32,40,
"Hemolytic uremic syndrome, post-diarrheal §",2,101,9,266,242,330,292,288,"NY (1 ), OH (1 )"
"Influenza-associated pediatric mortality §, ††",1,112,1,61,358,90,77,43,CT (1 )
Listeriosis,14,380,21,821,851,759,808,884,"NY (1 ), MD (1 ), FL (3 ), MT (2 ), CO (2 ), WA (1 ), CA (4 )"
Measles §§,-,185,1,63,71,140,43,55,
"Meningococcal disease, invasive ¶¶ :",,,,,,,,,
"A,C,Y, and W-135",-,130,3,280,301,330,325,318,
serogroup B,-,67,2,135,174,188,167,193,
other serogroup,-,8,0,12,23,38,35,32,
unknown serogroup,-,287,7,406,482,616,550,651,
Novel influenza A infection virus ***,2,6,0,4,43774,2,4,NN,PA (2 )
Plague,-,1,0,2,8,3,7,17,
"Poliomyelitis, paralytic",-,-,-,-,1,-,-,-,
"Polio virus infection, nonparalytic §",-,-,-,-,-,-,-,NN,
Psittacosis §,-,2,0,4,9,8,12,21,
Q fever total §:,2,71,3,131,113,120,171,169,
acute,2,54,2,106,93,106,-,-,"MI (1 ), CA (1 )"
chronic,-,17,0,25,20,14,-,-,
"Rabies, human",-,1,-,2,4,2,1,3,
Rubella †††,-,3,0,5,3,16,12,11,
"Rubella, congenital syndrome",-,-,-,-,2,-,-,1,
SARS CoV §,-,-,-,-,-,-,-,-,
Smallpox §,-,-,-,-,-,-,-,-,
Streptococcal toxic-shock syndrome §,-,84,1,142,161,157,132,125,
"Syphilis, congenital (age <1 yr) §§§",-,133,9,377,423,431,430,349,
Tetanus,-,5,1,26,18,19,28,41,
Toxic-shock syndrome (staphylococcal) §,-,58,2,82,74,71,92,101,
Trichinellosis,-,8,0,7,13,39,5,15,
Tularemia,-,79,3,124,93,123,137,95,
Typhoid fever,-,242,14,467,397,449,434,353,
Vancomycin-intermediate  Staphylococcus aureus  §,1,45,1,91,78,63,37,6,OH (1 )
Vancomycin-resistant  Staphylococcus aureus  §,-,1,0,2,1,-,2,1,
Vibriosis (non-cholera  Vibrio  species infections) §,16,449,22,846,789,588,549,NN,"PA (1 ), OH (1 ), FL (5 ), WA (5 ), CA (3 ), HI (1 )"
Viral Hemorrhagic Fever ¶¶¶,-,-,-,1,NN,NN,NN,NN,
Yellow fever,-,-,-,-,-,-,-,-,
