Reporting Area,Severe acute respiratory syndrome-associated coronavirus disease,Severe acute respiratory syndrome-associated coronavirus disease,Severe acute respiratory syndrome-associated coronavirus disease,Severe acute respiratory syndrome-associated coronavirus disease,Shiga toxin-producing  Escherichia coli  (STEC),Shiga toxin-producing  Escherichia coli  (STEC),Shiga toxin-producing  Escherichia coli  (STEC),Shiga toxin-producing  Escherichia coli  (STEC),Shigellosis,Shigellosis,Shigellosis,Shigellosis
Reporting Area,Current week,Previous 52 weeks Max †,Cum YTD 2020 †,Cum YTD 2019 †,Current week,Previous 52 weeks Max †,Cum YTD 2020 †,Cum YTD 2019 †,Current week,Previous 52 weeks Max †,Cum YTD 2020 †,Cum YTD 2019 †
"U.S. Residents, excluding U.S. Territories",-,2,-,-,38,755,5024,13103,38,923,5878,12725
New England,-,1,-,-,1,12,193,316,1,15,189,401
Connecticut,-,0,-,-,1,5,56,112,1,5,40,102
Maine,-,0,-,-,-,3,9,21,-,2,3,10
Massachusetts,-,1,-,-,-,6,59,77,-,11,106,194
New Hampshire,-,0,-,-,-,2,16,31,-,2,3,16
Rhode Island,-,0,-,-,-,4,17,37,-,4,30,72
Vermont,-,0,-,-,-,4,36,38,-,3,7,7
Middle Atlantic,-,0,-,-,10,53,743,1388,6,50,739,1802
New Jersey,-,0,-,-,-,6,-,33,-,11,74,438
New York (excluding New York City),-,0,-,-,8,36,306,425,1,13,125,258
New York City,-,0,-,-,-,18,231,607,4,28,411,901
Pennsylvania,-,0,-,-,2,16,206,323,1,9,129,205
East North Central,-,0,-,-,15,73,739,1757,3,31,442,1157
Illinois,-,0,-,-,-,17,188,433,-,15,165,366
Indiana,-,0,-,-,-,6,17,184,-,5,7,114
Michigan,-,0,-,-,-,10,24,243,-,9,47,168
Ohio,-,0,-,-,13,21,294,477,3,10,172,373
Wisconsin,-,0,-,-,2,31,216,420,-,6,51,136
West North Central,-,2,-,-,3,37,607,1973,-,24,140,479
Iowa,-,0,-,-,-,23,277,504,-,6,49,77
Kansas,-,0,-,-,-,8,81,194,-,5,11,38
Minnesota,-,0,-,-,-,17,-,573,-,11,-,218
Missouri,-,2,-,-,-,10,97,328,-,7,34,86
Nebraska,-,0,-,-,3,11,130,180,-,6,32,42
North Dakota,-,2,-,-,-,3,19,73,-,6,10,11
South Dakota,-,0,-,-,-,3,3,121,-,1,4,7
South Atlantic,-,0,-,-,1,61,761,1954,3,76,951,2382
Delaware,-,0,-,-,-,2,13,28,-,2,6,25
District of Columbia,-,0,-,-,-,2,3,7,-,4,19,57
Florida,-,0,-,-,-,20,250,604,-,34,345,1126
Georgia,-,0,-,-,-,10,113,400,-,19,241,461
Maryland,-,0,-,-,1,7,78,193,-,6,81,160
North Carolina,-,0,-,-,-,20,77,287,-,14,109,258
South Carolina,-,0,-,-,-,7,54,91,2,15,52,86
Virginia,-,0,-,-,-,14,148,297,1,22,97,190
West Virginia,-,0,-,-,-,3,25,47,-,1,1,19
East South Central,-,0,-,-,-,23,248,781,2,44,474,581
Alabama,-,0,-,-,-,6,65,109,2,35,322,231
Kentucky,-,0,-,-,-,13,35,293,-,4,22,104
Mississippi,-,0,-,-,-,5,10,60,-,9,27,107
Tennessee,-,0,-,-,-,12,138,319,-,8,103,139
West South Central,-,0,-,-,2,98,266,1269,12,370,1179,2631
Arkansas,-,0,-,-,-,4,40,120,-,4,22,141
Louisiana,-,0,-,-,-,4,26,71,-,24,131,388
Oklahoma,-,0,-,-,2,23,79,158,2,11,106,76
Texas,-,0,-,-,-,91,121,920,10,353,920,2026
Mountain,-,0,-,-,3,38,564,1162,4,34,443,767
Arizona,-,0,-,-,1,13,131,227,4,16,174,313
Colorado,-,0,-,-,-,13,199,399,-,12,166,217
Idaho,-,0,-,-,-,7,6,173,-,3,2,41
Montana,-,0,-,-,-,5,57,59,-,2,9,9
Nevada,-,0,-,-,-,3,12,36,-,6,13,50
New Mexico,-,0,-,-,-,4,25,75,-,10,46,90
Utah,-,0,-,-,1,15,126,148,-,4,33,47
Wyoming,-,0,-,-,1,3,8,45,-,1,-,-
Pacific,-,0,-,-,3,486,903,2503,7,372,1321,2525
Alaska,-,0,-,-,-,2,4,5,-,1,1,5
California,-,0,-,-,2,55,699,2222,1,98,1023,2298
Hawaii,-,0,-,-,-,2,4,3,-,3,23,69
Oregon,-,0,-,-,1,16,155,262,2,23,153,136
Washington,-,0,-,-,-,463,41,11,4,312,121,17
U.S. Territories,-,0,-,-,-,0,-,-,-,0,-,-
American Samoa,-,0,-,-,-,0,-,-,-,0,-,-
Commonwealth of Northern Mariana Islands,-,0,-,-,-,0,-,-,-,0,-,-
Guam,-,0,-,-,-,0,-,-,-,0,-,-
Puerto Rico,-,0,-,-,-,0,-,-,-,0,-,-
U.S. Virgin Islands,-,0,-,-,-,0,-,-,-,0,-,-
Non-U.S. Residents,-,0,-,-,-,1,-,4,-,2,3,5
Total,-,2,-,-,38,755,5024,13107,38,923,5881,12730
