0,1,2,3,4,5,6,7,8,9
Disease,,,,Total cases reported for previous years,Total cases reported for previous years,Total cases reported for previous years,Total cases reported for previous years,Total cases reported for previous years,
Disease,Current  week,Cum  2008,5-year  weekly  average  †,2007,2006,2005,2004,2003,States reporting cases  during current week (Count)
Anthrax,-,-,-,1,1,-,-,-,
Botulism:,,,,,,,,,
foodborne,-,12,1,32,20,19,16,20,
infant,2,83,2,85,97,85,87,76,"PA (1 ), MN (1 )"
other(wound & unspecified),3,21,1,27,48,31,30,33,CA (3 )
Brucellosis,1,82,2,131,121,120,114,104,FL (1 )
Chancroid,1,30,1,23,33,17,30,54,WA (1 )
Cholera,-,2,0,7,9,8,6,2,
Cyclosporiasis §,1,119,1,93,137,543,160,75,NY (1 )
Diphtheria,-,-,-,-,-,-,-,1,
"Domestic arboviral diseases §, ¶ :",,,,,,,,,
California serogroup,-,38,0,55,67,80,112,108,
eastern equine,-,2,0,4,8,21,6,14,
Powassan,-,1,0,7,1,1,1,-,
St. Louis,-,8,0,9,10,13,12,41,
western equine,-,-,-,-,-,-,-,-,
"Ehrlichiosis/Anaplasmosis §,**:",,,,,,,,,
Ehrlichia chaffeensis,5,777,8,828,578,506,338,321,"MN (3 ), GA (1 ), TN (1 )"
Ehrlichia ewingii,-,7,-,-,-,-,-,-,
Anaplasma phagocytophilum,5,404,12,834,646,786,537,362,MN (5 )
undetermined,1,64,1,337,231,112,59,44,NY (1 )
"Haemophilus influenzae  ††,  invasive disease (age <5 yrs):",,,,,,,,,
serotype B,1,25,0,22,29,9,19,32,MN (1 )
nonserotype B,2,148,2,199,175,135,135,117,"NC (1 ), FL (1 )"
unknown serotype,1,171,4,180,179,217,177,227,AR (1 )
Hansen disease §,1,67,2,101,66,87,105,95,FL (1 )
Hantavirus pulmonary syndrome §,-,14,1,32,40,26,24,26,
"Hemolytic uremic syndrome, post-diarrheal §",3,203,3,292,288,221,200,178,"NC (1 ), CA (2 )"
"Hepatitis C viral, acute",6,745,18,849,766,652,720,1102,"NY (1 ), PA (1 ), MD (1 ), NC (1 ), TN (2 )"
"HIV infection, pediatric (age <13 yrs) §§",-,-,5,-,-,380,436,504,
"Influenza-associated pediatric mortality §, ¶¶",-,90,0,77,43,45,-,N,
Listeriosis,6,581,15,808,884,896,753,696,"NY (1 ), KS (1 ), NC (1 ), FL (1 ), CA (2 )"
Measles ***,-,132,0,43,55,66,37,56,
"Meningococcal disease, invasive ††† :",,,,,,,,,
"A,C,Y, and W-135",2,245,5,325,318,297,-,-,"MN (1 ), FL (1 )"
serogroup B,-,137,3,167,193,156,-,-,
other serogroup,-,30,1,35,32,27,-,-,
unknown serogroup,2,550,11,550,651,765,-,-,"NYC (1 ), IN (1 )"
Mumps,1,354,17,800,6584,314,258,231,FL (1 )
Novel influenza A infection virus,-,1,-,4,N,N,N,N,
Plague,-,1,0,7,17,8,3,1,
"Poliomyelitis, paralytic",-,-,-,-,-,1,-,-,
"Poliovirus infection, nonparalytic §",-,-,-,-,N,N,N,N,
Psittacosis §,1,10,0,12,21,16,12,12,PA (1 )
"Q fever total §,§§§:",-,104,1,171,169,136,70,71,
acute,-,93,-,-,-,-,-,-,
chronic,-,11,-,-,-,-,-,-,
"Rabies, human",-,-,0,1,3,2,7,2,
Rubella ¶¶¶,-,16,-,12,11,11,10,7,
"Rubella, congenital syndrome",-,-,-,-,1,1,-,1,
"SARS CoV §, ****",-,-,-,-,-,-,-,8,
Smallpox §,-,-,-,-,-,-,-,-,
Streptococcal toxic-shock syndrome §,3,118,1,132,125,129,132,161,NY (3 )
"Syphilis, congenital (age <1 yr)",-,195,8,430,349,329,353,413,
Tetanus,-,12,1,28,41,27,34,20,
Toxic-shock syndrome (staphylococcal) §,1,60,2,92,101,90,95,133,CA (1 )
Trichinellosis,-,6,0,5,15,16,5,6,
Tularemia,-,91,2,137,95,154,134,129,
Typhoid fever,2,362,5,434,353,324,322,356,"TX (1 ), CA (1 )"
Vancomycin-intermediate  Staphylococcus aureus  §,-,29,0,37,6,2,-,N,
Vancomycin-resistant  Staphylococcus aureus  §,-,-,-,2,1,3,1,N,
Vibriosis (non-cholera  Vibrio  species infections) §,6,411,3,447,N,N,N,N,CA (6 )
Yellow fever,-,-,-,-,-,-,-,-,
