0,1,2,3,4,5,6,7,8,9
Disease,,,,Total cases reported for previous years,Total cases reported for previous years,Total cases reported for previous years,Total cases reported for previous years,Total cases reported for previous years,
Disease,Current  week,Cum  2012,5-year  weekly  average  †,2011,2010,2009,2008,2007,States reporting cases  during current week (Count)
Anthrax,-,-,-,1,-,1,-,1,
"Arboviral diseases §, ¶ :",,,,,,,,,
California serogroup virus disease,-,-,0,134,75,55,62,55,
Eastern equine encephalitis virus disease,-,-,-,4,10,4,4,4,
Powassan virus disease,-,-,0,16,8,6,2,7,
St. Louis encephalitis virus disease,-,-,0,6,10,12,13,9,
Western equine encephalitis virus disease,-,-,-,-,-,-,-,-,
Babesiosis,1,15,1,813,NN,NN,NN,NN,NY (1 )
"Botulism, total",2,21,2,144,112,118,145,144,
foodborne,-,3,0,19,7,10,17,32,
infant,2,16,2,94,80,83,109,85,"OH (1 ), WA (1 )"
other(wound & unspecified),-,2,0,31,25,25,19,27,
Brucellosis,1,19,2,83,115,115,80,131,FL (1 )
Chancroid,-,5,1,28,24,28,25,23,
Cholera,-,-,0,46,13,10,5,7,
Cyclosporiasis §,-,5,1,154,179,141,139,93,
Diphtheria,-,-,-,-,-,-,-,-,
"Haemophilus influenzae  **,  invasive disease (age <5 yrs):",,,,,,,,,
serotype b,-,3,0,12,23,35,30,22,
nonserotype b,-,42,5,119,200,236,244,199,
unknown serotype,3,62,4,252,223,178,163,180,"NY (1 ), GA (1 ), FL (1 )"
Hansen disease §,1,13,2,64,98,103,80,101,FL (1 )
Hantavirus pulmonary syndrome §,-,3,0,23,20,20,18,32,
"Hemolytic uremic syndrome, post-diarrheal §",1,13,3,229,266,242,330,292,NY (1 )
"Influenza-associated pediatric mortality §, ††",-,13,3,118,61,358,90,77,
Listeriosis,6,106,10,854,821,851,759,808,"PA (1 ), OH (3 ), FL (1 ), WA (1 )"
Measles §§,-,27,4,223,63,71,140,43,
"Meningococcal disease, invasive ¶¶ :",,,,,,,,,
"A,C,Y, and W-135",-,34,8,220,280,301,330,325,
serogroup B,-,16,4,137,135,174,188,167,
other serogroup,-,2,1,19,12,23,38,35,
unknown serogroup,3,103,12,379,406,482,616,550,"FL (2 ), TX (1 )"
Novel influenza A infection virus ***,-,-,0,8,4,43774,2,4,
Plague,-,-,0,2,2,8,3,7,
"Poliomyelitis, paralytic",-,-,-,-,-,1,-,-,
"Polio virus infection, nonparalytic §",-,-,-,-,-,-,-,-,
Psittacosis §,-,-,0,2,4,9,8,12,
Q fever total §:,1,20,2,123,131,113,120,171,
acute,1,17,1,98,106,93,106,-,TX (1 )
chronic,-,3,0,25,25,20,14,-,
"Rabies, human",-,-,0,3,2,4,2,1,
Rubella †††,-,1,0,4,5,3,16,12,
"Rubella, congenital syndrome",-,1,-,-,-,2,-,-,
SARS CoV §,-,-,-,-,-,-,-,-,
Smallpox §,-,-,-,-,-,-,-,-,
Streptococcal toxic-shock syndrome §,1,38,4,142,142,161,157,132,NY (1 )
"Syphilis, congenital (age <1 yr) §§§",-,23,8,322,377,423,431,430,
Tetanus,-,6,0,36,26,18,19,28,
Toxic-shock syndrome (staphylococcal) §,-,13,2,82,82,74,71,92,
Trichinellosis,-,3,0,12,7,13,39,5,
Tularemia,2,3,1,149,124,93,123,137,"MO (1 ), TN (1 )"
Typhoid fever,3,63,7,383,467,397,449,434,"OH (1 ), MO (1 ), GA (1 )"
Vancomycin-intermediate  Staphylococcus aureus  §,-,10,1,70,91,78,63,37,
Vancomycin-resistant  Staphylococcus aureus  §,-,-,0,-,2,1,-,2,
Vibriosis (non-cholera  Vibrio  species infections) §,1,59,6,800,846,789,588,549,FL (1 )
Viral Hemorrhagic Fever ¶¶¶,-,-,-,-,1,NN,NN,NN,
Yellow fever,-,-,-,-,-,-,-,-,
