Reporting  Area,"Hepatitis (viral, acute, by type) †","Hepatitis (viral, acute, by type) †","Hepatitis (viral, acute, by type) †","Hepatitis (viral, acute, by type) †","Hepatitis (viral, acute, by type) †","Hepatitis (viral, acute, by type) †","Hepatitis (viral, acute, by type) †","Hepatitis (viral, acute, by type) †","Hepatitis (viral, acute, by type) †","Hepatitis (viral, acute, by type) †"
Reporting  Area,A,A,A,A,A,B,B,B,B,B
Reporting  Area,Current  week,Previous 52 weeks,Previous 52 weeks,Cum  2018,Cum  2017,Current  week,Previous 52 weeks,Previous 52 weeks,Cum  2018,Cum  2017
Reporting  Area,Current  week,Med,Max,Cum  2018,Cum  2017,Current  week,Med,Max,Cum  2018,Cum  2017
United States,128,90,246,4834,2069,19,54,146,1763,2325
New England,2,2,10,86,48,-,2,6,68,92
Connecticut,-,0,2,9,9,-,0,1,4,7
Maine,-,0,1,5,2,-,1,4,31,56
Massachusetts,2,1,8,65,30,-,0,6,31,28
New Hampshire,-,0,1,4,3,-,0,1,1,-
Rhode Island,-,0,3,2,2,U,0,0,U,U
Vermont,-,0,1,1,2,-,0,1,1,1
Middle Atlantic,6,5,12,172,237,-,3,7,107,151
New Jersey,-,1,4,32,52,-,1,3,21,40
New York (excluding New York City),5,1,6,52,46,-,0,5,20,22
New York City,-,1,6,32,91,-,0,3,19,36
Pennsylvania,1,1,5,56,48,-,1,4,47,53
East North Central,42,26,79,1191,414,8,9,18,314,393
Illinois,-,1,6,37,48,-,0,2,10,21
Indiana,-,6,27,438,8,-,3,10,79,120
Michigan,-,9,26,240,328,2,1,4,36,53
Ohio,42,3,53,468,21,6,5,15,181,188
Wisconsin,-,0,2,8,9,-,0,2,8,11
West North Central,-,5,11,214,43,1,1,4,44,77
Iowa,-,0,2,7,6,-,0,2,4,9
Kansas,-,0,2,10,4,-,0,1,7,21
Minnesota,-,0,1,4,24,-,0,2,12,15
Missouri,-,4,10,187,6,1,0,2,18,25
Nebraska,-,0,1,6,2,-,0,1,2,6
North Dakota,-,0,0,-,-,-,0,1,1,-
South Dakota,-,0,0,-,1,-,0,1,-,1
South Atlantic,8,10,82,950,272,3,20,33,656,876
Delaware,-,0,1,5,3,-,0,2,5,8
District of Columbia,U,0,1,U,U,U,0,0,U,U
Florida,-,4,10,127,171,-,10,18,315,398
Georgia,2,1,5,50,16,2,2,7,85,85
Maryland,-,1,3,24,14,-,1,4,33,23
North Carolina,-,1,4,47,20,-,3,8,119,130
South Carolina,-,0,2,-,16,-,0,3,-,30
Virginia,3,1,4,38,26,1,1,4,38,46
West Virginia,3,0,72,659,6,-,2,8,61,156
East South Central,70,24,88,1742,28,7,10,20,320,391
Alabama,-,0,3,15,13,-,1,4,31,56
Kentucky,69,24,83,1606,9,7,4,12,162,161
Mississippi,-,0,2,10,2,-,1,5,31,27
Tennessee,1,0,20,111,4,-,3,9,96,147
West South Central,-,3,15,139,116,-,3,39,103,165
Arkansas,-,1,11,89,5,-,0,3,22,35
Louisiana,-,0,2,6,6,-,1,7,24,49
Oklahoma,-,0,2,1,4,-,0,30,1,10
Texas,-,1,7,43,101,-,2,8,56,71
Mountain,-,6,16,174,166,-,2,4,60,80
Arizona,-,1,4,29,45,-,0,3,22,19
Colorado,-,0,3,8,58,-,0,2,17,25
Idaho,-,0,2,4,3,-,0,1,4,5
Montana,-,0,0,-,3,-,0,0,-,3
Nevada,-,0,2,1,13,-,0,2,3,18
New Mexico,-,0,1,1,2,-,0,1,1,-
Utah,-,4,12,127,36,-,0,2,13,10
Wyoming,-,0,4,4,6,U,0,1,U,U
Pacific,-,6,47,166,745,-,3,45,91,100
Alaska,-,0,1,1,-,-,0,2,2,6
California,-,5,45,125,724,-,2,5,45,84
Hawaii,-,0,2,2,5,-,0,1,3,-
Oregon,-,0,3,19,16,-,0,2,15,10
Washington,-,0,28,19,-,-,0,45,26,-
Territories,,,,,,,,,,
American Samoa,-,0,0,-,-,-,0,0,-,-
Commonwealth of Northern Mariana Islands,-,-,-,-,-,-,-,-,-,-
Guam,-,0,0,-,3,-,0,19,-,74
Puerto Rico,-,0,1,-,6,-,0,0,-,3
U.S. Virgin Islands,-,0,0,-,-,-,0,0,-,-
