Reporting Area,"Poliovirus infection, nonparalytic","Poliovirus infection, nonparalytic","Poliovirus infection, nonparalytic","Poliovirus infection, nonparalytic",Psittacosis,Psittacosis,Psittacosis,Psittacosis
Reporting Area,Current  week,Previous 52  weeks Max †,Cum YTD  2019 †,Cum YTD  2018 †,Current  week,Previous 52  weeks Max †,Cum YTD  2019 †,Cum YTD  2018 †
"U.S. Residents, excluding U.S. Territories",-,0,-,-,-,15,1,4
New England,-,0,-,-,-,1,1,-
Connecticut,-,0,-,-,N,NC,N,N
Maine,-,0,-,-,-,0,-,-
Massachusetts,-,0,-,-,-,1,1,-
New Hampshire,-,0,-,-,-,0,-,-
Rhode Island,-,0,-,-,-,0,-,-
Vermont,-,0,-,-,-,0,-,-
Middle Atlantic,-,0,-,-,-,1,-,-
New Jersey,-,0,-,-,-,0,-,-
New York (excluding New York City),-,0,-,-,-,1,-,-
New York City,-,0,-,-,-,0,-,-
Pennsylvania,-,0,-,-,-,0,-,-
East North Central,-,0,-,-,-,1,-,2
Illinois,-,0,-,-,-,0,-,-
Indiana,-,0,-,-,-,0,-,-
Michigan,-,0,-,-,-,1,-,2
Ohio,-,0,-,-,-,0,-,-
Wisconsin,-,0,-,-,-,0,-,-
West North Central,-,0,-,-,-,1,-,-
Iowa,-,0,-,-,-,0,-,-
Kansas,-,0,-,-,-,0,-,-
Minnesota,-,0,-,-,-,0,-,-
Missouri,-,0,-,-,-,1,-,-
Nebraska,-,0,-,-,-,0,-,-
North Dakota,-,0,-,-,-,0,-,-
South Dakota,-,0,-,-,-,0,-,-
South Atlantic,-,0,-,-,-,15,-,-
Delaware,-,0,-,-,-,0,-,-
District of Columbia,-,0,-,-,-,0,-,-
Florida,-,0,-,-,-,0,-,-
Georgia,-,0,-,-,-,15,-,-
Maryland,-,0,-,-,-,0,-,-
North Carolina,-,0,-,-,-,0,-,-
South Carolina,-,0,-,-,-,0,-,-
Virginia,-,0,-,-,-,3,-,-
West Virginia,-,0,-,-,-,0,-,-
East South Central,-,0,-,-,-,0,-,-
Alabama,-,0,-,-,-,0,-,-
Kentucky,-,0,-,-,-,0,-,-
Mississippi,-,0,-,-,-,0,-,-
Tennessee,-,0,-,-,-,0,-,-
West South Central,-,0,-,-,-,2,-,-
Arkansas,-,0,-,-,-,0,-,-
Louisiana,-,0,-,-,-,0,-,-
Oklahoma,-,0,-,-,-,2,-,-
Texas,-,0,-,-,N,NC,N,N
Mountain,-,0,-,-,-,1,-,1
Arizona,-,0,-,-,-,0,-,-
Colorado,-,0,-,-,-,0,-,1
Idaho,-,0,-,-,-,1,-,-
Montana,-,0,-,-,-,0,-,-
Nevada,-,0,-,-,-,0,-,-
New Mexico,-,0,-,-,-,0,-,-
Utah,-,0,-,-,-,0,-,-
Wyoming,-,0,-,-,-,0,-,-
Pacific,-,0,-,-,-,0,-,1
Alaska,-,0,-,-,-,0,-,-
California,-,0,-,-,-,0,-,1
Hawaii,-,0,-,-,-,0,-,-
Oregon,-,0,-,-,-,0,-,-
Washington,-,0,-,-,-,0,-,-
U.S. Territories,-,0,-,-,-,0,-,-
American Samoa,-,0,-,-,N,NC,N,N
Commonwealth of Northern Mariana Islands,-,0,-,-,-,0,-,-
Guam,-,0,-,-,-,0,-,-
Puerto Rico,-,0,-,-,N,NC,N,N
U.S. Virgin Islands,-,0,-,-,-,0,-,-
Non-U.S. Residents,-,NC,-,NP,-,NC,-,NP
Total,-,0,-,-,-,15,1,4
