Reporting Area,Tuberculosis,Tuberculosis,Tuberculosis,Tuberculosis,Tularemia,Tularemia,Tularemia,Tularemia
Reporting Area,Current week,Previous 52 weeks Max †,Cum YTD 2020 †,Cum YTD 2019 †,Current week,Previous 52 weeks Max †,Cum YTD 2020 †,Cum YTD 2019 †
"U.S. Residents, excluding U.S. Territories",35,292,2668,4108,-,22,30,110
New England,5,9,94,148,-,2,2,4
Connecticut,-,4,24,36,-,0,-,-
Maine,1,3,11,12,-,1,-,-
Massachusetts,4,8,54,85,-,1,2,3
New Hampshire,-,2,-,4,-,1,-,1
Rhode Island,-,1,5,8,-,0,-,-
Vermont,-,1,-,3,-,0,-,-
Middle Atlantic,5,46,200,335,-,1,-,2
New Jersey,3,39,62,155,-,1,-,1
New York (excluding New York City),-,15,70,82,-,1,-,-
New York City,-,1,3,4,-,0,-,-
Pennsylvania,2,9,65,94,-,1,-,1
East North Central,-,62,234,333,-,1,1,1
Illinois,-,54,78,151,-,1,1,-
Indiana,-,5,47,58,-,0,-,-
Michigan,-,8,31,60,-,1,-,-
Ohio,-,19,60,43,-,0,-,-
Wisconsin,-,4,18,21,-,1,-,1
West North Central,2,33,102,150,-,5,16,36
Iowa,-,4,-,20,-,1,-,1
Kansas,-,8,-,14,-,1,3,6
Minnesota,-,27,55,65,-,0,-,1
Missouri,1,4,28,27,-,2,12,9
Nebraska,-,2,3,6,-,3,1,8
North Dakota,-,1,5,11,-,1,-,3
South Dakota,1,2,11,7,-,2,-,8
South Atlantic,6,90,498,681,-,1,1,2
Delaware,-,4,5,8,-,0,-,-
District of Columbia,-,3,9,12,-,0,-,-
Florida,1,17,185,296,-,0,-,-
Georgia,-,26,88,126,-,1,-,-
Maryland,-,15,47,88,-,1,-,-
North Carolina,2,29,77,55,-,1,-,-
South Carolina,-,11,15,32,-,0,-,-
Virginia,3,28,64,60,-,1,1,2
West Virginia,-,1,8,4,-,0,-,-
East South Central,3,14,135,159,-,3,-,11
Alabama,-,8,30,33,-,1,-,2
Kentucky,-,7,32,35,-,2,-,5
Mississippi,-,6,10,39,-,0,-,1
Tennessee,3,6,63,52,-,2,-,3
West South Central,5,42,399,674,-,12,7,39
Arkansas,1,4,32,40,-,9,6,31
Louisiana,3,7,50,37,-,0,-,-
Oklahoma,-,4,28,32,-,5,1,8
Texas,1,33,289,565,-,0,-,-
Mountain,1,12,74,177,-,2,3,8
Arizona,-,6,-,96,-,1,1,1
Colorado,-,6,14,26,-,1,-,4
Idaho,-,2,7,3,-,0,-,-
Montana,-,1,-,-,-,1,1,1
Nevada,-,5,28,21,-,0,-,-
New Mexico,1,4,11,17,-,0,-,2
Utah,-,3,14,13,-,0,-,-
Wyoming,-,0,-,1,-,1,1,-
Pacific,2,79,720,1196,-,1,-,7
Alaska,1,6,30,26,-,0,-,-
California,1,72,583,976,-,1,-,3
Hawaii,-,4,40,48,-,0,-,-
Oregon,-,5,26,33,-,1,-,2
Washington,-,10,41,113,-,1,-,2
U.S. Territories,2,8,57,76,-,0,-,-
American Samoa,-,0,-,1,-,0,-,-
Commonwealth of Northern Mariana Islands,-,3,13,27,-,0,-,-
Guam,2,6,32,32,-,0,-,-
Puerto Rico,-,3,10,16,-,0,-,-
U.S. Virgin Islands,-,1,2,-,-,0,-,-
Non-U.S. Residents,-,0,-,-,-,0,-,-
Total,37,295,2725,4184,-,22,30,110
