Disease,Unnamed: 1_level_0,Unnamed: 2_level_0,Unnamed: 3_level_0,Total cases reported for previous years,Total cases reported for previous years,Total cases reported for previous years,Total cases reported for previous years,Total cases reported for previous years,Unnamed: 9_level_0
Disease,Current  week,Cum  2017,5-year  weekly  average§,2016,2015,2014,2013,2012,States reporting cases  during current week (Count)
Anthrax,-,-,-,-,-,-,-,-,
"Arboviral diseases, neuroinvasive and nonneuroinvasive ¶,**:",,,,,,,,,
Chikungunya virus disease,-,30,7,246,896,NN,NN,NN,
Eastern equine encephalitis virus disease,-,-,1,7,6,8,8,15,
Jamestown Canyon virus disease,-,22,0,15,11,11,22,2,
La Crosse virus disease,-,23,2,35,55,80,85,78,
Powassan virus disease,-,18,0,22,7,8,12,7,
St. Louis encephalitis virus disease,-,2,0,8,23,10,1,3,
Western equine encephalitis virus disease,-,-,-,-,-,-,-,-,
"Botulism, total",1,91,3,201,195,161,152,168,
foodborne,-,14,1,31,37,15,4,27,
infant,1,66,2,144,138,127,136,123,ID (1 )
other(wound & unspecified),-,11,0,26,20,19,12,18,
Brucellosis,-,72,3,127,126,92,99,114,
Chancroid,-,7,0,7,11,-,-,15,
Cholera,-,1,0,2,5,5,14,17,
Cyclosporiasis **,14,719,21,535,645,388,784,123,"NY (1 ), MO (1 ), MD (4 ), VA (1 ), TX (7 )"
Diphtheria,-,-,-,-,-,1,-,1,
"Haemophilus influenzae  ,  invasive disease (age <5 yrs) ††:",,,,,,,,,
serotype b,-,16,1,30,29,40,31,30,
nontypeable,-,90,2,196,175,128,141,115,
non-b serotype,1,95,2,159,135,266,233,263,TX (1 )
unknown serotype,4,162,2,187,167,39,34,37,"MO (2 ), GA (1 ), FL (1 )"
Hansen's disease **,1,42,2,78,89,88,81,82,NYC (1 )
Hantavirus Infections **:,,,,,,,,,
Hantavirus infection non-HPS,-,-,0,2,3,NN,NN,NN,
Hantavirus pulmonary syndrome (HPS),-,5,0,14,21,32,21,30,
"Hemolytic uremic syndrome, post-diarrheal **",-,160,8,307,274,250,329,274,
"Hepatitis B, perinatal virus infection §§",-,13,1,35,37,47,48,40,
"Influenza-associated pediatric mortality **, ¶¶",-,108,1,83,130,141,160,52,
Leptospirosis **,-,33,1,78,40,38,NN,NN,
Listeriosis,7,402,22,786,768,769,735,727,"NYC (3 ), MD (1 ), TX (1 ), OR (2 )"
Measles ***,-,120,2,85,188,667,187,55,
Meningococcal disease (  Neisseria meningitidis  ) †††:,,,,,,,,,
serogroup ACWY,-,42,2,126,120,123,142,161,
serogroup B,-,42,1,86,111,89,99,110,
other serogroup,-,10,0,21,21,25,17,20,
unknown serogroup,1,124,2,142,120,196,298,260,MO (1 )
Novel influenza A virus infections §§§,-,19,11,23,7,3,21,313,
Plague,-,1,0,-,16,10,4,4,
"Poliomyelitis, paralytic",-,-,-,-,-,-,1,-,
"Polio virus infection, nonparalytic **",-,-,-,-,-,-,-,-,
Psittacosis **,-,3,0,12,4,8,6,2,
Q fever total **:,-,99,3,164,156,168,170,135,
acute,-,81,3,132,122,132,137,113,
chronic,-,18,1,32,34,36,33,22,
"Rabies, human",-,-,-,-,2,1,2,1,
SARS-CoV,-,-,-,-,-,-,-,-,
Smallpox,-,-,-,-,-,-,-,-,
Streptococcal toxic shock syndrome **,1,219,3,283,335,259,224,194,MO (1 )
"Syphilis, congenital ¶¶¶",-,298,8,628,493,458,348,322,
Toxic shock syndrome (other than streptococcal) **,-,14,1,40,64,59,71,65,
Trichinellosis **,-,9,0,26,14,14,22,18,
Tularemia,2,122,6,230,314,180,203,149,"MO (1 ), NE (1 )"
Typhoid fever (caused by  Salmonella typhi  ),6,185,9,376,367,349,338,354,"NY (2 ), NYC (3 ), MD (1 )"
Vancomycin-intermediate  Staphylococcus aureus  **,-,49,3,108,183,212,248,134,
Vancomycin-resistant  Staphylococcus aureus  **,-,-,0,-,3,-,-,2,
Viral hemorrhagic Fevers ****:,,,,,,,,,
Crimean-Congo hemorrhagic fever,-,-,-,-,-,NP,NP,NP,
Ebola hemorrhagic fever,-,-,-,-,-,4,NP,NP,
Guanarito hemorrhagic fever,-,-,-,-,-,NP,NP,NP,
Junin hemorrhagic fever,-,-,-,-,-,NP,NP,NP,
Lassa fever,-,-,-,-,1,1,NP,NP,
Lujo virus,-,-,-,-,-,NP,NP,NP,
Machupo hemorrhagic fever,-,-,-,-,-,NP,NP,NP,
Marburg fever,-,-,-,-,-,NP,NP,NP,
Sabia-associated hemorrhagic fever,-,-,-,-,-,NP,NP,NP,
Yellow fever,-,-,-,-,-,-,-,-,
"Zika virus disease, non-congenital ††††",2,272,69,5111,NN,NN,NN,NN,"NY (1 ), TX (1 )"
