Reporting  Area,"Hepatitis (viral, acute, by type) †","Hepatitis (viral, acute, by type) †","Hepatitis (viral, acute, by type) †","Hepatitis (viral, acute, by type) †","Hepatitis (viral, acute, by type) †","Hepatitis (viral, acute, by type) †","Hepatitis (viral, acute, by type) †","Hepatitis (viral, acute, by type) †","Hepatitis (viral, acute, by type) †","Hepatitis (viral, acute, by type) †"
Reporting  Area,A,A,A,A,A,B,B,B,B,B
Reporting  Area,Current  week,Previous 52 weeks,Previous 52 weeks,Cum  2018,Cum  2017,Current  week,Previous 52 weeks,Previous 52 weeks,Cum  2018,Cum  2017
Reporting  Area,Current  week,Med,Max,Cum  2018,Cum  2017,Current  week,Med,Max,Cum  2018,Cum  2017
United States,175,100,250,5893,2329,13,55,146,2035,2532
New England,1,2,10,92,55,-,2,6,76,96
Connecticut,-,0,2,11,11,-,0,2,7,8
Maine,-,0,1,5,3,-,1,4,36,58
Massachusetts,-,1,8,65,34,-,0,6,31,29
New Hampshire,-,0,1,7,3,-,0,1,1,-
Rhode Island,1,0,3,3,2,U,0,0,U,U
Vermont,-,0,1,1,2,-,0,1,1,1
Middle Atlantic,13,6,12,201,266,-,3,7,114,166
New Jersey,-,1,4,33,56,-,1,3,25,47
New York (excluding New York City),6,1,6,63,57,-,0,5,21,24
New York City,1,1,6,35,104,-,0,2,19,39
Pennsylvania,6,2,5,70,49,-,1,4,49,56
East North Central,84,27,99,1498,499,4,9,18,362,438
Illinois,-,1,6,47,56,-,0,2,10,23
Indiana,1,9,28,509,10,-,3,10,104,132
Michigan,-,8,26,248,394,-,1,4,45,55
Ohio,83,3,89,685,27,3,5,12,192,217
Wisconsin,-,0,2,9,12,1,0,2,11,11
West North Central,-,5,11,230,48,-,1,4,49,81
Iowa,-,0,2,7,7,-,0,2,5,9
Kansas,-,0,2,10,5,-,0,1,8,22
Minnesota,-,0,2,9,26,-,0,2,15,16
Missouri,-,4,10,198,7,-,0,2,18,27
Nebraska,-,0,1,6,2,-,0,1,2,6
North Dakota,-,0,0,-,-,-,0,1,1,-
South Dakota,-,0,0,-,1,-,0,1,-,1
South Atlantic,2,11,103,1269,298,3,22,33,787,952
Delaware,-,0,1,6,3,-,0,2,5,8
District of Columbia,U,0,1,U,U,U,0,0,U,U
Florida,-,4,15,166,185,-,11,18,406,430
Georgia,1,1,5,52,19,1,2,7,103,92
Maryland,1,1,3,25,19,1,1,4,35,25
North Carolina,-,1,6,51,21,-,3,8,126,142
South Carolina,-,0,2,-,17,-,0,2,-,33
Virginia,-,1,4,40,28,1,1,4,41,49
West Virginia,-,1,89,929,6,-,2,8,71,173
East South Central,69,35,101,2049,32,1,10,20,353,426
Alabama,-,0,3,17,15,-,1,4,33,63
Kentucky,68,34,87,1832,11,-,5,12,174,174
Mississippi,-,0,2,10,2,1,1,5,32,30
Tennessee,1,1,22,190,4,-,3,9,114,159
West South Central,5,3,20,200,125,4,4,39,127,175
Arkansas,5,1,12,133,6,-,0,3,27,35
Louisiana,-,0,3,15,6,-,1,7,34,50
Oklahoma,-,0,2,1,7,-,0,30,1,10
Texas,-,1,7,51,106,4,2,8,65,80
Mountain,1,5,16,178,181,1,2,4,60,90
Arizona,1,1,4,31,47,1,0,3,21,20
Colorado,-,0,3,8,59,-,0,2,17,26
Idaho,-,0,1,4,4,-,0,1,4,5
Montana,-,0,0,-,3,-,0,0,-,3
Nevada,-,0,2,1,13,-,0,2,3,22
New Mexico,-,0,1,1,2,-,0,1,1,-
Utah,-,3,12,129,47,-,0,2,14,13
Wyoming,-,0,4,4,6,U,0,1,U,U
Pacific,-,6,30,176,825,-,3,45,107,108
Alaska,-,0,1,1,-,-,0,2,5,6
California,-,4,27,133,803,-,2,5,54,92
Hawaii,-,0,2,2,5,-,0,1,3,-
Oregon,-,0,3,19,17,-,0,2,16,10
Washington,-,0,28,21,-,-,0,45,29,-
Territories,,,,,,,,,,
American Samoa,-,0,0,-,-,-,0,0,-,-
Commonwealth of Northern Mariana Islands,-,-,-,-,-,-,-,-,-,-
Guam,-,0,0,-,3,-,0,19,-,74
Puerto Rico,-,0,1,-,6,-,0,0,-,3
U.S. Virgin Islands,-,0,0,-,-,-,0,0,-,-
