Reporting Area,Severe acute respiratory syndrome-associated coronavirus disease,Severe acute respiratory syndrome-associated coronavirus disease,Severe acute respiratory syndrome-associated coronavirus disease,Severe acute respiratory syndrome-associated coronavirus disease,Shiga toxin-producing  Escherichia coli  (STEC),Shiga toxin-producing  Escherichia coli  (STEC),Shiga toxin-producing  Escherichia coli  (STEC),Shiga toxin-producing  Escherichia coli  (STEC),Shigellosis,Shigellosis,Shigellosis,Shigellosis
Reporting Area,Current week,Previous 52 weeks Max †,Cum YTD 2021 †,Cum YTD 2020 †,Current week,Previous 52 weeks Max †,Cum YTD 2021 †,Cum YTD 2020 †,Current week,Previous 52 weeks Max †,Cum YTD 2021 †,Cum YTD 2020 †
"U.S. Residents, excluding U.S. Territories",-,4,-,-,117,256,3433,3814,66,176,2804,5003
New England,-,2,-,-,-,11,96,118,3,10,111,126
Connecticut,-,0,-,-,-,5,15,31,-,5,20,28
Maine,-,0,-,-,-,3,10,5,-,2,4,2
Massachusetts,-,2,-,-,-,5,43,42,3,8,68,67
New Hampshire,-,0,-,-,-,2,9,9,-,2,1,-
Rhode Island,-,0,-,-,-,4,17,15,-,4,17,22
Vermont,-,0,-,-,-,4,2,16,-,1,1,7
Middle Atlantic,-,0,-,-,21,48,511,384,27,31,483,585
New Jersey,-,0,-,-,-,5,2,7,-,6,63,108
New York (excluding New York City),-,0,-,-,14,21,220,117,6,7,72,84
New York City,-,0,-,-,1,22,149,149,19,21,284,290
Pennsylvania,-,0,-,-,6,13,140,111,2,10,64,103
East North Central,-,0,-,-,2,50,402,576,1,21,210,386
Illinois,-,0,-,-,-,14,92,167,-,11,83,136
Indiana,-,0,-,-,-,8,11,57,-,2,4,30
Michigan,-,0,-,-,-,9,1,69,-,4,4,76
Ohio,-,0,-,-,-,16,169,150,-,10,85,108
Wisconsin,-,0,-,-,2,13,129,133,1,4,34,36
West North Central,-,3,-,-,6,39,305,427,-,10,89,110
Iowa,-,0,-,-,-,19,147,158,-,5,33,39
Kansas,-,0,-,-,-,7,47,77,-,3,22,9
Minnesota,-,0,-,-,-,0,-,-,-,0,-,-
Missouri,-,1,-,-,-,10,2,108,-,3,4,33
Nebraska,-,0,-,-,6,8,80,64,-,4,21,19
North Dakota,-,3,-,-,-,5,14,17,-,2,1,7
South Dakota,-,0,-,-,-,3,15,3,-,2,8,3
South Atlantic,-,0,-,-,8,40,556,618,9,29,363,795
Delaware,-,0,-,-,-,3,7,6,-,1,5,5
District of Columbia,-,0,-,-,-,2,-,3,-,3,-,21
Florida,-,0,-,-,-,18,180,238,-,16,181,303
Georgia,-,0,-,-,1,11,107,69,-,5,-,174
Maryland,-,0,-,-,6,9,78,50,7,6,56,63
North Carolina,-,0,-,-,-,12,41,99,-,7,45,117
South Carolina,-,0,-,-,-,5,30,32,-,3,12,35
Virginia,-,0,-,-,1,12,112,93,2,6,64,71
West Virginia,-,0,-,-,-,4,1,28,-,2,-,6
East South Central,-,0,-,-,1,20,164,199,-,10,66,432
Alabama,-,0,-,-,1,7,48,38,-,5,33,302
Kentucky,-,0,-,-,-,6,12,51,-,2,6,26
Mississippi,-,0,-,-,-,1,-,9,-,1,-,26
Tennessee,-,0,-,-,-,13,104,101,-,7,27,78
West South Central,-,0,-,-,31,60,370,311,1,33,221,1251
Arkansas,-,0,-,-,3,8,49,25,-,5,5,19
Louisiana,-,0,-,-,-,5,7,39,-,5,33,131
Oklahoma,-,0,-,-,5,10,53,66,1,11,15,103
Texas,-,0,-,-,23,53,261,181,-,32,168,998
Mountain,-,3,-,-,20,42,495,438,8,23,274,343
Arizona,-,0,-,-,6,13,117,79,4,11,87,142
Colorado,-,3,-,-,11,16,165,112,4,17,86,86
Idaho,-,0,-,-,-,6,32,74,-,5,12,13
Montana,-,0,-,-,-,7,45,37,-,2,-,9
Nevada,-,0,-,-,-,5,23,18,-,6,40,36
New Mexico,-,0,-,-,-,3,11,11,-,4,24,36
Utah,-,0,-,-,3,9,77,87,-,3,22,21
Wyoming,-,0,-,-,-,6,25,20,-,1,3,-
Pacific,-,1,-,-,28,50,534,743,17,67,987,975
Alaska,-,0,-,-,-,1,5,5,-,1,3,1
California,-,0,-,-,24,41,434,599,12,56,752,819
Hawaii,-,0,-,-,-,2,3,3,-,3,13,24
Oregon,-,1,-,-,4,11,88,82,2,23,59,51
Washington,-,0,-,-,-,2,4,54,3,15,160,80
U.S. Territories,-,0,-,-,-,1,2,2,-,2,5,4
American Samoa,-,0,-,-,-,0,-,-,-,0,-,-
Commonwealth of Northern Mariana Islands,-,0,-,-,-,0,-,-,-,0,-,-
Guam,-,0,-,-,-,0,-,-,-,1,4,4
Puerto Rico,-,0,-,-,-,1,2,2,-,1,1,-
U.S. Virgin Islands,-,0,-,-,-,0,-,-,-,0,-,-
Non-U.S. Residents,-,0,-,-,-,0,-,-,-,0,-,3
Total,-,4,-,-,117,256,3435,3816,66,176,2809,5010
