Reporting Area,"Hepatitis B, perinatal infection","Hepatitis B, perinatal infection","Hepatitis B, perinatal infection","Hepatitis B, perinatal infection","Hepatitis C, acute §","Hepatitis C, acute §","Hepatitis C, acute §","Hepatitis C, acute §","Hepatitis C, acute §","Hepatitis C, acute §","Hepatitis C, acute §","Hepatitis C, acute §"
Reporting Area,"Hepatitis B, perinatal infection","Hepatitis B, perinatal infection","Hepatitis B, perinatal infection","Hepatitis B, perinatal infection",Confirmed,Confirmed,Confirmed,Confirmed,Probable,Probable,Probable,Probable
Reporting Area,Current week,Previous 52 weeks Max †,Cum YTD 2021 †,Cum YTD 2020 †,Current week,Previous 52 weeks Max †,Cum YTD 2021 †,Cum YTD 2020 †,Current week,Previous 52 weeks Max †,Cum YTD 2021 †,Cum YTD 2020 †
"U.S. Residents, excluding U.S. Territories",-,3,12,7,10,259,2426,3113,5,39,660,793
New England,-,1,1,-,1,8,98,240,1,4,30,46
Connecticut,-,0,-,-,-,1,6,10,-,0,-,-
Maine,-,1,1,-,1,7,82,105,1,4,25,29
Massachusetts,-,0,-,-,-,5,8,119,-,1,-,4
New Hampshire,-,0,-,-,-,1,2,5,-,1,5,13
Rhode Island,U,NC,U,U,U,NC,U,U,U,NC,U,U
Vermont,-,0,-,-,-,0,-,1,-,0,-,-
Middle Atlantic,-,3,4,1,-,186,367,269,-,7,25,25
New Jersey,-,0,-,-,-,4,36,78,-,1,1,5
New York (excluding New York City),-,1,1,-,-,25,69,93,-,7,21,12
New York City,-,0,-,-,-,180,180,2,-,0,-,-
Pennsylvania,-,3,3,1,-,9,82,96,-,1,3,8
East North Central,-,1,2,2,1,34,334,556,-,7,69,88
Illinois,-,0,-,-,-,8,100,128,-,2,13,18
Indiana,-,1,-,-,1,20,89,144,-,5,23,9
Michigan,-,0,-,-,-,6,66,79,-,2,13,16
Ohio,-,1,2,1,-,7,48,138,-,2,19,42
Wisconsin,-,0,-,1,-,3,31,67,-,1,1,3
West North Central,-,1,1,-,-,6,49,76,-,1,5,8
Iowa,-,0,-,-,-,2,10,11,-,0,-,-
Kansas,-,0,-,-,-,1,1,7,-,1,3,2
Minnesota,-,0,-,-,-,4,19,38,-,1,2,2
Missouri,-,0,-,-,-,1,5,14,-,0,-,-
Nebraska,-,0,-,-,-,2,7,2,-,0,-,2
North Dakota,-,1,1,-,-,0,-,-,-,0,-,-
South Dakota,-,0,-,-,-,2,7,4,-,1,-,2
South Atlantic,-,2,2,3,1,118,806,1268,-,26,233,383
Delaware,-,0,-,-,1,4,41,35,-,1,1,1
District of Columbia,U,NC,U,U,-,0,-,-,-,0,-,-
Florida,-,0,-,-,-,115,665,969,-,23,184,255
Georgia,-,0,-,1,-,5,37,78,-,3,27,49
Maryland,-,0,-,1,-,4,32,30,-,1,4,8
North Carolina,-,1,1,-,-,3,7,54,-,2,2,16
South Carolina,-,0,-,-,-,1,2,4,-,1,2,1
Virginia,-,1,1,1,-,2,12,24,-,3,9,15
West Virginia,-,1,-,-,-,4,10,74,-,1,4,38
East South Central,-,1,-,-,-,19,221,228,1,9,165,132
Alabama,-,1,-,-,-,4,1,20,-,1,2,4
Kentucky,-,0,-,-,-,15,131,94,-,7,82,75
Mississippi,-,0,-,-,-,2,3,28,1,4,26,11
Tennessee,-,0,-,-,-,7,86,86,-,4,55,42
West South Central,-,1,-,1,5,193,384,253,2,14,27,55
Arkansas,-,0,-,-,-,5,20,36,-,8,15,38
Louisiana,-,1,-,-,2,191,346,201,1,1,2,2
Oklahoma,-,0,-,-,2,9,7,6,1,11,6,5
Texas,-,0,-,1,1,3,11,10,-,2,4,10
Mountain,-,0,-,-,1,5,82,93,1,8,75,35
Arizona,-,0,-,-,-,0,-,-,-,0,-,-
Colorado,-,0,-,-,1,1,2,2,-,1,1,-
Idaho,-,0,-,-,-,1,-,1,-,0,-,1
Montana,-,0,-,-,-,3,14,9,-,1,2,1
Nevada,-,0,-,-,-,1,2,8,-,0,-,4
New Mexico,-,0,-,-,-,0,-,1,-,0,-,-
Utah,-,0,-,-,-,5,62,72,1,7,72,29
Wyoming,-,0,-,-,-,1,2,-,-,0,-,-
Pacific,-,1,2,-,1,7,85,130,-,5,31,21
Alaska,-,0,-,-,-,0,-,1,-,0,-,-
California,-,1,1,-,-,3,20,49,-,4,20,9
Hawaii,-,0,-,-,-,0,-,-,-,0,-,-
Oregon,-,0,-,-,1,3,14,17,-,2,6,4
Washington,-,1,1,-,-,5,51,63,-,2,5,8
U.S. Territories,-,0,-,-,-,1,-,-,-,0,-,-
American Samoa,-,0,-,-,-,0,-,-,-,0,-,-
Commonwealth of Northern Mariana Islands,-,0,-,-,-,0,-,-,-,0,-,-
Guam,-,0,-,-,-,0,-,-,-,0,-,-
Puerto Rico,-,0,-,-,-,0,-,-,-,0,-,-
U.S. Virgin Islands,-,0,-,-,-,1,-,-,-,0,-,-
Non-U.S. Residents,-,0,-,-,-,0,-,-,-,0,-,-
Total,-,3,12,7,10,259,2426,3113,5,39,660,793
