Reporting Area,Ehrlichiosis and Anaplasmosis,Ehrlichiosis and Anaplasmosis,Ehrlichiosis and Anaplasmosis,Ehrlichiosis and Anaplasmosis,Ehrlichiosis and Anaplasmosis,Ehrlichiosis and Anaplasmosis,Ehrlichiosis and Anaplasmosis,Ehrlichiosis and Anaplasmosis,Giardiasis,Giardiasis,Giardiasis,Giardiasis
Reporting Area,Ehrlichia ewingii  infection,Ehrlichia ewingii  infection,Ehrlichia ewingii  infection,Ehrlichia ewingii  infection,Undetermined ehrlichiosis/anaplasmosis,Undetermined ehrlichiosis/anaplasmosis,Undetermined ehrlichiosis/anaplasmosis,Undetermined ehrlichiosis/anaplasmosis,Giardiasis,Giardiasis,Giardiasis,Giardiasis
Reporting Area,Current week,Previous 52 weeks Max †,Cum YTD 2022 †,Cum YTD 2021 †,Current week,Previous 52 weeks Max †,Cum YTD 2022 †,Cum YTD 2021 †,Current week,Previous 52 weeks Max †,Cum YTD 2022 †,Cum YTD 2021 †
"U.S. Residents, excluding U.S. Territories",-,1,-,-,-,13,-,2,45,291,750,719
New England,-,0,-,-,-,2,-,-,5,31,79,41
Connecticut,N,NC,N,N,N,NC,N,N,-,8,-,8
Maine,-,0,-,-,-,0,-,-,2,8,7,7
Massachusetts,-,0,-,-,-,2,-,-,3,17,68,19
New Hampshire,-,0,-,-,-,1,-,-,-,8,-,5
Rhode Island,-,0,-,-,-,0,-,-,-,6,4,2
Vermont,-,0,-,-,-,0,-,-,N,NC,N,N
Middle Atlantic,-,1,-,-,-,10,-,2,14,81,208,160
New Jersey,-,0,-,-,-,0,-,-,-,11,-,25
New York (excluding New York City),-,1,-,-,-,1,-,-,10,46,83,44
New York City,-,0,-,-,-,1,-,-,4,29,103,56
Pennsylvania,-,0,-,-,-,10,-,2,-,22,22,35
East North Central,-,1,-,-,-,2,-,-,-,60,25,71
Illinois,-,0,-,-,-,1,-,-,N,NC,N,N
Indiana,-,1,-,-,-,0,-,-,-,0,-,1
Michigan,-,0,-,-,-,0,-,-,-,15,12,17
Ohio,-,0,-,-,-,0,-,-,-,44,10,26
Wisconsin,-,1,-,-,-,2,-,-,-,31,3,27
West North Central,-,0,-,-,-,2,-,-,-,20,24,54
Iowa,-,0,-,-,-,1,-,-,-,7,6,21
Kansas,-,0,-,-,-,1,-,-,-,8,-,11
Minnesota,-,0,-,-,-,0,-,-,-,0,-,-
Missouri,-,0,-,-,-,0,-,-,-,8,9,12
Nebraska,-,0,-,-,-,0,-,-,-,4,8,6
North Dakota,-,0,-,-,-,1,-,-,-,4,-,2
South Dakota,-,0,-,-,-,1,-,-,-,8,1,2
South Atlantic,-,1,-,-,-,1,-,-,-,43,85,140
Delaware,-,0,-,-,-,0,-,-,-,3,3,4
District of Columbia,-,0,-,-,-,0,-,-,-,1,-,2
Florida,-,0,-,-,-,0,-,-,-,33,63,50
Georgia,-,0,-,-,-,0,-,-,-,7,-,26
Maryland,-,1,-,-,-,0,-,-,-,7,-,13
North Carolina,-,0,-,-,-,0,-,-,N,NC,N,N
South Carolina,-,0,-,-,-,1,-,-,-,8,13,19
Virginia,-,0,-,-,-,0,-,-,-,11,6,22
West Virginia,-,0,-,-,-,1,-,-,-,3,-,4
East South Central,-,1,-,-,-,1,-,-,2,7,12,17
Alabama,-,0,-,-,-,0,-,-,2,7,12,17
Kentucky,-,1,-,-,-,0,-,-,N,NC,N,N
Mississippi,-,0,-,-,-,0,-,-,N,NC,N,N
Tennessee,-,1,-,-,-,1,-,-,N,NC,N,N
West South Central,-,0,-,-,-,0,-,-,-,21,20,31
Arkansas,-,0,-,-,-,0,-,-,-,10,11,9
Louisiana,-,0,-,-,-,0,-,-,-,16,9,22
Oklahoma,-,0,-,-,-,0,-,-,N,NC,N,N
Texas,-,0,-,-,-,0,-,-,N,NC,N,N
Mountain,-,0,-,-,-,0,-,-,5,37,75,67
Arizona,-,0,-,-,-,0,-,-,-,8,5,3
Colorado,N,NC,N,N,N,NC,N,N,5,18,54,20
Idaho,N,NC,N,N,N,NC,N,N,-,6,-,13
Montana,-,0,-,-,-,0,-,-,-,3,2,3
Nevada,-,0,-,-,-,0,-,-,-,4,4,6
New Mexico,N,NC,N,N,N,NC,N,N,-,3,3,1
Utah,-,0,-,-,-,0,-,-,-,9,4,19
Wyoming,-,0,-,-,-,0,-,-,-,3,3,2
Pacific,-,0,-,-,-,1,-,-,19,74,222,138
Alaska,N,NC,N,N,N,NC,N,N,-,6,4,5
California,-,0,-,-,-,0,-,-,15,55,162,93
Hawaii,N,NC,N,N,N,NC,N,N,-,2,2,3
Oregon,-,0,-,-,-,1,-,-,2,14,42,17
Washington,-,0,-,-,-,0,-,-,2,13,12,20
U.S. Territories,-,0,-,-,-,0,-,-,-,2,-,2
American Samoa,N,NC,N,N,N,NC,N,N,-,0,-,-
Commonwealth of Northern Mariana Islands,-,0,-,-,-,0,-,-,-,0,-,-
Guam,N,NC,N,N,N,NC,N,N,-,0,-,-
Puerto Rico,N,NC,N,N,N,NC,N,N,-,2,-,2
U.S. Virgin Islands,-,0,-,-,-,0,-,-,-,0,-,-
Non-U.S. Residents,-,0,-,-,-,0,-,-,-,1,1,-
Total,-,1,-,-,-,13,-,2,45,291,751,721
