Reporting  Area,"Hepatitis (viral, acute), by type § (Continued)","Hepatitis (viral, acute), by type § (Continued)","Hepatitis (viral, acute), by type § (Continued)","Hepatitis (viral, acute), by type § (Continued)","Hepatitis (viral, acute), by type § (Continued)","Hepatitis (viral, acute), by type § (Continued)","Hepatitis (viral, acute), by type § (Continued)","Hepatitis (viral, acute), by type § (Continued)","Hepatitis (viral, acute), by type § (Continued)","Hepatitis (viral, acute), by type § (Continued)"
Reporting  Area,C  Confirmed,C  Confirmed,C  Confirmed,C  Confirmed,C  Confirmed,C  Probable,C  Probable,C  Probable,C  Probable,C  Probable
Reporting  Area,Current  week,Previous 52 weeks,Previous 52 weeks,Cum  2017,Cum  2016,Current  week,Previous 52 weeks,Previous 52 weeks,Cum  2017,Cum  2016
Reporting  Area,Current  week,Med,Max,Cum  2017,Cum  2016,Current  week,Med,Max,Cum  2017,Cum  2016
UNITED STATES,4,47,134,2096,2618,4,19,80,818,914
NEW ENGLAND,-,4,14,206,444,1,1,4,44,119
Conn.,-,0,1,6,17,-,0,0,-,-
Maine,-,0,2,15,17,1,0,1,9,11
Mass.,-,4,14,180,405,-,1,4,35,108
N.H.,-,0,0,-,-,-,0,0,-,-
R.I.,-,0,0,-,-,-,0,0,-,-
Vt.,-,0,1,5,5,-,0,0,-,-
MID. ATLANTIC,-,7,19,316,480,3,0,4,42,18
N.J.,-,1,6,62,113,-,0,0,-,-
N.Y. (Upstate),-,3,9,127,156,-,0,3,18,18
N.Y. City,-,0,3,7,3,-,0,0,-,-
Pa.,-,3,12,120,208,3,0,3,24,-
E.N. CENTRAL,3,9,20,419,513,-,3,10,174,147
Ill.,-,0,3,31,20,-,0,2,10,2
Ind.,-,2,11,127,136,-,1,5,56,32
Mich.,-,2,6,111,96,-,1,4,49,40
Ohio,3,3,7,128,169,-,1,5,59,73
Wis.,-,0,4,22,92,-,0,0,-,-
W.N. CENTRAL,-,3,6,108,98,-,0,2,8,4
Iowa,-,0,0,-,-,-,0,0,-,-
Kans.,-,0,2,14,11,-,0,1,2,1
Minn.,-,1,3,34,45,-,0,1,2,1
Mo.,-,1,3,41,19,-,0,0,-,-
Nebr.,-,0,1,2,2,-,0,1,2,-
N. Dak.,-,0,1,2,1,-,0,1,1,-
S. Dak.,-,0,2,15,20,-,0,1,1,2
S. ATLANTIC,-,11,23,529,546,-,5,11,205,239
Del.,-,0,0,-,-,-,0,0,-,-
D.C.,-,0,0,-,-,-,0,0,-,-
Fla.,-,6,10,278,214,-,1,5,58,57
Ga.,-,1,6,52,84,-,0,4,23,24
Md.,-,0,3,27,33,-,0,1,9,10
N.C.,-,1,3,42,78,-,1,4,40,92
S.C.,-,0,1,2,10,-,0,1,1,2
Va.,-,1,4,49,38,-,0,5,21,23
W. Va.,-,2,5,79,89,-,1,5,53,31
E.S. CENTRAL,1,4,9,180,256,-,5,12,217,275
Ala.,-,0,2,16,32,-,0,4,16,49
Ky.,-,1,6,54,88,-,3,8,138,142
Miss.,-,0,0,-,-,-,0,0,-,-
Tenn.,1,2,7,110,136,-,1,6,63,84
W.S. CENTRAL,-,1,17,50,56,-,0,23,39,41
Ark.,-,0,1,1,-,-,0,0,-,-
La.,-,0,1,3,5,-,0,1,3,13
Okla.,-,0,12,17,17,-,0,23,15,28
Tex.,-,0,5,29,34,-,0,4,21,-
MOUNTAIN,-,3,8,135,152,-,1,4,49,54
Ariz.,-,0,0,-,-,-,0,0,-,-
Colo.,-,1,3,35,30,-,0,3,9,6
Idaho,-,0,1,7,6,-,0,1,6,2
Mont.,-,0,2,12,18,-,0,1,1,1
Nev.,-,0,3,22,15,-,0,1,2,12
N. Mex.,-,0,3,9,16,-,0,2,10,15
Utah,-,1,4,50,67,-,0,2,21,18
Wyo.,-,0,0,-,-,-,0,0,-,-
PACIFIC,-,3,62,153,73,-,1,33,40,17
Alaska,-,0,0,-,-,-,0,0,-,-
Calif.,-,1,5,81,56,-,0,2,20,13
Hawaii,-,0,0,-,-,-,0,0,-,-
Oreg.,-,1,3,32,17,-,0,1,7,4
Wash.,-,0,62,40,-,-,0,33,13,-
Amer. Samoa,-,0,0,-,-,-,0,0,-,-
C.N.M.I.,-,-,-,-,-,-,-,-,-,-
Guam,-,0,0,-,-,-,0,0,-,-
P.R.,-,0,0,-,-,-,0,0,-,-
V.I.,-,0,0,-,-,-,0,0,-,-
