Reporting Area,Legionellosis,Legionellosis,Legionellosis,Legionellosis,Leptospirosis,Leptospirosis,Leptospirosis,Leptospirosis,Listeriosis §,Listeriosis §,Listeriosis §,Listeriosis §
Reporting Area,Current  week,Previous 52  weeks Max †,Cum YTD  2019 †,Cum YTD  2018 †,Current  week,Previous 52  weeks Max †,Cum YTD  2019 †,Cum YTD  2018 †,Current  week,Previous 52  weeks Max †,Cum YTD  2019 †,Cum YTD  2018 †
"U.S. Residents, excluding U.S. Territories",53,373,5870,7629,-,6,62,76,2,33,571,658
New England,1,37,260,621,-,0,-,1,-,5,44,64
Connecticut,1,9,78,163,-,0,-,-,-,2,14,13
Maine,-,5,24,25,-,0,-,-,-,2,3,7
Massachusetts,-,17,91,301,-,0,-,-,-,3,21,26
New Hampshire,-,5,24,63,-,0,-,-,-,1,4,9
Rhode Island,-,11,36,55,-,0,-,1,-,1,1,5
Vermont,-,2,7,14,-,0,-,-,-,1,1,4
Middle Atlantic,6,125,1321,1904,-,2,8,9,-,8,110,149
New Jersey,-,16,71,299,-,0,-,-,-,3,5,27
New York (excluding New York City),-,47,431,560,N,NC,N,N,-,4,42,46
New York City,-,46,364,551,-,1,5,6,-,3,29,30
Pennsylvania,6,31,455,494,-,1,3,3,-,3,34,46
East North Central,16,114,1510,2142,-,1,6,14,1,6,66,81
Illinois,-,42,436,431,-,1,2,2,-,3,21,18
Indiana,-,9,-,197,-,0,-,-,-,1,-,14
Michigan,-,36,368,524,-,1,1,1,-,2,17,18
Ohio,16,68,603,718,-,0,-,3,1,5,22,19
Wisconsin,-,13,103,272,-,1,3,8,-,2,6,12
West North Central,6,33,389,414,-,1,5,2,-,2,19,34
Iowa,-,7,46,56,N,NC,N,N,-,1,6,7
Kansas,-,5,36,35,-,0,-,-,-,1,1,6
Minnesota,5,6,101,130,-,0,-,-,-,1,-,8
Missouri,-,19,150,129,-,1,3,2,-,2,11,12
Nebraska,1,6,34,27,-,1,2,-,-,1,1,-
North Dakota,-,2,7,9,N,NC,N,N,-,0,-,-
South Dakota,-,3,15,28,-,0,-,-,-,0,-,1
South Atlantic,12,68,996,1289,-,2,11,14,1,8,115,156
Delaware,-,5,27,31,-,0,-,-,-,1,1,5
District of Columbia,-,4,26,49,-,0,-,-,-,0,-,2
Florida,7,18,354,374,-,1,7,7,1,4,28,36
Georgia,-,9,67,137,-,1,1,1,-,2,13,28
Maryland,1,17,213,272,-,1,1,5,-,4,18,14
North Carolina,-,11,100,129,-,1,2,-,-,3,22,25
South Carolina,-,6,50,42,-,0,-,-,-,1,11,12
Virginia,4,14,145,156,-,1,-,1,-,3,20,28
West Virginia,-,7,14,99,-,0,-,-,-,1,2,6
East South Central,-,25,307,320,-,1,1,1,-,3,30,27
Alabama,-,6,55,62,-,0,-,1,-,1,5,10
Kentucky,-,8,30,100,-,1,1,-,-,1,4,2
Mississippi,-,4,27,33,N,NC,N,N,-,2,3,4
Tennessee,-,18,195,125,N,NC,N,N,-,2,18,11
West South Central,8,46,406,340,-,0,-,1,-,6,59,46
Arkansas,1,4,43,35,N,NC,N,N,-,1,2,3
Louisiana,3,5,23,29,-,0,-,1,-,1,1,4
Oklahoma,-,25,48,8,-,0,-,-,-,3,9,5
Texas,4,24,292,268,N,NC,N,N,-,5,47,34
Mountain,3,13,237,233,-,1,1,2,-,3,28,14
Arizona,1,6,79,60,-,0,-,-,-,2,8,5
Colorado,-,6,74,94,N,NC,N,N,-,2,8,4
Idaho,2,3,21,14,N,NC,N,N,-,1,4,1
Montana,-,1,9,10,-,0,-,-,-,0,-,-
Nevada,-,2,12,9,-,0,-,-,-,1,6,1
New Mexico,-,2,12,18,-,0,-,-,-,1,-,1
Utah,-,3,28,26,-,1,1,2,-,1,2,1
Wyoming,-,1,2,2,-,0,-,-,-,0,-,1
Pacific,1,69,444,366,-,4,30,32,-,15,100,87
Alaska,-,1,2,3,-,0,-,-,-,1,1,-
California,-,19,344,321,-,1,6,8,-,6,70,72
Hawaii,-,2,8,16,-,2,21,19,-,1,8,6
Oregon,-,4,41,26,-,1,2,5,-,2,10,9
Washington,1,54,49,-,-,3,1,-,-,15,11,-
U.S. Territories,-,0,-,-,-,4,-,69,-,0,-,2
American Samoa,N,NC,N,N,-,0,-,-,N,NC,N,N
Commonwealth of Northern Mariana Islands,-,0,-,-,-,0,-,-,-,0,-,-
Guam,-,0,-,-,-,1,-,6,-,0,-,-
Puerto Rico,-,0,-,-,-,4,-,63,-,0,-,2
U.S. Virgin Islands,-,0,-,-,-,1,-,-,-,0,-,-
Non-U.S. Residents,-,NC,-,NP,-,NC,-,NP,-,NC,-,NP
Total,53,373,5870,7629,-,6,62,145,2,33,571,660
