0,1,2,3,4,5,6,7,8,9,10
Reporting  Area,Spotted Fever Rickettsiosis (including RMSF)  †,Spotted Fever Rickettsiosis (including RMSF)  †,Spotted Fever Rickettsiosis (including RMSF)  †,Spotted Fever Rickettsiosis (including RMSF)  †,Spotted Fever Rickettsiosis (including RMSF)  †,Spotted Fever Rickettsiosis (including RMSF)  †,Spotted Fever Rickettsiosis (including RMSF)  †,Spotted Fever Rickettsiosis (including RMSF)  †,Spotted Fever Rickettsiosis (including RMSF)  †,Spotted Fever Rickettsiosis (including RMSF)  †
Reporting  Area,Confirmed,Confirmed,Confirmed,Confirmed,Confirmed,Probable,Probable,Probable,Probable,Probable
Reporting  Area,Current  week,Previous 52 weeks,Previous 52 weeks,Cum  2010,Cum  2009,Current  week,Previous 52 weeks,Previous 52 weeks,Cum  2010,Cum  2009
Reporting  Area,Current  week,Med,Max,Cum  2010,Cum  2009,Current  week,Med,Max,Cum  2010,Cum  2009
UNITED STATES,-,2,10,12,11,-,15,72,65,215
NEW ENGLAND,-,0,1,-,-,-,0,2,1,2
Conn.,-,0,0,-,-,-,0,0,-,-
Maine,-,0,0,-,-,-,0,2,1,1
Mass.,-,0,1,-,-,-,0,1,-,1
N.H.,-,0,0,-,-,-,0,1,-,-
R.I.,-,0,0,-,-,-,0,0,-,-
Vt.,-,0,1,-,-,-,0,0,-,-
MID. ATLANTIC,-,0,3,2,-,-,1,6,6,7
N.J.,-,0,0,-,-,-,0,0,-,-
N.Y. (Upstate),-,0,1,-,-,-,0,3,1,1
N.Y. City,-,0,1,-,-,-,0,4,5,4
Pa.,-,0,2,2,-,-,0,2,-,2
E.N. CENTRAL,-,0,2,-,1,-,0,7,-,10
Ill.,-,0,1,-,-,-,0,6,-,6
Ind.,-,0,2,-,-,-,0,2,-,-
Mich.,-,0,1,-,1,-,0,1,-,-
Ohio,-,0,0,-,-,-,0,4,-,4
Wis.,-,0,0,-,-,-,0,1,-,-
W.N. CENTRAL,-,0,3,-,2,-,2,23,5,8
Iowa,-,0,1,-,-,-,0,1,-,-
Kans.,-,0,1,-,1,-,0,0,-,-
Minn.,-,0,1,-,-,-,0,1,-,-
Mo.,-,0,1,-,-,-,2,22,5,8
Nebr.,-,0,2,-,1,-,0,1,-,-
N. Dak.,-,0,0,-,-,-,0,0,-,-
S. Dak.,-,0,0,-,-,-,0,0,-,-
S. ATLANTIC,-,1,8,7,6,-,4,25,39,150
Del.,-,0,1,1,-,-,0,3,4,1
D.C.,-,0,0,-,-,-,0,0,-,-
Fla.,-,0,1,-,-,-,0,2,1,1
Ga.,-,0,7,5,6,-,0,0,-,-
Md.,-,0,1,-,-,-,0,3,3,12
N.C.,-,0,1,1,-,-,1,24,27,119
S.C.,-,0,1,-,-,-,0,4,2,5
Va.,-,0,1,-,-,-,0,5,2,11
W. Va.,-,0,0,-,-,-,0,1,-,1
E.S. CENTRAL,-,0,2,2,1,-,4,15,9,25
Ala.,-,0,1,-,-,-,1,7,2,8
Ky.,-,0,1,1,-,-,0,0,-,-
Miss.,-,0,0,-,1,-,0,1,1,-
Tenn.,-,0,2,1,-,-,2,14,6,17
W.S. CENTRAL,-,0,3,1,-,-,1,25,5,10
Ark.,-,0,0,-,-,-,0,14,-,3
La.,-,0,0,-,-,-,0,1,-,-
Okla.,-,0,3,-,-,-,0,24,1,1
Tex.,-,0,1,1,-,-,0,11,4,6
MOUNTAIN,-,0,2,-,1,-,0,3,-,3
Ariz.,-,0,2,-,1,-,0,2,-,1
Colo.,-,0,1,-,-,-,0,0,-,-
Idaho,-,0,0,-,-,-,0,1,-,-
Mont.,-,0,1,-,-,-,0,2,-,-
Nev.,-,0,0,-,-,-,0,1,-,-
N. Mex.,-,0,0,-,-,-,0,0,-,1
Utah,-,0,0,-,-,-,0,0,-,1
Wyo.,-,0,1,-,-,-,0,1,-,-
PACIFIC,-,0,1,-,-,-,0,0,-,-
Alaska,-,0,0,-,-,-,0,0,-,-
Calif.,-,0,1,-,-,-,0,0,-,-
Hawaii,-,0,0,-,-,-,0,0,-,-
Oreg.,-,0,0,-,-,-,0,0,-,-
Wash.,-,0,0,-,-,-,0,0,-,-
Amer. Samoa,-,0,0,-,-,-,0,0,-,-
C.N.M.I.,-,-,-,-,-,-,-,-,-,-
Guam,-,0,0,-,-,-,0,0,-,-
P.R.,-,0,0,-,-,-,0,0,-,-
V.I.,-,0,0,-,-,-,0,0,-,-
