Reporting Area,Cryptosporidiosis,Cryptosporidiosis,Cryptosporidiosis,Cryptosporidiosis,Cyclosporiasis,Cyclosporiasis,Cyclosporiasis,Cyclosporiasis
Reporting Area,Current  week,Previous 52  weeks Max †,Cum YTD  2019 †,Cum YTD  2018 †,Current  week,Previous 52  weeks Max †,Cum YTD  2019 †,Cum YTD  2018 †
"U.S. Residents, excluding U.S. Territories",44,428,116,241,1,561,1,3
New England,5,49,14,12,-,10,-,-
Connecticut,1,8,3,3,-,4,-,-
Maine,-,6,-,-,-,0,-,-
Massachusetts,4,19,9,8,-,6,-,-
New Hampshire,-,7,2,-,-,2,-,-
Rhode Island,-,37,-,-,-,2,-,-
Vermont,-,10,-,1,-,0,-,-
Middle Atlantic,5,51,12,22,-,23,-,1
New Jersey,-,12,-,3,-,8,-,1
New York (excluding New York City),1,20,1,2,-,9,-,-
New York City,1,12,2,4,-,11,-,-
Pennsylvania,3,20,9,13,N,NC,N,N
East North Central,14,117,36,52,-,445,-,-
Illinois,-,21,2,5,-,398,-,-
Indiana,-,20,-,8,-,21,-,-
Michigan,-,16,5,5,-,5,-,-
Ohio,13,36,21,16,-,23,-,-
Wisconsin,1,48,8,18,-,14,-,-
West North Central,3,68,10,24,-,87,-,1
Iowa,-,40,1,13,-,75,-,1
Kansas,-,6,-,3,-,4,-,-
Minnesota,-,0,-,-,-,0,-,-
Missouri,3,19,7,2,-,29,-,-
Nebraska,-,9,-,5,-,5,-,-
North Dakota,-,4,-,1,N,NC,N,N
South Dakota,-,15,2,-,-,12,-,-
South Atlantic,3,69,14,46,-,27,-,-
Delaware,-,0,-,-,-,0,-,-
District of Columbia,-,4,-,1,-,2,-,-
Florida,-,27,-,13,-,9,-,-
Georgia,1,23,6,10,-,8,-,-
Maryland,-,7,1,2,-,7,-,-
North Carolina,-,12,2,9,-,6,-,-
South Carolina,-,6,2,3,-,1,-,-
Virginia,2,14,3,8,-,5,-,-
West Virginia,-,4,-,-,-,2,-,-
East South Central,1,20,1,19,-,3,-,-
Alabama,-,8,-,5,N,NC,N,N
Kentucky,-,7,-,1,-,0,-,-
Mississippi,1,8,1,4,N,NC,N,N
Tennessee,-,10,-,9,-,3,-,-
West South Central,-,61,3,15,-,49,-,-
Arkansas,-,5,-,-,-,1,-,-
Louisiana,-,5,-,7,-,2,-,-
Oklahoma,-,10,3,-,N,NC,N,N
Texas,-,53,-,8,-,40,-,-
Mountain,3,48,9,25,-,10,-,1
Arizona,-,12,4,7,-,2,-,-
Colorado,-,11,1,6,-,6,-,-
Idaho,2,7,2,3,N,NC,N,N
Montana,-,5,1,3,-,3,-,-
Nevada,-,6,-,-,N,NC,N,N
New Mexico,-,10,-,2,-,1,-,-
Utah,1,18,1,3,-,4,-,-
Wyoming,-,2,-,1,-,1,-,1
Pacific,10,45,17,26,1,26,1,-
Alaska,-,2,-,-,-,1,-,-
California,2,25,4,15,1,23,1,-
Hawaii,1,1,1,1,-,1,-,-
Oregon,7,12,10,9,-,2,-,-
Washington,-,35,2,1,-,3,-,-
U.S. Territories,-,0,-,-,-,0,-,-
American Samoa,N,NC,N,N,N,NC,N,N
Commonwealth of Northern Mariana Islands,-,0,-,-,-,0,-,-
Guam,-,0,-,-,-,0,-,-
Puerto Rico,-,0,-,-,-,0,-,-
U.S. Virgin Islands,-,0,-,-,-,0,-,-
Non-U.S. Residents,-,NC,-,NP,-,NC,-,NP
Total,44,428,116,241,1,561,1,3
