Reporting Area,Hemolytic uremic syndrome post-diarrheal,Hemolytic uremic syndrome post-diarrheal,Hemolytic uremic syndrome post-diarrheal,Hemolytic uremic syndrome post-diarrheal,"Hepatitis A, acute","Hepatitis A, acute","Hepatitis A, acute","Hepatitis A, acute","Hepatitis B, acute","Hepatitis B, acute","Hepatitis B, acute","Hepatitis B, acute"
Reporting Area,Current week,Previous 52 weeks Max †,Cum YTD 2021 †,Cum YTD 2020 †,Current week,Previous 52 weeks Max †,Cum YTD 2021 †,Cum YTD 2020 †,Current week,Previous 52 weeks Max †,Cum YTD 2021 †,Cum YTD 2020 †
"U.S. Residents, excluding U.S. Territories",3,16,246,199,10,453,4306,8146,7,92,1381,1792
New England,-,2,5,1,-,8,73,210,1,5,43,55
Connecticut,-,1,1,-,-,1,9,13,-,0,-,-
Maine,-,2,3,-,-,6,43,126,1,5,31,35
Massachusetts,-,1,1,1,-,3,13,30,-,1,11,17
New Hampshire,-,0,-,-,-,2,4,26,-,0,-,-
Rhode Island,-,0,-,-,-,1,-,2,U,NC,U,U
Vermont,-,0,-,-,-,2,4,13,-,1,1,3
Middle Atlantic,-,2,9,12,3,21,406,453,1,8,89,118
New Jersey,-,0,-,1,-,4,47,141,-,2,1,41
New York (excluding New York City),-,1,7,5,1,17,100,169,-,4,10,18
New York City,-,1,1,3,1,7,76,33,-,8,34,17
Pennsylvania,-,1,1,3,1,17,183,110,1,4,44,42
East North Central,-,2,16,10,-,13,183,545,-,11,203,279
Illinois,-,2,3,3,-,5,62,82,-,2,11,25
Indiana,-,1,-,3,-,5,50,176,-,7,64,89
Michigan,-,1,2,4,-,3,17,17,-,3,27,38
Ohio,-,2,7,-,-,8,52,259,-,5,89,116
Wisconsin,-,1,4,-,-,1,2,11,-,2,12,11
West North Central,-,4,30,26,-,31,340,602,-,3,24,47
Iowa,-,2,9,3,-,1,5,6,-,2,11,17
Kansas,-,1,6,2,-,25,224,190,-,0,-,2
Minnesota,-,1,-,1,-,2,11,67,-,1,5,7
Missouri,-,1,3,14,-,8,94,333,-,1,5,15
Nebraska,-,2,3,1,-,1,5,4,-,0,-,1
North Dakota,-,2,4,3,-,1,1,1,-,1,2,4
South Dakota,-,2,5,2,-,0,-,1,-,1,1,1
South Atlantic,-,2,11,17,-,81,1574,3421,1,56,591,733
Delaware,-,0,-,-,-,3,8,28,-,2,4,6
District of Columbia,-,0,-,-,-,1,-,5,U,NC,U,U
Florida,-,1,3,2,-,17,174,910,-,47,334,347
Georgia,-,0,-,4,-,19,317,492,-,8,79,92
Maryland,-,1,-,7,-,19,57,270,1,2,24,32
North Carolina,-,1,1,1,-,35,528,397,-,5,53,115
South Carolina,-,1,1,1,-,24,322,1042,-,4,43,54
Virginia,-,2,6,2,-,19,130,186,-,3,25,36
West Virginia,-,0,-,-,-,5,38,91,-,3,29,51
East South Central,-,3,22,24,2,31,682,1413,2,12,210,314
Alabama,-,1,3,2,-,24,366,812,-,4,50,51
Kentucky,-,1,6,6,-,4,28,51,-,5,72,100
Mississippi,-,0,-,-,2,12,265,290,-,2,14,33
Tennessee,-,3,13,16,-,4,23,260,2,5,74,130
West South Central,1,7,11,8,5,49,913,1088,1,14,100,130
Arkansas,1,1,5,5,3,33,387,235,-,4,26,45
Louisiana,-,1,2,2,-,15,181,705,-,3,21,36
Oklahoma,-,6,-,-,-,13,11,2,1,10,17,18
Texas,-,2,4,1,2,25,334,146,-,11,36,31
Mountain,1,3,21,21,-,3,46,190,-,4,37,50
Arizona,1,3,13,6,-,2,21,41,-,2,11,15
Colorado,-,0,-,8,-,1,12,88,-,2,-,9
Idaho,-,0,-,-,-,1,1,18,-,0,-,-
Montana,-,0,-,1,-,1,1,8,-,1,2,4
Nevada,-,1,1,1,-,2,1,16,-,3,10,12
New Mexico,-,0,-,-,-,1,4,6,-,0,-,-
Utah,-,2,7,5,-,1,5,12,-,2,13,9
Wyoming,-,0,-,-,-,2,1,1,-,1,1,1
Pacific,1,10,121,80,-,284,89,224,1,6,84,66
Alaska,-,1,1,-,-,1,1,-,-,1,2,4
California,1,10,112,76,-,4,56,194,-,3,42,46
Hawaii,-,0,-,-,-,1,4,5,-,1,2,-
Oregon,-,3,8,4,-,2,12,25,1,3,18,16
Washington,N,NC,N,N,-,284,16,-,-,3,20,-
U.S. Territories,-,0,-,-,-,1,8,13,-,2,4,7
American Samoa,N,NC,N,N,-,0,-,-,-,0,-,-
Commonwealth of Northern Mariana Islands,-,0,-,-,-,0,-,-,-,0,-,-
Guam,-,0,-,-,-,1,3,-,-,1,1,-
Puerto Rico,N,NC,N,N,-,1,5,12,-,1,3,1
U.S. Virgin Islands,-,0,-,-,-,0,-,1,-,0,-,6
Non-U.S. Residents,-,0,-,-,-,1,1,6,-,1,1,1
Total,3,16,246,199,10,453,4315,8165,7,92,1386,1800
