Reporting Area,Rabies,Rabies,Rabies,Rabies,Rabies,Rabies,Rabies,Rabies
Reporting Area,Animal,Animal,Animal,Animal,Human,Human,Human,Human
Reporting Area,Current week,Previous 52 weeks Max †,Cum YTD 2021 †,Cum YTD 2020 †,Current week,Previous 52 weeks Max †,Cum YTD 2021 †,Cum YTD 2020 †
"U.S. Residents, excluding U.S. Territories",9,54,160,296,-,0,-,-
New England,2,12,14,21,-,0,-,-
Connecticut,-,0,-,-,-,0,-,-
Maine,-,6,9,17,-,0,-,-
Massachusetts,-,0,-,-,-,0,-,-
New Hampshire,2,4,4,4,-,0,-,-
Rhode Island,-,12,1,-,-,0,-,-
Vermont,-,0,-,-,-,0,-,-
Middle Atlantic,-,6,35,-,-,0,-,-
New Jersey,-,0,-,-,-,0,-,-
New York (excluding New York City),-,6,35,-,-,0,-,-
New York City,-,0,-,-,-,0,-,-
Pennsylvania,-,0,-,-,-,0,-,-
East North Central,-,14,2,6,-,0,-,-
Illinois,-,6,1,3,-,0,-,-
Indiana,-,0,-,-,-,0,-,-
Michigan,-,6,-,2,-,0,-,-
Ohio,-,3,1,1,-,0,-,-
Wisconsin,-,0,-,-,-,0,-,-
West North Central,-,4,2,3,-,0,-,-
Iowa,-,0,-,-,-,0,-,-
Kansas,-,0,-,-,-,0,-,-
Minnesota,-,0,-,-,-,0,-,-
Missouri,-,3,1,1,-,0,-,-
Nebraska,-,4,1,2,-,0,-,-
North Dakota,-,0,-,-,-,0,-,-
South Dakota,-,0,-,-,-,0,-,-
South Atlantic,7,12,67,142,-,0,-,-
Delaware,-,0,-,-,-,0,-,-
District of Columbia,-,0,-,-,-,0,-,-
Florida,-,8,19,77,-,0,-,-
Georgia,-,0,-,-,-,0,-,-
Maryland,-,0,-,-,-,0,-,-
North Carolina,7,11,47,62,-,0,-,-
South Carolina,N,NC,N,N,-,0,-,-
Virginia,-,0,-,-,-,0,-,-
West Virginia,-,5,1,3,-,0,-,-
East South Central,-,6,2,14,-,0,-,-
Alabama,-,4,2,12,-,0,-,-
Kentucky,-,5,-,1,-,0,-,-
Mississippi,-,0,-,1,-,0,-,-
Tennessee,-,0,-,-,-,0,-,-
West South Central,-,33,38,77,-,0,-,-
Arkansas,-,3,3,4,-,0,-,-
Louisiana,-,0,-,-,-,0,-,-
Oklahoma,-,18,3,2,-,0,-,-
Texas,-,33,32,71,-,0,-,-
Mountain,-,11,-,6,-,0,-,-
Arizona,N,NC,N,N,-,0,-,-
Colorado,-,0,-,-,-,0,-,-
Idaho,-,0,-,-,-,0,-,-
Montana,-,2,-,1,-,0,-,-
Nevada,-,4,-,-,-,0,-,-
New Mexico,-,1,-,2,-,0,-,-
Utah,-,3,-,-,-,0,-,-
Wyoming,-,5,-,3,-,0,-,-
Pacific,-,14,-,27,-,0,-,-
Alaska,-,0,-,-,-,0,-,-
California,-,13,-,27,-,0,-,-
Hawaii,-,0,-,-,-,0,-,-
Oregon,-,2,-,-,-,0,-,-
Washington,-,0,-,-,-,0,-,-
U.S. Territories,-,0,-,-,-,0,-,-
American Samoa,-,0,-,-,-,0,-,-
Commonwealth of Northern Mariana Islands,-,0,-,-,-,0,-,-
Guam,-,0,-,-,-,0,-,-
Puerto Rico,-,0,-,-,-,0,-,-
U.S. Virgin Islands,-,0,-,-,-,0,-,-
Non-U.S. Residents,-,0,-,-,-,0,-,-
Total,9,54,160,296,-,0,-,-
