Reporting Area,Dengue virus infections,Dengue virus infections,Dengue virus infections,Dengue virus infections,Dengue virus infections,Dengue virus infections,Dengue virus infections,Dengue virus infections,Dengue virus infections,Dengue virus infections,Dengue virus infections,Dengue virus infections
Reporting Area,Dengue,Dengue,Dengue,Dengue,Dengue-like illness,Dengue-like illness,Dengue-like illness,Dengue-like illness,Severe dengue,Severe dengue,Severe dengue,Severe dengue
Reporting Area,Current week,Previous 52 weeks Max †,Cum YTD 2020 †,Cum YTD 2019 †,Current week,Previous 52 weeks Max †,Cum YTD 2020 †,Cum YTD 2019 †,Current week,Previous 52 weeks Max †,Cum YTD 2020 †,Cum YTD 2019 †
"U.S. Residents, excluding U.S. Territories",3,69,154,331,-,2,3,9,-,5,-,4
New England,-,4,5,16,-,1,-,-,-,0,-,-
Connecticut,-,1,-,4,-,0,-,-,-,0,-,-
Maine,-,0,-,1,-,0,-,-,-,0,-,-
Massachusetts,-,3,5,9,-,1,-,-,-,0,-,-
New Hampshire,-,0,-,-,-,0,-,-,-,0,-,-
Rhode Island,-,2,-,1,-,0,-,-,-,0,-,-
Vermont,-,1,-,1,-,0,-,-,-,0,-,-
Middle Atlantic,-,16,7,60,-,1,-,-,-,1,-,-
New Jersey,-,7,-,17,-,1,-,-,-,1,-,-
New York (excluding New York City),-,5,4,12,-,0,-,-,-,0,-,-
New York City,-,9,-,23,-,1,-,-,-,1,-,-
Pennsylvania,-,4,3,8,-,0,-,-,-,0,-,-
East North Central,-,7,18,27,-,1,-,2,-,1,-,-
Illinois,-,4,7,9,-,1,-,1,-,1,-,-
Indiana,-,2,2,5,-,0,-,-,-,0,-,-
Michigan,-,3,-,6,-,0,-,-,-,0,-,-
Ohio,-,2,2,2,-,0,-,1,-,0,-,-
Wisconsin,-,2,7,5,-,0,-,-,-,0,-,-
West North Central,-,4,5,3,-,0,-,1,-,0,-,-
Iowa,-,1,1,-,-,0,-,1,-,0,-,-
Kansas,-,1,-,2,-,0,-,-,-,0,-,-
Minnesota,-,0,-,-,-,0,-,-,-,0,-,-
Missouri,-,4,2,1,-,0,-,-,-,0,-,-
Nebraska,-,1,1,-,-,0,-,-,-,0,-,-
North Dakota,-,0,-,-,-,0,-,-,-,0,-,-
South Dakota,-,1,1,-,-,0,-,-,-,0,-,-
South Atlantic,3,35,55,93,-,1,1,3,-,2,-,3
Delaware,-,2,1,1,-,0,-,-,-,0,-,-
District of Columbia,-,1,1,-,-,1,1,3,-,0,-,-
Florida,3,27,41,62,-,0,-,-,-,2,-,2
Georgia,-,1,-,2,-,0,-,-,-,0,-,-
Maryland,-,4,4,6,-,0,-,-,-,0,-,-
North Carolina,-,2,4,11,-,0,-,-,-,0,-,1
South Carolina,-,1,-,4,-,0,-,-,-,0,-,-
Virginia,-,3,4,3,-,0,-,-,-,0,-,-
West Virginia,-,0,-,4,-,0,-,-,-,0,-,-
East South Central,-,2,2,3,-,0,-,-,-,1,-,-
Alabama,-,2,-,-,-,0,-,-,-,0,-,-
Kentucky,-,1,-,1,-,0,-,-,-,0,-,-
Mississippi,-,0,-,-,-,0,-,-,-,0,-,-
Tennessee,-,1,2,2,-,0,-,-,-,1,-,-
West South Central,-,10,11,16,-,1,-,1,-,0,-,1
Arkansas,-,1,1,-,-,0,-,-,-,0,-,-
Louisiana,-,1,3,2,-,1,-,1,-,0,-,-
Oklahoma,-,0,-,1,-,0,-,-,-,0,-,-
Texas,-,9,7,13,-,1,-,-,-,0,-,1
Mountain,-,5,9,18,-,2,1,1,-,1,-,-
Arizona,-,2,4,2,-,1,-,-,-,0,-,-
Colorado,-,3,3,6,-,1,-,1,-,1,-,-
Idaho,-,0,-,1,-,0,-,-,-,1,-,-
Montana,-,1,-,4,-,0,-,-,-,0,-,-
Nevada,-,1,-,2,-,1,1,-,-,0,-,-
New Mexico,-,1,1,1,-,0,-,-,-,0,-,-
Utah,-,2,1,2,-,0,-,-,-,0,-,-
Wyoming,-,1,-,-,-,0,-,-,-,0,-,-
Pacific,-,20,42,95,-,1,1,1,-,0,-,-
Alaska,-,1,-,1,-,0,-,-,-,0,-,-
California,-,18,28,76,-,0,-,-,-,0,-,-
Hawaii,-,5,4,4,-,0,-,-,-,0,-,-
Oregon,-,3,6,2,-,1,-,1,-,0,-,-
Washington,-,1,4,12,-,1,1,-,-,0,-,-
U.S. Territories,-,19,234,7,-,4,27,2,-,2,8,1
American Samoa,-,0,-,-,-,0,-,-,-,0,-,-
Commonwealth of Northern Mariana Islands,-,1,-,-,-,0,-,-,-,0,-,-
Guam,-,6,2,1,-,0,-,-,-,0,-,-
Puerto Rico,-,19,232,6,-,4,27,2,-,2,8,1
U.S. Virgin Islands,-,2,-,-,-,0,-,-,-,0,-,-
Non-U.S. Residents,-,0,-,-,-,0,-,-,-,0,-,-
Total,3,70,388,338,-,4,30,11,-,5,8,5
