Reporting  Area,Invasive Pneumococcal Disease §  All Ages,Invasive Pneumococcal Disease §  All Ages,Invasive Pneumococcal Disease §  All Ages,Invasive Pneumococcal Disease §  All Ages,Invasive Pneumococcal Disease §  All Ages,Invasive Pneumococcal Disease §  All Ages,Invasive Pneumococcal Disease §  All Ages,Invasive Pneumococcal Disease §  All Ages,Invasive Pneumococcal Disease §  All Ages,Invasive Pneumococcal Disease §  All Ages
Reporting  Area,Confirmed,Confirmed,Confirmed,Confirmed,Confirmed,Probable,Probable,Probable,Probable,Probable
Reporting  Area,Current  week,Previous 52 weeks,Previous 52 weeks,Cum  2017,Cum  2016,Current  week,Previous 52 weeks,Previous 52 weeks,Cum  2017,Cum  2016
Reporting  Area,Current  week,Med,Max,Cum  2017,Cum  2016,Current  week,Med,Max,Cum  2017,Cum  2016
UNITED STATES,150,316,791,16251,17603,2,2,12,155,23
NEW ENGLAND,7,21,49,1081,1106,-,0,2,4,-
Conn.,-,4,16,218,239,-,0,2,3,-
Maine,5,2,10,127,133,-,0,0,-,-
Mass.,-,10,28,536,513,-,0,0,-,-
N.H.,1,2,6,95,93,-,0,1,1,-
R.I.,-,1,11,52,65,-,0,0,-,-
Vt.,1,1,4,53,63,-,0,0,-,-
MID. ATLANTIC,45,48,129,2323,2724,1,1,10,81,-
N.J.,1,6,22,259,580,1,0,10,45,-
N.Y. (Upstate),22,16,70,872,916,-,0,1,2,-
N.Y. City,16,12,29,660,659,-,0,2,2,-
Pa.,6,10,23,532,569,-,0,4,32,-
E.N. CENTRAL,8,57,108,2944,3000,-,0,2,14,11
Ill.,N,0,0,N,N,N,0,0,N,N
Ind.,-,11,33,580,688,-,0,2,3,-
Mich.,1,14,28,725,908,-,0,1,7,11
Ohio,-,21,52,1160,987,-,0,2,4,-
Wis.,7,9,22,479,417,-,0,0,-,-
W.N. CENTRAL,-,23,48,1193,1313,-,0,3,25,6
Iowa,N,0,0,N,N,N,0,0,N,N
Kans.,-,4,14,245,235,-,0,1,2,1
Minn.,-,0,12,26,482,-,0,0,-,-
Mo.,-,10,24,561,204,-,0,3,17,3
Nebr.,-,2,10,156,184,-,0,1,3,2
N. Dak.,-,2,5,79,79,-,0,0,-,-
S. Dak.,-,2,9,126,129,-,0,1,3,-
S. ATLANTIC,39,53,120,2923,2940,-,0,3,12,-
Del.,1,1,6,67,69,-,0,0,-,-
D.C.,-,0,4,40,75,-,0,0,-,-
Fla.,29,11,27,667,619,-,0,2,5,-
Ga.,-,17,39,896,1030,-,0,0,-,-
Md.,9,8,19,477,450,-,0,1,2,-
N.C.,N,0,0,N,N,N,0,0,N,N
S.C.,-,6,37,547,384,-,0,2,5,-
Va.,-,0,3,26,36,-,0,0,-,-
W. Va.,-,4,12,203,277,-,0,0,-,-
E.S. CENTRAL,2,33,72,1714,1803,-,0,1,1,2
Ala.,2,6,19,353,396,-,0,0,-,-
Ky.,-,6,17,329,255,-,0,1,1,1
Miss.,-,4,14,251,276,-,0,0,-,-
Tenn.,-,14,38,781,876,-,0,0,-,1
W.S. CENTRAL,15,36,231,1841,2365,-,0,2,13,2
Ark.,-,5,32,310,289,-,0,0,-,1
La.,8,3,13,209,339,-,0,2,3,1
Okla.,N,0,0,N,N,N,0,0,N,N
Tex.,7,26,189,1322,1737,-,0,2,10,-
MOUNTAIN,34,38,69,2041,2134,1,0,1,5,2
Ariz.,13,12,28,653,716,-,0,1,2,-
Colo.,19,12,21,605,513,-,0,0,-,-
Idaho,N,0,0,N,N,N,0,0,N,N
Mont.,-,2,6,109,97,1,0,1,3,2
Nev.,-,3,16,200,228,-,0,0,-,-
N. Mex.,2,5,15,317,301,-,0,0,-,-
Utah,-,2,11,129,242,-,0,0,-,-
Wyo.,-,0,5,28,37,-,0,0,-,-
PACIFIC,-,3,12,191,218,-,0,0,-,-
Alaska,-,2,7,113,129,-,0,0,-,-
Calif.,N,0,0,N,N,N,0,0,N,N
Hawaii,-,1,8,78,89,-,0,0,-,-
Oreg.,N,0,0,N,N,N,0,0,N,N
Wash.,N,0,0,N,N,N,0,0,N,N
Amer. Samoa,N,0,0,N,N,N,0,0,N,N
C.N.M.I.,-,-,-,-,-,-,-,-,-,-
Guam,-,-,-,-,-,-,-,-,-,-
P.R.,-,0,0,-,-,-,0,0,-,-
V.I.,-,0,0,-,-,-,0,0,-,-
