Reporting Area,Tuberculosis †,Tuberculosis †,Tuberculosis †,Tuberculosis †,Tuberculosis †
Reporting Area,Current  quarter,Previous 4 quarters,Previous 4 quarters,Cum  2018,Cum  2017
Reporting Area,Current  quarter,Min,Max,Cum  2018,Cum  2017
United States,1828,1828.0,2275.0,8062,9031
New England,61,61.0,80.0,279,320
Connecticut,12,8.0,15.0,48,63
Maine,3,1.0,10.0,15,14
Massachusetts,44,44.0,49.0,187,208
New Hampshire,-,0.0,5.0,5,19
Rhode Island,2,2.0,8.0,19,13
Vermont,-,0.0,2.0,5,3
Middle Atlantic,300,275.0,313.0,1194,1264
New Jersey,54,30.0,75.0,234,283
New York (excluding New York City),54,40.0,54.0,193,182
New York City,145,126.0,152.0,558,607
Pennsylvania,47,42.0,64.0,209,192
East North Central,206,139.0,206.0,708,759
Illinois,79,54.0,92.0,309,336
Indiana,44,19.0,44.0,118,100
Michigan,21,19.0,28.0,92,122
Ohio,62,24.0,62.0,162,152
Wisconsin,-,0.0,14.0,27,49
West North Central,60,60.0,90.0,290,386
Iowa,8,8.0,13.0,39,47
Kansas,-,0.0,12.0,18,27
Minnesota,45,28.0,52.0,167,178
Missouri,1,1.0,11.0,33,85
Nebraska,1,1.0,5.0,11,21
North Dakota,3,2.0,5.0,12,14
South Dakota,2,1.0,5.0,10,14
South Atlantic,325,276.0,432.0,1415,1622
Delaware,2,0.0,9.0,15,14
District of Columbia,7,6.0,15.0,36,36
Florida,101,101.0,156.0,546,546
Georgia,60,41.0,72.0,239,285
Maryland,41,39.0,57.0,177,207
North Carolina,33,21.0,58.0,158,213
South Carolina,25,3.0,27.0,71,101
Virginia,53,29.0,53.0,167,204
West Virginia,3,0.0,3.0,6,16
East South Central,73,73.0,111.0,375,353
Alabama,15,15.0,29.0,91,120
Kentucky,12,12.0,22.0,60,65
Mississippi,16,13.0,29.0,80,46
Tennessee,30,30.0,47.0,144,122
West South Central,172,172.0,320.0,1079,1413
Arkansas,6,6.0,24.0,60,85
Louisiana,24,20.0,33.0,103,141
Oklahoma,20,13.0,21.0,73,52
Texas,122,122.0,264.0,843,1135
Mountain,68,68.0,101.0,358,433
Arizona,22,22.0,49.0,158,188
Colorado,15,9.0,23.0,66,84
Idaho,4,2.0,5.0,15,10
Montana,-,0.0,2.0,4,3
Nevada,16,10.0,22.0,65,80
New Mexico,8,6.0,9.0,32,37
Utah,3,2.0,8.0,18,29
Wyoming,-,0.0,0.0,-,2
Pacific,563,556.0,639.0,2364,2481
Alaska,10,10.0,19.0,55,53
California,485,452.0,518.0,1948,2037
Hawaii,15,15.0,33.0,102,116
Oregon,20,16.0,20.0,74,69
Washington,33,33.0,56.0,185,206
Territories,,,,,
American Samoa,-,0.0,1.0,1,2
Commonwealth of Northern Mariana Islands,-,0.0,16.0,33,39
Guam,18,14.0,20.0,68,84
Puerto Rico,9,3.0,9.0,23,40
U.S. Virgin Islands,-,0.0,0.0,-,-
