Reporting Area,Ehrlichiosis and Anaplasmosis,Ehrlichiosis and Anaplasmosis,Ehrlichiosis and Anaplasmosis,Ehrlichiosis and Anaplasmosis,Ehrlichiosis and Anaplasmosis,Ehrlichiosis and Anaplasmosis,Ehrlichiosis and Anaplasmosis,Ehrlichiosis and Anaplasmosis
Reporting Area,Anaplasma phagocytophilum  infection,Anaplasma phagocytophilum  infection,Anaplasma phagocytophilum  infection,Anaplasma phagocytophilum  infection,Ehrlichia chaffeensis  infection,Ehrlichia chaffeensis  infection,Ehrlichia chaffeensis  infection,Ehrlichia chaffeensis  infection
Reporting Area,Current  week,Previous 52  weeks Max †,Cum YTD  2019 †,Cum YTD  2018 †,Current  week,Previous 52  weeks Max †,Cum YTD  2019 †,Cum YTD  2018 †
"U.S. Residents, excluding U.S. Territories",176,263,2040,2428,38,129,771,975
New England,86,123,1055,1198,4,10,42,69
Connecticut,-,6,29,70,-,0,-,-
Maine,67,64,296,290,-,4,4,7
Massachusetts,-,45,298,473,-,4,12,11
New Hampshire,-,19,142,148,-,3,2,12
Rhode Island,2,13,36,82,3,5,9,33
Vermont,17,37,254,135,1,4,15,6
Middle Atlantic,87,134,871,507,9,38,98,97
New Jersey,-,10,57,63,-,7,52,59
New York (excluding New York City),87,132,794,358,9,38,44,28
New York City,-,7,20,27,-,2,2,6
Pennsylvania,-,7,-,59,-,2,-,4
East North Central,2,24,66,301,-,7,58,92
Illinois,-,2,3,11,-,4,22,30
Indiana,-,0,-,-,-,0,-,-
Michigan,-,3,1,11,-,1,3,5
Ohio,-,1,4,-,-,4,11,9
Wisconsin,2,22,58,279,-,4,22,48
West North Central,1,38,13,377,9,37,226,292
Iowa,-,2,4,3,-,2,8,10
Kansas,-,1,-,2,-,5,30,42
Minnesota,-,35,-,362,-,1,-,7
Missouri,1,2,7,6,9,32,186,225
Nebraska,-,0,-,-,-,1,2,3
North Dakota,-,2,2,3,-,0,-,2
South Dakota,-,0,-,1,-,0,-,3
South Atlantic,-,4,23,23,5,23,146,219
Delaware,-,2,4,7,-,6,35,15
District of Columbia,-,0,-,-,-,1,-,2
Florida,-,3,5,9,1,4,21,20
Georgia,-,0,-,-,-,0,-,-
Maryland,-,3,6,1,2,10,25,42
North Carolina,-,1,1,3,-,6,31,64
South Carolina,-,0,-,-,-,0,-,-
Virginia,-,2,7,3,2,11,34,73
West Virginia,-,0,-,-,-,1,-,3
East South Central,-,1,6,9,5,19,82,131
Alabama,-,1,3,3,1,4,16,11
Kentucky,-,1,-,-,-,5,-,43
Mississippi,-,1,-,3,-,2,3,8
Tennessee,-,1,3,3,4,14,63,69
West South Central,-,3,2,9,6,82,118,74
Arkansas,-,1,2,5,6,22,111,60
Louisiana,-,0,-,-,-,1,1,1
Oklahoma,-,2,-,2,-,81,6,7
Texas,-,2,-,2,-,1,-,6
Mountain,-,1,1,2,-,1,1,1
Arizona,-,1,1,-,-,1,-,-
Colorado,N,NC,N,N,N,NC,N,N
Idaho,N,NC,N,N,N,NC,N,N
Montana,-,1,-,-,-,0,-,-
Nevada,-,0,-,1,-,0,-,1
New Mexico,N,NC,N,N,N,NC,N,N
Utah,-,0,-,1,-,0,-,-
Wyoming,-,0,-,-,-,1,1,-
Pacific,-,1,3,2,-,0,-,-
Alaska,N,NC,N,N,N,NC,N,N
California,-,1,1,2,-,0,-,-
Hawaii,N,NC,N,N,N,NC,N,N
Oregon,-,1,1,-,-,0,-,-
Washington,-,1,1,-,-,0,-,-
U.S. Territories,-,0,-,-,-,0,-,-
American Samoa,N,NC,N,N,N,NC,N,N
Commonwealth of Northern Mariana Islands,-,0,-,-,-,0,-,-
Guam,N,NC,N,N,N,NC,N,N
Puerto Rico,N,NC,N,N,N,NC,N,N
U.S. Virgin Islands,-,0,-,-,-,0,-,-
Non-U.S. Residents,-,NC,-,NP,-,NC,-,NP
Total,176,263,2040,2428,38,129,771,975
