Reporting  Area,Tetanus,Tetanus,Tetanus,Tetanus,Tetanus,Varicella morbidity,Varicella morbidity,Varicella morbidity,Varicella morbidity,Varicella morbidity
Reporting  Area,Current  week,Previous 52 weeks,Previous 52 weeks,Cum  2018,Cum  2017,Current  week,Previous 52 weeks,Previous 52 weeks,Cum  2018,Cum  2017
Reporting  Area,Current  week,Med,Max,Cum  2018,Cum  2017,Current  week,Med,Max,Cum  2018,Cum  2017
United States,-,0,3,11,29,71,129,221,4194,5922
New England,-,0,1,-,2,3,17,28,527,648
Connecticut,-,0,1,-,1,1,3,8,119,78
Maine,-,0,0,-,1,1,4,12,160,148
Massachusetts,-,0,0,-,-,-,6,16,196,284
New Hampshire,-,0,0,-,-,-,0,3,-,54
Rhode Island,-,0,0,-,-,-,1,12,22,42
Vermont,-,0,0,-,-,1,0,4,30,42
Middle Atlantic,-,0,1,1,2,12,16,35,468,751
New Jersey,-,0,0,-,-,-,4,16,103,349
New York (excluding New York City),-,0,0,-,1,N,0,0,N,N
New York City,-,0,0,-,-,-,0,0,-,-
Pennsylvania,-,0,1,1,1,12,12,26,365,402
East North Central,-,0,2,4,3,18,34,58,1110,1244
Illinois,-,0,0,-,-,-,7,20,233,258
Indiana,-,0,1,1,1,1,3,11,118,170
Michigan,-,0,1,2,2,3,7,22,253,360
Ohio,-,0,1,1,-,13,9,24,333,279
Wisconsin,-,0,1,-,-,1,5,13,173,177
West North Central,-,0,0,-,4,1,11,42,355,583
Iowa,-,0,0,-,1,N,0,0,N,N
Kansas,-,0,0,-,1,-,0,6,-,115
Minnesota,-,0,0,-,1,-,6,17,183,298
Missouri,-,0,0,-,-,1,3,21,102,108
Nebraska,-,0,0,-,1,-,0,4,29,24
North Dakota,-,0,0,-,-,-,1,15,35,22
South Dakota,-,0,0,-,-,-,0,2,6,16
South Atlantic,-,0,1,3,7,20,27,48,957,1004
Delaware,-,0,0,-,-,-,0,2,22,18
District of Columbia,-,0,0,-,-,-,0,2,5,14
Florida,-,0,0,-,2,16,13,32,579,466
Georgia,-,0,0,-,-,-,3,10,101,179
Maryland,-,0,1,-,1,N,0,0,N,N
North Carolina,-,0,1,2,3,N,0,0,N,N
South Carolina,-,0,0,-,-,-,1,8,58,126
Virginia,-,0,0,-,1,4,6,21,192,201
West Virginia,-,0,1,1,-,N,0,0,N,N
East South Central,-,0,1,1,2,2,2,9,74,73
Alabama,-,0,0,-,1,2,1,5,42,69
Kentucky,-,0,1,1,-,N,0,2,N,N
Mississippi,-,0,0,-,-,-,0,6,32,4
Tennessee,-,0,1,-,1,N,0,0,N,N
West South Central,-,0,1,1,2,1,2,39,110,961
Arkansas,-,0,0,-,1,1,1,11,26,83
Louisiana,-,0,0,-,-,-,0,12,39,44
Oklahoma,-,0,0,-,-,N,0,0,N,N
Texas,-,0,1,1,1,-,0,37,45,834
Mountain,-,0,0,-,4,14,15,53,514,552
Arizona,-,0,0,-,-,6,4,20,166,121
Colorado,-,0,0,-,-,7,6,19,214,172
Idaho,-,0,0,-,1,N,0,0,N,N
Montana,-,0,0,-,1,-,1,4,23,33
Nevada,-,0,0,-,1,N,0,0,N,N
New Mexico,-,0,0,-,-,1,0,3,19,58
Utah,-,0,0,-,1,-,3,12,83,160
Wyoming,-,0,0,-,-,-,0,1,9,8
Pacific,-,0,1,1,3,-,2,6,79,106
Alaska,-,0,0,-,-,-,0,3,21,33
California,-,0,1,-,1,-,0,3,28,32
Hawaii,-,0,0,-,-,-,1,3,30,41
Oregon,-,0,1,1,2,N,0,0,N,N
Washington,-,0,0,-,-,N,0,0,N,N
Territories,,,,,,,,,,
American Samoa,-,0,0,-,-,N,0,0,N,N
Commonwealth of Northern Mariana Islands,-,-,-,-,-,-,-,-,-,-
Guam,-,0,0,-,-,-,0,0,-,1
Puerto Rico,-,0,1,-,-,-,0,3,-,65
U.S. Virgin Islands,-,0,0,-,-,-,0,0,-,-
