0,1,2,3,4,5,6,7,8,9
Disease,,,,Total cases reported for previous years,Total cases reported for previous years,Total cases reported for previous years,Total cases reported for previous years,Total cases reported for previous years,
Disease,Current  week,Cum  2008,5-year  weekly  average  †,2007,2006,2005,2004,2003,States reporting cases  during current week (Count)
Anthrax,-,-,0,1,1,-,-,-,
Botulism:,,,,,,,,,
foodborne,-,7,0,32,20,19,16,20,
infant,-,65,2,85,97,85,87,76,
other(wound & unspecified),-,12,1,27,48,31,30,33,
Brucellosis,5,57,2,131,121,120,114,104,"FL (4 ), CA (1 )"
Chancroid,1,30,0,23,33,17,30,54,NY (1 )
Cholera,-,1,0,7,9,8,6,2,
Cyclosporiasis §,-,104,2,93,137,543,160,75,
Diphtheria,-,-,-,-,-,-,-,1,
"Domestic arboviral diseases §, ¶ :",,,,,,,,,
California serogroup,-,21,5,55,67,80,112,108,
eastern equine,-,2,0,4,8,21,6,14,
Powassan,-,1,0,7,1,1,1,-,
St. Louis,-,8,1,9,10,13,12,41,
western equine,-,-,-,-,-,-,-,-,
"Ehrlichiosis/Anaplasmosis §,**:",,,,,,,,,
Ehrlichia chaffeensis,13,513,13,828,578,506,338,321,"MO (3 ), NE (1 ), MD (3 ), VA (1 ), TN (4 ), TX (1 )"
Ehrlichia ewingii,-,7,-,-,-,-,-,-,
Anaplasma phagocytophilum,25,214,15,834,646,786,537,362,MN (25 )
undetermined,-,50,4,337,231,112,59,44,
"Haemophilus influenzae  ††,  invasive disease (age <5 yrs):",,,,,,,,,
serotype B,-,18,0,22,29,9,19,32,
nonserotype B,2,119,2,199,175,135,135,117,"OH (1 ), NC (1 )"
unknown serotype,-,138,3,180,179,217,177,227,
Hansen disease §,-,50,2,101,66,87,105,95,
Hantavirus pulmonary syndrome §,1,11,0,32,40,26,24,26,ND (1 )
"Hemolytic uremic syndrome, post-diarrheal §",3,123,7,292,288,221,200,178,"MN (1 ), TN (1 ), CA (1 )"
"Hepatitis C viral, acute",6,571,16,849,766,652,720,1102,"OH (1 ), MI (2 ), MD (1 ), NC (1 ), FL (1 )"
"HIV infection, pediatric (age <13 yrs) §§",-,-,3,-,-,380,436,504,
"Influenza-associated pediatric mortality §, ¶¶",-,88,0,77,43,45,-,N,
Listeriosis,8,406,22,808,884,896,753,696,"NY (1 ), PA (1 ), OH (4 ), FL (1 ), CA (1 )"
Measles ***,-,128,1,43,55,66,37,56,
"Meningococcal disease, invasive ††† :",,,,,,,,,
"A,C,Y, and W-135",1,205,4,325,318,297,-,-,WA (1 )
serogroup B,2,117,2,167,193,156,-,-,"FL (1 ), TN (1 )"
other serogroup,-,25,0,35,32,27,-,-,
unknown serogroup,4,449,9,550,651,765,-,-,"FL (2 ), TX (1 ), CA (1 )"
Mumps,2,284,14,800,6584,314,258,231,"PA (1 ), IN (1 )"
Novel influenza A infection virus,-,-,-,1,N,N,N,N,
Plague,-,1,0,7,17,8,3,1,
"Poliomyelitis, paralytic",-,-,0,-,-,1,-,-,
"Poliovirus infection, nonparalytic §",-,-,-,-,N,N,N,N,
Psittacosis §,2,10,0,12,21,16,12,12,"FL (1 ), CA (1 )"
"Q fever total §,§§§:",-,78,2,171,169,136,70,71,
acute,-,71,-,-,-,-,-,-,
chronic,-,7,-,-,-,-,-,-,
"Rabies, human",-,-,0,1,3,2,7,2,
Rubella ¶¶¶,-,11,0,12,11,11,10,7,
"Rubella, congenital syndrome",-,-,-,-,1,1,-,1,
"SARS CoV §, ****",-,-,-,-,-,-,-,8,
Smallpox §,-,-,-,-,-,-,-,-,
Streptococcal toxic-shock syndrome §,-,102,1,132,125,129,132,161,
"Syphilis, congenital (age <1 yr)",-,141,8,430,349,329,353,413,
Tetanus,-,7,1,28,41,27,34,20,
Toxic-shock syndrome (staphylococcal) §,-,45,2,92,101,90,95,133,
Trichinellosis,1,6,0,5,15,16,5,6,FL (1 )
Tularemia,2,74,3,137,95,154,134,129,ID (2 )
Typhoid fever,2,262,12,434,353,324,322,356,"VA (1 ), CA (1 )"
Vancomycin-intermediate  Staphylococcus aureus  §,-,6,0,37,6,2,-,N,
Vancomycin-resistant  Staphylococcus aureus  §,-,-,-,2,1,3,1,N,
Vibriosis (non-cholera  Vibrio  species infections) §,14,274,7,447,N,N,N,N,"MD (1 ), NC (1 ), FL (3 ), TN (1 ), WA (1 ), CA (7 )"
Yellow fever,-,-,-,-,-,-,-,-,
