0,1,2,3,4,5,6,7,8,9,10,11,12,13,14,15
Reporting  Area,Ehrlichiosis/Anaplasmosis  §,Ehrlichiosis/Anaplasmosis  §,Ehrlichiosis/Anaplasmosis  §,Ehrlichiosis/Anaplasmosis  §,Ehrlichiosis/Anaplasmosis  §,Ehrlichiosis/Anaplasmosis  §,Ehrlichiosis/Anaplasmosis  §,Ehrlichiosis/Anaplasmosis  §,Ehrlichiosis/Anaplasmosis  §,Ehrlichiosis/Anaplasmosis  §,Ehrlichiosis/Anaplasmosis  §,Ehrlichiosis/Anaplasmosis  §,Ehrlichiosis/Anaplasmosis  §,Ehrlichiosis/Anaplasmosis  §,Ehrlichiosis/Anaplasmosis  §
Reporting  Area,Ehrlichia chaffeensis,Ehrlichia chaffeensis,Ehrlichia chaffeensis,Ehrlichia chaffeensis,Ehrlichia chaffeensis,Anaplasma phagocytophilum,Anaplasma phagocytophilum,Anaplasma phagocytophilum,Anaplasma phagocytophilum,Anaplasma phagocytophilum,Undetermined,Undetermined,Undetermined,Undetermined,Undetermined
Reporting  Area,Current  week,Previous 52 weeks,Previous 52 weeks,Cum  2015,Cum  2014,Current  week,Previous 52 weeks,Previous 52 weeks,Cum  2015,Cum  2014,Current  week,Previous 52 weeks,Previous 52 weeks,Cum  2015,Cum  2014
Reporting  Area,Current  week,Med,Max,Cum  2015,Cum  2014,Current  week,Med,Max,Cum  2015,Cum  2014,Current  week,Med,Max,Cum  2015,Cum  2014
UNITED STATES,7,14,70,823,1148,13,36,177,1750,2106,-,2,7,80,158
NEW ENGLAND,-,1,6,33,45,1,13,93,862,875,-,0,2,3,5
Conn.,-,0,0,-,-,-,0,12,69,69,-,0,0,-,-
Maine,-,0,1,4,7,1,2,14,114,128,-,0,2,1,2
Mass.,-,0,2,3,17,-,5,55,502,478,-,0,0,-,1
N.H.,-,0,2,7,4,-,1,8,38,92,-,0,0,-,2
R.I.,-,0,4,16,16,-,0,10,46,66,-,0,0,-,-
Vt.,-,0,2,3,1,-,1,12,93,42,-,0,1,2,-
MID. ATLANTIC,2,2,14,102,110,12,10,60,559,344,-,0,2,7,18
N.J.,-,0,5,41,48,-,1,11,87,53,-,0,2,3,5
N.Y. (Upstate),2,1,11,46,51,12,8,50,435,247,-,0,2,4,8
N.Y. City,-,0,2,14,7,-,0,5,37,27,-,0,0,-,-
Pa.,-,0,1,1,4,-,0,2,-,17,-,0,0,-,5
E.N. CENTRAL,-,0,6,46,59,-,3,31,248,427,-,1,5,36,83
Ill.,-,0,3,21,45,-,0,1,5,13,-,0,1,2,-
Ind.,-,0,0,-,-,-,0,0,-,-,-,0,4,8,41
Mich.,-,0,2,4,3,-,0,1,6,1,-,0,0,-,-
Ohio,-,0,2,14,4,-,0,1,1,1,-,0,2,2,1
Wis.,-,0,2,7,7,-,2,30,236,412,-,0,3,24,41
W.N. CENTRAL,-,2,20,187,336,-,1,14,17,407,-,0,3,10,35
Iowa,N,0,0,N,N,N,0,0,N,N,N,0,0,N,N
Kans.,-,0,5,35,40,-,0,1,5,4,-,0,1,1,3
Minn.,-,0,0,-,5,-,0,13,-,382,-,0,1,-,14
Mo.,-,1,17,148,285,-,0,3,10,15,-,0,3,9,18
Nebr.,-,0,1,3,5,-,0,1,1,1,-,0,0,-,-
N. Dak.,-,0,1,1,1,-,0,1,1,5,-,0,0,-,-
S. Dak.,-,0,0,-,-,-,0,0,-,-,-,0,0,-,-
S. ATLANTIC,4,3,25,200,228,-,0,7,27,26,-,0,3,10,5
Del.,-,0,3,10,20,-,0,1,1,2,-,0,0,-,-
D.C.,-,0,0,-,-,-,0,0,-,-,-,0,1,-,-
Fla.,1,0,3,16,25,-,0,1,4,6,-,0,0,-,-
Ga.,-,0,4,11,14,-,0,0,-,1,-,0,1,1,-
Md.,1,0,6,36,26,-,0,1,4,2,-,0,1,1,-
N.C.,-,0,23,39,36,-,0,6,8,4,-,0,0,-,-
S.C.,-,0,1,3,8,-,0,1,1,-,-,0,0,-,-
Va.,2,1,8,83,96,-,0,3,9,11,-,0,2,7,5
W. Va.,-,0,1,2,3,-,0,1,-,-,-,0,1,1,-
E.S. CENTRAL,-,1,13,110,148,-,0,3,15,7,-,0,5,10,11
Ala.,-,0,3,6,9,-,0,2,7,5,-,0,1,2,1
Ky.,-,0,6,50,60,-,0,0,-,-,-,0,0,-,-
Miss.,-,0,1,6,3,-,0,0,-,1,-,0,0,-,-
Tenn.,-,0,7,48,76,-,0,3,8,1,-,0,5,8,10
W.S. CENTRAL,1,4,22,145,222,-,0,2,18,18,-,0,0,-,-
Ark.,-,3,16,138,169,-,0,2,15,13,-,0,0,-,-
La.,-,0,1,1,3,-,0,1,-,-,-,0,0,-,-
Okla.,-,0,20,2,41,-,0,1,-,3,-,0,0,-,-
Tex.,1,0,3,4,9,-,0,1,3,2,-,0,0,-,-
MOUNTAIN,-,0,0,-,-,-,0,1,2,-,-,0,1,3,-
Ariz.,-,0,0,-,-,-,0,0,-,-,-,0,1,3,-
Colo.,N,0,0,N,N,N,0,0,N,N,N,0,0,N,N
Idaho,N,0,0,N,N,N,0,0,N,N,N,0,0,N,N
Mont.,-,0,0,-,-,-,0,1,1,-,-,0,0,-,-
Nev.,-,0,0,-,-,-,0,0,-,-,-,0,0,-,-
N. Mex.,N,0,0,N,N,N,0,0,N,N,N,0,0,N,N
Utah,-,0,0,-,-,-,0,1,1,-,-,0,0,-,-
Wyo.,-,0,0,-,-,-,0,0,-,-,-,0,0,-,-
PACIFIC,-,0,0,-,-,-,0,1,2,2,-,0,1,1,1
Alaska,N,0,0,N,N,N,0,0,N,N,N,0,0,N,N
Calif.,-,0,0,-,-,-,0,1,-,2,-,0,1,1,1
Hawaii,N,0,0,N,N,N,0,0,N,N,N,0,0,N,N
Oreg.,-,0,0,-,-,-,0,1,2,-,-,0,0,-,-
Wash.,-,0,0,-,-,-,0,0,-,-,-,0,0,-,-
Amer. Samoa,N,-,-,N,N,N,-,-,N,N,N,-,-,N,N
C.N.M.I.,-,-,-,-,-,-,-,-,-,-,-,-,-,-,-
Guam,N,0,0,N,N,N,0,0,N,N,N,0,0,N,N
P.R.,N,0,0,N,N,N,0,0,N,N,N,0,0,N,N
V.I.,-,0,0,-,-,-,0,0,-,-,-,0,0,-,-
