Reporting Area,Mumps,Mumps,Mumps,Mumps,Novel influenza A virus infections §,Novel influenza A virus infections §,Novel influenza A virus infections §,Novel influenza A virus infections §
Reporting Area,Current  week,Previous 52  weeks Max †,Cum YTD  2019 †,Cum YTD  2018 †,Current  week,Previous 52  weeks Max †,Cum YTD  2019 †,Cum YTD  2018 †
"U.S. Residents, excluding U.S. Territories",57,152,2153,1778,-,3,-,13
New England,-,6,49,50,-,0,-,-
Connecticut,-,1,3,2,-,0,-,-
Maine,-,1,5,4,-,0,-,-
Massachusetts,-,5,32,25,-,0,-,-
New Hampshire,-,1,-,2,-,0,-,-
Rhode Island,-,2,7,3,-,0,-,-
Vermont,-,1,2,14,-,0,-,-
Middle Atlantic,-,55,500,372,-,0,-,-
New Jersey,-,5,39,31,-,0,-,-
New York (excluding New York City),-,4,34,47,-,0,-,-
New York City,-,7,82,178,-,0,-,-
Pennsylvania,-,50,345,116,-,0,-,-
East North Central,4,17,226,288,-,1,-,7
Illinois,-,9,64,217,-,0,-,-
Indiana,-,13,77,9,-,0,-,1
Michigan,-,4,17,27,-,0,-,3
Ohio,4,9,52,22,-,1,-,3
Wisconsin,-,3,16,13,-,0,-,-
West North Central,3,7,66,46,-,0,-,-
Iowa,-,2,6,14,-,0,-,-
Kansas,-,2,9,3,-,0,-,-
Minnesota,-,1,2,11,-,0,-,-
Missouri,1,2,18,16,-,0,-,-
Nebraska,2,7,16,2,-,0,-,-
North Dakota,-,3,15,-,-,0,-,-
South Dakota,-,0,-,-,-,0,-,-
South Atlantic,5,22,182,292,-,0,-,-
Delaware,-,1,1,22,-,0,-,-
District of Columbia,-,1,3,7,-,0,-,-
Florida,1,21,108,37,-,0,-,-
Georgia,-,3,2,24,-,0,-,-
Maryland,-,1,9,24,-,0,-,-
North Carolina,-,2,9,9,-,0,-,-
South Carolina,-,2,8,5,-,0,-,-
Virginia,4,5,41,162,-,0,-,-
West Virginia,-,1,1,2,-,0,-,-
East South Central,-,7,65,27,-,0,-,-
Alabama,-,2,8,8,-,0,-,-
Kentucky,-,2,4,6,-,0,-,-
Mississippi,-,5,40,3,-,0,-,-
Tennessee,-,3,13,10,-,0,-,-
West South Central,38,72,714,101,-,0,-,-
Arkansas,-,4,21,6,-,0,-,-
Louisiana,2,15,103,9,-,0,-,-
Oklahoma,-,5,3,6,-,0,-,-
Texas,36,66,587,80,-,0,-,-
Mountain,7,13,189,47,-,0,-,-
Arizona,1,10,77,5,-,0,-,-
Colorado,-,6,58,20,-,0,-,-
Idaho,-,1,-,1,-,0,-,-
Montana,-,5,12,2,-,0,-,-
Nevada,-,1,1,3,-,0,-,-
New Mexico,6,3,21,5,-,0,-,-
Utah,-,4,20,11,-,0,-,-
Wyoming,-,0,-,-,-,0,-,-
Pacific,-,63,162,555,-,2,-,6
Alaska,-,1,1,226,-,0,-,-
California,-,13,129,78,-,2,-,6
Hawaii,-,1,1,235,-,0,-,-
Oregon,-,1,3,16,-,0,-,-
Washington,-,58,28,-,-,0,-,-
U.S. Territories,-,0,-,3,-,0,-,-
American Samoa,-,0,-,-,-,0,-,-
Commonwealth of Northern Mariana Islands,-,0,-,-,-,0,-,-
Guam,-,0,-,-,-,0,-,-
Puerto Rico,-,0,-,3,-,0,-,-
U.S. Virgin Islands,-,0,-,-,-,0,-,-
Non-U.S. Residents,-,NC,-,NP,-,NC,-,NP
Total,57,152,2153,1781,-,3,-,13
