Reporting Area,Salmonella  Paratyphi infection §,Salmonella  Paratyphi infection §,Salmonella  Paratyphi infection §,Salmonella  Paratyphi infection §,Salmonella  Typhi infection ¶,Salmonella  Typhi infection ¶,Salmonella  Typhi infection ¶,Salmonella  Typhi infection ¶,Salmonellosis (excluding  Salmonella  Typhi infection and  Salmonella  Paratyphi infection) **,Salmonellosis (excluding  Salmonella  Typhi infection and  Salmonella  Paratyphi infection) **,Salmonellosis (excluding  Salmonella  Typhi infection and  Salmonella  Paratyphi infection) **,Salmonellosis (excluding  Salmonella  Typhi infection and  Salmonella  Paratyphi infection) **
Reporting Area,Current week,Previous 52 weeks Max †,Cum YTD 2021 †,Cum YTD 2020 †,Current week,Previous 52 weeks Max †,Cum YTD 2021 †,Cum YTD 2020 †,Current week,Previous 52 weeks Max †,Cum YTD 2021 †,Cum YTD 2020 †
"U.S. Residents, excluding U.S. Territories",-,3,8,39,-,4,27,83,173,1592,6070,7543
New England,-,1,1,4,-,1,1,3,9,62,340,321
Connecticut,-,1,1,3,-,1,-,-,-,17,64,74
Maine,-,0,-,-,-,0,-,-,2,10,29,13
Massachusetts,-,0,-,1,-,1,1,3,7,30,189,169
New Hampshire,-,0,-,-,-,1,-,-,-,9,37,33
Rhode Island,-,0,-,-,-,0,-,-,-,10,19,20
Vermont,-,0,-,-,-,0,-,-,-,8,2,12
Middle Atlantic,-,1,2,9,-,2,8,28,31,184,628,946
New Jersey,-,0,-,-,-,1,-,5,-,59,-,194
New York (excluding New York City),-,0,-,3,-,2,3,3,23,49,217,240
New York City,-,1,2,5,-,2,3,13,-,43,178,212
Pennsylvania,-,1,-,1,-,2,2,7,8,52,233,300
East North Central,-,2,1,10,-,1,1,6,5,217,648,1089
Illinois,-,2,-,6,-,1,-,3,-,71,186,337
Indiana,-,0,-,-,-,0,-,1,-,27,53,165
Michigan,-,0,-,3,-,1,-,-,-,47,24,192
Ohio,-,1,1,-,-,1,1,2,-,48,227,216
Wisconsin,-,0,-,1,-,1,-,-,5,33,158,179
West North Central,-,2,-,1,-,1,-,2,9,93,309,451
Iowa,-,2,-,1,-,0,-,-,-,35,128,120
Kansas,-,0,-,-,-,0,-,-,4,26,69,98
Minnesota,-,0,-,-,-,0,-,-,-,0,-,-
Missouri,-,0,-,-,-,1,-,2,-,36,17,153
Nebraska,-,0,-,-,-,0,-,-,5,16,63,53
North Dakota,-,0,-,-,-,0,-,-,-,5,8,17
South Dakota,-,0,-,-,-,0,-,-,-,5,24,10
South Atlantic,-,1,1,5,-,2,4,15,39,841,1908,2414
Delaware,-,0,-,-,-,1,1,-,2,10,22,-
District of Columbia,-,0,-,-,-,0,-,-,-,2,-,5
Florida,-,0,-,1,-,1,1,1,15,507,944,1162
Georgia,-,0,-,-,-,0,-,-,5,93,293,343
Maryland,-,0,-,2,-,1,1,2,-,40,118,126
North Carolina,-,0,-,-,-,0,-,4,-,111,144,344
South Carolina,-,0,-,-,-,0,-,2,9,85,179,208
Virginia,-,1,1,2,-,2,1,6,8,52,187,174
West Virginia,-,0,-,-,-,0,-,-,-,15,21,52
East South Central,-,1,-,2,-,1,2,2,9,98,368,419
Alabama,-,1,-,1,-,1,1,-,7,44,128,145
Kentucky,-,0,-,-,-,0,-,1,-,52,61,107
Mississippi,-,0,-,-,-,0,-,-,-,0,-,-
Tennessee,-,0,-,1,-,1,1,1,2,41,179,167
West South Central,-,1,-,3,-,2,2,7,19,250,679,953
Arkansas,-,1,-,-,-,1,1,-,1,23,73,77
Louisiana,-,1,-,-,-,0,-,-,9,47,193,251
Oklahoma,-,0,-,-,-,1,1,2,7,41,104,133
Texas,-,1,-,3,-,2,-,5,2,209,309,492
Mountain,-,1,-,4,-,1,1,4,19,152,464,581
Arizona,-,0,-,2,-,1,1,3,11,28,196,165
Colorado,-,1,-,-,-,1,-,1,3,30,152,168
Idaho,-,0,-,-,-,0,-,-,-,14,-,50
Montana,-,0,-,-,-,0,-,-,-,29,24,28
Nevada,-,0,-,2,-,0,-,-,-,3,11,15
New Mexico,-,0,-,-,-,0,-,-,-,15,-,64
Utah,-,0,-,-,-,0,-,-,-,52,59,69
Wyoming,-,0,-,-,-,0,-,-,5,9,22,22
Pacific,-,1,3,1,-,2,8,16,33,170,726,369
Alaska,-,1,-,-,-,0,-,-,-,9,4,5
California,-,1,1,-,-,2,6,8,22,59,467,120
Hawaii,-,1,1,-,-,1,1,-,-,6,21,29
Oregon,-,0,-,-,-,0,-,1,7,68,73,77
Washington,-,1,1,1,-,1,1,7,4,69,161,138
U.S. Territories,-,0,-,-,-,0,-,-,-,1,-,4
American Samoa,-,0,-,-,-,0,-,-,-,0,-,-
Commonwealth of Northern Mariana Islands,-,0,-,-,-,0,-,-,-,0,-,-
Guam,-,0,-,-,-,0,-,-,-,0,-,-
Puerto Rico,-,0,-,-,-,0,-,-,-,0,-,-
U.S. Virgin Islands,-,0,-,-,-,0,-,-,-,1,-,4
Non-U.S. Residents,-,0,-,-,-,0,-,-,1,1,1,-
Total,-,3,8,39,-,4,27,83,174,1592,6071,7547
