Reporting Area,"Invasive pneumococcal disease, age <5 years §","Invasive pneumococcal disease, age <5 years §","Invasive pneumococcal disease, age <5 years §","Invasive pneumococcal disease, age <5 years §","Invasive pneumococcal disease, age <5 years §","Invasive pneumococcal disease, age <5 years §","Invasive pneumococcal disease, age <5 years §","Invasive pneumococcal disease, age <5 years §",Legionellosis,Legionellosis,Legionellosis,Legionellosis
Reporting Area,Confirmed,Confirmed,Confirmed,Confirmed,Probable,Probable,Probable,Probable,Legionellosis,Legionellosis,Legionellosis,Legionellosis
Reporting Area,Current week,Previous 52 weeks Max †,Cum YTD 2020 †,Cum YTD 2019 †,Current week,Previous 52 weeks Max †,Cum YTD 2020 †,Cum YTD 2019 †,Current week,Previous 52 weeks Max †,Cum YTD 2020 †,Cum YTD 2019 †
"U.S. Residents, excluding U.S. Territories",10,40,203,273,-,2,10,11,24,333,745,1260
New England,1,3,10,20,-,0,-,-,-,23,32,75
Connecticut,-,1,2,4,-,0,-,-,-,8,16,9
Maine,-,1,-,3,-,0,-,-,-,3,2,7
Massachusetts,1,3,8,9,-,0,-,-,-,12,4,43
New Hampshire,-,1,-,1,-,0,-,-,-,4,6,7
Rhode Island,-,1,-,3,-,0,-,-,-,5,3,8
Vermont,-,1,-,-,-,0,-,-,-,2,1,1
Middle Atlantic,-,6,22,22,-,1,-,1,7,93,137,237
New Jersey,-,4,4,3,-,0,-,-,-,8,-,34
New York (excluding New York City),-,6,7,7,-,0,-,1,6,48,56,57
New York City,-,4,10,10,-,0,-,-,1,39,35,52
Pennsylvania,-,1,1,2,-,1,-,-,-,29,46,94
East North Central,2,8,33,40,-,2,7,3,11,115,200,264
Illinois,-,0,-,-,-,0,-,-,-,43,43,61
Indiana,-,3,7,10,-,0,-,-,-,0,-,-
Michigan,-,3,5,12,-,0,-,1,1,30,30,59
Ohio,2,3,14,10,-,2,7,2,10,68,127,110
Wisconsin,-,2,7,8,-,0,-,-,-,8,-,34
West North Central,-,4,8,23,-,1,1,2,3,33,49,59
Iowa,N,NC,N,N,N,NC,N,N,1,8,9,3
Kansas,-,1,-,8,-,1,-,2,-,5,4,8
Minnesota,-,2,-,2,-,0,-,-,1,7,14,23
Missouri,-,2,6,5,-,1,1,-,1,18,16,14
Nebraska,-,2,-,2,-,0,-,-,-,6,4,4
North Dakota,-,2,-,4,-,0,-,-,-,2,2,3
South Dakota,-,1,2,2,-,0,-,-,-,3,-,4
South Atlantic,4,9,42,64,-,1,1,2,-,141,158,238
Delaware,-,3,-,-,-,0,-,-,-,4,1,4
District of Columbia,-,1,1,1,-,0,-,-,-,3,3,6
Florida,2,6,21,23,-,1,1,2,-,17,73,86
Georgia,1,3,6,16,-,0,-,-,-,9,14,7
Maryland,1,3,5,9,-,0,-,-,-,16,29,60
North Carolina,N,NC,N,N,N,NC,N,N,-,112,10,23
South Carolina,-,2,4,5,-,0,-,-,-,6,8,12
Virginia,-,3,4,6,-,0,-,-,-,10,20,24
West Virginia,-,2,1,4,-,0,-,-,-,7,-,16
East South Central,-,8,19,23,-,0,-,-,-,20,40,77
Alabama,-,2,6,6,-,0,-,-,-,6,7,10
Kentucky,-,2,2,2,-,0,-,-,-,8,4,32
Mississippi,-,3,4,4,-,0,-,-,-,4,5,8
Tennessee,-,3,7,11,-,0,-,-,-,10,24,27
West South Central,2,19,36,41,-,2,1,1,1,25,53,69
Arkansas,2,4,10,9,-,0,-,-,1,3,6,11
Louisiana,-,2,9,6,-,0,-,-,-,6,-,5
Oklahoma,-,0,-,-,-,0,-,-,-,15,-,1
Texas,-,15,17,26,-,2,1,1,-,23,47,52
Mountain,1,4,32,37,-,0,-,1,2,13,43,64
Arizona,-,3,8,13,-,0,-,-,1,6,25,30
Colorado,1,4,11,3,-,0,-,-,1,6,8,18
Idaho,-,0,-,-,-,0,-,-,-,3,1,5
Montana,-,1,-,1,-,0,-,-,-,1,-,1
Nevada,-,2,1,1,-,0,-,-,-,3,4,3
New Mexico,-,2,4,10,-,0,-,-,-,2,4,2
Utah,-,2,8,8,-,0,-,1,-,3,-,4
Wyoming,-,0,-,1,-,0,-,-,-,1,1,1
Pacific,-,1,1,3,-,0,-,1,-,18,33,177
Alaska,-,1,-,-,-,0,-,1,-,1,-,-
California,N,NC,N,N,N,NC,N,N,-,13,-,143
Hawaii,-,1,1,3,-,0,-,-,-,2,4,7
Oregon,N,NC,N,N,N,NC,N,N,-,4,15,8
Washington,N,NC,N,N,N,NC,N,N,-,4,14,19
U.S. Territories,-,0,-,-,-,0,-,-,-,0,-,-
American Samoa,N,NC,N,N,N,NC,N,N,N,NC,N,N
Commonwealth of Northern Mariana Islands,-,0,-,-,-,0,-,-,-,0,-,-
Guam,-,0,-,-,-,0,-,-,-,0,-,-
Puerto Rico,-,0,-,-,-,0,-,-,-,0,-,-
U.S. Virgin Islands,-,0,-,-,-,0,-,-,-,0,-,-
Non-U.S. Residents,-,0,-,-,-,0,-,-,-,0,-,-
Total,10,40,203,273,-,2,10,11,24,333,745,1260
