0,1,2,3,4,5,6,7,8,9,10
Reporting  Area,Dengue Virus Infection,Dengue Virus Infection,Dengue Virus Infection,Dengue Virus Infection,Dengue Virus Infection,Dengue Virus Infection,Dengue Virus Infection,Dengue Virus Infection,Dengue Virus Infection,Dengue Virus Infection
Reporting  Area,Dengue Fever  †,Dengue Fever  †,Dengue Fever  †,Dengue Fever  †,Dengue Fever  †,Dengue Hemorrhagic Fever  §,Dengue Hemorrhagic Fever  §,Dengue Hemorrhagic Fever  §,Dengue Hemorrhagic Fever  §,Dengue Hemorrhagic Fever  §
Reporting  Area,Current  week,Previous 52 weeks,Previous 52 weeks,Cum  2012,Cum  2011,Current  week,Previous 52 weeks,Previous 52 weeks,Cum  2012,Cum  2011
Reporting  Area,Current  week,Med,Max,Cum  2012,Cum  2011,Current  week,Med,Max,Cum  2012,Cum  2011
UNITED STATES,-,4,23,305,243,-,0,1,1,3
NEW ENGLAND,-,0,3,14,4,-,0,0,-,-
Conn.,-,0,3,13,1,-,0,0,-,-
Maine,-,0,0,-,-,-,0,0,-,-
Mass.,-,0,0,-,-,-,0,0,-,-
N.H.,-,0,0,-,-,-,0,0,-,-
R.I.,-,0,0,-,-,-,0,0,-,-
Vt.,-,0,1,1,3,-,0,0,-,-
MID. ATLANTIC,-,1,7,56,68,-,0,0,-,-
N.J.,-,0,0,-,-,-,0,0,-,-
N.Y. (Upstate),-,0,0,-,8,-,0,0,-,-
N.Y. City,-,0,7,41,44,-,0,0,-,-
Pa.,-,0,2,15,16,-,0,0,-,-
E.N. CENTRAL,-,1,3,36,21,-,0,1,1,2
Ill.,-,0,2,14,6,-,0,1,1,2
Ind.,-,0,1,3,2,-,0,0,-,-
Mich.,-,0,1,4,6,-,0,0,-,-
Ohio,-,0,1,6,2,-,0,0,-,-
Wis.,-,0,1,9,5,-,0,0,-,-
W.N. CENTRAL,-,0,2,7,13,-,0,0,-,-
Iowa,-,0,1,2,5,-,0,0,-,-
Kans.,-,0,0,-,1,-,0,0,-,-
Minn.,-,0,0,-,6,-,0,0,-,-
Mo.,-,0,1,4,-,-,0,0,-,-
Nebr.,-,0,0,-,-,-,0,0,-,-
N. Dak.,-,0,0,-,1,-,0,0,-,-
S. Dak.,-,0,1,1,-,-,0,0,-,-
S. ATLANTIC,-,2,12,128,86,-,0,0,-,1
Del.,-,0,0,-,2,-,0,0,-,-
D.C.,-,0,0,-,-,-,0,0,-,-
Fla.,-,1,9,103,62,-,0,0,-,-
Ga.,-,0,2,8,5,-,0,0,-,-
Md.,-,0,1,2,5,-,0,0,-,-
N.C.,-,0,1,5,4,-,0,0,-,-
S.C.,-,0,1,2,1,-,0,0,-,-
Va.,-,0,2,8,7,-,0,0,-,1
W. Va.,-,0,0,-,-,-,0,0,-,-
E.S. CENTRAL,-,0,2,10,11,-,0,0,-,-
Ala.,-,0,1,3,4,-,0,0,-,-
Ky.,-,0,1,1,4,-,0,0,-,-
Miss.,-,0,1,1,-,-,0,0,-,-
Tenn.,-,0,2,5,3,-,0,0,-,-
W.S. CENTRAL,-,0,1,7,10,-,0,0,-,-
Ark.,-,0,0,-,-,-,0,0,-,-
La.,-,0,0,-,3,-,0,0,-,-
Okla.,-,0,1,1,-,-,0,0,-,-
Tex.,-,0,1,6,7,-,0,0,-,-
MOUNTAIN,-,0,1,6,6,-,0,0,-,-
Ariz.,-,0,1,1,2,-,0,0,-,-
Colo.,-,0,0,-,-,-,0,0,-,-
Idaho,-,0,1,1,-,-,0,0,-,-
Mont.,-,0,1,2,-,-,0,0,-,-
Nev.,-,0,1,2,1,-,0,0,-,-
N. Mex.,-,0,0,-,2,-,0,0,-,-
Utah,-,0,0,-,1,-,0,0,-,-
Wyo.,-,0,0,-,-,-,0,0,-,-
PACIFIC,-,0,5,41,24,-,0,0,-,-
Alaska,-,0,0,-,-,-,0,0,-,-
Calif.,-,0,4,25,5,-,0,0,-,-
Hawaii,-,0,2,4,10,-,0,0,-,-
Oreg.,-,0,0,-,-,-,0,0,-,-
Wash.,-,0,2,12,9,-,0,0,-,-
Amer. Samoa,-,0,0,-,-,-,0,0,-,-
C.N.M.I.,-,-,-,-,-,-,-,-,-,-
Guam,-,0,0,-,-,-,0,0,-,-
P.R.,-,29,272,3396,1409,-,0,3,25,30
V.I.,-,0,0,-,-,-,0,0,-,-
