Reporting Area,Vancomycin-resistant  Staphylococcus aureus,Vancomycin-resistant  Staphylococcus aureus,Vancomycin-resistant  Staphylococcus aureus,Vancomycin-resistant  Staphylococcus aureus,Varicella morbidity,Varicella morbidity,Varicella morbidity,Varicella morbidity
Reporting Area,Current  week,Previous 52  weeks Max †,Cum YTD  2019 †,Cum YTD  2018 †,Current  week,Previous 52  weeks Max †,Cum YTD  2019 †,Cum YTD  2018 †
"U.S. Residents, excluding U.S. Territories",-,1,-,-,82,210,3404,4360
New England,-,1,-,-,-,24,254,531
Connecticut,-,0,-,-,-,9,59,109
Maine,-,0,-,-,-,10,34,146
Massachusetts,-,1,-,-,-,10,127,164
New Hampshire,-,0,-,-,-,5,-,56
Rhode Island,-,0,-,-,-,8,22,30
Vermont,-,0,-,-,-,3,12,26
Middle Atlantic,-,0,-,-,4,31,397,515
New Jersey,-,0,-,-,-,17,174,210
New York (excluding New York City),-,0,-,-,N,NC,N,N
New York City,-,0,-,-,-,0,-,-
Pennsylvania,-,0,-,-,4,22,223,305
East North Central,-,0,-,-,10,48,898,1000
Illinois,-,0,-,-,-,18,200,209
Indiana,-,0,-,-,1,8,81,103
Michigan,-,0,-,-,-,16,223,250
Ohio,-,0,-,-,6,19,242,285
Wisconsin,-,0,-,-,3,10,152,153
West North Central,-,0,-,-,5,21,302,324
Iowa,-,0,-,-,N,NC,N,N
Kansas,-,0,-,-,-,0,-,-
Minnesota,-,0,-,-,-,15,170,163
Missouri,-,0,-,-,4,8,67,91
Nebraska,-,0,-,-,-,3,23,24
North Dakota,-,0,-,-,1,4,21,29
South Dakota,-,0,-,-,-,3,21,17
South Atlantic,-,0,-,-,30,62,934,856
Delaware,-,0,-,-,-,3,7,20
District of Columbia,N,NC,N,N,-,3,1,21
Florida,-,0,-,-,19,32,551,445
Georgia,-,0,-,-,-,17,104,115
Maryland,-,0,-,-,N,NC,N,N
North Carolina,-,0,-,-,N,NC,N,N
South Carolina,-,0,-,-,-,8,82,101
Virginia,-,0,-,-,11,24,189,154
West Virginia,-,0,-,-,N,NC,N,N
East South Central,-,0,-,-,1,12,70,66
Alabama,-,0,-,-,-,5,23,46
Kentucky,N,NC,N,N,1,2,15,13
Mississippi,-,0,-,-,-,8,32,7
Tennessee,-,0,-,-,N,NC,N,N
West South Central,-,0,-,-,27,55,145,585
Arkansas,-,0,-,-,1,6,40,30
Louisiana,-,0,-,-,-,9,9,58
Oklahoma,-,0,-,-,N,NC,N,N
Texas,-,0,-,-,26,52,96,497
Mountain,-,0,-,-,5,32,350,420
Arizona,-,0,-,-,4,19,160,121
Colorado,-,0,-,-,1,13,56,124
Idaho,N,NC,N,N,N,NC,N,N
Montana,-,0,-,-,-,4,12,30
Nevada,-,0,-,-,N,NC,N,N
New Mexico,N,NC,N,N,-,6,46,34
Utah,-,0,-,-,-,11,76,104
Wyoming,-,0,-,-,-,3,-,7
Pacific,-,0,-,-,-,6,54,63
Alaska,-,0,-,-,-,4,11,20
California,N,NC,N,N,-,4,21,19
Hawaii,-,0,-,-,-,3,22,24
Oregon,N,NC,N,N,N,NC,N,N
Washington,-,0,-,-,N,NC,N,N
U.S. Territories,-,0,-,-,-,5,-,40
American Samoa,N,NC,N,N,N,NC,N,N
Commonwealth of Northern Mariana Islands,-,0,-,-,-,0,-,-
Guam,-,0,-,-,-,0,-,-
Puerto Rico,-,0,-,-,-,5,-,40
U.S. Virgin Islands,-,0,-,-,-,0,-,-
Non-U.S. Residents,-,NC,-,NP,-,NC,-,NP
Total,-,1,-,-,82,211,3404,4400
