Reporting Area,Hemolytic uremic syndrome post-diarrheal,Hemolytic uremic syndrome post-diarrheal,Hemolytic uremic syndrome post-diarrheal,Hemolytic uremic syndrome post-diarrheal,"Hepatitis A, acute","Hepatitis A, acute","Hepatitis A, acute","Hepatitis A, acute","Hepatitis B, acute","Hepatitis B, acute","Hepatitis B, acute","Hepatitis B, acute"
Reporting Area,Current week,Previous 52 weeks Max †,Cum YTD 2020 †,Cum YTD 2019 †,Current week,Previous 52 weeks Max †,Cum YTD 2020 †,Cum YTD 2019 †,Current week,Previous 52 weeks Max †,Cum YTD 2020 †,Cum YTD 2019 †
"U.S. Residents, excluding U.S. Territories",-,19,66,112,31,451,3708,10228,6,84,648,1669
New England,-,1,1,1,9,19,110,326,-,5,32,56
Connecticut,-,1,-,-,-,3,11,6,-,0,-,3
Maine,-,1,-,-,9,6,48,23,-,4,19,28
Massachusetts,-,1,1,1,-,7,22,139,-,2,13,18
New Hampshire,-,1,-,-,-,12,25,149,-,1,-,3
Rhode Island,-,0,-,-,-,2,2,4,U,NC,U,U
Vermont,-,0,-,-,-,1,2,5,-,1,-,4
Middle Atlantic,-,4,2,3,5,75,253,574,1,10,52,121
New Jersey,-,0,-,-,-,23,37,280,-,5,-,35
New York (excluding New York City),-,2,1,-,5,14,108,64,1,4,13,26
New York City,-,1,-,1,-,11,29,53,-,4,15,15
Pennsylvania,-,4,1,2,-,43,79,177,-,5,24,45
East North Central,-,4,3,9,1,59,275,2546,-,25,92,311
Illinois,-,1,1,4,-,6,31,116,-,3,10,15
Indiana,-,0,-,-,1,26,80,944,-,8,7,83
Michigan,-,2,2,1,-,4,10,41,-,4,12,32
Ohio,-,1,-,2,-,49,151,1438,-,16,59,175
Wisconsin,-,2,-,2,-,6,3,7,-,1,4,6
West North Central,-,4,9,20,-,24,289,150,-,5,20,45
Iowa,-,1,-,4,-,2,5,4,-,3,5,8
Kansas,-,1,2,6,-,0,-,6,-,1,-,7
Minnesota,-,2,-,3,-,7,52,20,-,2,1,6
Missouri,-,2,6,3,-,21,228,110,-,3,12,22
Nebraska,-,1,1,-,-,3,3,2,-,1,1,-
North Dakota,-,1,-,3,-,1,-,2,-,1,1,1
South Dakota,-,2,-,1,-,1,1,6,-,1,-,1
South Atlantic,-,4,6,10,11,154,1272,2849,1,33,178,638
Delaware,-,0,-,-,-,4,25,9,-,1,4,11
District of Columbia,-,0,-,-,-,2,-,6,U,NC,U,U
Florida,-,1,2,2,-,91,309,1747,-,23,51,381
Georgia,-,2,2,2,8,24,267,420,-,6,25,53
Maryland,-,1,2,-,-,7,78,34,-,4,16,11
North Carolina,-,1,-,2,-,10,88,49,-,7,24,105
South Carolina,-,0,-,-,-,32,336,165,-,4,25,22
Virginia,-,2,-,3,3,17,114,96,1,6,17,22
West Virginia,-,1,-,1,-,13,55,323,-,4,16,33
East South Central,-,3,10,16,2,88,679,2422,3,17,166,272
Alabama,-,2,-,2,-,21,319,85,-,4,18,41
Kentucky,-,2,1,6,-,19,30,1104,-,7,56,102
Mississippi,-,0,-,-,-,9,120,21,-,4,23,20
Tennessee,-,2,9,8,2,68,210,1212,3,9,69,109
West South Central,-,7,5,11,3,43,382,458,1,10,54,79
Arkansas,-,2,4,2,3,9,104,115,1,5,26,16
Louisiana,-,1,-,1,-,32,241,283,-,4,15,36
Oklahoma,-,3,-,-,-,3,2,5,-,5,4,-
Texas,-,4,1,8,-,13,35,55,-,6,9,27
Mountain,-,3,3,6,-,37,105,736,-,6,15,60
Arizona,-,1,2,4,-,20,29,429,-,2,8,13
Colorado,-,3,-,-,-,18,48,101,-,1,2,10
Idaho,-,1,-,-,-,7,3,31,-,1,-,3
Montana,-,0,-,-,-,4,6,3,-,1,3,-
Nevada,-,0,-,-,-,7,7,66,-,2,-,14
New Mexico,-,0,-,1,-,2,4,89,-,1,-,2
Utah,-,2,1,1,-,2,7,13,-,2,1,15
Wyoming,-,0,-,-,-,3,1,4,-,1,1,3
Pacific,-,10,27,36,-,36,343,167,-,7,39,87
Alaska,-,0,-,1,-,0,-,2,-,1,2,5
California,-,9,27,34,-,19,139,122,-,5,17,57
Hawaii,-,0,-,-,-,1,4,1,-,2,5,1
Oregon,-,2,-,1,-,2,13,14,-,2,10,7
Washington,N,NC,N,N,-,18,187,28,-,3,5,17
U.S. Territories,-,0,-,-,-,0,-,-,-,0,-,-
American Samoa,N,NC,N,N,-,0,-,-,-,0,-,-
Commonwealth of Northern Mariana Islands,-,0,-,-,-,0,-,-,-,0,-,-
Guam,-,0,-,-,-,0,-,-,-,0,-,-
Puerto Rico,N,NC,N,N,-,0,-,-,-,0,-,-
U.S. Virgin Islands,-,0,-,-,-,0,-,-,-,0,-,-
Non-U.S. Residents,-,0,-,-,-,3,2,19,-,1,1,-
Total,-,19,66,112,31,454,3710,10247,6,84,649,1669
