Reporting Area,Tuberculosis,Tuberculosis,Tuberculosis,Tuberculosis,Tularemia,Tularemia,Tularemia,Tularemia
Reporting Area,Current week,Previous 52 weeks Max †,Cum YTD 2021 †,Cum YTD 2020 †,Current week,Previous 52 weeks Max †,Cum YTD 2021 †,Cum YTD 2020 †
"U.S. Residents, excluding U.S. Territories",16,296,512,1245,-,8,-,8
New England,-,9,20,49,-,1,-,-
Connecticut,-,4,7,14,-,0,-,-
Maine,-,3,1,-,-,0,-,-
Massachusetts,-,7,11,26,-,1,-,-
New Hampshire,-,3,-,6,-,1,-,-
Rhode Island,-,2,1,3,-,0,-,-
Vermont,-,2,-,-,-,0,-,-
Middle Atlantic,4,100,103,162,-,1,-,-
New Jersey,4,84,16,16,-,1,-,-
New York (excluding New York City),-,12,20,33,-,1,-,-
New York City,-,16,67,88,-,0,-,-
Pennsylvania,-,10,-,25,-,0,-,-
East North Central,2,41,55,85,-,2,-,1
Illinois,-,35,-,20,-,1,-,1
Indiana,1,5,10,16,-,1,-,-
Michigan,-,9,-,17,-,1,-,-
Ohio,-,35,38,22,-,0,-,-
Wisconsin,1,3,7,10,-,1,-,-
West North Central,-,23,16,52,-,3,-,2
Iowa,-,3,-,5,-,1,-,-
Kansas,-,6,1,6,-,1,-,-
Minnesota,-,17,4,17,-,0,-,-
Missouri,-,5,11,10,-,2,-,2
Nebraska,-,4,-,8,-,1,-,-
North Dakota,-,3,-,3,-,2,-,-
South Dakota,-,2,-,3,-,0,-,-
South Atlantic,1,50,23,212,-,1,-,-
Delaware,-,2,2,2,-,1,-,-
District of Columbia,-,2,-,7,-,0,-,-
Florida,-,14,-,80,-,0,-,-
Georgia,-,12,7,65,-,0,-,-
Maryland,-,8,-,21,-,0,-,-
North Carolina,1,21,2,8,-,1,-,-
South Carolina,-,8,5,2,-,0,-,-
Virginia,-,16,7,22,-,1,-,-
West Virginia,-,2,-,5,-,0,-,-
East South Central,5,16,31,46,-,1,-,-
Alabama,1,6,12,12,-,1,-,-
Kentucky,2,8,7,9,-,1,-,-
Mississippi,1,3,1,6,-,0,-,-
Tennessee,1,6,11,19,-,1,-,-
West South Central,2,30,72,209,-,2,-,3
Arkansas,-,4,6,12,-,2,-,3
Louisiana,2,7,9,7,-,0,-,-
Oklahoma,-,5,5,10,-,1,-,-
Texas,-,25,52,180,-,0,-,-
Mountain,-,15,31,65,-,1,-,2
Arizona,-,8,8,32,-,0,-,1
Colorado,-,7,9,11,-,1,-,-
Idaho,-,2,-,3,-,0,-,-
Montana,-,3,-,-,-,0,-,1
Nevada,-,3,9,9,-,0,-,-
New Mexico,-,4,3,3,-,1,-,-
Utah,-,4,2,7,-,0,-,-
Wyoming,-,0,-,-,-,1,-,-
Pacific,2,68,161,365,-,3,-,-
Alaska,-,4,-,9,-,0,-,-
California,2,61,100,297,-,1,-,-
Hawaii,-,5,15,19,-,0,-,-
Oregon,-,4,12,10,-,1,-,-
Washington,-,8,34,30,-,2,-,-
U.S. Territories,-,7,12,24,-,0,-,-
American Samoa,-,1,-,-,-,0,-,-
Commonwealth of Northern Mariana Islands,-,4,-,5,-,0,-,-
Guam,-,5,10,13,-,0,-,-
Puerto Rico,-,4,2,6,-,0,-,-
U.S. Virgin Islands,-,1,-,-,-,0,-,-
Non-U.S. Residents,-,0,-,-,-,0,-,-
Total,16,303,524,1269,-,8,-,8
