0,1,2,3,4,5,6,7,8,9,10,11,12,13,14,15
Reporting  Area,Ehrlichiosis/Anaplasmosis  †,Ehrlichiosis/Anaplasmosis  †,Ehrlichiosis/Anaplasmosis  †,Ehrlichiosis/Anaplasmosis  †,Ehrlichiosis/Anaplasmosis  †,Ehrlichiosis/Anaplasmosis  †,Ehrlichiosis/Anaplasmosis  †,Ehrlichiosis/Anaplasmosis  †,Ehrlichiosis/Anaplasmosis  †,Ehrlichiosis/Anaplasmosis  †,Ehrlichiosis/Anaplasmosis  †,Ehrlichiosis/Anaplasmosis  †,Ehrlichiosis/Anaplasmosis  †,Ehrlichiosis/Anaplasmosis  †,Ehrlichiosis/Anaplasmosis  †
Reporting  Area,Ehrlichia chaffeensis,Ehrlichia chaffeensis,Ehrlichia chaffeensis,Ehrlichia chaffeensis,Ehrlichia chaffeensis,Anaplasma phagocytophilum,Anaplasma phagocytophilum,Anaplasma phagocytophilum,Anaplasma phagocytophilum,Anaplasma phagocytophilum,Undetermined,Undetermined,Undetermined,Undetermined,Undetermined
Reporting  Area,Current  week,Previous 52 weeks,Previous 52 weeks,Cum  2013,Cum  2012,Current  week,Previous 52 weeks,Previous 52 weeks,Cum  2013,Cum  2012,Current  week,Previous 52 weeks,Previous 52 weeks,Cum  2013,Cum  2012
Reporting  Area,Current  week,Med,Max,Cum  2013,Cum  2012,Current  week,Med,Max,Cum  2013,Cum  2012,Current  week,Med,Max,Cum  2013,Cum  2012
UNITED STATES,-,10,66,8,5,-,20,67,7,46,-,3,18,-,-
NEW ENGLAND,-,0,4,1,-,-,4,20,1,17,-,0,0,-,-
Conn.,-,0,0,-,-,-,0,10,-,13,-,0,0,-,-
Maine,-,0,2,-,-,-,0,4,-,1,-,0,0,-,-
Mass.,-,0,0,-,-,-,0,0,-,-,-,0,0,-,-
N.H.,-,0,1,1,-,-,1,5,1,2,-,0,0,-,-
R.I.,-,0,3,-,-,-,1,11,-,1,-,0,0,-,-
Vt.,-,0,0,-,-,-,0,2,-,-,-,0,0,-,-
MID. ATLANTIC,-,0,6,1,-,-,5,18,1,9,-,0,2,-,-
N.J.,-,0,0,-,-,-,0,1,-,-,-,0,0,-,-
N.Y. (Upstate),-,0,3,1,-,-,4,18,-,6,-,0,2,-,-
N.Y. City,-,0,3,-,-,-,0,4,1,3,-,0,0,-,-
Pa.,-,0,1,-,-,-,0,0,-,-,-,0,0,-,-
E.N. CENTRAL,-,1,5,-,-,-,9,40,3,17,-,2,13,-,-
Ill.,-,0,4,-,-,-,0,1,-,3,-,0,1,-,-
Ind.,-,0,0,-,-,-,0,0,-,-,-,0,7,-,-
Mich.,-,0,0,-,-,-,0,0,-,-,-,0,1,-,-
Ohio,-,0,1,-,-,-,0,1,-,-,-,0,1,-,-
Wis.,-,0,3,-,-,-,9,40,3,14,-,1,6,-,-
W.N. CENTRAL,-,2,33,1,2,-,1,7,-,-,-,0,4,-,-
Iowa,N,0,0,N,N,N,0,0,N,N,N,0,0,N,N
Kans.,-,0,4,1,1,-,0,2,-,-,-,0,0,-,-
Minn.,-,0,1,-,-,-,1,5,-,-,-,0,1,-,-
Mo.,-,2,32,-,1,-,0,4,-,-,-,0,4,-,-
Nebr.,-,0,0,-,-,-,0,1,-,-,-,0,0,-,-
N. Dak.,-,0,0,-,-,-,0,0,-,-,-,0,0,-,-
S. Dak.,-,0,0,-,-,-,0,0,-,-,-,0,1,-,-
S. ATLANTIC,-,4,30,3,3,-,1,8,2,1,-,0,2,-,-
Del.,-,0,2,-,-,-,0,1,-,-,-,0,0,-,-
D.C.,N,0,0,N,N,N,0,0,N,N,N,0,0,N,N
Fla.,-,0,3,-,-,-,0,2,-,-,-,0,0,-,-
Ga.,-,0,4,3,-,-,0,1,-,1,-,0,1,-,-
Md.,-,0,4,-,-,-,0,2,1,-,-,0,0,-,-
N.C.,-,0,19,-,1,-,0,6,-,-,-,0,0,-,-
S.C.,-,0,1,-,-,-,0,0,-,-,-,0,0,-,-
Va.,-,1,16,-,2,-,0,2,1,-,-,0,2,-,-
W. Va.,-,0,0,-,-,-,0,1,-,-,-,0,1,-,-
E.S. CENTRAL,-,1,9,2,-,-,0,3,-,2,-,0,2,-,-
Ala.,-,0,1,-,-,-,0,3,-,1,-,0,1,-,-
Ky.,-,0,4,1,-,-,0,1,-,-,-,0,0,-,-
Miss.,-,0,1,-,-,-,0,1,-,-,-,0,1,-,-
Tenn.,-,1,6,1,-,-,0,2,-,1,-,0,1,-,-
W.S. CENTRAL,-,1,16,-,-,-,0,2,-,-,-,0,1,-,-
Ark.,-,1,11,-,-,-,0,1,-,-,-,0,0,-,-
La.,-,0,1,-,-,-,0,0,-,-,-,0,1,-,-
Okla.,-,0,14,-,-,-,0,2,-,-,-,0,0,-,-
Tex.,-,0,1,-,-,-,0,1,-,-,-,0,0,-,-
MOUNTAIN,-,0,0,-,-,-,0,0,-,-,-,0,1,-,-
Ariz.,-,0,0,-,-,-,0,0,-,-,-,0,0,-,-
Colo.,N,0,0,N,N,N,0,0,N,N,N,0,0,N,N
Idaho,N,0,0,N,N,N,0,0,N,N,N,0,0,N,N
Mont.,N,0,0,N,N,N,0,0,N,N,N,0,0,N,N
Nev.,-,0,0,-,-,-,0,0,-,-,-,0,0,-,-
N. Mex.,N,0,0,N,N,N,0,0,N,N,N,0,0,N,N
Utah,-,0,0,-,-,-,0,0,-,-,-,0,1,-,-
Wyo.,-,0,0,-,-,-,0,0,-,-,-,0,0,-,-
PACIFIC,-,0,0,-,-,-,0,0,-,-,-,0,1,-,-
Alaska,N,0,0,N,N,N,0,0,N,N,N,0,0,N,N
Calif.,-,0,0,-,-,-,0,0,-,-,-,0,1,-,-
Hawaii,N,0,0,N,N,N,0,0,N,N,N,0,0,N,N
Oreg.,-,0,0,-,-,-,0,0,-,-,-,0,0,-,-
Wash.,-,0,0,-,-,-,0,0,-,-,-,0,0,-,-
Amer. Samoa,N,0,0,N,N,N,0,0,N,N,N,0,0,N,N
C.N.M.I.,-,-,-,-,-,-,-,-,-,-,-,-,-,-,-
Guam,N,-,-,N,N,N,-,-,N,N,N,-,-,N,N
P.R.,N,0,0,N,N,N,0,0,N,N,N,0,0,N,N
V.I.,-,0,0,-,-,-,0,0,-,-,-,0,0,-,-
