Reporting Area,"Vibriosis (any species of the family  Vibrionaceae  , other than toxigenic  Vibrio  cholerae O1 or O139)","Vibriosis (any species of the family  Vibrionaceae  , other than toxigenic  Vibrio  cholerae O1 or O139)","Vibriosis (any species of the family  Vibrionaceae  , other than toxigenic  Vibrio  cholerae O1 or O139)","Vibriosis (any species of the family  Vibrionaceae  , other than toxigenic  Vibrio  cholerae O1 or O139)","Vibriosis (any species of the family  Vibrionaceae  , other than toxigenic  Vibrio  cholerae O1 or O139)","Vibriosis (any species of the family  Vibrionaceae  , other than toxigenic  Vibrio  cholerae O1 or O139)","Vibriosis (any species of the family  Vibrionaceae  , other than toxigenic  Vibrio  cholerae O1 or O139)","Vibriosis (any species of the family  Vibrionaceae  , other than toxigenic  Vibrio  cholerae O1 or O139)"
Reporting Area,Confirmed,Confirmed,Confirmed,Confirmed,Probable,Probable,Probable,Probable
Reporting Area,Current week,Previous 52 weeks Max †,Cum YTD 2021 †,Cum YTD 2020 †,Current week,Previous 52 weeks Max †,Cum YTD 2021 †,Cum YTD 2020 †
"U.S. Residents, excluding U.S. Territories",8,80,905,888,11,43,615,552
New England,2,11,97,100,-,6,53,25
Connecticut,-,3,20,34,-,3,21,9
Maine,-,2,8,7,-,1,1,2
Massachusetts,2,7,62,48,-,3,28,9
New Hampshire,-,1,3,5,-,1,3,-
Rhode Island,-,1,4,6,-,0,-,5
Vermont,-,0,-,-,-,0,-,-
Middle Atlantic,1,12,102,109,1,8,77,109
New Jersey,-,2,-,39,-,2,1,28
New York (excluding New York City),-,8,53,35,-,4,33,30
New York City,-,3,21,23,-,3,30,33
Pennsylvania,1,4,28,12,1,2,13,18
East North Central,-,5,47,49,-,7,76,60
Illinois,-,3,20,8,-,4,24,16
Indiana,-,1,3,8,-,2,5,6
Michigan,-,2,-,12,-,1,-,9
Ohio,-,4,20,15,-,5,40,21
Wisconsin,-,2,4,6,-,4,7,8
West North Central,-,2,15,24,3,3,32,38
Iowa,N,NC,N,N,N,NC,N,N
Kansas,-,0,-,2,-,2,4,1
Minnesota,-,1,-,13,-,1,-,18
Missouri,-,1,2,6,-,2,3,9
Nebraska,-,2,8,2,3,3,22,8
North Dakota,-,1,3,-,-,1,1,1
South Dakota,-,1,2,1,-,1,2,1
South Atlantic,2,21,250,260,3,10,110,105
Delaware,-,5,14,8,-,2,7,3
District of Columbia,-,1,-,-,-,0,-,2
Florida,-,12,132,119,-,4,34,22
Georgia,-,1,5,21,-,2,4,14
Maryland,1,5,38,36,2,3,29,21
North Carolina,-,3,9,21,-,3,10,8
South Carolina,-,3,15,14,-,2,9,7
Virginia,1,4,37,36,1,3,17,16
West Virginia,-,1,-,5,-,1,-,12
East South Central,-,5,39,43,-,4,30,27
Alabama,-,2,17,11,-,2,5,8
Kentucky,-,2,7,5,-,4,14,10
Mississippi,-,1,1,17,-,0,-,3
Tennessee,-,5,14,10,-,2,11,6
West South Central,1,8,69,68,-,5,58,60
Arkansas,-,1,-,2,-,1,1,1
Louisiana,-,4,18,29,-,2,8,26
Oklahoma,-,1,1,3,-,0,-,-
Texas,1,5,50,34,-,5,49,33
Mountain,-,8,61,35,2,5,57,40
Arizona,-,4,15,16,-,2,19,8
Colorado,-,4,27,11,2,3,26,21
Idaho,N,NC,N,N,N,NC,N,N
Montana,-,1,1,2,-,1,1,1
Nevada,-,1,2,2,-,0,-,3
New Mexico,-,1,1,1,-,0,-,3
Utah,-,4,14,3,-,3,11,4
Wyoming,-,1,1,-,-,1,-,-
Pacific,2,44,225,200,2,23,122,88
Alaska,-,1,3,1,-,1,2,-
California,1,13,83,90,2,7,47,47
Hawaii,-,3,13,29,-,1,1,5
Oregon,-,11,33,23,-,6,10,7
Washington,1,28,93,57,-,13,62,29
U.S. Territories,-,0,-,1,-,0,-,-
American Samoa,N,NC,N,N,N,NC,N,N
Commonwealth of Northern Mariana Islands,-,0,-,-,-,0,-,-
Guam,-,0,-,-,-,0,-,-
Puerto Rico,-,0,-,1,-,0,-,-
U.S. Virgin Islands,-,0,-,-,-,0,-,-
Non-U.S. Residents,-,0,-,-,-,0,-,-
Total,8,80,905,889,11,43,615,552
