Reporting Area,Anthrax,Anthrax,Anthrax,Anthrax,"Arboviral diseases, neuroinvasive and non-neuroinvasive","Arboviral diseases, neuroinvasive and non-neuroinvasive","Arboviral diseases, neuroinvasive and non-neuroinvasive","Arboviral diseases, neuroinvasive and non-neuroinvasive","Arboviral diseases, neuroinvasive and non-neuroinvasive","Arboviral diseases, neuroinvasive and non-neuroinvasive","Arboviral diseases, neuroinvasive and non-neuroinvasive","Arboviral diseases, neuroinvasive and non-neuroinvasive"
Reporting Area,Anthrax,Anthrax,Anthrax,Anthrax,Chikungunya virus disease,Chikungunya virus disease,Chikungunya virus disease,Chikungunya virus disease,Eastern equine encephalitis virus disease,Eastern equine encephalitis virus disease,Eastern equine encephalitis virus disease,Eastern equine encephalitis virus disease
Reporting Area,Current  week,Previous 52  weeks Max †,Cum YTD  2019 †,Cum YTD  2018 †,Current  week,Previous 52  weeks Max †,Cum YTD  2019 †,Cum YTD  2018 †,Current  week,Previous 52  weeks Max †,Cum YTD  2019 †,Cum YTD  2018 †
"U.S. Residents, excluding U.S. Territories",-,1,-,1,1,7,70,94,-,7,31,5
New England,-,0,-,-,-,1,4,3,-,4,17,-
Connecticut,-,0,-,-,-,0,-,-,-,1,2,-
Maine,-,0,-,-,-,0,-,1,-,0,-,-
Massachusetts,-,0,-,-,-,1,3,1,-,3,12,-
New Hampshire,-,0,-,-,-,0,-,1,-,0,-,-
Rhode Island,-,0,-,-,-,1,1,-,-,2,3,-
Vermont,-,0,-,-,-,0,-,-,-,0,-,-
Middle Atlantic,-,1,-,1,1,3,8,23,-,2,3,-
New Jersey,-,0,-,-,-,2,4,9,-,2,3,-
New York (excluding New York City),-,1,-,1,1,1,2,7,-,0,-,-
New York City,-,0,-,-,-,1,2,6,-,0,-,-
Pennsylvania,-,0,-,-,-,0,-,1,-,1,-,-
East North Central,-,0,-,-,-,3,15,10,-,3,9,1
Illinois,-,0,-,-,-,1,6,8,-,0,-,-
Indiana,-,0,-,-,-,0,-,-,-,0,-,-
Michigan,-,0,-,-,-,0,-,-,-,3,9,1
Ohio,-,0,-,-,-,2,7,1,-,0,-,-
Wisconsin,-,0,-,-,-,1,2,1,-,0,-,-
West North Central,-,0,-,-,-,1,1,7,-,0,-,-
Iowa,-,0,-,-,-,0,-,-,-,0,-,-
Kansas,-,0,-,-,-,0,-,-,-,0,-,-
Minnesota,-,0,-,-,-,1,-,5,-,0,-,-
Missouri,-,0,-,-,-,0,-,2,-,0,-,-
Nebraska,-,0,-,-,-,1,1,-,-,0,-,-
North Dakota,-,0,-,-,-,0,-,-,-,0,-,-
South Dakota,-,0,-,-,-,0,-,-,-,0,-,-
South Atlantic,-,0,-,-,-,2,12,11,-,1,1,4
Delaware,-,0,-,-,-,0,-,1,-,0,-,-
District of Columbia,-,0,-,-,-,0,-,-,-,0,-,-
Florida,-,0,-,-,-,1,3,3,-,0,-,3
Georgia,-,0,-,-,-,1,1,1,-,0,-,1
Maryland,-,0,-,-,-,0,-,2,-,0,-,-
North Carolina,-,0,-,-,-,1,3,2,-,1,1,-
South Carolina,-,0,-,-,-,1,1,-,-,0,-,-
Virginia,-,0,-,-,-,1,4,2,-,0,-,-
West Virginia,-,0,-,-,-,0,-,-,-,0,-,-
East South Central,-,0,-,-,-,1,2,1,-,1,1,-
Alabama,-,0,-,-,-,0,-,-,-,0,-,-
Kentucky,-,0,-,-,-,1,1,1,-,0,-,-
Mississippi,-,0,-,-,-,0,-,-,-,0,-,-
Tennessee,-,0,-,-,-,1,1,-,-,1,1,-
West South Central,-,0,-,-,-,2,6,8,-,0,-,-
Arkansas,-,0,-,-,-,0,-,-,-,0,-,-
Louisiana,-,0,-,-,-,0,-,1,-,0,-,-
Oklahoma,-,0,-,-,-,0,-,-,-,0,-,-
Texas,-,0,-,-,-,2,6,7,-,0,-,-
Mountain,-,0,-,-,-,1,8,2,-,0,-,-
Arizona,-,0,-,-,-,1,3,-,-,0,-,-
Colorado,-,0,-,-,-,1,1,-,-,0,-,-
Idaho,-,0,-,-,-,0,-,-,-,0,-,-
Montana,-,0,-,-,-,0,-,-,-,0,-,-
Nevada,-,0,-,-,-,0,-,-,-,0,-,-
New Mexico,-,0,-,-,-,1,2,1,-,0,-,-
Utah,-,0,-,-,-,1,1,1,-,0,-,-
Wyoming,-,0,-,-,-,1,1,-,-,0,-,-
Pacific,-,0,-,-,-,2,14,29,-,0,-,-
Alaska,-,0,-,-,-,0,-,-,-,0,-,-
California,-,0,-,-,-,1,9,25,-,0,-,-
Hawaii,-,0,-,-,-,1,2,1,-,0,-,-
Oregon,-,0,-,-,-,0,-,1,-,0,-,-
Washington,-,0,-,-,-,1,3,2,-,0,-,-
U.S. Territories,-,0,-,-,-,2,2,6,-,0,-,-
American Samoa,-,0,-,-,-,0,-,-,-,0,-,-
Commonwealth of Northern Mariana Islands,-,0,-,-,-,0,-,-,-,0,-,-
Guam,-,0,-,-,-,0,-,-,-,0,-,-
Puerto Rico,-,0,-,-,-,2,2,6,-,0,-,-
U.S. Virgin Islands,-,0,-,-,-,0,-,-,-,0,-,-
Non-U.S. Residents,-,NC,-,NP,-,NC,-,NP,-,NC,-,NP
Total,-,1,-,1,1,7,72,100,-,7,31,5
