Reporting Area,"Invasive pneumococcal disease, all ages §","Invasive pneumococcal disease, all ages §","Invasive pneumococcal disease, all ages §","Invasive pneumococcal disease, all ages §","Invasive pneumococcal disease, all ages §","Invasive pneumococcal disease, all ages §","Invasive pneumococcal disease, all ages §","Invasive pneumococcal disease, all ages §"
Reporting Area,Confirmed,Confirmed,Confirmed,Confirmed,Probable,Probable,Probable,Probable
Reporting Area,Current  week,Previous 52  weeks Max †,Cum YTD  2019 †,Cum YTD  2018 †,Current  week,Previous 52  weeks Max †,Cum YTD  2019 †,Cum YTD  2018 †
"U.S. Residents, excluding U.S. Territories",126,856,13044,14389,2,13,189,170
New England,-,48,788,849,-,2,6,2
Connecticut,-,14,163,178,-,0,-,-
Maine,-,9,127,101,-,0,-,-
Massachusetts,-,23,324,389,-,2,3,-
New Hampshire,-,9,74,88,-,1,1,1
Rhode Island,-,8,59,38,-,1,1,-
Vermont,-,4,41,55,-,1,1,1
Middle Atlantic,19,124,1741,2019,-,4,39,24
New Jersey,2,26,432,422,-,3,30,6
New York (excluding New York City),13,66,606,664,-,1,2,5
New York City,2,29,562,520,-,3,6,6
Pennsylvania,2,22,141,413,-,1,1,7
East North Central,16,129,2354,2476,1,4,49,42
Illinois,N,NC,N,N,N,NC,N,N
Indiana,-,28,464,546,-,1,2,-
Michigan,-,34,649,628,-,2,13,15
Ohio,11,67,911,932,1,3,34,27
Wisconsin,5,19,330,370,-,0,-,-
West North Central,7,52,946,1256,-,5,44,41
Iowa,N,NC,N,N,N,NC,N,N
Kansas,-,17,127,188,-,1,3,5
Minnesota,-,16,80,317,-,0,-,2
Missouri,6,26,482,527,-,4,38,30
Nebraska,1,9,133,108,-,1,1,2
North Dakota,-,5,53,53,-,0,-,-
South Dakota,-,6,71,63,-,1,2,2
South Atlantic,25,95,2210,2214,-,3,18,22
Delaware,-,6,44,64,-,0,-,-
District of Columbia,-,5,36,56,-,0,-,-
Florida,15,32,606,441,-,2,10,6
Georgia,6,45,587,735,-,0,-,-
Maryland,3,20,369,371,-,1,1,4
North Carolina,N,NC,N,N,N,NC,N,N
South Carolina,-,20,338,316,-,2,7,10
Virginia,1,2,14,14,-,0,-,1
West Virginia,-,17,216,217,-,0,-,1
East South Central,11,102,1333,1546,-,2,7,5
Alabama,-,25,298,331,-,1,2,1
Kentucky,2,25,308,295,-,1,1,2
Mississippi,1,19,235,218,-,0,-,-
Tennessee,8,38,492,702,-,2,4,2
West South Central,22,271,1697,1958,-,3,18,19
Arkansas,5,32,250,244,-,0,-,1
Louisiana,3,20,307,353,-,2,1,2
Oklahoma,N,NC,N,N,N,NC,N,N
Texas,14,227,1140,1361,-,3,17,16
Mountain,24,93,1781,1895,1,1,6,15
Arizona,9,37,569,665,-,1,3,13
Colorado,5,23,439,490,-,1,1,-
Idaho,N,NC,N,N,N,NC,N,N
Montana,-,8,79,88,1,0,1,-
Nevada,2,19,247,204,-,1,-,-
New Mexico,3,18,260,236,-,0,-,-
Utah,3,12,155,182,-,1,1,2
Wyoming,2,4,32,30,-,0,-,-
Pacific,2,11,194,176,-,1,2,-
Alaska,2,6,115,105,-,1,2,-
California,N,NC,N,N,N,NC,N,N
Hawaii,-,8,79,71,-,0,-,-
Oregon,N,NC,N,N,N,NC,N,N
Washington,N,NC,N,N,N,NC,N,N
U.S. Territories,-,0,-,-,-,0,-,-
American Samoa,N,NC,N,N,N,NC,N,N
Commonwealth of Northern Mariana Islands,-,0,-,-,-,0,-,-
Guam,-,0,-,-,-,0,-,-
Puerto Rico,-,0,-,-,-,0,-,-
U.S. Virgin Islands,-,0,-,-,-,0,-,-
Non-U.S. Residents,-,NC,-,NP,-,NC,-,NP
Total,126,856,13044,14389,2,13,189,170
