Reporting Area,Carbapenemase-producing carbapenem-resistant  Enterobacteriaceae  §,Carbapenemase-producing carbapenem-resistant  Enterobacteriaceae  §,Carbapenemase-producing carbapenem-resistant  Enterobacteriaceae  §,Carbapenemase-producing carbapenem-resistant  Enterobacteriaceae  §,Chancroid,Chancroid,Chancroid,Chancroid,Chlamydia trachomatis  infection,Chlamydia trachomatis  infection,Chlamydia trachomatis  infection,Chlamydia trachomatis  infection
Reporting Area,Current week,Previous 52 weeks Max †,Cum YTD 2020 †,Cum YTD 2019 †,Current week,Previous 52 weeks Max †,Cum YTD 2020 †,Cum YTD 2019 †,Current week,Previous 52 weeks Max †,Cum YTD 2020 †,Cum YTD 2019 †
"U.S. Residents, excluding U.S. Territories",2,62,365,821,-,1,2,6,12332,35838,897550,1297236
New England,-,8,4,3,-,1,-,2,622,1489,30828,45525
Connecticut,-,0,-,-,-,0,-,-,76,357,6154,11482
Maine,-,0,-,-,-,0,-,-,77,105,2414,2936
Massachusetts,-,0,-,-,-,1,-,2,374,733,16953,23534
New Hampshire,-,0,-,-,-,0,-,-,70,124,2027,2711
Rhode Island,-,8,4,3,-,0,-,-,-,294,2755,3679
Vermont,-,0,-,-,-,0,-,-,25,61,525,1183
Middle Atlantic,-,0,-,-,-,1,1,-,2538,4779,103284,166911
New Jersey,-,0,-,-,-,1,1,-,533,884,20631,27937
New York (excluding New York City),-,0,-,-,-,0,-,-,905,1107,16777,36192
New York City,-,0,-,-,-,0,-,-,42,1679,28231,57190
Pennsylvania,-,0,-,-,-,0,-,-,1058,1458,37645,45592
East North Central,2,15,189,355,-,0,-,-,1656,5429,136925,195353
Illinois,-,0,-,-,-,0,-,-,45,1750,28127,60411
Indiana,2,12,107,217,-,0,-,-,407,790,23481,25823
Michigan,-,7,72,115,-,0,-,-,179,1194,27849,37741
Ohio,-,0,-,-,-,0,-,-,672,1435,40791,49570
Wisconsin,-,3,10,23,-,0,-,-,353,673,16677,21808
West North Central,-,1,1,7,-,0,-,-,160,2326,51060,81118
Iowa,-,0,-,-,-,0,-,-,-,371,8384,12008
Kansas,-,0,-,-,-,0,-,-,138,349,9617,11443
Minnesota,-,0,-,-,-,0,-,-,22,585,14625,18333
Missouri,-,0,-,-,-,0,-,-,-,808,12334,26072
Nebraska,-,0,-,-,-,0,-,-,-,230,2600,6955
North Dakota,-,0,-,-,-,0,-,-,-,99,953,2884
South Dakota,-,1,1,7,-,0,-,-,-,117,2547,3423
South Atlantic,-,16,90,373,-,0,-,1,3326,8629,231730,293797
Delaware,-,0,-,-,-,0,-,-,-,222,1294,4444
District of Columbia,-,0,-,-,-,0,-,-,-,247,4177,6965
Florida,-,0,-,-,-,0,-,-,1527,2625,72135,82288
Georgia,-,11,4,181,-,0,-,-,-,1461,35448,50659
Maryland,-,0,-,-,-,0,-,1,276,826,21305,28262
North Carolina,-,10,86,192,-,0,-,-,-,1606,39257,53689
South Carolina,-,0,-,-,-,0,-,-,805,922,24995,26740
Virginia,-,0,-,-,-,0,-,-,717,1126,29424,36510
West Virginia,-,0,-,-,-,0,-,-,1,253,3695,4240
East South Central,-,0,-,-,-,0,-,2,-,3373,42661,89428
Alabama,-,0,-,-,-,0,-,-,-,794,5965,25176
Kentucky,-,0,-,-,-,0,-,2,-,2270,5965,14081
Mississippi,-,0,-,-,-,0,-,-,-,605,6688,18894
Tennessee,-,0,-,-,-,0,-,-,-,1134,24043,31277
West South Central,-,0,-,-,-,0,-,-,205,4094,66247,152676
Arkansas,-,0,-,-,-,0,-,-,-,437,8868,12657
Louisiana,-,0,-,-,-,0,-,-,164,852,21021,27820
Oklahoma,-,0,-,-,-,0,-,-,41,430,6869,14403
Texas,-,0,-,-,-,0,-,-,-,2633,29489,97796
Mountain,-,5,35,76,-,0,-,1,1195,2897,80252,98736
Arizona,-,5,28,58,-,0,-,1,431,896,25760,32904
Colorado,-,0,-,-,-,0,-,-,529,1260,19341,22747
Idaho,-,0,-,-,-,0,-,-,114,195,4486,5205
Montana,-,0,-,-,-,0,-,-,42,116,2969,3561
Nevada,-,2,1,6,-,0,-,-,4,708,10569,13477
New Mexico,-,0,-,-,-,0,-,-,48,337,8553,10791
Utah,-,2,4,10,-,0,-,-,-,276,7242,8404
Wyoming,-,1,2,2,-,0,-,-,27,59,1332,1647
Pacific,-,30,46,7,-,1,1,-,2630,5788,154563,173692
Alaska,-,0,-,-,-,0,-,-,-,149,3347,4714
California,-,8,46,2,-,1,1,-,1973,4817,126860,123741
Hawaii,-,0,-,5,-,0,-,-,-,199,-,6100
Oregon,-,0,-,-,-,0,-,-,287,502,11222,14194
Washington,-,30,-,-,-,0,-,-,370,1227,13134,24943
U.S. Territories,-,0,-,-,-,0,-,-,-,129,326,3625
American Samoa,-,0,-,-,-,0,-,-,-,0,-,-
Commonwealth of Northern Mariana Islands,-,0,-,-,-,0,-,-,-,0,-,-
Guam,-,0,-,-,-,0,-,-,-,0,-,-
Puerto Rico,-,0,-,-,-,0,-,-,-,129,326,3625
U.S. Virgin Islands,-,0,-,-,-,0,-,-,-,0,-,-
Non-U.S. Residents,-,0,-,-,-,0,-,-,-,1,4,7
Total,2,62,365,821,-,1,2,6,12332,35892,897880,1300868
