Reporting Area,Brucellosis,Brucellosis,Brucellosis,Brucellosis,Campylobacteriosis,Campylobacteriosis,Campylobacteriosis,Campylobacteriosis,"Candida auris  , clinical §","Candida auris  , clinical §","Candida auris  , clinical §","Candida auris  , clinical §"
Reporting Area,Current week,Previous 52 weeks Max †,Cum YTD 2021 †,Cum YTD 2020 †,Current week,Previous 52 weeks Max †,Cum YTD 2021 †,Cum YTD 2020 †,Current week,Previous 52 weeks Max †,Cum YTD 2021 †,Cum YTD 2020 †
"U.S. Residents, excluding U.S. Territories",-,6,11,16,397,1173,6819,11247,-,9,2,40
New England,-,1,1,-,16,86,432,520,-,0,-,-
Connecticut,-,0,-,-,-,19,68,105,-,0,-,-
Maine,-,0,-,-,1,10,41,24,-,0,-,-
Massachusetts,-,0,-,-,11,44,198,266,-,0,-,-
New Hampshire,-,0,-,-,4,24,91,58,-,0,-,-
Rhode Island,-,0,-,-,-,20,32,41,-,0,-,-
Vermont,-,1,1,-,-,10,2,26,-,0,-,-
Middle Atlantic,-,2,1,2,67,212,1030,1831,-,0,-,-
New Jersey,-,0,-,-,-,46,-,344,-,0,-,-
New York (excluding New York City),-,1,-,-,28,78,283,360,-,0,-,-
New York City,-,1,1,-,24,64,401,638,-,0,-,-
Pennsylvania,-,1,-,2,15,69,346,489,-,0,-,-
East North Central,-,1,1,2,6,207,618,1461,-,9,2,40
Illinois,-,1,1,1,-,49,177,446,-,9,2,40
Indiana,-,0,-,-,-,17,-,151,-,0,-,-
Michigan,-,1,-,-,-,41,44,239,-,0,-,-
Ohio,-,1,-,-,-,105,257,375,-,1,-,-
Wisconsin,-,0,-,1,6,46,140,250,-,0,-,-
West North Central,-,1,-,-,27,108,408,695,-,0,-,-
Iowa,-,1,-,-,18,49,211,240,-,0,-,-
Kansas,-,0,-,-,1,6,23,53,-,0,-,-
Minnesota,-,0,-,-,-,0,-,-,-,0,-,-
Missouri,-,0,-,-,-,33,35,220,-,0,-,-
Nebraska,-,1,-,-,8,26,84,110,-,0,-,-
North Dakota,-,1,-,-,-,14,16,22,-,0,-,-
South Dakota,-,0,-,-,-,13,39,50,-,0,-,-
South Atlantic,-,2,2,2,87,229,1224,2072,-,1,-,-
Delaware,-,0,-,-,1,7,19,35,-,0,-,-
District of Columbia,-,0,-,-,-,2,-,19,-,0,-,-
Florida,-,1,2,2,53,108,631,761,-,0,-,-
Georgia,-,0,-,-,12,40,162,293,-,0,-,-
Maryland,-,1,-,-,-,27,-,153,-,1,-,-
North Carolina,-,1,-,-,-,47,53,372,-,0,-,-
South Carolina,-,0,-,-,9,18,90,114,-,0,-,-
Virginia,-,1,-,-,12,51,263,280,-,0,-,-
West Virginia,-,0,-,-,-,11,6,45,-,0,-,-
East South Central,-,1,-,-,2,82,326,570,-,0,-,-
Alabama,-,1,-,-,1,23,101,133,N,NC,N,N
Kentucky,-,0,-,-,1,35,97,222,-,0,-,-
Mississippi,-,0,-,-,-,13,-,71,-,0,-,-
Tennessee,-,1,-,-,-,36,128,144,-,0,-,-
West South Central,-,3,3,-,50,351,632,901,-,0,-,-
Arkansas,-,1,-,-,10,27,98,105,-,0,-,-
Louisiana,-,1,1,-,9,22,104,131,-,0,-,-
Oklahoma,-,0,-,-,8,62,139,180,-,0,-,-
Texas,-,2,2,-,23,316,291,485,-,0,-,-
Mountain,-,1,-,3,17,113,456,758,-,0,-,-
Arizona,-,1,-,2,4,40,126,220,-,0,-,-
Colorado,-,0,-,1,11,36,123,192,-,0,-,-
Idaho,-,0,-,-,-,29,53,83,-,0,-,-
Montana,-,0,-,-,-,14,14,53,-,0,-,-
Nevada,-,0,-,-,-,15,40,34,-,0,-,-
New Mexico,-,0,-,-,-,21,-,74,-,0,-,-
Utah,-,1,-,-,-,17,72,87,-,0,-,-
Wyoming,-,1,-,-,2,9,28,15,-,0,-,-
Pacific,-,1,3,7,125,240,1693,2439,-,0,-,-
Alaska,-,0,-,-,2,7,12,25,-,0,-,-
California,-,1,2,6,102,148,1156,1776,-,0,-,-
Hawaii,-,1,1,-,3,14,71,61,-,0,-,-
Oregon,-,0,-,-,9,36,176,188,-,0,-,-
Washington,-,0,-,1,9,48,278,389,-,0,-,-
U.S. Territories,-,0,-,-,-,3,-,7,-,0,-,-
American Samoa,-,0,-,-,-,0,-,-,-,0,-,-
Commonwealth of Northern Mariana Islands,-,0,-,-,-,0,-,-,-,0,-,-
Guam,-,0,-,-,-,0,-,-,-,0,-,-
Puerto Rico,-,0,-,-,-,3,-,7,-,0,-,-
U.S. Virgin Islands,-,0,-,-,-,0,-,-,-,0,-,-
Non-U.S. Residents,-,0,-,-,-,1,-,2,-,0,-,-
Total,-,6,11,16,397,1175,6819,11256,-,9,2,40
