0,1,2,3,4,5,6,7,8,9
Reporting area,"Escherichia coli,  Enterohemorrhagic","Escherichia coli,  Enterohemorrhagic",Giardiasis,Gonorrhea,Gonorrhea,"Haemophilus influenzae,  Invasive","Haemophilus influenzae,  Invasive","Haemophilus influenzae,  Invasive","Haemophilus influenzae,  Invasive"
Reporting area,"Escherichia coli,  Enterohemorrhagic","Escherichia coli,  Enterohemorrhagic",Giardiasis,Gonorrhea,Gonorrhea,"All ages,  All serotypes","All ages,  All serotypes",Age < 5 years,Age < 5 years
Reporting area,"shiga toxin positive,  not serogrouped","shiga toxin positive,  not serogrouped",Giardiasis,Gonorrhea,Gonorrhea,"All ages,  All serotypes","All ages,  All serotypes",Serotype  B,Serotype  B
Reporting area,,,,,,,,,
