Reporting  Area,Legionellosis,Legionellosis,Legionellosis,Legionellosis,Legionellosis,Malaria,Malaria,Malaria,Malaria,Malaria
Reporting  Area,Current  week,Previous 52 weeks,Previous 52 weeks,Cum  2018,Cum  2017,Current  week,Previous 52 weeks,Previous 52 weeks,Cum  2018,Cum  2017
Reporting  Area,Current  week,Med,Max,Cum  2018,Cum  2017,Current  week,Med,Max,Cum  2018,Cum  2017
United States,110,122,296,5520,5641,10,26,76,1000,1620
New England,5,7,44,408,334,1,2,5,64,131
Connecticut,1,2,17,102,89,-,0,1,1,18
Maine,-,0,5,23,11,-,0,1,6,15
Massachusetts,1,4,21,194,145,1,1,4,44,79
New Hampshire,-,1,5,48,50,-,0,1,6,6
Rhode Island,3,0,8,31,23,-,0,2,6,11
Vermont,-,0,2,10,16,-,0,1,1,2
Middle Atlantic,52,25,110,1394,1371,2,8,21,304,417
New Jersey,-,2,7,77,206,-,1,5,63,108
New York (excluding New York City),31,10,55,507,430,2,1,4,48,52
New York City,9,6,42,426,338,-,4,10,131,178
Pennsylvania,12,7,29,384,397,-,1,6,62,79
East North Central,28,24,152,1455,1259,2,3,7,107,157
Illinois,-,5,35,301,258,-,1,4,33,45
Indiana,-,3,16,135,149,-,0,1,11,14
Michigan,-,4,43,300,270,-,0,3,12,39
Ohio,28,11,68,630,437,2,1,4,43,50
Wisconsin,-,2,18,89,145,-,0,1,8,9
West North Central,7,5,26,328,280,-,1,5,45,129
Iowa,-,1,7,48,23,-,0,2,20,16
Kansas,-,0,4,24,28,-,0,2,6,14
Minnesota,2,2,14,112,73,-,0,3,-,58
Missouri,5,2,9,111,118,-,0,3,9,22
Nebraska,-,0,4,19,22,-,0,2,5,3
North Dakota,-,0,2,6,4,-,0,1,5,10
South Dakota,-,0,2,8,12,-,0,1,-,6
South Atlantic,6,25,67,1026,1056,1,8,18,323,448
Delaware,-,0,4,27,23,-,0,2,11,8
District of Columbia,-,0,3,11,33,-,0,2,10,16
Florida,-,9,19,332,311,-,1,4,38,43
Georgia,1,2,12,114,131,-,1,5,39,60
Maryland,2,4,21,224,155,1,3,9,143,209
North Carolina,-,2,10,89,159,-,1,4,37,36
South Carolina,-,1,6,39,42,-,0,0,-,-
Virginia,3,2,12,133,160,-,1,5,45,74
West Virginia,-,1,8,57,42,-,0,0,-,2
East South Central,2,5,21,205,356,-,0,4,19,31
Alabama,1,1,7,55,55,-,0,3,7,6
Kentucky,-,1,4,21,99,-,0,1,2,9
Mississippi,-,1,4,30,41,-,0,1,2,4
Tennessee,1,2,12,99,161,-,0,2,8,12
West South Central,6,7,31,270,335,-,0,18,13,128
Arkansas,1,0,3,23,43,-,0,1,2,3
Louisiana,-,0,3,6,35,-,0,2,5,8
Oklahoma,-,0,8,8,44,-,0,3,3,9
Texas,5,6,23,233,213,-,0,16,3,108
Mountain,3,4,12,172,200,3,1,7,39,61
Arizona,3,1,3,51,64,2,0,5,19,19
Colorado,-,2,7,83,62,-,0,2,7,24
Idaho,-,0,2,14,8,-,0,1,2,4
Montana,-,0,2,9,12,-,0,0,-,3
Nevada,-,0,1,1,14,-,0,2,1,4
New Mexico,-,0,2,12,11,-,0,1,4,1
Utah,-,0,2,1,25,1,0,1,6,6
Wyoming,-,0,2,1,4,-,0,0,-,-
Pacific,1,8,62,262,450,1,2,34,86,118
Alaska,-,0,1,3,4,-,0,1,5,4
California,1,6,17,198,417,-,1,6,48,102
Hawaii,-,0,2,12,5,-,0,0,-,3
Oregon,-,1,3,24,24,1,0,2,10,9
Washington,-,0,56,25,-,-,0,34,23,-
Territories,,,,,,,,,,
American Samoa,N,0,0,N,N,-,0,0,-,-
Commonwealth of Northern Mariana Islands,-,-,-,-,-,-,-,-,-,-
Guam,-,0,0,-,-,-,0,0,-,-
Puerto Rico,-,0,0,-,3,-,0,0,-,-
U.S. Virgin Islands,-,0,0,-,-,-,0,0,-,-
