Reporting Area,Cryptosporidiosis,Cryptosporidiosis,Cryptosporidiosis,Cryptosporidiosis,Cyclosporiasis,Cyclosporiasis,Cyclosporiasis,Cyclosporiasis
Reporting Area,Current week,Previous 52 weeks Max †,Cum YTD 2020 †,Cum YTD 2019 †,Current week,Previous 52 weeks Max †,Cum YTD 2020 †,Cum YTD 2019 †
"U.S. Residents, excluding U.S. Territories",56,468,3167,6842,27,435,733,3386
New England,3,26,147,282,-,8,18,340
Connecticut,-,5,18,43,-,3,2,97
Maine,-,13,26,28,-,0,-,-
Massachusetts,1,15,56,131,-,4,13,206
New Hampshire,-,4,16,41,-,2,3,9
Rhode Island,2,7,15,20,-,5,-,22
Vermont,-,2,16,19,-,0,-,6
Middle Atlantic,34,70,487,789,1,72,85,671
New Jersey,-,18,33,133,-,12,11,243
New York (excluding New York City),31,27,207,201,1,48,21,256
New York City,-,19,84,168,-,12,53,172
Pennsylvania,3,21,163,287,N,NC,N,N
East North Central,10,117,570,1371,16,54,186,510
Illinois,-,20,110,237,-,40,101,155
Indiana,-,14,10,157,-,1,-,21
Michigan,-,20,38,220,-,3,-,120
Ohio,6,31,203,338,14,37,22,114
Wisconsin,4,43,209,419,2,15,63,100
West North Central,3,74,424,1098,3,109,327,344
Iowa,1,18,205,347,-,98,217,117
Kansas,1,9,30,72,-,3,9,22
Minnesota,-,22,-,255,-,9,-,120
Missouri,-,24,92,173,-,15,31,48
Nebraska,1,8,71,122,3,30,70,28
North Dakota,-,3,12,24,N,NC,N,N
South Dakota,-,11,14,105,-,1,-,9
South Atlantic,5,81,550,1089,1,166,33,872
Delaware,-,3,3,17,-,2,-,3
District of Columbia,-,2,5,13,-,2,-,37
Florida,-,21,137,357,-,55,11,391
Georgia,3,23,132,190,-,6,2,59
Maryland,1,6,37,51,-,52,6,170
North Carolina,-,10,71,150,-,3,-,69
South Carolina,1,7,50,52,-,4,5,16
Virginia,-,51,104,217,1,47,8,124
West Virginia,-,4,11,42,-,1,1,3
East South Central,-,45,203,383,2,9,10,42
Alabama,-,14,28,106,N,NC,N,N
Kentucky,-,21,64,123,-,1,1,-
Mississippi,-,6,14,38,N,NC,N,N
Tennessee,-,13,97,116,2,8,9,42
West South Central,-,203,274,671,3,127,44,456
Arkansas,-,9,34,79,-,7,1,14
Louisiana,-,18,47,159,-,14,3,32
Oklahoma,-,10,47,73,N,NC,N,N
Texas,-,195,146,360,3,119,40,410
Mountain,1,34,265,518,1,5,27,92
Arizona,-,6,50,79,-,2,2,12
Colorado,1,14,84,135,1,5,21,46
Idaho,-,10,9,69,N,NC,N,N
Montana,-,4,28,42,-,0,-,2
Nevada,-,4,8,30,N,NC,N,N
New Mexico,-,7,19,31,-,1,3,16
Utah,-,9,60,117,-,2,1,15
Wyoming,-,2,7,15,-,1,-,1
Pacific,-,38,247,641,-,2,3,59
Alaska,-,1,-,6,-,0,-,-
California,-,23,136,332,-,2,3,41
Hawaii,-,1,2,4,-,0,-,-
Oregon,-,10,42,156,-,0,-,5
Washington,-,8,67,143,-,0,-,13
U.S. Territories,-,0,-,-,-,0,-,-
American Samoa,N,NC,N,N,N,NC,N,N
Commonwealth of Northern Mariana Islands,-,0,-,-,-,0,-,-
Guam,-,0,-,-,-,0,-,-
Puerto Rico,-,0,-,-,-,0,-,-
U.S. Virgin Islands,-,0,-,-,-,0,-,-
Non-U.S. Residents,-,1,-,3,-,0,-,-
Total,56,468,3167,6845,27,435,733,3386
