0,1,2,3,4,5,6,7,8,9
Disease,,,,Total cases reported for previous years,Total cases reported for previous years,Total cases reported for previous years,Total cases reported for previous years,Total cases reported for previous years,
Disease,Current  week,Cum  2014,5-year  weekly  average  †,2013,2012,2011,2010,2009,States reporting cases  during current week (Count)
Anthrax,-,-,-,-,-,1,-,1,
"Arboviral diseases §, ¶ :",,,,,,,,,
California serogroup virus disease,-,-,0,83,81,137,75,55,
Eastern equine encephalitis virus disease,-,-,-,6,15,4,10,4,
Powassan virus disease,-,-,-,13,7,16,8,6,
St. Louis encephalitis virus disease,-,-,-,-,3,6,10,12,
Western equine encephalitis virus disease,-,-,-,-,-,-,-,-,
"Botulism, total",-,10,2,141,168,153,112,118,
foodborne,-,-,0,5,27,24,7,10,
infant,-,6,2,122,123,97,80,83,
other(wound & unspecified),-,4,0,14,18,32,25,25,
Brucellosis,1,6,1,106,114,79,115,115,CA (1 )
Chancroid,2,3,0,11,15,8,24,28,"NC (1 ), CA (1 )"
Cholera,-,-,0,2,17,40,13,10,
Cyclosporiasis §,-,3,2,668,123,151,179,141,
Diphtheria,-,-,-,-,1,-,-,-,
"Haemophilus influenzae  **,  invasive disease (age <5 yrs):",,,,,,,,,
serotype b,-,1,1,22,30,14,23,35,
nonserotype b,-,16,5,188,205,145,200,236,
unknown serotype,5,37,5,209,210,226,223,178,"OH (1 ), MI (1 ), WI (1 ), MO (1 ), NC (1 )"
Hansen disease §,-,1,2,64,82,82,98,103,
Hantavirus pulmonary syndrome §,1,2,0,13,30,23,20,20,CA (1 )
"Hemolytic uremic syndrome, post-diarrheal §",1,4,2,233,274,290,266,242,NC (1 )
"Hepatitis B, virus infection perinatal",1,5,1,51,40,U,U,U,VA (1 )
"Influenza-associated pediatric mortality §, ††",10,41,5,164,52,118,61,358,"PA (1 ), MI (1 ), KS (1 ), NC (2 ), LA (2 ), NV (1 ), AZ (1 ), NE (1 )"
Leptospirosis,-,-,0,NN,NN,NN,NN,NN,
Listeriosis,5,46,9,715,727,870,821,851,"PA (1 ), WV (1 ), WA (1 ), CA (2 )"
Measles §§,2,20,2,187,55,220,63,71,"NY (1 ), TX (1 )"
"Meningococcal disease, invasive ¶¶ :",,,,,,,,,
"A,C,Y, and W-135",-,13,5,120,161,257,280,301,
serogroup B,-,2,3,78,110,159,135,174,
other serogroup,-,2,0,14,20,20,12,23,
unknown serogroup,6,29,9,308,260,323,406,482,"NYC (1 ), PA (1 ), MI (1 ), MO (1 ), FL (1 ), OR (1 )"
Novel influenza A infection virus ***,-,-,31,21,313,14,4,43774,
Plague,-,-,-,4,4,3,2,8,
"Poliomyelitis, paralytic",-,-,-,1,-,-,-,1,
"Polio virus infection, nonparalytic §",-,-,-,-,-,-,-,-,
Psittacosis §,-,-,0,7,2,2,4,9,
Q fever total §:,-,4,2,151,135,134,131,113,
acute,-,4,2,117,113,110,106,93,
chronic,-,-,0,34,22,24,25,20,
"Rabies, human",-,-,-,-,1,6,2,4,
Rubella †††,-,1,0,9,9,4,5,3,
"Rubella, congenital syndrome",-,-,0,-,3,-,-,2,
SARS CoV §,-,-,-,-,-,-,-,-,
Smallpox §,-,-,-,-,-,-,-,-,
Streptococcal toxic-shock syndrome §,-,8,5,139,194,168,142,161,
"Syphilis, congenital (age <1 yr) §§§",-,2,8,193,322,360,377,423,
Tetanus,1,2,1,23,37,36,26,18,CA (1 )
Toxic-shock syndrome (staphylococcal) §,-,3,2,67,65,78,82,74,
Trichinellosis,-,-,1,19,18,15,7,13,
Tularemia,-,-,0,197,149,166,124,93,
Typhoid fever,4,15,7,335,354,390,467,397,"NY (1 ), NC (1 ), CA (2 )"
Vancomycin-intermediate  Staphylococcus aureus  §,-,6,1,212,134,82,91,78,
Vancomycin-resistant  Staphylococcus aureus  §,-,-,-,-,2,-,2,1,
Vibriosis (non-cholera  Vibrio  species infections) §,4,25,4,1161,1111,832,846,789,"MD (1 ), CA (3 )"
Viral Hemorrhagic Fever ¶¶¶,-,-,-,-,-,-,1,NN,
Yellow fever,-,-,-,-,-,-,-,-,
