Reporting  Area,"Hepatitis (viral, acute, by type) †","Hepatitis (viral, acute, by type) †","Hepatitis (viral, acute, by type) †","Hepatitis (viral, acute, by type) †","Hepatitis (viral, acute, by type) †","Hepatitis (viral, acute, by type) †","Hepatitis (viral, acute, by type) †","Hepatitis (viral, acute, by type) †","Hepatitis (viral, acute, by type) †","Hepatitis (viral, acute, by type) †"
Reporting  Area,C (confirmed),C (confirmed),C (confirmed),C (confirmed),C (confirmed),C (probable),C (probable),C (probable),C (probable),C (probable)
Reporting  Area,Current  week,Previous 52 weeks,Previous 52 weeks,Cum  2018,Cum  2017,Current  week,Previous 52 weeks,Previous 52 weeks,Cum  2018,Cum  2017
Reporting  Area,Current  week,Med,Max,Cum  2018,Cum  2017,Current  week,Med,Max,Cum  2018,Cum  2017
United States,12,62,120,2762,2963,6,17,58,883,915
New England,-,3,8,138,380,-,0,4,34,58
Connecticut,-,0,1,5,9,-,0,0,-,-
Maine,-,0,3,17,20,-,0,2,9,11
Massachusetts,-,2,4,94,320,-,0,2,13,39
New Hampshire,-,0,4,20,22,-,0,2,12,8
Rhode Island,-,0,0,-,-,-,0,0,-,-
Vermont,-,0,1,2,9,-,0,0,-,-
Middle Atlantic,2,9,16,379,498,-,1,3,37,38
New Jersey,-,1,6,65,121,-,0,2,12,19
New York (excluding New York City),2,3,9,177,157,-,0,2,15,19
New York City,-,0,2,4,9,-,0,0,-,-
Pennsylvania,-,3,9,133,211,-,0,2,10,-
East North Central,1,14,25,634,601,2,6,16,305,193
Illinois,-,1,4,49,37,-,0,2,12,10
Indiana,-,4,9,207,185,-,1,5,73,44
Michigan,-,2,6,107,139,-,1,3,37,76
Ohio,1,4,9,214,151,2,3,12,182,63
Wisconsin,-,1,5,57,89,-,0,1,1,-
West North Central,-,3,8,145,137,-,0,1,5,9
Iowa,-,0,0,-,-,-,0,0,-,-
Kansas,-,0,2,8,18,-,0,1,2,2
Minnesota,-,1,3,41,51,-,0,1,-,2
Missouri,-,1,5,66,47,-,0,0,-,-
Nebraska,-,0,1,6,2,-,0,1,1,3
North Dakota,-,0,2,8,1,-,0,1,2,1
South Dakota,-,0,3,16,18,-,0,0,-,1
South Atlantic,5,18,47,853,737,2,3,37,217,262
Delaware,-,0,2,-,4,-,0,0,-,3
District of Columbia,-,0,0,-,-,-,0,0,-,-
Florida,5,10,43,561,337,1,1,4,45,65
Georgia,-,1,5,52,95,-,0,4,24,34
Maryland,-,1,2,32,31,1,0,1,8,10
North Carolina,-,2,7,110,108,-,0,4,28,67
South Carolina,-,0,1,-,11,-,0,1,-,1
Virginia,-,1,4,43,54,-,0,4,22,18
West Virginia,-,1,12,55,97,-,0,31,90,64
East South Central,1,6,23,254,221,-,4,11,179,229
Alabama,-,0,14,48,17,-,0,6,34,21
Kentucky,-,2,8,109,71,-,2,7,98,143
Mississippi,-,0,0,-,-,-,0,0,-,-
Tennessee,1,2,9,97,133,-,1,3,47,65
West South Central,1,1,17,60,69,-,0,19,27,38
Arkansas,-,0,3,9,1,-,0,0,-,-
Louisiana,-,0,1,7,7,-,0,1,3,4
Oklahoma,-,0,17,11,27,-,0,18,8,14
Texas,1,1,3,33,34,-,0,2,16,20
Mountain,2,4,7,161,187,2,1,4,45,61
Arizona,-,0,0,-,-,-,0,0,-,-
Colorado,1,0,3,32,40,1,0,2,10,8
Idaho,-,0,1,4,8,-,0,1,2,4
Montana,-,0,1,9,12,-,0,1,5,1
Nevada,-,0,2,5,33,-,0,0,-,9
New Mexico,-,0,2,15,14,-,0,2,6,14
Utah,1,2,5,82,76,1,0,3,22,25
Wyoming,-,0,1,14,4,-,0,0,-,-
Pacific,-,3,52,138,133,-,0,21,34,27
Alaska,-,0,0,-,-,-,0,0,-,-
California,-,2,7,76,99,-,0,2,18,22
Hawaii,-,0,0,-,-,-,0,0,-,-
Oregon,-,0,2,14,34,-,0,2,10,5
Washington,-,0,52,48,-,-,0,21,6,-
Territories,,,,,,,,,,
American Samoa,-,0,0,-,-,-,0,0,-,-
Commonwealth of Northern Mariana Islands,-,-,-,-,-,-,-,-,-,-
Guam,-,0,0,-,1,-,0,0,-,-
Puerto Rico,-,0,0,-,-,-,0,0,-,-
U.S. Virgin Islands,-,0,0,-,-,-,0,0,-,-
