Reporting Area,Arboviral diseases,Arboviral diseases,Arboviral diseases,Arboviral diseases,Arboviral diseases,Arboviral diseases,Arboviral diseases,Arboviral diseases
Reporting Area,St. Louis encephalitis virus disease,St. Louis encephalitis virus disease,St. Louis encephalitis virus disease,St. Louis encephalitis virus disease,West Nile virus disease,West Nile virus disease,West Nile virus disease,West Nile virus disease
Reporting Area,Current week,Previous 52 weeks Max †,Cum YTD 2020 †,Cum YTD 2019 †,Current week,Previous 52 weeks Max †,Cum YTD 2020 †,Cum YTD 2019 †
"U.S. Residents, excluding U.S. Territories",-,3,1,-,-,93,5,29
New England,-,0,-,-,-,2,-,-
Connecticut,-,0,-,-,-,1,-,-
Maine,-,0,-,-,-,0,-,-
Massachusetts,-,0,-,-,-,2,-,-
New Hampshire,-,0,-,-,-,0,-,-
Rhode Island,-,0,-,-,-,0,-,-
Vermont,-,0,-,-,-,0,-,-
Middle Atlantic,-,1,-,-,-,8,-,-
New Jersey,-,0,-,-,-,3,-,-
New York (excluding New York City),-,0,-,-,-,3,-,-
New York City,-,0,-,-,-,4,-,-
Pennsylvania,-,1,-,-,-,2,-,-
East North Central,-,0,-,-,-,12,-,-
Illinois,-,0,-,-,-,7,-,-
Indiana,-,0,-,-,-,3,-,-
Michigan,-,0,-,-,-,4,-,-
Ohio,-,0,-,-,-,1,-,-
Wisconsin,-,0,-,-,-,1,-,-
West North Central,-,0,-,-,-,8,-,3
Iowa,-,0,-,-,-,1,-,-
Kansas,-,0,-,-,-,2,-,-
Minnesota,-,0,-,-,-,1,-,-
Missouri,-,0,-,-,-,1,-,1
Nebraska,-,0,-,-,-,4,-,1
North Dakota,-,0,-,-,-,3,-,1
South Dakota,-,0,-,-,-,3,-,-
South Atlantic,-,0,-,-,-,5,1,3
Delaware,-,0,-,-,-,0,-,-
District of Columbia,-,0,-,-,-,2,-,-
Florida,-,0,-,-,-,1,-,2
Georgia,-,0,-,-,-,3,-,-
Maryland,-,0,-,-,-,1,1,-
North Carolina,-,0,-,-,-,1,-,-
South Carolina,-,0,-,-,-,1,-,-
Virginia,-,0,-,-,-,2,-,1
West Virginia,-,0,-,-,-,0,-,-
East South Central,-,0,-,-,-,5,-,-
Alabama,-,0,-,-,-,1,-,-
Kentucky,-,0,-,-,-,2,-,-
Mississippi,-,0,-,-,-,4,-,-
Tennessee,-,0,-,-,-,2,-,-
West South Central,-,0,-,-,-,9,1,5
Arkansas,-,0,-,-,-,1,1,1
Louisiana,-,0,-,-,-,5,-,-
Oklahoma,-,0,-,-,-,1,-,3
Texas,-,0,-,-,-,5,-,1
Mountain,-,1,1,-,-,48,3,10
Arizona,-,1,1,-,-,23,1,8
Colorado,-,0,-,-,-,24,-,-
Idaho,-,0,-,-,-,4,-,-
Montana,-,0,-,-,-,2,-,-
Nevada,-,0,-,-,-,8,-,1
New Mexico,-,0,-,-,-,9,2,-
Utah,-,0,-,-,-,4,-,-
Wyoming,-,0,-,-,-,1,-,1
Pacific,-,2,-,-,-,25,-,8
Alaska,-,0,-,-,-,1,-,-
California,-,2,-,-,-,23,-,8
Hawaii,-,0,-,-,-,0,-,-
Oregon,-,0,-,-,-,2,-,-
Washington,-,0,-,-,-,1,-,-
U.S. Territories,-,0,-,-,-,0,-,-
American Samoa,-,0,-,-,-,0,-,-
Commonwealth of Northern Mariana Islands,-,0,-,-,-,0,-,-
Guam,-,0,-,-,-,0,-,-
Puerto Rico,-,0,-,-,-,0,-,-
U.S. Virgin Islands,-,0,-,-,-,0,-,-
Non-U.S. Residents,-,0,-,-,-,0,-,-
Total,-,3,1,-,-,93,5,29
