0,1,2,3,4,5,6,7,8,9,10,11,12,13,14,15
Reporting  Area,"Streptococcus pneumoniae  , invasive disease, drug resistant  †","Streptococcus pneumoniae  , invasive disease, drug resistant  †","Streptococcus pneumoniae  , invasive disease, drug resistant  †","Streptococcus pneumoniae  , invasive disease, drug resistant  †","Streptococcus pneumoniae  , invasive disease, drug resistant  †","Streptococcus pneumoniae  , invasive disease, drug resistant  †","Streptococcus pneumoniae  , invasive disease, drug resistant  †","Streptococcus pneumoniae  , invasive disease, drug resistant  †","Streptococcus pneumoniae  , invasive disease, drug resistant  †","Streptococcus pneumoniae  , invasive disease, drug resistant  †",,,,,
Reporting  Area,All ages,All ages,All ages,All ages,All ages,Age <5 years,Age <5 years,Age <5 years,Age <5 years,Age <5 years,"Syphilis, primary & secondary","Syphilis, primary & secondary","Syphilis, primary & secondary","Syphilis, primary & secondary","Syphilis, primary & secondary"
Reporting  Area,Current  week,Previous 52 weeks,Previous 52 weeks,Cum  2009,Cum  2008,Current  week,Previous 52 weeks,Previous 52 weeks,Cum  2009,Cum  2008,Current  week,Previous 52 weeks,Previous 52 weeks,Cum  2009,Cum  2008
Reporting  Area,Current  week,Med,Max,Cum  2009,Cum  2008,Current  week,Med,Max,Cum  2009,Cum  2008,Current  week,Med,Max,Cum  2009,Cum  2008
UNITED STATES,33,60,276,2304,2557,7,8,21,362,418,88,260,452,10853,11012
NEW ENGLAND,1,1,48,49,59,-,0,5,3,10,5,5,15,267,271
Conn.,-,0,48,-,7,-,0,5,-,-,1,1,5,49,28
Maine,1,0,2,16,17,-,0,1,1,2,-,0,1,2,10
Mass.,-,0,1,3,-,-,0,1,2,-,2,4,10,190,190
N.H.,-,0,3,5,-,-,0,0,-,-,-,0,2,13,19
R.I.,-,0,6,13,21,-,0,1,-,6,2,0,5,13,16
Vt.,-,0,2,12,14,-,0,0,-,2,-,0,2,-,8
MID. ATLANTIC,2,3,14,148,264,1,0,3,22,22,28,35,50,1556,1444
N.J.,-,0,0,-,-,-,0,0,-,-,2,4,13,190,189
N.Y. (Upstate),2,1,10,67,58,1,0,2,11,6,-,2,8,98,117
N.Y. City,-,0,4,5,109,-,0,2,-,1,17,22,40,960,912
Pa.,-,1,8,76,97,-,0,2,11,15,9,7,13,308,226
E.N. CENTRAL,8,11,41,519,527,1,1,7,72,72,2,22,43,916,1068
Ill.,N,0,0,N,N,N,0,0,N,N,-,7,29,299,446
Ind.,-,3,32,175,180,-,0,6,25,23,-,2,10,129,113
Mich.,-,0,2,23,18,-,0,1,3,2,2,3,18,203,166
Ohio,8,7,18,321,329,1,1,4,44,47,-,6,19,254,289
Wis.,-,0,0,-,-,-,0,0,-,-,-,1,4,31,54
W.N. CENTRAL,2,2,161,104,176,-,0,3,21,35,-,6,11,259,352
Iowa,-,0,0,-,-,-,0,0,-,-,-,0,2,18,15
Kans.,-,1,5,38,68,-,0,2,13,5,-,0,3,26,26
Minn.,-,0,156,-,25,-,0,3,-,25,-,1,6,61,94
Mo.,2,1,5,52,75,-,0,1,6,2,-,3,7,133,204
Nebr.,-,0,1,2,-,-,0,0,-,-,-,0,3,16,13
N. Dak.,-,0,3,10,2,-,0,0,-,-,-,0,1,4,-
S. Dak.,-,0,2,2,6,-,0,2,2,3,-,0,1,1,-
S. ATLANTIC,16,26,53,1101,1069,4,4,14,176,198,24,64,262,2721,2400
Del.,-,0,2,18,3,-,0,2,3,-,-,0,3,25,14
D.C.,N,0,0,N,N,N,0,0,N,N,-,3,8,144,122
Fla.,13,15,36,651,599,4,2,13,108,119,4,19,32,841,885
Ga.,3,8,25,335,370,-,1,5,57,66,-,14,227,651,569
Md.,-,0,1,4,4,-,0,0,-,1,6,6,16,245,280
N.C.,N,0,0,N,N,N,0,0,N,N,6,9,21,450,231
S.C.,-,0,0,-,-,-,0,0,-,-,-,2,6,95,71
Va.,N,0,0,N,N,N,0,0,N,N,8,7,15,266,217
W. Va.,-,2,13,93,93,-,0,2,8,12,-,0,2,4,11
E.S. CENTRAL,2,4,25,211,272,-,0,3,31,52,13,22,36,975,955
Ala.,N,0,0,N,N,N,0,0,N,N,2,8,18,371,382
Ky.,1,1,5,63,66,-,0,2,8,11,-,1,10,55,76
Miss.,-,0,3,4,34,-,0,1,3,11,3,4,16,188,146
Tenn.,1,2,23,144,172,-,0,3,20,30,8,8,15,361,351
W.S. CENTRAL,1,2,6,78,80,1,0,3,16,12,8,46,80,1905,1943
Ark.,1,1,5,46,13,1,0,3,11,3,8,4,35,218,145
La.,-,1,5,32,67,-,0,1,5,9,-,6,40,304,577
Okla.,N,0,0,N,N,N,0,0,N,N,-,1,7,55,67
Tex.,-,0,0,-,-,-,0,0,-,-,-,31,51,1328,1154
MOUNTAIN,1,2,7,91,108,-,0,2,19,15,-,8,18,351,524
Ariz.,-,0,0,-,-,-,0,0,-,-,-,3,9,145,270
Colo.,-,0,0,-,-,-,0,0,-,-,-,1,4,70,122
Idaho,N,0,1,N,N,N,0,1,N,N,-,0,2,3,5
Mont.,-,0,1,-,-,-,0,0,-,-,-,0,7,1,-
Nev.,1,1,4,35,49,-,0,2,7,5,-,1,10,85,70
N. Mex.,-,0,1,1,-,-,0,0,-,-,-,1,5,44,35
Utah,-,1,5,45,58,-,0,2,10,10,-,0,2,-,19
Wyo.,-,0,2,10,1,-,0,1,2,-,-,0,1,3,3
PACIFIC,-,0,1,3,2,-,0,1,2,2,8,45,68,1903,2055
Alaska,-,0,0,-,-,-,0,0,-,-,-,0,0,-,1
Calif.,N,0,0,N,N,N,0,0,N,N,8,40,61,1726,1856
Hawaii,-,0,1,3,2,-,0,1,2,2,-,0,3,25,20
Oreg.,N,0,0,N,N,N,0,0,N,N,-,0,4,34,19
Wash.,N,0,0,N,N,N,0,0,N,N,-,2,7,118,159
Amer. Samoa,N,0,0,N,N,N,0,0,N,N,-,0,0,-,-
C.N.M.I.,-,-,-,-,-,-,-,-,-,-,-,-,-,-,-
Guam,-,0,0,-,-,-,0,0,-,-,-,0,0,-,-
P.R.,-,0,0,-,-,-,0,0,-,-,-,3,17,192,136
V.I.,-,0,0,-,-,-,0,0,-,-,-,0,0,-,-
