Reporting Area,Cholera,Cholera,Cholera,Cholera,Coccidioidomycosis,Coccidioidomycosis,Coccidioidomycosis,Coccidioidomycosis
Reporting Area,Current week,Previous 52 weeks Max †,Cum YTD 2021 †,Cum YTD 2020 †,Current week,Previous 52 weeks Max †,Cum YTD 2021 †,Cum YTD 2020 †
"U.S. Residents, excluding U.S. Territories",-,2,-,-,210,576,11304,9519
New England,-,0,-,-,-,2,-,1
Connecticut,-,0,-,-,N,NC,N,N
Maine,-,0,-,-,N,NC,N,N
Massachusetts,-,0,-,-,N,NC,N,N
New Hampshire,-,0,-,-,-,1,-,1
Rhode Island,-,0,-,-,-,0,-,-
Vermont,-,0,-,-,N,NC,N,N
Middle Atlantic,-,0,-,-,-,0,-,-
New Jersey,-,0,-,-,N,NC,N,N
New York (excluding New York City),-,0,-,-,-,0,-,-
New York City,-,0,-,-,N,NC,N,N
Pennsylvania,-,0,-,-,N,NC,N,N
East North Central,-,1,-,-,1,5,40,57
Illinois,-,0,-,-,N,NC,N,N
Indiana,-,0,-,-,-,1,1,11
Michigan,-,0,-,-,1,3,27,25
Ohio,-,1,-,-,-,4,8,5
Wisconsin,-,0,-,-,-,1,4,16
West North Central,-,1,-,-,-,7,90,92
Iowa,-,1,-,-,N,NC,N,N
Kansas,-,0,-,-,-,0,-,-
Minnesota,-,0,-,-,-,5,75,60
Missouri,-,0,-,-,-,2,11,13
Nebraska,-,0,-,-,-,1,2,11
North Dakota,-,0,-,-,-,1,2,8
South Dakota,-,0,-,-,-,0,-,-
South Atlantic,-,1,-,-,-,2,3,4
Delaware,-,1,-,-,-,0,-,-
District of Columbia,-,0,-,-,N,NC,N,N
Florida,-,0,-,-,N,NC,N,N
Georgia,-,0,-,-,N,NC,N,N
Maryland,-,0,-,-,-,2,3,4
North Carolina,-,0,-,-,N,NC,N,N
South Carolina,-,0,-,-,N,NC,N,N
Virginia,-,0,-,-,N,NC,N,N
West Virginia,-,0,-,-,N,NC,N,N
East South Central,-,0,-,-,-,1,2,6
Alabama,-,0,-,-,-,0,-,-
Kentucky,-,0,-,-,-,1,2,6
Mississippi,-,0,-,-,N,NC,N,N
Tennessee,-,0,-,-,N,NC,N,N
West South Central,-,1,-,-,-,2,5,9
Arkansas,-,0,-,-,-,1,2,5
Louisiana,-,1,-,-,-,2,3,4
Oklahoma,-,0,-,-,N,NC,N,N
Texas,-,0,-,-,N,NC,N,N
Mountain,-,0,-,-,189,389,7509,5554
Arizona,-,0,-,-,187,385,7358,5395
Colorado,-,0,-,-,N,NC,N,N
Idaho,-,0,-,-,N,NC,N,N
Montana,-,0,-,-,-,3,15,10
Nevada,-,0,-,-,2,8,108,111
New Mexico,-,0,-,-,-,1,-,2
Utah,-,0,-,-,-,4,28,36
Wyoming,-,0,-,-,-,1,-,-
Pacific,-,0,-,-,20,200,3655,3796
Alaska,-,0,-,-,N,NC,N,N
California,-,0,-,-,20,199,3649,3790
Hawaii,-,0,-,-,N,NC,N,N
Oregon,-,0,-,-,-,2,6,6
Washington,-,0,-,-,N,NC,N,N
U.S. Territories,-,0,-,-,-,1,1,-
American Samoa,-,0,-,-,N,NC,N,N
Commonwealth of Northern Mariana Islands,-,0,-,-,-,0,-,-
Guam,-,0,-,-,-,1,1,-
Puerto Rico,-,0,-,-,N,NC,N,N
U.S. Virgin Islands,-,0,-,-,-,0,-,-
Non-U.S. Residents,-,0,-,-,-,1,1,2
Total,-,2,-,-,210,576,11306,9521
