0,1,2,3,4,5,6,7,8,9,10
Reporting  Area,Dengue Virus Infection,Dengue Virus Infection,Dengue Virus Infection,Dengue Virus Infection,Dengue Virus Infection,Dengue Virus Infection,Dengue Virus Infection,Dengue Virus Infection,Dengue Virus Infection,Dengue Virus Infection
Reporting  Area,Dengue Fever  †,Dengue Fever  †,Dengue Fever  †,Dengue Fever  †,Dengue Fever  †,Dengue Hemorrhagic Fever  §,Dengue Hemorrhagic Fever  §,Dengue Hemorrhagic Fever  §,Dengue Hemorrhagic Fever  §,Dengue Hemorrhagic Fever  §
Reporting  Area,Current  week,Previous 52 weeks,Previous 52 weeks,Cum  2011,Cum  2010,Current  week,Previous 52 weeks,Previous 52 weeks,Cum  2011,Cum  2010
Reporting  Area,Current  week,Med,Max,Cum  2011,Cum  2010,Current  week,Med,Max,Cum  2011,Cum  2010
UNITED STATES,-,6,40,-,37,-,0,2,-,-
NEW ENGLAND,-,0,3,-,1,-,0,0,-,-
Conn.,-,0,0,-,-,-,0,0,-,-
Maine,-,0,2,-,1,-,0,0,-,-
Mass.,-,0,0,-,-,-,0,0,-,-
N.H.,-,0,0,-,-,-,0,0,-,-
R.I.,-,0,1,-,-,-,0,0,-,-
Vt.,-,0,1,-,-,-,0,0,-,-
MID. ATLANTIC,-,1,15,-,14,-,0,1,-,-
N.J.,-,0,0,-,-,-,0,0,-,-
N.Y. (Upstate),-,0,0,-,-,-,0,0,-,-
N.Y. City,-,1,15,-,10,-,0,1,-,-
Pa.,-,0,3,-,4,-,0,0,-,-
E.N. CENTRAL,-,1,7,-,7,-,0,1,-,-
Ill.,-,0,2,-,1,-,0,0,-,-
Ind.,-,0,2,-,1,-,0,0,-,-
Mich.,-,0,2,-,-,-,0,0,-,-
Ohio,-,0,2,-,5,-,0,0,-,-
Wis.,-,0,2,-,-,-,0,1,-,-
W.N. CENTRAL,-,0,6,-,3,-,0,1,-,-
Iowa,-,0,1,-,-,-,0,0,-,-
Kans.,-,0,1,-,-,-,0,0,-,-
Minn.,-,0,2,-,3,-,0,0,-,-
Mo.,-,0,0,-,-,-,0,0,-,-
Nebr.,-,0,6,-,-,-,0,0,-,-
N. Dak.,-,0,1,-,-,-,0,0,-,-
S. Dak.,-,0,0,-,-,-,0,1,-,-
S. ATLANTIC,-,2,17,-,7,-,0,1,-,-
Del.,-,0,0,-,-,-,0,0,-,-
D.C.,-,0,0,-,-,-,0,0,-,-
Fla.,-,2,14,-,6,-,0,1,-,-
Ga.,-,0,2,-,1,-,0,0,-,-
Md.,-,0,0,-,-,-,0,0,-,-
N.C.,-,0,2,-,-,-,0,0,-,-
S.C.,-,0,3,-,-,-,0,0,-,-
Va.,-,0,3,-,-,-,0,0,-,-
W. Va.,-,0,1,-,-,-,0,0,-,-
E.S. CENTRAL,-,0,2,-,-,-,0,0,-,-
Ala.,-,0,2,-,-,-,0,0,-,-
Ky.,-,0,1,-,-,-,0,0,-,-
Miss.,-,0,0,-,-,-,0,0,-,-
Tenn.,-,0,1,-,-,-,0,0,-,-
W.S. CENTRAL,-,0,1,-,-,-,0,1,-,-
Ark.,-,0,0,-,-,-,0,1,-,-
La.,-,0,0,-,-,-,0,0,-,-
Okla.,-,0,1,-,-,-,0,0,-,-
Tex.,-,0,1,-,-,-,0,0,-,-
MOUNTAIN,-,0,2,-,2,-,0,0,-,-
Ariz.,-,0,1,-,-,-,0,0,-,-
Colo.,-,0,0,-,-,-,0,0,-,-
Idaho,-,0,1,-,-,-,0,0,-,-
Mont.,-,0,1,-,-,-,0,0,-,-
Nev.,-,0,1,-,1,-,0,0,-,-
N. Mex.,-,0,0,-,1,-,0,0,-,-
Utah,-,0,0,-,-,-,0,0,-,-
Wyo.,-,0,0,-,-,-,0,0,-,-
PACIFIC,-,0,6,-,3,-,0,0,-,-
Alaska,-,0,1,-,-,-,0,0,-,-
Calif.,-,0,5,-,1,-,0,0,-,-
Hawaii,-,0,0,-,-,-,0,0,-,-
Oreg.,-,0,0,-,-,-,0,0,-,-
Wash.,-,0,2,-,2,-,0,0,-,-
Amer. Samoa,-,0,0,-,-,-,0,0,-,-
C.N.M.I.,-,-,-,-,-,-,-,-,-,-
Guam,-,0,0,-,-,-,0,0,-,-
P.R.,-,108,526,81,519,-,1,14,-,9
V.I.,-,0,0,-,-,-,0,0,-,-
