Reporting Area,Ehrlichiosis and Anaplasmosis,Ehrlichiosis and Anaplasmosis,Ehrlichiosis and Anaplasmosis,Ehrlichiosis and Anaplasmosis,Ehrlichiosis and Anaplasmosis,Ehrlichiosis and Anaplasmosis,Ehrlichiosis and Anaplasmosis,Ehrlichiosis and Anaplasmosis,Giardiasis,Giardiasis,Giardiasis,Giardiasis
Reporting Area,Ehrlichia ewingii  infection,Ehrlichia ewingii  infection,Ehrlichia ewingii  infection,Ehrlichia ewingii  infection,Undetermined ehrlichiosis/anaplasmosis,Undetermined ehrlichiosis/anaplasmosis,Undetermined ehrlichiosis/anaplasmosis,Undetermined ehrlichiosis/anaplasmosis,Giardiasis,Giardiasis,Giardiasis,Giardiasis
Reporting Area,Current week,Previous 52 weeks Max †,Cum YTD 2021 †,Cum YTD 2020 †,Current week,Previous 52 weeks Max †,Cum YTD 2021 †,Cum YTD 2020 †,Current week,Previous 52 weeks Max †,Cum YTD 2021 †,Cum YTD 2020 †
"U.S. Residents, excluding U.S. Territories",1,2,4,13,1,15,101,54,136,240,5652,6100
New England,-,0,-,-,1,2,5,3,10,29,400,432
Connecticut,N,NC,N,N,N,NC,N,N,-,8,56,82
Maine,-,0,-,-,-,0,-,3,4,8,82,90
Massachusetts,-,0,-,-,1,2,4,-,3,16,170,186
New Hampshire,-,0,-,-,-,1,1,-,3,8,68,49
Rhode Island,-,0,-,-,-,0,-,-,-,5,24,25
Vermont,-,0,-,-,-,0,-,-,N,NC,N,N
Middle Atlantic,1,2,2,3,-,12,83,20,47,78,1419,1321
New Jersey,-,0,-,3,-,0,-,-,-,9,160,139
New York (excluding New York City),1,2,2,-,-,1,3,1,29,39,494,472
New York City,-,0,-,-,-,1,2,-,18,23,498,437
Pennsylvania,-,0,-,-,-,12,78,19,-,23,267,273
East North Central,-,1,1,2,-,2,7,13,11,60,723,845
Illinois,-,0,-,-,-,1,1,1,N,NC,N,N
Indiana,-,1,-,2,-,0,-,-,-,7,-,75
Michigan,-,0,-,-,-,0,-,-,1,16,162,225
Ohio,-,0,-,-,-,0,-,-,-,44,260,236
Wisconsin,-,1,1,-,-,1,6,12,10,24,301,309
West North Central,-,1,-,5,-,3,1,12,4,31,327,659
Iowa,-,0,-,-,-,0,-,-,-,9,97,86
Kansas,-,0,-,-,-,0,-,-,-,6,42,65
Minnesota,-,0,-,-,-,0,-,-,-,14,-,273
Missouri,-,1,-,5,-,3,-,12,-,7,72,104
Nebraska,-,0,-,-,-,0,-,-,4,5,55,48
North Dakota,-,0,-,-,-,1,1,-,-,4,26,39
South Dakota,-,0,-,-,-,1,-,-,-,4,35,44
South Atlantic,-,1,1,3,-,2,3,3,4,38,786,885
Delaware,-,0,-,1,-,0,-,-,1,2,21,14
District of Columbia,-,0,-,-,-,0,-,-,-,1,2,21
Florida,-,0,-,1,-,0,-,-,-,23,350,427
Georgia,-,0,-,-,-,0,-,-,1,10,80,137
Maryland,-,1,1,-,-,1,1,-,1,7,74,66
North Carolina,-,0,-,-,-,0,-,-,N,NC,N,N
South Carolina,-,0,-,-,-,2,2,3,-,7,97,74
Virginia,-,0,-,1,-,0,-,-,1,11,161,97
West Virginia,-,0,-,-,-,0,-,-,-,6,1,49
East South Central,-,0,-,-,-,1,-,1,1,8,99,70
Alabama,-,0,-,-,-,0,-,-,1,8,99,70
Kentucky,-,0,-,-,-,1,-,-,N,NC,N,N
Mississippi,-,0,-,-,-,0,-,-,N,NC,N,N
Tennessee,-,0,-,-,-,0,-,1,N,NC,N,N
West South Central,-,1,-,-,-,0,-,-,7,27,172,135
Arkansas,-,1,-,-,-,0,-,-,5,11,65,44
Louisiana,-,0,-,-,-,0,-,-,2,16,107,91
Oklahoma,-,0,-,-,-,0,-,-,N,NC,N,N
Texas,-,0,-,-,-,0,-,-,N,NC,N,N
Mountain,-,0,-,-,-,0,-,-,21,30,596,551
Arizona,-,0,-,-,-,0,-,-,1,8,58,65
Colorado,N,NC,N,N,N,NC,N,N,13,14,246,175
Idaho,N,NC,N,N,N,NC,N,N,-,8,78,73
Montana,-,0,-,-,-,0,-,-,-,5,24,45
Nevada,-,0,-,-,-,0,-,-,-,3,33,35
New Mexico,N,NC,N,N,N,NC,N,N,-,3,15,33
Utah,-,0,-,-,-,0,-,-,6,7,129,103
Wyoming,-,0,-,-,-,0,-,-,1,2,13,22
Pacific,-,0,-,-,-,1,2,2,31,50,1130,1202
Alaska,N,NC,N,N,N,NC,N,N,-,10,24,33
California,-,0,-,-,-,0,-,1,27,34,805,888
Hawaii,N,NC,N,N,N,NC,N,N,-,3,14,20
Oregon,-,0,-,-,-,1,2,1,4,18,184,146
Washington,-,0,-,-,-,0,-,-,-,9,103,115
U.S. Territories,-,0,-,-,-,0,-,-,-,4,13,20
American Samoa,N,NC,N,N,N,NC,N,N,-,0,-,-
Commonwealth of Northern Mariana Islands,-,0,-,-,-,0,-,-,-,0,-,-
Guam,N,NC,N,N,N,NC,N,N,-,0,-,1
Puerto Rico,N,NC,N,N,N,NC,N,N,-,4,13,19
U.S. Virgin Islands,-,0,-,-,-,0,-,-,-,0,-,-
Non-U.S. Residents,-,0,-,-,-,0,-,-,-,1,1,2
Total,1,2,4,13,1,15,101,54,136,241,5666,6122
