Reporting Area,"Invasive pneumococcal disease, age <5 years §","Invasive pneumococcal disease, age <5 years §","Invasive pneumococcal disease, age <5 years §","Invasive pneumococcal disease, age <5 years §","Invasive pneumococcal disease, age <5 years §","Invasive pneumococcal disease, age <5 years §","Invasive pneumococcal disease, age <5 years §","Invasive pneumococcal disease, age <5 years §",Legionellosis,Legionellosis,Legionellosis,Legionellosis
Reporting Area,Confirmed,Confirmed,Confirmed,Confirmed,Probable,Probable,Probable,Probable,Legionellosis,Legionellosis,Legionellosis,Legionellosis
Reporting Area,Current week,Previous 52 weeks Max †,Cum YTD 2020 †,Cum YTD 2019 †,Current week,Previous 52 weeks Max †,Cum YTD 2020 †,Cum YTD 2019 †,Current week,Previous 52 weeks Max †,Cum YTD 2020 †,Cum YTD 2019 †
"U.S. Residents, excluding U.S. Territories",-,41,337,661,-,2,13,17,29,344,2673,5979
New England,-,4,17,35,-,0,-,-,-,20,116,325
Connecticut,-,1,4,8,-,0,-,-,-,6,29,76
Maine,-,1,-,3,-,0,-,-,-,2,6,24
Massachusetts,-,3,11,16,-,0,-,-,-,12,48,163
New Hampshire,-,0,-,1,-,0,-,-,-,4,14,23
Rhode Island,-,1,2,6,-,0,-,-,-,5,16,35
Vermont,-,0,-,1,-,0,-,-,-,2,3,4
Middle Atlantic,-,6,38,65,-,0,-,2,13,51,603,1262
New Jersey,-,4,14,13,-,0,-,-,-,3,4,89
New York (excluding New York City),-,6,9,20,-,0,-,1,6,24,229,392
New York City,-,4,11,27,-,0,-,-,6,20,198,345
Pennsylvania,-,2,4,5,-,0,-,1,1,17,172,436
East North Central,-,5,46,105,-,2,9,5,3,112,674,1661
Illinois,-,0,-,-,-,0,-,-,-,43,176,413
Indiana,-,2,1,24,-,0,-,-,-,25,70,183
Michigan,-,3,13,35,-,0,-,1,1,31,173,360
Ohio,-,3,23,30,-,2,9,4,2,38,252,544
Wisconsin,-,2,9,16,-,0,-,-,-,14,3,161
West North Central,-,5,19,67,-,1,1,2,2,18,218,366
Iowa,N,NC,N,N,N,NC,N,N,-,8,22,38
Kansas,-,0,-,11,-,0,-,2,-,9,36,55
Minnesota,-,3,-,24,-,0,-,-,-,7,58,83
Missouri,-,2,15,13,-,1,1,-,2,11,85,137
Nebraska,-,1,2,8,-,0,-,-,-,3,12,30
North Dakota,-,2,-,6,-,0,-,-,-,1,4,8
South Dakota,-,1,2,5,-,0,-,-,-,1,1,15
South Atlantic,-,9,72,153,-,1,1,3,8,141,561,986
Delaware,-,2,3,4,-,0,-,-,-,2,8,26
District of Columbia,-,1,1,1,-,0,-,-,-,3,4,25
Florida,-,5,29,58,-,1,1,3,-,17,193,306
Georgia,-,4,15,38,-,0,-,-,-,5,44,90
Maryland,-,2,8,19,-,0,-,-,-,11,96,201
North Carolina,N,NC,N,N,N,NC,N,N,-,112,54,111
South Carolina,-,2,4,13,-,0,-,-,4,6,35,41
Virginia,-,3,6,13,-,0,-,-,4,7,113,129
West Virginia,-,2,6,7,-,0,-,-,-,6,14,57
East South Central,-,5,30,51,-,0,-,-,-,12,142,309
Alabama,-,2,11,15,-,0,-,-,-,4,33,53
Kentucky,-,2,3,6,-,0,-,-,-,4,31,107
Mississippi,-,3,8,15,-,0,-,-,-,2,11,31
Tennessee,-,2,8,15,-,0,-,-,-,6,67,118
West South Central,-,19,61,98,-,2,2,3,-,25,138,377
Arkansas,-,4,12,19,-,0,-,-,-,3,21,40
Louisiana,-,2,15,13,-,0,-,-,-,6,10,35
Oklahoma,-,0,-,-,-,0,-,-,-,15,-,33
Texas,-,15,34,66,-,2,2,3,-,23,107,269
Mountain,-,4,48,78,-,0,-,1,2,10,146,231
Arizona,-,2,16,29,-,0,-,-,2,5,66,69
Colorado,-,4,12,10,-,0,-,-,-,4,42,75
Idaho,-,0,-,-,-,0,-,-,-,2,1,19
Montana,-,1,1,3,-,0,-,-,-,1,5,10
Nevada,-,1,2,9,-,0,-,-,-,3,5,17
New Mexico,-,2,7,13,-,0,-,-,-,2,6,14
Utah,-,2,10,13,-,0,-,1,-,3,17,25
Wyoming,-,0,-,1,-,0,-,-,-,1,4,2
Pacific,-,1,6,9,-,0,-,1,1,16,75,462
Alaska,-,1,3,2,-,0,-,1,-,0,-,2
California,N,NC,N,N,N,NC,N,N,-,13,-,366
Hawaii,-,1,3,7,-,0,-,-,-,2,8,7
Oregon,N,NC,N,N,N,NC,N,N,-,4,27,37
Washington,N,NC,N,N,N,NC,N,N,1,4,40,50
U.S. Territories,-,0,-,-,-,0,-,-,-,0,-,-
American Samoa,N,NC,N,N,N,NC,N,N,N,NC,N,N
Commonwealth of Northern Mariana Islands,-,0,-,-,-,0,-,-,-,0,-,-
Guam,-,0,-,-,-,0,-,-,-,0,-,-
Puerto Rico,-,0,-,-,-,0,-,-,-,0,-,-
U.S. Virgin Islands,-,0,-,-,-,0,-,-,-,0,-,-
Non-U.S. Residents,-,0,-,-,-,0,-,-,-,0,-,-
Total,-,41,337,661,-,2,13,17,29,344,2673,5979
