Reporting Area,Mumps,Mumps,Mumps,Mumps,Novel Influenza A virus infections §,Novel Influenza A virus infections §,Novel Influenza A virus infections §,Novel Influenza A virus infections §
Reporting Area,Current week,Previous 52 weeks Max †,Cum YTD 2021 †,Cum YTD 2020 †,Current week,Previous 52 weeks Max †,Cum YTD 2021 †,Cum YTD 2020 †
"U.S. Residents, excluding U.S. Territories",1,18,12,490,-,1,-,-
New England,-,1,-,44,-,0,-,-
Connecticut,-,0,-,18,-,0,-,-
Maine,-,1,-,-,-,0,-,-
Massachusetts,-,1,-,16,-,0,-,-
New Hampshire,-,0,-,8,-,0,-,-
Rhode Island,-,0,-,-,-,0,-,-
Vermont,-,0,-,2,-,0,-,-
Middle Atlantic,-,6,1,102,-,0,-,-
New Jersey,-,1,-,6,-,0,-,-
New York (excluding New York City),-,4,-,16,-,0,-,-
New York City,-,2,-,57,-,0,-,-
Pennsylvania,-,1,1,23,-,0,-,-
East North Central,-,2,2,38,-,0,-,-
Illinois,-,1,1,19,-,0,-,-
Indiana,-,1,1,3,-,0,-,-
Michigan,-,1,-,2,-,0,-,-
Ohio,-,2,-,9,-,0,-,-
Wisconsin,-,1,-,5,-,0,-,-
West North Central,-,2,1,69,-,0,-,-
Iowa,-,1,-,6,-,0,-,-
Kansas,-,1,-,-,-,0,-,-
Minnesota,-,0,-,1,-,0,-,-
Missouri,-,1,-,60,-,0,-,-
Nebraska,-,0,-,1,-,0,-,-
North Dakota,-,1,1,1,-,0,-,-
South Dakota,-,0,-,-,-,0,-,-
South Atlantic,-,2,1,69,-,0,-,-
Delaware,-,0,-,13,-,0,-,-
District of Columbia,-,0,-,-,-,0,-,-
Florida,-,1,1,15,-,0,-,-
Georgia,-,0,-,2,-,0,-,-
Maryland,-,1,-,2,-,0,-,-
North Carolina,-,1,-,17,-,0,-,-
South Carolina,-,0,-,16,-,0,-,-
Virginia,-,1,-,4,-,0,-,-
West Virginia,-,1,-,-,-,0,-,-
East South Central,-,2,-,6,-,0,-,-
Alabama,-,1,-,1,-,0,-,-
Kentucky,-,1,-,2,-,0,-,-
Mississippi,-,1,-,-,-,0,-,-
Tennessee,-,1,-,3,-,0,-,-
West South Central,-,5,-,60,-,0,-,-
Arkansas,-,2,-,6,-,0,-,-
Louisiana,-,4,-,39,-,0,-,-
Oklahoma,-,0,-,2,-,0,-,-
Texas,-,2,-,13,-,0,-,-
Mountain,-,2,1,36,-,0,-,-
Arizona,-,1,1,8,-,0,-,-
Colorado,-,1,-,26,-,0,-,-
Idaho,-,0,-,-,-,0,-,-
Montana,-,0,-,1,-,0,-,-
Nevada,-,0,-,1,-,0,-,-
New Mexico,-,0,-,-,-,0,-,-
Utah,-,1,-,-,-,0,-,-
Wyoming,-,0,-,-,-,0,-,-
Pacific,1,3,6,66,-,1,-,-
Alaska,-,0,-,-,-,0,-,-
California,1,3,6,62,-,0,-,-
Hawaii,-,0,-,1,-,1,-,-
Oregon,-,1,-,1,-,0,-,-
Washington,-,1,-,2,-,0,-,-
U.S. Territories,-,0,-,-,-,0,-,-
American Samoa,-,0,-,-,-,0,-,-
Commonwealth of Northern Mariana Islands,-,0,-,-,-,0,-,-
Guam,-,0,-,-,-,0,-,-
Puerto Rico,-,0,-,-,-,0,-,-
U.S. Virgin Islands,-,0,-,-,-,0,-,-
Non-U.S. Residents,-,0,-,-,-,0,-,-
Total,1,18,12,490,-,1,-,-
