0,1,2,3,4,5,6,7,8,9
Disease,,,,Total cases reported for previous years,Total cases reported for previous years,Total cases reported for previous years,Total cases reported for previous years,Total cases reported for previous years,
Disease,Current  week,Cum  2007,5-year  weekly  average  †,2006,2005,2004,2003,2002,States reporting cases  during current week (Count)
Anthrax,-,-,-,1,-,-,-,2,
Botulism:,,,,,,,,,
foodborne,-,-,0,19,19,16,20,28,
infant,-,13,2,95,85,87,76,69,
other (wound & unspecified),-,2,1,45,31,30,33,21,
Brucellosis,-,22,1,119,120,114,104,125,
Chancroid,-,1,1,34,17,30,54,67,
Cholera,-,-,-,6,8,5,2,2,
Cyclosporiasis §,1,10,3,135,543,171,75,156,FL (1 )
Diphtheria,-,-,-,-,-,-,1,1,
"Domestic arboviral diseases §, ¶ :",,,,,,,,,
California serogroup,-,-,0,63,80,112,108,164,
eastern equine,-,-,-,7,21,6,14,10,
Powassan,-,-,-,1,1,1,-,1,
St. Louis,-,-,0,9,13,12,41,28,
western equine,-,-,-,-,-,-,-,-,
Ehrlichiosis §:,,,,,,,,,
human granulocytic,-,12,1,569,786,537,362,511,
human monocytic,-,23,1,500,506,338,321,216,
human (other & unspecified),-,7,0,226,112,59,44,23,
"Haemophilus influenzae  **,  invasive disease (age <5 yrs):",,,,,,,,,
serotype b,-,2,0,9,9,19,32,34,
nonserotype b,-,10,3,102,135,135,117,144,
unknown serotype,4,72,5,247,217,177,227,153,"NYC (1 ), CO (1 ), AZ (1 ), OR (1 )"
Hansen disease §,-,9,2,73,87,105,95,96,
Hantavirus pulmonary syndrome §,-,2,0,37,26,24,26,19,
"Hemolytic uremic syndrome, post-diarrheal §",1,18,2,272,221,200,178,216,FL (1 )
"Hepatitis C viral, acute",13,140,22,839,652,713,1102,1835,"NY (2 ), OH (1 ), MI (1 ), WV (2 ), NC (4 ), ID (1 ), OR (2 )"
"HIV infection, pediatric (age <13 yrs) ††",-,-,5,52,380,436,504,420,
"Influenza-associated pediatric mortality §, §§",4,39,1,41,45,-,N,N,"TN (1 ), IL (2 ), AZ (1 )"
Listeriosis,1,89,10,814,896,753,696,665,NY (1 )
Measles ¶¶,-,2,1,52,66,37,56,44,
"Meningococcal disease, invasive *** :",,,,,,,,,
"A, C, Y, and W-135",1,41,6,232,297,-,-,-,TX (1 )
serogroup B,-,19,4,144,156,-,-,-,
other serogroup,-,4,1,25,27,-,-,-,
unknown serogroup,5,155,21,716,765,-,-,-,"OH (1 ), IN (1 ), MO (1 ), FL (1 ), AZ (1 )"
Mumps,4,175,45,6541,314,258,231,270,"NY (1 ), FL (1 ), WA (2 )"
Plague,-,-,-,16,8,3,1,2,
"Poliomyelitis, paralytic",-,-,-,-,1,-,-,-,
"Poliovirus infection, nonparalytic §",-,-,-,N,N,N,N,N,
Psittacosis §,-,3,0,20,16,12,12,18,
Q fever §,2,27,2,178,136,70,71,61,"MO (1 ), NC (1 )"
"Rabies, human",-,-,0,3,2,7,2,3,
Rubella †††,-,7,0,8,11,10,7,18,
"Rubella, congenital syndrome",-,-,0,1,1,-,1,1,
"SARS CoV §, §§§",-,-,0,-,-,-,8,N,
Smallpox §,-,-,-,-,-,-,-,-,
Streptococcal toxic-shock syndrome §,1,14,4,101,129,132,161,118,OH (1 )
"Syphilis, congenital (age <1 yr)",1,35,7,334,329,353,413,412,NC (1 )
Tetanus,-,1,0,33,27,34,20,25,
Toxic-shock syndrome (staphylococcal) §,-,14,3,96,90,95,133,109,
Trichinellosis,-,-,0,14,16,5,6,14,
Tularemia,-,2,0,89,154,134,129,90,
Typhoid fever,1,45,5,317,324,322,356,321,IN (1 )
Vancomycin-intermediate  Staphylococcus aureus  §,-,-,0,4,2,-,N,N,
Vancomycin-resistant  Staphylococcus aureus  §,-,-,-,1,3,1,N,N,
Vibriosis (non-cholera  Vibrio  species infections) §,1,19,-,N,N,N,N,N,FL (1 )
Yellow fever,-,-,-,-,-,-,-,1,
