Reporting Area,Salmonella  Paratyphi infection §,Salmonella  Paratyphi infection §,Salmonella  Paratyphi infection §,Salmonella  Paratyphi infection §,Salmonella  Typhi infection ¶,Salmonella  Typhi infection ¶,Salmonella  Typhi infection ¶,Salmonella  Typhi infection ¶,Salmonellosis (excluding  Salmonella  Typhi infection and  Salmonella  Paratyphi infection) **,Salmonellosis (excluding  Salmonella  Typhi infection and  Salmonella  Paratyphi infection) **,Salmonellosis (excluding  Salmonella  Typhi infection and  Salmonella  Paratyphi infection) **,Salmonellosis (excluding  Salmonella  Typhi infection and  Salmonella  Paratyphi infection) **
Reporting Area,Current week,Previous 52 weeks Max †,Cum YTD 2020 †,Cum YTD 2019 †,Current week,Previous 52 weeks Max †,Cum YTD 2020 †,Cum YTD 2019 †,Current week,Previous 52 weeks Max †,Cum YTD 2020 †,Cum YTD 2019 †
"U.S. Residents, excluding U.S. Territories",2,6,16,25,1,12,31,63,128,1421,3588,5012
New England,-,3,5,4,-,6,3,6,7,81,231,285
Connecticut,-,1,3,2,-,1,-,3,-,26,61,65
Maine,-,1,-,-,-,0,-,1,3,7,8,19
Massachusetts,-,2,2,2,-,2,3,2,4,50,131,153
New Hampshire,-,0,-,-,-,5,-,-,-,10,13,28
Rhode Island,-,1,-,-,-,1,-,-,-,8,11,15
Vermont,-,0,-,-,-,0,-,-,-,8,7,5
Middle Atlantic,2,2,3,2,1,5,7,14,33,175,363,400
New Jersey,-,1,-,1,-,2,-,5,-,58,7,188
New York (excluding New York City),2,2,3,1,1,3,3,6,19,62,182,202
New York City,-,0,-,-,-,1,-,3,-,0,-,-
Pennsylvania,-,1,-,-,-,2,4,-,14,67,174,10
East North Central,-,1,1,4,-,4,2,10,14,145,404,684
Illinois,-,1,1,4,-,3,-,9,-,73,128,360
Indiana,-,0,-,-,-,0,-,-,-,0,-,-
Michigan,-,0,-,-,-,0,-,-,-,0,-,-
Ohio,-,1,-,-,-,1,2,1,10,66,153,193
Wisconsin,-,0,-,-,-,1,-,-,4,36,123,131
West North Central,-,1,1,-,-,2,1,3,11,79,206,406
Iowa,-,1,1,-,-,2,-,-,3,33,79,230
Kansas,-,0,-,-,-,0,-,-,-,1,-,-
Minnesota,-,0,-,-,-,0,-,-,-,0,-,-
Missouri,-,0,-,-,-,1,1,2,6,36,72,110
Nebraska,-,0,-,-,-,1,-,1,2,18,34,8
North Dakota,-,0,-,-,-,0,-,-,-,6,10,26
South Dakota,-,0,-,-,-,0,-,-,-,8,11,32
South Atlantic,-,3,1,9,-,6,6,17,30,552,1270,1665
Delaware,-,0,-,-,-,0,-,-,-,0,-,-
District of Columbia,-,1,-,-,-,0,-,-,-,3,1,5
Florida,-,1,-,-,-,5,-,4,8,234,778,916
Georgia,-,1,-,4,-,0,-,-,2,98,113,165
Maryland,-,1,-,1,-,2,1,5,7,47,103,121
North Carolina,-,0,-,-,-,2,-,2,-,109,48,208
South Carolina,-,0,-,-,-,1,2,-,5,86,108,129
Virginia,-,2,1,4,-,2,3,6,8,58,117,121
West Virginia,-,0,-,-,-,0,-,-,-,10,2,-
East South Central,-,1,1,-,-,1,-,-,2,116,211,284
Alabama,-,1,1,-,-,0,-,-,-,53,88,114
Kentucky,-,1,-,-,-,1,-,-,-,27,22,80
Mississippi,-,0,-,-,-,0,-,-,-,0,-,-
Tennessee,-,1,-,-,-,1,-,-,2,52,101,90
West South Central,-,3,1,2,-,6,5,3,18,364,507,635
Arkansas,-,2,-,-,-,1,-,-,6,42,52,43
Louisiana,-,1,-,-,-,0,-,-,1,53,51,94
Oklahoma,-,0,-,-,-,1,2,-,6,74,90,69
Texas,-,3,1,2,-,6,3,3,5,335,314,429
Mountain,-,2,2,2,-,2,3,5,12,101,289,500
Arizona,-,1,-,-,-,1,3,1,8,38,116,166
Colorado,-,1,-,1,-,2,-,2,4,27,109,123
Idaho,-,1,-,-,-,1,-,-,-,12,5,37
Montana,-,0,-,-,-,0,-,-,-,6,8,20
Nevada,-,2,2,-,-,1,-,1,-,15,10,55
New Mexico,-,0,-,-,-,0,-,-,-,18,38,50
Utah,-,0,-,-,-,1,-,1,-,15,-,48
Wyoming,-,1,-,1,-,0,-,-,-,5,3,1
Pacific,-,1,1,2,-,2,4,5,1,46,107,153
Alaska,-,1,-,-,-,0,-,1,-,6,-,10
California,-,0,-,-,-,0,-,-,-,0,-,-
Hawaii,-,0,-,-,-,1,-,1,-,24,15,30
Oregon,-,0,-,-,-,0,-,-,-,0,-,-
Washington,-,1,1,2,-,2,4,3,1,21,92,113
U.S. Territories,-,0,-,-,-,0,-,-,-,0,-,-
American Samoa,-,0,-,-,-,0,-,-,-,0,-,-
Commonwealth of Northern Mariana Islands,-,0,-,-,-,0,-,-,-,0,-,-
Guam,-,0,-,-,-,0,-,-,-,0,-,-
Puerto Rico,-,0,-,-,-,0,-,-,-,0,-,-
U.S. Virgin Islands,-,0,-,-,-,0,-,-,-,0,-,-
Non-U.S. Residents,-,0,-,-,-,0,-,-,-,1,-,-
Total,2,6,16,25,1,12,31,63,128,1421,3588,5012
