Reporting Area,Meningococcal disease,Meningococcal disease,Meningococcal disease,Meningococcal disease,Meningococcal disease,Meningococcal disease,Meningococcal disease,Meningococcal disease,Meningococcal disease,Meningococcal disease,Meningococcal disease,Meningococcal disease
Reporting Area,All serogroups,All serogroups,All serogroups,All serogroups,Serogroups ACWY,Serogroups ACWY,Serogroups ACWY,Serogroups ACWY,Serogroup B,Serogroup B,Serogroup B,Serogroup B
Reporting Area,Current  week,Previous 52  weeks Max †,Cum YTD  2019 †,Cum YTD  2018 †,Current  week,Previous 52  weeks Max †,Cum YTD  2019 †,Cum YTD  2018 †,Current  week,Previous 52  weeks Max †,Cum YTD  2019 †,Cum YTD  2018 †
"U.S. Residents, excluding U.S. Territories",3,24,278,252,-,7,96,80,-,4,29,69
New England,-,3,22,18,-,3,14,11,-,1,2,5
Connecticut,-,1,2,1,-,1,1,-,-,1,1,1
Maine,-,1,5,1,-,1,2,1,-,1,1,-
Massachusetts,-,2,10,15,-,2,9,9,-,0,-,4
New Hampshire,-,1,1,-,-,1,1,-,-,0,-,-
Rhode Island,-,2,4,1,-,1,1,1,-,0,-,-
Vermont,-,0,-,-,-,0,-,-,-,0,-,-
Middle Atlantic,1,4,39,34,-,2,4,6,-,1,4,16
New Jersey,-,2,8,6,-,0,-,-,-,0,-,-
New York (excluding New York City),1,1,9,11,-,1,4,3,-,1,4,7
New York City,-,1,9,7,-,1,-,2,-,1,-,4
Pennsylvania,-,3,13,10,-,1,-,1,-,1,-,5
East North Central,-,3,36,32,-,3,13,10,-,1,9,17
Illinois,-,1,10,7,-,1,4,2,-,1,1,4
Indiana,-,2,10,6,-,2,5,1,-,1,4,4
Michigan,-,2,5,4,-,1,2,2,-,1,1,1
Ohio,-,2,9,7,-,2,2,1,-,1,1,6
Wisconsin,-,1,2,8,-,1,-,4,-,1,2,2
West North Central,-,3,17,14,-,1,2,-,-,1,1,1
Iowa,-,1,2,1,-,0,-,-,-,0,-,-
Kansas,-,1,3,1,-,0,-,-,-,0,-,1
Minnesota,-,1,1,-,-,0,-,-,-,0,-,-
Missouri,-,2,7,9,-,0,-,-,-,0,-,-
Nebraska,-,1,2,3,-,1,1,-,-,0,-,-
North Dakota,-,1,2,-,-,1,1,-,-,1,1,-
South Dakota,-,0,-,-,-,0,-,-,-,0,-,-
South Atlantic,1,5,53,58,-,4,26,20,-,1,3,18
Delaware,-,1,-,1,-,0,-,-,-,0,-,-
District of Columbia,-,1,3,-,-,0,-,-,-,0,-,-
Florida,1,2,17,17,-,1,7,2,-,1,2,10
Georgia,-,2,16,17,-,2,10,11,-,0,-,2
Maryland,-,1,1,6,-,0,-,2,-,0,-,2
North Carolina,-,2,8,8,-,2,5,3,-,1,1,3
South Carolina,-,1,2,3,-,0,-,-,-,0,-,-
Virginia,-,1,6,6,-,1,4,2,-,0,-,1
West Virginia,-,1,-,-,-,0,-,-,-,0,-,-
East South Central,-,2,17,10,-,1,8,6,-,1,1,3
Alabama,-,1,3,3,-,1,2,1,-,1,1,1
Kentucky,-,1,5,2,-,1,1,1,-,0,-,1
Mississippi,-,1,3,1,-,0,-,1,-,0,-,-
Tennessee,-,1,6,4,-,1,5,3,-,1,-,1
West South Central,-,3,30,19,-,2,14,7,-,1,4,2
Arkansas,-,1,5,1,-,1,1,-,-,1,1,-
Louisiana,-,1,1,-,-,1,1,-,-,0,-,-
Oklahoma,-,2,6,4,-,2,4,2,-,0,-,1
Texas,-,3,18,14,-,1,8,5,-,1,3,1
Mountain,-,2,16,16,-,1,5,9,-,1,4,4
Arizona,-,1,2,1,-,1,1,1,-,1,1,-
Colorado,-,2,4,6,-,1,1,5,-,1,1,1
Idaho,-,1,2,2,-,0,-,-,-,0,-,-
Montana,-,1,3,-,-,0,-,-,-,1,1,-
Nevada,-,1,1,3,-,1,1,3,-,0,-,-
New Mexico,-,1,1,1,-,0,-,-,-,0,-,-
Utah,-,1,3,3,-,1,2,-,-,1,1,3
Wyoming,-,0,-,-,-,0,-,-,-,0,-,-
Pacific,1,21,48,51,-,2,10,11,-,1,1,3
Alaska,-,2,2,3,-,2,2,1,-,0,-,2
California,-,3,23,37,-,0,-,-,-,0,-,-
Hawaii,-,1,1,-,-,0,-,-,-,0,-,-
Oregon,1,2,10,11,-,2,8,10,-,1,1,1
Washington,-,20,12,-,-,0,-,-,-,0,-,-
U.S. Territories,-,1,-,-,-,1,-,-,-,0,-,-
American Samoa,-,0,-,-,-,0,-,-,-,0,-,-
Commonwealth of Northern Mariana Islands,-,0,-,-,-,0,-,-,-,0,-,-
Guam,-,0,-,-,-,0,-,-,-,0,-,-
Puerto Rico,-,1,-,-,-,1,-,-,-,0,-,-
U.S. Virgin Islands,-,0,-,-,-,0,-,-,-,0,-,-
Non-U.S. Residents,-,NC,-,-,-,NC,-,NP,-,NC,-,NP
Total,3,24,278,252,-,7,96,80,-,4,29,69
