Reporting  Area,Legionellosis,Legionellosis,Legionellosis,Legionellosis,Legionellosis,Malaria,Malaria,Malaria,Malaria,Malaria
Reporting  Area,Current  week,Previous 52 weeks,Previous 52 weeks,Cum  2018,Cum  2017,Current  week,Previous 52 weeks,Previous 52 weeks,Cum  2018,Cum  2017
Reporting  Area,Current  week,Med,Max,Cum  2018,Cum  2017,Current  week,Med,Max,Cum  2018,Cum  2017
United States,148,122,301,6480,6189,8,25,76,1097,1742
New England,1,9,45,488,372,-,2,5,71,136
Connecticut,1,2,17,126,101,-,0,1,1,18
Maine,-,0,5,24,11,-,0,1,7,15
Massachusetts,-,5,21,232,162,-,1,4,48,81
New Hampshire,-,1,5,58,52,-,0,1,6,7
Rhode Island,-,0,8,35,30,-,0,2,8,13
Vermont,-,0,2,13,16,-,0,1,1,2
Middle Atlantic,61,26,111,1719,1493,1,7,22,341,455
New Jersey,-,2,8,92,221,-,1,6,71,110
New York (excluding New York City),44,10,55,603,466,1,1,4,50,56
New York City,6,6,47,557,381,-,3,10,152,201
Pennsylvania,11,8,29,467,425,-,1,6,68,88
East North Central,39,24,152,1756,1392,-,3,7,114,169
Illinois,-,5,35,352,287,-,1,4,35,51
Indiana,1,3,16,166,175,-,0,1,12,15
Michigan,3,5,45,393,297,-,0,3,13,40
Ohio,35,11,68,753,476,-,1,4,46,53
Wisconsin,-,2,18,92,157,-,0,1,8,10
West North Central,6,5,28,357,315,-,1,5,46,137
Iowa,-,1,8,53,27,-,0,2,21,17
Kansas,-,0,4,24,31,-,0,2,6,15
Minnesota,5,2,14,127,86,-,0,3,-,62
Missouri,1,2,10,117,126,-,0,3,9,22
Nebraska,-,0,4,19,25,-,0,2,5,4
North Dakota,-,0,2,9,6,-,0,1,5,10
South Dakota,-,0,2,8,14,-,0,1,-,7
South Atlantic,4,21,67,1109,1159,2,8,18,348,480
Delaware,1,0,4,30,29,-,0,2,11,8
District of Columbia,-,0,3,14,38,-,0,2,11,18
Florida,-,8,19,332,352,-,1,4,38,45
Georgia,-,2,12,122,140,-,1,5,39,65
Maryland,2,4,21,257,165,1,3,9,157,220
North Carolina,-,2,10,105,177,-,1,4,42,41
South Carolina,-,0,6,40,46,-,0,0,-,-
Virginia,1,3,12,149,169,1,1,5,50,81
West Virginia,-,1,8,60,43,-,0,0,-,2
East South Central,3,5,21,230,378,-,0,4,20,32
Alabama,-,1,7,60,58,-,0,3,7,7
Kentucky,-,1,4,36,106,-,0,1,2,9
Mississippi,-,1,4,30,45,-,0,1,2,4
Tennessee,3,2,12,104,169,-,0,2,9,12
West South Central,28,7,31,320,373,5,0,18,22,139
Arkansas,2,1,3,29,49,-,0,1,2,3
Louisiana,-,0,3,6,38,-,0,2,6,9
Oklahoma,25,0,8,33,53,-,0,2,4,9
Texas,1,6,23,252,233,5,0,16,10,118
Mountain,4,4,12,199,222,-,1,7,42,66
Arizona,2,1,5,62,67,-,0,5,19,21
Colorado,2,2,7,95,73,-,0,2,8,26
Idaho,-,0,2,14,10,-,0,1,2,5
Montana,-,0,2,10,12,-,0,0,-,3
Nevada,-,0,1,1,14,-,0,2,1,4
New Mexico,-,0,2,14,12,-,0,1,4,1
Utah,-,0,2,1,28,-,0,1,8,6
Wyoming,-,0,1,2,6,-,0,0,-,-
Pacific,2,8,62,302,485,-,2,34,93,128
Alaska,-,0,1,3,5,-,0,1,5,4
California,2,6,17,231,446,-,1,6,52,111
Hawaii,-,0,2,16,6,-,0,0,-,3
Oregon,-,0,3,26,28,-,0,2,11,10
Washington,-,0,56,26,-,-,0,34,25,-
Territories,,,,,,,,,,
American Samoa,N,0,0,N,N,-,0,0,-,-
Commonwealth of Northern Mariana Islands,-,-,-,-,-,-,-,-,-,-
Guam,-,0,0,-,-,-,0,0,-,-
Puerto Rico,-,0,0,-,3,-,0,0,-,-
U.S. Virgin Islands,-,0,0,-,-,-,0,0,-,-
