Reporting Area,Carbapenemase-producing carbapenem-resistant  Enterobacteriaceae  §,Carbapenemase-producing carbapenem-resistant  Enterobacteriaceae  §,Carbapenemase-producing carbapenem-resistant  Enterobacteriaceae  §,Carbapenemase-producing carbapenem-resistant  Enterobacteriaceae  §,Chancroid,Chancroid,Chancroid,Chancroid,Chlamydia trachomatis  infection,Chlamydia trachomatis  infection,Chlamydia trachomatis  infection,Chlamydia trachomatis  infection
Reporting Area,Current week,Previous 52 weeks Max †,Cum YTD 2021 †,Cum YTD 2020 †,Current week,Previous 52 weeks Max †,Cum YTD 2021 †,Cum YTD 2020 †,Current week,Previous 52 weeks Max †,Cum YTD 2021 †,Cum YTD 2020 †
"U.S. Residents, excluding U.S. Territories",4,69,1076,1420,-,1,5,-,12526,33784,1137583,1217546
New England,-,2,4,61,-,0,-,-,110,1126,28892,38217
Connecticut,-,0,-,-,-,0,-,-,-,275,92,10377
Maine,-,0,-,-,-,0,-,-,40,99,2600,2583
Massachusetts,-,0,-,-,-,0,-,-,-,575,20239,19091
New Hampshire,-,0,-,-,-,0,-,-,52,85,2240,2277
Rhode Island,-,2,4,60,-,0,-,-,-,465,3082,2998
Vermont,-,0,-,1,-,0,-,-,18,34,639,891
Middle Atlantic,-,13,329,333,-,0,-,-,2589,4064,145351,139859
New Jersey,-,0,-,-,-,0,-,-,508,797,25648,24254
New York (excluding New York City),-,0,-,-,-,0,-,-,732,1004,30503,32452
New York City,-,8,58,62,-,0,-,-,493,1350,48254,43104
Pennsylvania,-,12,271,271,-,0,-,-,856,1243,40946,40049
East North Central,1,14,194,349,-,1,1,-,691,4976,148559,178254
Illinois,-,0,-,-,-,0,-,-,63,1521,35362,53007
Indiana,-,11,114,175,-,0,-,-,-,827,23363,25428
Michigan,1,7,70,154,-,1,1,-,173,1140,26355,33880
Ohio,-,0,-,-,-,0,-,-,-,1299,41114,45737
Wisconsin,-,2,10,20,-,0,-,-,455,653,22365,20202
West North Central,-,1,13,18,-,0,-,-,303,2156,64865,77332
Iowa,-,0,-,-,-,0,-,-,-,343,9955,11649
Kansas,-,0,-,-,-,0,-,-,52,323,4754,11327
Minnesota,-,0,-,-,-,0,-,-,56,519,17513,17009
Missouri,-,0,-,-,-,0,-,-,-,1248,19042,24430
Nebraska,-,0,-,-,-,0,-,-,160,237,7453,6926
North Dakota,-,1,11,15,-,0,-,-,-,97,2690,2765
South Dakota,-,1,2,3,-,0,-,-,35,110,3458,3226
South Atlantic,2,27,319,477,-,0,-,-,3740,8121,269315,273376
Delaware,-,3,26,20,-,0,-,-,-,215,3294,3729
District of Columbia,-,0,-,-,-,0,-,-,-,169,3763,4687
Florida,-,0,-,-,-,0,-,-,1499,2266,81461,76867
Georgia,-,6,57,236,-,0,-,-,703,1320,47890,50300
Maryland,-,0,-,-,-,0,-,-,-,768,26186,25053
North Carolina,-,9,106,145,-,0,-,-,3,1359,41854,50607
South Carolina,-,0,-,-,-,0,-,-,779,1007,29050,26416
Virginia,2,24,130,76,-,0,-,-,750,1992,31773,31532
West Virginia,-,0,-,-,-,0,-,-,6,133,4044,4185
East South Central,-,1,-,38,-,0,-,-,1299,3709,85070,80485
Alabama,N,NC,N,N,-,0,-,-,600,797,24461,20119
Kentucky,-,0,-,-,-,0,-,-,510,2556,14048,12457
Mississippi,-,1,-,38,-,0,-,-,189,567,16457,18506
Tennessee,-,0,-,-,-,0,-,-,-,1163,30104,29403
West South Central,-,0,-,-,-,0,-,-,447,4661,126313,157601
Arkansas,-,0,-,-,-,0,-,-,157,409,11376,12487
Louisiana,-,0,-,-,-,0,-,-,254,754,25232,25232
Oklahoma,-,0,-,-,-,0,-,-,36,466,8987,16701
Texas,-,0,-,-,-,0,-,-,-,3131,80718,103181
Mountain,-,3,14,41,-,0,-,-,679,2841,92477,88546
Arizona,-,0,-,28,-,0,-,-,352,913,32239,28751
Colorado,-,0,-,-,-,0,-,-,-,742,21375,20452
Idaho,-,0,-,-,-,0,-,-,109,204,4830,4899
Montana,-,0,-,-,-,0,-,-,15,109,3171,3289
Nevada,-,1,3,5,-,0,-,-,-,563,11574,11947
New Mexico,-,0,-,-,-,0,-,-,33,275,9278,9713
Utah,-,3,11,6,-,0,-,-,149,261,8382,7991
Wyoming,-,0,-,2,-,0,-,-,21,74,1628,1504
Pacific,1,41,203,103,-,1,4,-,2668,4906,176741,183876
Alaska,-,0,-,-,-,0,-,-,-,140,4124,4028
California,1,15,203,99,-,1,1,-,1997,3961,147250,141817
Hawaii,-,0,-,4,-,0,-,-,-,0,-,1153
Oregon,-,0,-,-,-,0,-,-,355,381,12431,12205
Washington,-,39,-,-,-,1,3,-,316,628,12936,24673
U.S. Territories,-,0,-,-,-,0,-,-,-,107,1288,3461
American Samoa,-,0,-,-,-,0,-,-,-,0,-,-
Commonwealth of Northern Mariana Islands,-,0,-,-,-,0,-,-,-,0,-,-
Guam,-,0,-,-,-,0,-,-,-,0,-,-
Puerto Rico,-,0,-,-,-,0,-,-,-,107,1288,3461
U.S. Virgin Islands,-,0,-,-,-,0,-,-,-,0,-,-
Non-U.S. Residents,-,0,-,-,-,0,-,-,1,22,93,13
Total,4,69,1076,1420,-,1,5,-,12527,33822,1138964,1221020
