0,1,2,3,4,5,6,7,8,9
Disease,,,,Total cases reported for previous years,Total cases reported for previous years,Total cases reported for previous years,Total cases reported for previous years,Total cases reported for previous years,
Disease,Current  week,Cum  2010,5-year  weekly  average  †,2009,2008,2007,2006,2005,States reporting cases  during current week (Count)
Anthrax,-,-,0,1,-,1,1,-,
"Botulism, total",-,7,2,99,145,144,165,135,
foodborne,-,-,0,11,17,32,20,19,
infant,-,6,2,64,109,85,97,85,
other(wound & unspecified),-,1,0,24,19,27,48,31,
Brucellosis,1,8,2,110,80,131,121,120,CA (1 )
Chancroid,1,15,1,46,25,23,33,17,VA (1 )
Cholera,-,-,-,8,5,7,9,8,
Cyclosporiasis §,1,9,1,128,139,93,137,543,FL (1 )
Diphtheria,-,-,-,-,-,-,-,-,
"Domestic arboviral diseases §, ¶ :",,,,,,,,,
California serogroup virus disease,-,-,0,54,62,55,67,80,
Eastern equine encephalitis virus disease,-,-,-,4,4,4,8,21,
Powassan virus disease,-,-,-,6,2,7,1,1,
St. Louis encephalitis virus disease,-,-,0,12,13,9,10,13,
Western equine encephalitis virus disease,-,-,-,-,-,-,-,-,
"Haemophilus influenzae  **,  invasive disease (age <5 yrs):",,,,,,,,,
serotype b,-,2,1,27,30,22,29,9,
nonserotype b,-,23,5,215,244,199,175,135,
unknown serotype,3,48,4,231,163,180,179,217,FL (3 )
Hansen disease §,-,6,1,73,80,101,66,87,
Hantavirus pulmonary syndrome §,-,1,0,13,18,32,40,26,
"Hemolytic uremic syndrome, post-diarrheal §",4,19,2,231,330,292,288,221,"GA (1 ), FL (2 ), CA (1 )"
"HIV infection, pediatric (age <13 yrs) ††",-,-,3,-,-,-,-,380,
"Influenza-associated pediatric mortality §, §§",-,39,4,360,90,77,43,45,
Listeriosis,6,69,9,794,759,808,884,896,"NY (1 ), MN (1 ), NC (1 ), FL (1 ), TN (1 ), WA (1 )"
Measles ¶¶,-,2,1,65,140,43,55,66,
"Meningococcal disease, invasive *** :",,,,,,,,,
"A,C,Y, and W-135",4,34,11,286,330,325,318,297,"MN (1 ), OK (1 ), WA (2 )"
serogroup B,-,19,5,148,188,167,193,156,
other serogroup,-,1,1,24,38,35,32,27,
unknown serogroup,6,65,17,477,616,550,651,765,"OH (2 ), FL (1 ), ID (1 ), CA (2 )"
Mumps,81,484,20,1443,454,800,6584,314,"NY (78 ), OH (1 ), TN (1 ), TX (1 )"
Novel influenza A infection virus †††,-,-,0,43771,2,4,NN,NN,
Plague,-,-,0,8,3,7,17,8,
"Poliomyelitis, paralytic",-,-,-,-,-,-,-,1,
"Polio virus infection, nonparalytic §",-,-,-,-,-,-,NN,NN,
Psittacosis §,-,1,0,9,8,12,21,16,
"Q fever total §, §§§:",2,8,2,100,120,171,169,136,
acute,1,5,1,83,106,-,-,-,CA (1 )
chronic,1,3,0,17,14,-,-,-,FL (1 )
"Rabies, human",-,-,-,4,2,1,3,2,
Rubella ¶¶¶,-,1,0,3,16,12,11,11,
"Rubella, congenital syndrome",-,-,0,1,-,-,1,1,
"SARS CoV §, ****",-,-,-,-,-,-,-,-,
Smallpox §,-,-,-,-,-,-,-,-,
Streptococcal toxic-shock syndrome §,1,15,4,139,157,132,125,129,WV (1 )
"Syphilis, congenital (age <1 yr) ††††",-,11,7,318,431,430,349,329,
Tetanus,-,-,0,16,19,28,41,27,
Toxic-shock syndrome (staphylococcal) §,-,13,2,74,71,92,101,90,
Trichinellosis,-,-,0,11,39,5,15,16,
Tularemia,-,1,0,88,123,137,95,154,
Typhoid fever,4,51,6,345,449,434,353,324,"FL (1 ), AZ (1 ), CA (2 )"
Vancomycin-intermediate  Staphylococcus aureus  §,2,7,1,72,63,37,6,2,NY (2 )
Vancomycin-resistant  Staphylococcus aureus  §,-,-,-,-,-,2,1,3,
Vibriosis (non-cholera  Vibrio  species infections) §,1,19,2,706,588,549,NN,NN,CA (1 )
Viral Hemorrhagic Fever §§§§,-,-,-,NN,NN,NN,NN,NN,
Yellow fever,-,-,-,-,-,-,-,-,
