Reporting Area,Dengue virus infections §,Dengue virus infections §,Dengue virus infections §,Dengue virus infections §,Dengue virus infections §,Dengue virus infections §,Dengue virus infections §,Dengue virus infections §,Dengue virus infections §,Dengue virus infections §,Dengue virus infections §,Dengue virus infections §
Reporting Area,Dengue,Dengue,Dengue,Dengue,Dengue-like illness,Dengue-like illness,Dengue-like illness,Dengue-like illness,Severe dengue,Severe dengue,Severe dengue,Severe dengue
Reporting Area,Current  week,Previous 52  weeks Max †,Cum YTD  2019 †,Cum YTD  2018 †,Current  week,Previous 52  weeks Max †,Cum YTD  2019 †,Cum YTD  2018 †,Current  week,Previous 52  weeks Max †,Cum YTD  2019 †,Cum YTD  2018 †
"U.S. Residents, excluding U.S. Territories",-,21,53,33,-,1,1,1,-,1,-,-
New England,-,2,-,-,-,1,-,-,-,0,-,-
Connecticut,-,1,-,-,-,0,-,-,-,0,-,-
Maine,-,1,-,-,-,0,-,-,-,0,-,-
Massachusetts,-,1,-,-,-,0,-,-,-,0,-,-
New Hampshire,-,1,-,-,-,1,-,-,-,0,-,-
Rhode Island,-,1,-,-,-,0,-,-,-,0,-,-
Vermont,-,1,-,-,-,0,-,-,-,0,-,-
Middle Atlantic,-,5,4,6,-,0,-,-,-,0,-,-
New Jersey,-,5,4,3,-,0,-,-,-,0,-,-
New York (excluding New York City),-,2,-,1,-,0,-,-,-,0,-,-
New York City,-,3,-,1,-,0,-,-,-,0,-,-
Pennsylvania,-,2,-,1,-,0,-,-,-,0,-,-
East North Central,-,4,4,4,-,1,1,-,-,1,-,-
Illinois,-,2,2,2,-,1,-,-,-,0,-,-
Indiana,-,1,1,-,-,0,-,-,-,0,-,-
Michigan,-,1,-,2,-,0,-,-,-,0,-,-
Ohio,-,2,-,-,-,1,1,-,-,0,-,-
Wisconsin,-,1,1,-,-,0,-,-,-,1,-,-
West North Central,-,5,1,-,-,0,-,-,-,0,-,-
Iowa,-,4,-,-,-,0,-,-,-,0,-,-
Kansas,-,1,1,-,-,0,-,-,-,0,-,-
Minnesota,-,0,-,-,-,0,-,-,-,0,-,-
Missouri,-,1,-,-,-,0,-,-,-,0,-,-
Nebraska,-,1,-,-,-,0,-,-,-,0,-,-
North Dakota,-,0,-,-,-,0,-,-,-,0,-,-
South Dakota,-,1,-,-,-,0,-,-,-,0,-,-
South Atlantic,-,12,27,6,-,1,-,1,-,1,-,-
Delaware,-,0,-,-,-,0,-,-,-,0,-,-
District of Columbia,-,1,-,1,-,1,-,1,-,0,-,-
Florida,-,9,19,2,-,1,-,-,-,1,-,-
Georgia,-,2,1,1,-,0,-,-,-,0,-,-
Maryland,-,2,3,-,-,0,-,-,-,0,-,-
North Carolina,-,2,2,1,-,0,-,-,-,0,-,-
South Carolina,-,1,-,-,-,0,-,-,-,0,-,-
Virginia,-,3,2,1,-,0,-,-,-,0,-,-
West Virginia,-,1,-,-,-,0,-,-,-,0,-,-
East South Central,-,3,2,-,-,0,-,-,-,0,-,-
Alabama,-,1,-,-,-,0,-,-,-,0,-,-
Kentucky,-,1,-,-,-,0,-,-,-,0,-,-
Mississippi,-,0,-,-,-,0,-,-,-,0,-,-
Tennessee,-,2,2,-,-,0,-,-,-,0,-,-
West South Central,-,3,1,1,-,0,-,-,-,0,-,-
Arkansas,-,1,-,1,-,0,-,-,-,0,-,-
Louisiana,-,1,-,-,-,0,-,-,-,0,-,-
Oklahoma,-,0,-,-,-,0,-,-,-,0,-,-
Texas,-,3,1,-,-,0,-,-,-,0,-,-
Mountain,-,2,2,1,-,1,-,-,-,1,-,-
Arizona,-,1,-,-,-,1,-,-,-,1,-,-
Colorado,-,2,-,-,-,0,-,-,-,0,-,-
Idaho,-,0,-,-,-,0,-,-,-,0,-,-
Montana,-,1,2,-,-,0,-,-,-,0,-,-
Nevada,-,0,-,-,-,0,-,-,-,0,-,-
New Mexico,-,1,-,-,-,0,-,-,-,0,-,-
Utah,-,1,-,1,-,0,-,-,-,0,-,-
Wyoming,-,0,-,-,-,0,-,-,-,0,-,-
Pacific,-,7,12,15,-,0,-,-,-,1,-,-
Alaska,-,1,1,-,-,0,-,-,-,0,-,-
California,-,7,6,7,-,0,-,-,-,0,-,-
Hawaii,-,2,-,4,-,0,-,-,-,0,-,-
Oregon,-,1,2,2,-,0,-,-,-,1,-,-
Washington,-,2,3,2,-,0,-,-,-,0,-,-
U.S. Territories,-,24,-,151,-,0,-,-,-,0,-,-
American Samoa,-,24,-,150,-,0,-,-,-,0,-,-
Commonwealth of Northern Mariana Islands,-,0,-,-,-,0,-,-,-,0,-,-
Guam,-,1,-,1,-,0,-,-,-,0,-,-
Puerto Rico,-,0,-,-,-,0,-,-,-,0,-,-
U.S. Virgin Islands,-,0,-,-,-,0,-,-,-,0,-,-
Non-U.S. Residents,-,NC,-,NP,-,NC,-,NP,-,NC,-,NP
Total,-,41,53,184,-,1,1,1,-,1,-,-
