Reporting  Area,"Invasive pneumococcal disease, age <5 †","Invasive pneumococcal disease, age <5 †","Invasive pneumococcal disease, age <5 †","Invasive pneumococcal disease, age <5 †","Invasive pneumococcal disease, age <5 †","Invasive pneumococcal disease, age <5 †","Invasive pneumococcal disease, age <5 †","Invasive pneumococcal disease, age <5 †","Invasive pneumococcal disease, age <5 †","Invasive pneumococcal disease, age <5 †"
Reporting  Area,Confirmed,Confirmed,Confirmed,Confirmed,Confirmed,Probable,Probable,Probable,Probable,Probable
Reporting  Area,Current  week,Previous 52 weeks,Previous 52 weeks,Cum  2018,Cum  2017,Current  week,Previous 52 weeks,Previous 52 weeks,Cum  2018,Cum  2017
Reporting  Area,Current  week,Med,Max,Cum  2018,Cum  2017,Current  week,Med,Max,Cum  2018,Cum  2017
United States,7,21,45,447,572,-,0,2,12,6
New England,-,1,4,20,20,-,0,0,-,-
Connecticut,-,0,2,3,5,-,0,0,-,-
Maine,-,0,2,3,2,-,0,0,-,-
Massachusetts,-,0,2,12,9,-,0,0,-,-
New Hampshire,-,0,1,-,3,-,0,0,-,-
Rhode Island,-,0,2,1,1,-,0,0,-,-
Vermont,-,0,1,1,-,-,0,0,-,-
Middle Atlantic,2,2,8,57,64,-,0,1,-,1
New Jersey,-,0,2,4,15,-,0,0,-,-
New York (excluding New York City),1,1,3,16,21,-,0,0,-,-
New York City,-,0,4,21,14,-,0,0,-,-
Pennsylvania,1,0,3,16,14,-,0,1,-,1
East North Central,1,4,9,81,113,-,0,1,2,2
Illinois,-,0,3,5,17,-,0,1,-,1
Indiana,-,0,3,11,21,-,0,0,-,-
Michigan,-,0,5,16,15,-,0,0,-,-
Ohio,-,1,4,31,40,-,0,1,2,1
Wisconsin,1,0,3,18,20,-,0,0,-,-
West North Central,-,1,6,30,50,-,0,2,3,1
Iowa,N,0,0,N,N,N,0,0,N,N
Kansas,-,0,2,4,10,-,0,0,-,-
Minnesota,-,0,3,-,9,-,0,0,-,-
Missouri,-,0,4,17,16,-,0,2,2,1
Nebraska,-,0,2,5,3,-,0,1,1,-
North Dakota,-,0,1,1,5,-,0,0,-,-
South Dakota,-,0,2,3,7,-,0,0,-,-
South Atlantic,-,4,14,73,133,-,0,1,2,1
Delaware,-,0,1,1,1,-,0,0,-,-
District of Columbia,-,0,1,-,1,-,0,0,-,-
Florida,-,1,5,25,33,-,0,1,2,-
Georgia,-,1,4,14,22,-,0,0,-,-
Maryland,-,0,2,7,16,-,0,1,-,1
North Carolina,N,0,0,N,N,N,0,0,N,N
South Carolina,-,1,4,14,38,-,0,0,-,-
Virginia,-,0,3,9,17,-,0,0,-,-
West Virginia,-,0,2,3,5,-,0,0,-,-
East South Central,1,2,6,48,46,-,0,1,1,-
Alabama,-,0,2,13,13,-,0,0,-,-
Kentucky,1,0,3,6,8,-,0,1,1,-
Mississippi,-,0,2,8,6,-,0,0,-,-
Tennessee,-,0,3,21,19,-,0,0,-,-
West South Central,1,3,19,73,80,-,0,2,4,1
Arkansas,-,0,2,4,8,-,0,0,-,-
Louisiana,1,0,4,15,9,-,0,2,2,-
Oklahoma,-,0,4,8,6,-,0,0,-,-
Texas,-,2,15,46,57,-,0,1,2,1
Mountain,2,2,6,53,62,-,0,0,-,-
Arizona,1,1,5,20,13,-,0,0,-,-
Colorado,1,0,3,15,17,-,0,0,-,-
Idaho,-,0,1,1,5,-,0,0,-,-
Montana,-,0,1,4,4,-,0,0,-,-
Nevada,-,0,1,1,5,-,0,0,-,-
New Mexico,-,0,2,5,5,-,0,0,-,-
Utah,-,0,3,5,12,-,0,0,-,-
Wyoming,-,0,2,2,1,-,0,0,-,-
Pacific,-,0,3,12,4,-,0,0,-,-
Alaska,-,0,3,9,2,-,0,0,-,-
California,N,0,0,N,N,N,0,0,N,N
Hawaii,-,0,1,3,2,-,0,0,-,-
Oregon,N,0,0,N,N,N,0,0,N,N
Washington,N,0,0,N,N,N,0,0,N,N
Territories,,,,,,,,,,
American Samoa,-,0,0,-,-,-,0,0,-,-
Commonwealth of Northern Mariana Islands,-,-,-,-,-,-,-,-,-,-
Guam,-,-,-,-,-,-,-,-,-,-
Puerto Rico,-,0,0,-,-,-,0,0,-,-
U.S. Virgin Islands,-,0,0,-,-,-,0,0,-,-
