Reporting Area,Vancomycin-resistant  Staphylococcus aureus,Vancomycin-resistant  Staphylococcus aureus,Vancomycin-resistant  Staphylococcus aureus,Vancomycin-resistant  Staphylococcus aureus,Varicella morbidity,Varicella morbidity,Varicella morbidity,Varicella morbidity
Reporting Area,Current  week,Previous 52  weeks Max †,Cum YTD  2019 †,Cum YTD  2018 †,Current  week,Previous 52  weeks Max †,Cum YTD  2019 †,Cum YTD  2018 †
"U.S. Residents, excluding U.S. Territories",-,0,-,-,56,209,1719,2354
New England,-,0,-,-,-,31,151,268
Connecticut,-,0,-,-,-,9,40,57
Maine,-,0,-,-,-,13,23,62
Massachusetts,-,0,-,-,-,10,71,85
New Hampshire,-,0,-,-,-,5,-,34
Rhode Island,-,0,-,-,-,8,11,19
Vermont,-,0,-,-,-,4,6,11
Middle Atlantic,-,0,-,-,9,31,132,284
New Jersey,-,0,-,-,-,17,20,111
New York (excluding New York City),-,0,-,-,N,NC,N,N
New York City,-,0,-,-,-,0,-,-
Pennsylvania,-,0,-,-,9,22,112,173
East North Central,-,0,-,-,18,51,508,555
Illinois,-,0,-,-,-,16,120,109
Indiana,-,0,-,-,-,9,38,60
Michigan,-,0,-,-,1,16,137,119
Ohio,-,0,-,-,14,21,131,182
Wisconsin,-,0,-,-,3,10,82,85
West North Central,-,0,-,-,-,21,168,200
Iowa,-,0,-,-,N,NC,N,N
Kansas,-,0,-,-,-,0,-,-
Minnesota,-,0,-,-,-,15,100,109
Missouri,-,0,-,-,-,8,32,48
Nebraska,-,0,-,-,-,3,13,20
North Dakota,-,0,-,-,-,4,10,20
South Dakota,-,0,-,-,-,4,13,3
South Atlantic,-,0,-,-,20,95,450,400
Delaware,-,0,-,-,-,3,3,8
District of Columbia,N,NC,N,N,-,3,1,7
Florida,-,0,-,-,18,65,297,224
Georgia,-,0,-,-,-,17,49,54
Maryland,-,0,-,-,N,NC,N,N
North Carolina,-,0,-,-,N,NC,N,N
South Carolina,-,0,-,-,-,14,-,27
Virginia,-,0,-,-,2,24,100,80
West Virginia,-,0,-,-,N,NC,N,N
East South Central,-,0,-,-,1,12,43,45
Alabama,-,0,-,-,-,5,18,31
Kentucky,N,NC,N,N,-,2,3,8
Mississippi,-,0,-,-,1,8,22,6
Tennessee,-,0,-,-,N,NC,N,N
West South Central,-,0,-,-,2,42,46,291
Arkansas,-,0,-,-,2,6,24,19
Louisiana,-,0,-,-,-,9,1,30
Oklahoma,-,0,-,-,N,NC,N,N
Texas,-,0,-,-,-,34,21,242
Mountain,-,0,-,-,6,31,193,274
Arizona,-,0,-,-,4,17,97,67
Colorado,-,0,-,-,-,13,31,87
Idaho,N,NC,N,N,N,NC,N,N
Montana,-,0,-,-,-,4,3,23
Nevada,-,0,-,-,N,NC,N,N
New Mexico,N,NC,N,N,-,3,14,26
Utah,-,0,-,-,2,11,48,65
Wyoming,-,0,-,-,-,3,-,6
Pacific,-,0,-,-,-,6,28,37
Alaska,-,0,-,-,-,4,5,15
California,N,NC,N,N,-,3,10,9
Hawaii,-,0,-,-,-,3,13,13
Oregon,N,NC,N,N,N,NC,N,N
Washington,-,0,-,-,N,NC,N,N
U.S. Territories,-,0,-,-,-,0,-,-
American Samoa,N,NC,N,N,N,NC,N,N
Commonwealth of Northern Mariana Islands,-,0,-,-,-,0,-,-
Guam,-,0,-,-,-,0,-,-
Puerto Rico,-,0,-,-,-,0,-,-
U.S. Virgin Islands,-,0,-,-,-,0,-,-
Non-U.S. Residents,-,NC,-,NP,-,NC,-,NP
Total,-,0,-,-,56,209,1719,2354
