Reporting Area,"Vibriosis (any species of the family  Vibrionaceae  , other than toxigenic  Vibrio  cholerae O1 or O139)","Vibriosis (any species of the family  Vibrionaceae  , other than toxigenic  Vibrio  cholerae O1 or O139)","Vibriosis (any species of the family  Vibrionaceae  , other than toxigenic  Vibrio  cholerae O1 or O139)","Vibriosis (any species of the family  Vibrionaceae  , other than toxigenic  Vibrio  cholerae O1 or O139)","Vibriosis (any species of the family  Vibrionaceae  , other than toxigenic  Vibrio  cholerae O1 or O139)","Vibriosis (any species of the family  Vibrionaceae  , other than toxigenic  Vibrio  cholerae O1 or O139)","Vibriosis (any species of the family  Vibrionaceae  , other than toxigenic  Vibrio  cholerae O1 or O139)","Vibriosis (any species of the family  Vibrionaceae  , other than toxigenic  Vibrio  cholerae O1 or O139)"
Reporting Area,Confirmed,Confirmed,Confirmed,Confirmed,Probable,Probable,Probable,Probable
Reporting Area,Current week,Previous 52 weeks Max †,Cum YTD 2022 †,Cum YTD 2021 †,Current week,Previous 52 weeks Max †,Cum YTD 2022 †,Cum YTD 2021 †
"U.S. Residents, excluding U.S. Territories",-,85,35,28,3,47,42,48
New England,-,11,2,1,-,6,2,3
Connecticut,-,3,-,-,-,3,-,2
Maine,-,2,-,-,-,1,-,-
Massachusetts,-,6,1,1,-,3,2,1
New Hampshire,-,1,-,-,-,1,-,-
Rhode Island,-,2,-,-,-,1,-,-
Vermont,-,1,1,-,-,2,-,-
Middle Atlantic,-,14,6,2,2,9,6,6
New Jersey,-,3,1,-,-,3,-,-
New York (excluding New York City),-,7,4,2,2,4,5,1
New York City,-,2,1,-,-,3,-,3
Pennsylvania,-,4,-,-,-,5,1,2
East North Central,-,6,3,4,1,6,5,8
Illinois,-,4,1,-,-,4,-,-
Indiana,-,2,-,-,-,2,-,-
Michigan,-,2,1,-,-,2,-,-
Ohio,-,4,1,4,1,3,5,8
Wisconsin,-,2,-,-,-,4,-,-
West North Central,-,3,3,-,-,6,5,5
Iowa,N,NC,N,N,N,NC,N,N
Kansas,-,0,-,-,-,2,-,-
Minnesota,-,0,-,-,-,0,-,-
Missouri,-,1,2,-,-,3,2,1
Nebraska,-,2,1,-,-,3,3,2
North Dakota,-,1,-,-,-,0,-,1
South Dakota,-,1,-,-,-,1,-,1
South Atlantic,-,22,13,8,-,8,6,5
Delaware,-,5,-,-,-,1,-,1
District of Columbia,-,0,-,-,-,0,-,-
Florida,-,12,10,5,-,5,1,1
Georgia,-,2,-,-,-,1,-,-
Maryland,-,5,-,-,-,3,-,1
North Carolina,-,2,-,1,-,2,-,2
South Carolina,-,3,2,-,-,2,2,-
Virginia,-,4,1,2,-,4,-,-
West Virginia,-,1,-,-,-,3,3,-
East South Central,-,5,-,3,-,4,2,5
Alabama,-,2,-,1,-,2,2,-
Kentucky,-,2,-,1,-,4,-,1
Mississippi,-,1,-,-,-,0,-,-
Tennessee,-,5,-,1,-,2,-,4
West South Central,-,11,-,1,-,7,5,7
Arkansas,-,1,-,-,-,1,-,-
Louisiana,-,6,-,1,-,3,2,2
Oklahoma,-,1,-,-,-,1,-,-
Texas,-,6,-,-,-,6,3,5
Mountain,-,8,1,2,-,6,3,4
Arizona,-,4,-,-,-,3,1,1
Colorado,-,4,1,1,-,3,2,3
Idaho,N,NC,N,N,N,NC,N,N
Montana,-,1,-,-,-,1,-,-
Nevada,-,1,-,-,-,1,-,-
New Mexico,-,1,-,-,-,0,-,-
Utah,-,4,-,1,-,3,-,-
Wyoming,-,1,-,-,-,1,-,-
Pacific,-,46,7,7,-,24,8,5
Alaska,-,1,-,1,-,1,-,-
California,-,17,3,3,-,9,3,1
Hawaii,-,2,2,2,-,1,-,-
Oregon,-,11,1,1,-,6,-,-
Washington,-,29,1,-,-,11,5,4
U.S. Territories,-,0,-,-,-,0,-,-
American Samoa,N,NC,N,N,N,NC,N,N
Commonwealth of Northern Mariana Islands,-,0,-,-,-,0,-,-
Guam,-,0,-,-,-,0,-,-
Puerto Rico,-,0,-,-,-,0,-,-
U.S. Virgin Islands,-,0,-,-,-,0,-,-
Non-U.S. Residents,-,0,-,-,-,0,-,-
Total,-,85,35,28,3,47,42,48
