Reporting Area,"Haemophilus influenzae,  invasive disease","Haemophilus influenzae,  invasive disease","Haemophilus influenzae,  invasive disease","Haemophilus influenzae,  invasive disease","Haemophilus influenzae,  invasive disease","Haemophilus influenzae,  invasive disease","Haemophilus influenzae,  invasive disease","Haemophilus influenzae,  invasive disease","Haemophilus influenzae,  invasive disease","Haemophilus influenzae,  invasive disease","Haemophilus influenzae,  invasive disease","Haemophilus influenzae,  invasive disease"
Reporting Area,Age <5 years,Age <5 years,Age <5 years,Age <5 years,Age <5 years,Age <5 years,Age <5 years,Age <5 years,Age <5 years,Age <5 years,Age <5 years,Age <5 years
Reporting Area,Non-b serotype,Non-b serotype,Non-b serotype,Non-b serotype,Nontypeable,Nontypeable,Nontypeable,Nontypeable,Unknown serotype,Unknown serotype,Unknown serotype,Unknown serotype
Reporting Area,Current week,Previous 52 weeks Max †,Cum YTD 2020 †,Cum YTD 2019 †,Current week,Previous 52 weeks Max †,Cum YTD 2020 †,Cum YTD 2019 †,Current week,Previous 52 weeks Max †,Cum YTD 2020 †,Cum YTD 2019 †
"U.S. Residents, excluding U.S. Territories",-,7,30,109,-,10,61,131,1,10,105,158
New England,-,1,1,1,-,2,4,4,-,1,-,1
Connecticut,-,1,-,1,-,0,-,-,-,0,-,-
Maine,-,0,-,-,-,0,-,2,-,0,-,-
Massachusetts,-,0,-,-,-,2,4,1,-,0,-,1
New Hampshire,-,1,1,-,-,1,-,-,-,0,-,-
Rhode Island,-,0,-,-,-,0,-,1,-,0,-,-
Vermont,-,0,-,-,-,0,-,-,-,1,-,-
Middle Atlantic,-,2,-,1,-,2,-,6,1,3,25,32
New Jersey,-,0,-,-,-,0,-,-,-,2,4,7
New York (excluding New York City),-,2,-,1,-,2,-,6,-,1,3,-
New York City,-,0,-,-,-,0,-,-,1,2,7,12
Pennsylvania,-,0,-,-,-,0,-,-,-,2,11,13
East North Central,-,3,10,23,-,4,18,34,-,4,7,8
Illinois,-,1,-,2,-,3,6,11,-,1,-,1
Indiana,-,1,2,5,-,2,1,4,-,1,1,1
Michigan,-,1,-,7,-,1,3,3,-,1,1,1
Ohio,-,2,6,5,-,1,6,9,-,1,4,5
Wisconsin,-,1,2,4,-,1,2,7,-,1,1,-
West North Central,-,1,-,2,-,0,-,-,-,1,6,26
Iowa,-,0,-,-,-,0,-,-,-,1,-,-
Kansas,-,0,-,-,-,0,-,-,-,0,-,-
Minnesota,-,0,-,-,-,0,-,-,-,0,-,7
Missouri,-,0,-,-,-,0,-,-,-,1,2,13
Nebraska,-,1,-,2,-,0,-,-,-,1,3,-
North Dakota,-,0,-,-,-,0,-,-,-,1,-,3
South Dakota,-,0,-,-,-,0,-,-,-,1,1,3
South Atlantic,-,2,2,12,-,3,8,30,-,5,21,36
Delaware,-,0,-,-,-,0,-,-,-,1,-,4
District of Columbia,-,0,-,-,-,0,-,-,-,0,-,-
Florida,-,2,-,4,-,2,2,10,-,4,10,10
Georgia,-,2,-,2,-,0,-,-,-,1,3,13
Maryland,-,0,-,-,-,1,1,3,-,1,2,-
North Carolina,-,2,2,4,-,1,4,10,-,1,1,1
South Carolina,-,0,-,-,-,0,-,-,-,1,2,7
Virginia,-,0,-,1,-,1,1,5,-,1,3,1
West Virginia,-,1,-,1,-,1,-,2,-,0,-,-
East South Central,-,4,6,15,-,2,10,11,-,2,6,6
Alabama,-,1,1,6,-,1,2,4,-,2,4,2
Kentucky,-,1,2,3,-,1,2,-,-,1,1,-
Mississippi,-,1,3,5,-,0,-,3,-,1,-,2
Tennessee,-,2,-,1,-,2,6,4,-,1,1,2
West South Central,-,4,6,16,-,3,14,24,-,2,8,5
Arkansas,-,1,3,-,-,1,3,-,-,0,-,-
Louisiana,-,1,-,3,-,1,1,2,-,2,4,2
Oklahoma,-,1,2,3,-,1,3,5,-,1,1,-
Texas,-,3,1,10,-,2,7,17,-,1,3,3
Mountain,-,2,3,27,-,1,7,16,-,2,9,6
Arizona,-,1,2,12,-,1,3,5,-,1,4,2
Colorado,-,0,-,3,-,0,-,5,-,1,3,-
Idaho,-,0,-,2,-,0,-,-,-,0,-,1
Montana,-,0,-,2,-,0,-,-,-,0,-,-
Nevada,-,0,-,-,-,0,-,1,-,0,-,-
New Mexico,-,1,-,3,-,1,1,-,-,1,1,1
Utah,-,1,1,5,-,1,3,5,-,1,1,1
Wyoming,-,1,-,-,-,0,-,-,-,0,-,1
Pacific,-,1,2,12,-,1,-,6,-,3,23,38
Alaska,-,1,2,10,-,0,-,1,-,0,-,-
California,-,0,-,-,-,0,-,-,-,3,18,24
Hawaii,-,0,-,-,-,0,-,-,-,1,2,4
Oregon,-,1,-,2,-,1,-,5,-,1,1,-
Washington,-,0,-,-,-,0,-,-,-,1,2,10
U.S. Territories,-,0,-,-,-,0,-,-,-,0,-,-
American Samoa,-,0,-,-,-,0,-,-,-,0,-,-
Commonwealth of Northern Mariana Islands,-,0,-,-,-,0,-,-,-,0,-,-
Guam,-,0,-,-,-,0,-,-,-,0,-,-
Puerto Rico,-,0,-,-,-,0,-,-,-,0,-,-
U.S. Virgin Islands,-,0,-,-,-,0,-,-,-,0,-,-
Non-U.S. Residents,-,0,-,-,-,0,-,-,-,0,-,-
Total,-,7,30,109,-,10,61,131,1,10,105,158
