Reporting Area,Ehrlichiosis and Anaplasmosis (continued),Ehrlichiosis and Anaplasmosis (continued),Ehrlichiosis and Anaplasmosis (continued),Ehrlichiosis and Anaplasmosis (continued),Ehrlichiosis and Anaplasmosis (continued),Ehrlichiosis and Anaplasmosis (continued),Ehrlichiosis and Anaplasmosis (continued),Ehrlichiosis and Anaplasmosis (continued),Giardiasis,Giardiasis,Giardiasis,Giardiasis
Reporting Area,Ehrlichia ewingii  infection,Ehrlichia ewingii  infection,Ehrlichia ewingii  infection,Ehrlichia ewingii  infection,Undetermined,Undetermined,Undetermined,Undetermined,Giardiasis,Giardiasis,Giardiasis,Giardiasis
Reporting Area,Current  week,Previous 52  weeks Max †,Cum YTD  2019 †,Cum YTD  2018 †,Current  week,Previous 52  weeks Max †,Cum YTD  2019 †,Cum YTD  2018 †,Current  week,Previous 52  weeks Max †,Cum YTD  2019 †,Cum YTD  2018 †
"U.S. Residents, excluding U.S. Territories",-,5,-,-,2,22,4,11,95,441,1955,2795
New England,-,0,-,-,-,2,-,2,6,42,143,201
Connecticut,N,NC,N,N,N,NC,N,N,2,11,47,39
Maine,-,0,-,-,-,1,-,-,2,13,9,19
Massachusetts,-,0,-,-,-,0,-,-,2,22,66,124
New Hampshire,-,0,-,-,-,0,-,-,-,9,16,13
Rhode Island,-,0,-,-,-,0,-,-,-,5,5,6
Vermont,-,0,-,-,-,1,-,2,N,NC,N,N
Middle Atlantic,-,0,-,-,2,2,3,2,38,101,529,506
New Jersey,-,0,-,-,-,2,1,1,-,16,51,80
New York (excluding New York City),-,0,-,-,2,2,2,1,12,42,124,131
New York City,-,0,-,-,-,0,-,-,21,34,286,208
Pennsylvania,-,0,-,-,-,0,-,-,5,28,68,87
East North Central,-,1,-,-,-,17,1,4,2,76,173,354
Illinois,-,1,-,-,-,1,-,-,N,NC,N,N
Indiana,-,0,-,-,-,11,-,3,-,11,-,37
Michigan,-,0,-,-,-,0,-,-,2,20,51,93
Ohio,-,0,-,-,-,0,-,-,-,29,66,108
Wisconsin,-,0,-,-,-,7,1,1,-,32,56,116
West North Central,-,3,-,-,-,3,-,1,3,37,118,176
Iowa,-,1,-,-,-,1,-,1,1,10,35,45
Kansas,-,1,-,-,-,1,-,-,-,6,15,27
Minnesota,-,0,-,-,-,1,-,-,-,0,-,-
Missouri,-,3,-,-,-,2,-,-,2,20,38,47
Nebraska,-,0,-,-,-,0,-,-,-,6,15,28
North Dakota,-,0,-,-,-,1,-,-,-,6,9,12
South Dakota,-,0,-,-,-,0,-,-,-,7,6,17
South Atlantic,-,1,-,-,-,2,-,1,12,75,263,556
Delaware,-,1,-,-,-,0,-,-,-,1,1,2
District of Columbia,-,0,-,-,-,1,-,-,-,10,4,12
Florida,-,0,-,-,-,0,-,-,-,35,-,234
Georgia,-,0,-,-,-,0,-,-,10,41,162,129
Maryland,-,1,-,-,-,1,-,1,2,9,32,35
North Carolina,-,0,-,-,-,0,-,-,N,NC,N,N
South Carolina,-,0,-,-,-,1,-,-,-,9,25,48
Virginia,-,1,-,-,-,2,-,-,-,32,36,70
West Virginia,-,0,-,-,-,1,-,-,-,6,3,26
East South Central,-,1,-,-,-,1,-,-,1,12,28,40
Alabama,-,0,-,-,-,1,-,-,1,12,28,40
Kentucky,-,0,-,-,-,1,-,-,N,NC,N,N
Mississippi,-,1,-,-,-,0,-,-,N,NC,N,N
Tennessee,-,1,-,-,-,0,-,-,N,NC,N,N
West South Central,-,2,-,-,-,0,-,-,7,18,21,52
Arkansas,-,2,-,-,-,0,-,-,3,12,16,19
Louisiana,-,0,-,-,-,0,-,-,4,13,5,33
Oklahoma,-,2,-,-,-,0,-,-,N,NC,N,N
Texas,-,0,-,-,-,0,-,-,N,NC,N,N
Mountain,-,0,-,-,-,1,-,-,11,47,190,263
Arizona,-,0,-,-,-,0,-,-,2,8,29,33
Colorado,N,NC,N,N,N,NC,N,N,6,23,87,103
Idaho,N,NC,N,N,N,NC,N,N,1,9,28,25
Montana,-,0,-,-,-,0,-,-,-,6,7,14
Nevada,-,0,-,-,-,1,-,-,-,5,8,13
New Mexico,N,NC,N,N,N,NC,N,N,2,5,13,11
Utah,-,0,-,-,-,0,-,-,-,12,18,54
Wyoming,-,0,-,-,-,0,-,-,-,4,-,10
Pacific,-,0,-,-,-,2,-,1,15,110,490,647
Alaska,N,NC,N,N,N,NC,N,N,-,6,8,15
California,-,0,-,-,-,2,-,1,11,74,386,486
Hawaii,N,NC,N,N,N,NC,N,N,-,4,13,11
Oregon,-,0,-,-,-,0,-,-,4,12,53,82
Washington,-,0,-,-,-,0,-,-,-,56,30,53
U.S. Territories,-,0,-,-,-,0,-,-,-,0,-,-
American Samoa,N,NC,N,N,N,NC,N,N,-,0,-,-
Commonwealth of Northern Mariana Islands,-,0,-,-,-,0,-,-,-,0,-,-
Guam,N,NC,N,N,N,NC,N,N,-,0,-,-
Puerto Rico,N,NC,N,N,N,NC,N,N,-,0,-,-
U.S. Virgin Islands,-,0,-,-,-,0,-,-,-,0,-,-
Non-U.S. Residents,-,NC,-,NP,-,NC,-,NP,-,NC,1,NP
Total,-,5,-,-,2,22,4,11,95,441,1956,2795
