0,1,2,3,4,5,6,7,8,9
Disease,,,,Total cases reported for previous years,Total cases reported for previous years,Total cases reported for previous years,Total cases reported for previous years,Total cases reported for previous years,
Disease,Current  week,Cum  2009,5-year  weekly  average  †,2008,2007,2006,2005,2004,States reporting cases  during current week (Count)
Anthrax,-,-,-,-,1,1,-,-,
Botulism:,,,,,,,,,
foodborne,-,6,0,17,32,20,19,16,
infant,-,19,1,108,85,97,85,87,
other(wound & unspecified),-,11,1,19,27,48,31,30,
Brucellosis,2,33,3,77,131,121,120,114,"NY (1 ), OH (1 )"
Chancroid,1,16,1,40,23,33,17,30,KS (1 )
Cholera,-,2,0,3,7,9,8,6,
Cyclosporiasis §,1,30,16,138,93,137,543,160,SC (1 )
Diphtheria,-,-,-,-,-,-,-,-,
"Domestic arboviral diseases §, ¶ :",,,,,,,,,
California serogroup,-,-,0,62,55,67,80,112,
eastern equine,-,-,-,4,4,8,21,6,
Powassan,-,-,0,2,7,1,1,1,
St. Louis,-,-,0,13,9,10,13,12,
western equine,-,-,-,-,-,-,-,-,
"Ehrlichiosis/Anaplasmosis §,**:",,,,,,,,,
Ehrlichia chaffeensis,2,54,7,1098,828,578,506,338,"SC (1 ), TN (1 )"
Ehrlichia ewingii,-,-,-,9,-,-,-,-,
Anaplasma phagocytophilum,1,23,6,739,834,646,786,537,NY (1 )
undetermined,-,8,3,158,337,231,112,59,
"Haemophilus influenzae  ††,  invasive disease (age <5 yrs):",,,,,,,,,
serotype B,-,11,0,28,22,29,9,19,
nonserotype B,-,77,3,234,199,175,135,135,
unknown serotype,-,67,4,166,180,179,217,177,
Hansen disease §,-,17,2,80,101,66,87,105,
Hantavirus pulmonary syndrome §,-,1,1,18,32,40,26,24,
"Hemolytic uremic syndrome, post-diarrheal §",5,40,4,289,292,288,221,200,"CT (1 ), NY (1 ), MO (1 ), NC (1 ), TN (1 )"
"Hepatitis C viral, acute",10,282,15,868,845,766,652,720,"OH (3 ), MI (2 ), MO (1 ), GA (1 ), FL (2 ), CA (1 )"
"HIV infection, pediatric (age <13 yrs) §§",-,-,5,-,-,-,380,436,
"Influenza-associated pediatric mortality §, ¶¶",2,62,2,88,77,43,45,-,AZ (2 )
Listeriosis,3,162,10,760,808,884,896,753,"NY (1 ), NC (1 ), GA (1 )"
Measles ***,-,16,2,140,43,55,66,37,
"Meningococcal disease, invasive ††† :",,,,,,,,,
"A,C,Y, and W-135",4,115,6,341,325,318,297,-,"MN (1 ), GA (1 ), FL (1 ), NM (1 )"
serogroup B,1,51,3,186,167,193,156,-,MN (1 )
other serogroup,-,8,1,33,35,32,27,-,
unknown serogroup,10,201,13,603,550,651,765,-,"NY (1 ), PA (1 ), KS (1 ), WA (1 ), CA (6 )"
Mumps,1,119,103,449,800,6584,314,258,OH (1 )
Novel influenza A infection virus §§§,-,5710,-,2,4,N,N,N,
Plague,-,-,0,1,7,17,8,3,
"Poliomyelitis, paralytic",-,-,-,-,-,-,1,-,
"Poliovirus infection, nonparalytic §",-,-,-,-,-,N,N,N,
Psittacosis §,-,6,0,9,12,21,16,12,
"Q fever total §,¶¶¶:",1,21,3,120,171,169,136,70,
acute,1,18,1,108,-,-,-,-,CA (1 )
chronic,-,3,0,12,-,-,-,-,
"Rabies, human",-,-,-,1,1,3,2,7,
Rubella ****,-,1,0,17,12,11,11,10,
"Rubella, congenital syndrome",-,1,-,-,-,1,1,-,
"SARS CoV §, ††††",-,-,-,-,-,-,-,-,
Smallpox §,-,-,-,-,-,-,-,-,
Streptococcal toxic-shock syndrome §,1,63,3,158,132,125,129,132,NY (1 )
"Syphilis, congenital (age <1 yr)",-,55,7,414,430,349,329,353,
Tetanus,-,4,0,19,28,41,27,34,
Toxic-shock syndrome (staphylococcal) §,1,31,2,73,92,101,90,95,CA (1 )
Trichinellosis,-,9,0,38,5,15,16,5,
Tularemia,-,8,2,122,137,95,154,134,
Typhoid fever,1,115,7,444,434,353,324,322,MN (1 )
Vancomycin-intermediate  Staphylococcus aureus  §,-,21,0,59,37,6,2,-,
Vancomycin-resistant  Staphylococcus aureus  §,-,-,0,-,2,1,3,1,
Vibriosis (non-cholera  Vibrio  species infections) §,8,61,3,490,549,N,N,N,"NC (2 ), FL (4 ), TN (1 ), CA (1 )"
Yellow fever,-,-,-,-,-,-,-,-,
