Reporting  Area,Spotted Fever Rickettsiosis (including RMSF)  §,Spotted Fever Rickettsiosis (including RMSF)  §,Spotted Fever Rickettsiosis (including RMSF)  §,Spotted Fever Rickettsiosis (including RMSF)  §,Spotted Fever Rickettsiosis (including RMSF)  §,Spotted Fever Rickettsiosis (including RMSF)  §,Spotted Fever Rickettsiosis (including RMSF)  §,Spotted Fever Rickettsiosis (including RMSF)  §,Spotted Fever Rickettsiosis (including RMSF)  §,Spotted Fever Rickettsiosis (including RMSF)  §,Unnamed: 11_level_0,Unnamed: 12_level_0,Unnamed: 13_level_0,Unnamed: 14_level_0,Unnamed: 15_level_0
Reporting  Area,Confirmed,Confirmed,Confirmed,Confirmed,Confirmed,Probable,Probable,Probable,Probable,Probable,"Syphilis, primary & secondary","Syphilis, primary & secondary","Syphilis, primary & secondary","Syphilis, primary & secondary","Syphilis, primary & secondary"
Reporting  Area,Current  week,Previous 52 weeks,Previous 52 weeks,Cum  2016,Cum  2015,Current  week,Previous 52 weeks,Previous 52 weeks,Cum  2016,Cum  2015,Current  week,Previous 52 weeks,Previous 52 weeks,Cum  2016,Cum  2015
Reporting  Area,Current  week,Med,Max,Cum  2016,Cum  2015,Current  week,Med,Max,Cum  2016,Cum  2015,Current  week,Med,Max,Cum  2016,Cum  2015
UNITED STATES,1,1,10,1,3,2,50,214,25,45,99,444,537,692,1511
NEW ENGLAND,-,0,1,-,-,-,0,1,-,1,1,12,25,2,35
Conn.,-,0,1,-,-,-,0,1,-,1,-,1,7,-,6
Maine,-,0,0,-,-,-,0,1,-,-,-,0,5,-,-
Mass.,-,0,1,-,-,-,0,1,-,-,-,7,15,1,22
N.H.,-,0,0,-,-,-,0,0,-,-,-,0,7,-,3
R.I.,-,0,0,-,-,-,0,1,-,-,-,1,5,-,-
Vt.,-,0,0,-,-,-,0,0,-,-,1,0,1,1,4
MID. ATLANTIC,-,0,2,-,-,-,2,11,2,1,16,54,84,105,154
N.J.,-,0,1,-,-,-,0,7,-,-,-,6,14,3,26
N.Y. (Upstate),-,0,1,-,-,-,0,3,-,-,9,8,40,19,10
N.Y. City,-,0,0,-,-,-,0,3,1,1,-,28,45,40,81
Pa.,-,0,2,-,-,-,0,4,1,-,7,13,22,43,37
E.N. CENTRAL,-,0,3,-,-,-,1,7,-,1,6,42,65,43,174
Ill.,-,0,3,-,-,-,0,6,-,-,-,18,36,8,68
Ind.,-,0,0,-,-,-,0,1,-,1,2,6,15,14,10
Mich.,-,0,0,-,-,-,0,2,-,-,-,7,12,-,41
Ohio,-,0,1,-,-,-,0,3,-,-,2,9,21,13,48
Wis.,-,0,0,-,-,-,0,2,-,-,2,1,4,8,7
W.N. CENTRAL,-,0,4,-,-,-,6,25,-,3,-,15,27,18,52
Iowa,-,0,0,-,-,-,0,1,-,-,-,1,5,3,5
Kans.,-,0,1,-,-,-,2,13,-,1,-,1,5,2,5
Minn.,-,0,0,-,-,-,0,0,-,-,-,5,11,-,14
Mo.,-,0,1,-,-,-,4,18,-,2,-,6,13,13,15
Nebr.,-,0,3,-,-,-,0,2,-,-,-,0,4,-,4
N. Dak.,-,0,1,-,-,-,0,1,-,-,-,0,1,-,1
S. Dak.,-,0,1,-,-,-,0,1,-,-,-,0,2,-,8
S. ATLANTIC,-,0,5,-,1,1,9,80,3,17,30,112,153,164,374
Del.,-,0,0,-,-,-,0,3,-,-,-,1,10,-,-
D.C.,-,0,0,-,-,-,0,0,-,-,-,1,5,1,9
Fla.,-,0,1,-,-,-,0,5,-,2,5,38,58,52,149
Ga.,-,0,5,-,1,-,0,0,-,-,23,27,43,53,92
Md.,-,0,0,-,-,-,0,3,-,-,-,8,19,-,16
N.C.,-,0,1,-,-,-,3,67,-,9,-,23,44,10,74
S.C.,-,0,1,-,-,1,1,3,1,2,2,5,15,32,12
Va.,-,0,2,-,-,-,3,23,2,3,-,6,31,16,16
W. Va.,-,0,0,-,-,-,0,1,-,1,-,0,4,-,6
E.S. CENTRAL,1,0,3,1,-,1,14,64,18,14,1,17,27,15,47
Ala.,-,0,1,-,-,-,3,19,5,4,-,6,11,9,13
Ky.,1,0,0,1,-,-,2,10,6,5,1,2,8,5,5
Miss.,-,0,1,-,-,-,1,8,1,1,-,3,9,-,9
Tenn.,-,0,3,-,-,1,9,41,6,4,-,6,13,1,20
W.S. CENTRAL,-,0,1,-,-,-,13,72,1,7,28,50,67,151,159
Ark.,-,0,1,-,-,-,11,71,1,6,-,2,9,3,-
La.,-,0,1,-,-,-,0,2,-,1,-,11,30,17,25
Okla.,-,0,0,-,-,-,0,16,-,-,-,2,11,2,7
Tex.,-,0,1,-,-,-,1,5,-,-,28,34,47,129,127
MOUNTAIN,-,0,2,-,2,-,0,3,-,1,1,26,41,17,83
Ariz.,-,0,2,-,2,-,0,1,-,1,-,11,19,-,32
Colo.,-,0,0,-,-,-,0,1,-,-,-,5,8,6,16
Idaho,-,0,0,-,-,-,0,2,-,-,-,0,8,-,-
Mont.,-,0,1,-,-,-,0,1,-,-,-,0,2,4,-
Nev.,-,0,1,-,-,-,0,0,-,-,-,6,15,4,25
N. Mex.,-,0,0,-,-,-,0,1,-,-,1,2,6,3,6
Utah,-,0,0,-,-,-,0,2,-,-,-,1,5,-,3
Wyo.,-,0,0,-,-,-,0,0,-,-,-,0,1,-,1
PACIFIC,-,0,1,-,-,-,0,2,1,-,16,106,133,177,433
Alaska,-,0,0,-,-,-,0,0,-,-,-,0,2,-,-
Calif.,-,0,1,-,-,-,0,1,1,-,10,89,115,150,379
Hawaii,-,0,0,-,-,-,0,0,-,-,-,1,5,-,4
Oreg.,-,0,0,-,-,-,0,1,-,-,-,6,10,10,26
Wash.,-,0,0,-,-,-,0,0,-,-,6,8,13,17,24
Amer. Samoa,-,-,-,-,-,-,-,-,-,-,-,-,-,-,-
C.N.M.I.,-,-,-,-,-,-,-,-,-,-,-,-,-,-,-
Guam,-,0,0,-,-,-,0,0,-,-,-,0,0,-,-
P.R.,-,0,0,-,-,-,0,0,-,-,-,8,37,5,24
V.I.,-,0,0,-,-,-,0,0,-,-,-,0,0,-,-
