Reporting Area,Gonorrhea,Gonorrhea,Gonorrhea,Gonorrhea,"Haemophilus influenzae  , invasive disease (all ages, all serotypes)","Haemophilus influenzae  , invasive disease (all ages, all serotypes)","Haemophilus influenzae  , invasive disease (all ages, all serotypes)","Haemophilus influenzae  , invasive disease (all ages, all serotypes)","Haemophilus influenzae  , invasive disease (age <5 years)","Haemophilus influenzae  , invasive disease (age <5 years)","Haemophilus influenzae  , invasive disease (age <5 years)","Haemophilus influenzae  , invasive disease (age <5 years)"
Reporting Area,Gonorrhea,Gonorrhea,Gonorrhea,Gonorrhea,"All ages, all serotypes","All ages, all serotypes","All ages, all serotypes","All ages, all serotypes",Serotype b,Serotype b,Serotype b,Serotype b
Reporting Area,Current  week,Previous 52  weeks Max †,Cum YTD  2019 †,Cum YTD  2018 †,Current  week,Previous 52  weeks Max †,Cum YTD  2019 †,Cum YTD  2018 †,Current  week,Previous 52  weeks Max †,Cum YTD  2019 †,Cum YTD  2018 †
"U.S. Residents, excluding U.S. Territories",4219,12632,296433,334135,34,233,3464,3479,-,3,10,26
New England,12,365,5209,8165,-,9,143,181,-,0,-,3
Connecticut,-,124,-,1850,-,4,30,43,-,0,-,-
Maine,1,25,270,416,-,4,21,16,-,0,-,-
Massachusetts,-,191,3911,4734,-,6,51,78,-,0,-,1
New Hampshire,4,23,252,381,-,3,19,15,-,0,-,1
Rhode Island,7,139,738,630,-,3,14,17,-,0,-,1
Vermont,-,14,38,154,-,2,8,12,-,0,-,-
Middle Atlantic,911,1506,36596,35110,6,31,478,517,-,1,1,7
New Jersey,115,239,5664,5009,-,10,75,117,-,0,-,-
New York (excluding New York City),263,304,6237,6381,6,18,150,141,-,1,1,2
New York City,334,702,16173,14617,-,7,87,97,-,0,-,2
Pennsylvania,199,377,8522,9103,-,12,166,162,-,1,-,3
East North Central,695,1995,46161,49142,7,35,570,592,-,2,4,7
Illinois,32,599,11541,14330,-,10,146,151,-,0,-,2
Indiana,92,326,6350,6987,-,8,92,104,-,1,-,2
Michigan,141,443,9378,9298,-,8,100,116,-,1,-,1
Ohio,312,593,14262,14154,7,16,223,155,-,2,3,1
Wisconsin,118,199,4630,4373,-,6,9,66,-,1,1,1
West North Central,284,912,20364,21944,2,14,177,241,-,0,-,1
Iowa,-,120,2812,2694,-,0,-,-,-,0,-,-
Kansas,-,131,2551,3026,-,4,4,24,-,0,-,-
Minnesota,16,189,4045,4290,-,6,19,63,-,0,-,-
Missouri,261,389,8685,8593,1,7,105,114,-,0,-,-
Nebraska,-,106,567,1684,1,3,22,17,-,0,-,1
North Dakota,7,43,740,713,-,2,13,11,-,0,-,-
South Dakota,-,58,964,944,-,2,14,12,-,0,-,-
South Atlantic,1009,2718,65017,70128,10,43,825,817,-,1,1,3
Delaware,-,79,1027,871,-,3,16,9,-,0,-,-
District of Columbia,-,126,2377,2473,-,2,7,17,-,0,-,-
Florida,450,774,20253,18771,6,26,250,223,-,0,-,-
Georgia,163,462,10708,12685,1,12,130,149,-,0,-,-
Maryland,9,244,4404,6098,-,8,89,86,-,1,1,-
North Carolina,-,587,12239,13725,-,11,138,125,-,0,-,1
South Carolina,-,582,5214,7865,-,8,79,82,-,0,-,-
Virginia,348,356,7854,7036,3,13,93,89,-,0,-,-
West Virginia,39,145,941,604,-,4,23,37,-,0,-,2
East South Central,499,2266,23953,23891,-,18,310,280,-,1,1,-
Alabama,309,432,8526,6970,-,7,83,61,-,0,-,-
Kentucky,-,1730,2373,2794,-,8,64,65,-,1,-,-
Mississippi,104,277,5320,5763,-,4,45,48,-,1,1,-
Tennessee,86,392,7734,8364,-,9,118,106,-,0,-,-
West South Central,129,1638,23121,44689,3,71,461,442,-,1,2,1
Arkansas,-,183,2050,4288,-,8,69,37,-,0,-,-
Louisiana,61,294,6867,6897,-,8,58,52,-,0,-,-
Oklahoma,54,207,4262,5177,2,15,66,64,-,1,-,-
Texas,14,1007,9942,28327,1,45,268,289,-,1,2,1
Mountain,238,888,22632,22498,6,21,359,277,-,1,1,4
Arizona,29,306,7979,7497,2,9,128,89,-,1,1,1
Colorado,-,231,5154,5214,2,8,93,70,-,0,-,1
Idaho,34,52,842,579,1,3,23,13,-,0,-,-
Montana,25,39,821,660,-,4,19,13,-,0,-,1
Nevada,76,157,3408,3666,-,5,26,20,-,0,-,-
New Mexico,18,132,2727,3038,1,3,34,35,-,0,-,1
Utah,54,72,1544,1683,-,5,36,34,-,0,-,-
Wyoming,2,16,157,161,-,1,-,3,-,0,-,-
Pacific,442,2214,53380,58568,-,16,141,132,-,0,-,-
Alaska,-,60,804,1323,-,3,18,24,-,0,-,-
California,150,1774,44818,46258,-,5,34,22,-,0,-,-
Hawaii,-,45,-,831,-,3,21,25,-,0,-,-
Oregon,123,158,3469,3371,-,6,58,61,-,0,-,-
Washington,169,244,4289,6785,-,13,10,-,-,0,-,-
U.S. Territories,-,19,201,332,-,0,-,3,-,0,-,-
American Samoa,-,0,-,-,-,0,-,-,-,0,-,-
Commonwealth of Northern Mariana Islands,-,0,-,-,-,0,-,-,-,0,-,-
Guam,-,0,-,-,-,0,-,1,-,0,-,-
Puerto Rico,-,19,201,314,-,0,-,2,-,0,-,-
U.S. Virgin Islands,-,1,-,18,N,NC,N,N,-,0,-,-
Non-U.S. Residents,-,NC,2,NP,-,NC,-,NP,-,NC,-,NP
Total,4219,12646,296636,334467,34,233,3464,3482,-,3,10,26
