Reporting  Area,"Vibriosis (Any species of the family Vibrionaceae, other than toxigenic Vibrio cholerae O1 or O139) §","Vibriosis (Any species of the family Vibrionaceae, other than toxigenic Vibrio cholerae O1 or O139) §","Vibriosis (Any species of the family Vibrionaceae, other than toxigenic Vibrio cholerae O1 or O139) §","Vibriosis (Any species of the family Vibrionaceae, other than toxigenic Vibrio cholerae O1 or O139) §","Vibriosis (Any species of the family Vibrionaceae, other than toxigenic Vibrio cholerae O1 or O139) §","Vibriosis (Any species of the family Vibrionaceae, other than toxigenic Vibrio cholerae O1 or O139) §","Vibriosis (Any species of the family Vibrionaceae, other than toxigenic Vibrio cholerae O1 or O139) §","Vibriosis (Any species of the family Vibrionaceae, other than toxigenic Vibrio cholerae O1 or O139) §","Vibriosis (Any species of the family Vibrionaceae, other than toxigenic Vibrio cholerae O1 or O139) §","Vibriosis (Any species of the family Vibrionaceae, other than toxigenic Vibrio cholerae O1 or O139) §"
Reporting  Area,Confirmed,Confirmed,Confirmed,Confirmed,Confirmed,Probable,Probable,Probable,Probable,Probable
Reporting  Area,Current  week,Previous 52 weeks,Previous 52 weeks,Cum  2017,Cum  2016,Current  week,Previous 52 weeks,Previous 52 weeks,Cum  2017,Cum  2016
Reporting  Area,Current  week,Med,Max,Cum  2017,Cum  2016,Current  week,Med,Max,Cum  2017,Cum  2016
UNITED STATES,20,18,84,899,930,6,6,14,281,22
NEW ENGLAND,1,2,12,108,81,-,0,2,6,2
Conn.,-,0,5,32,16,-,0,2,6,-
Maine,-,0,2,5,5,-,0,0,-,-
Mass.,1,1,7,55,48,-,0,0,-,1
N.H.,-,0,1,5,4,-,0,0,-,1
R.I.,-,0,5,9,8,-,0,0,-,-
Vt.,-,0,1,2,-,-,0,0,-,-
MID. ATLANTIC,4,2,8,92,98,1,0,3,20,7
N.J.,-,0,2,21,24,-,0,2,11,1
N.Y. (Upstate),4,1,6,38,38,-,0,0,-,4
N.Y. City,-,0,3,13,12,1,0,2,3,1
Pa.,-,0,3,20,24,-,0,1,6,1
E.N. CENTRAL,-,1,5,51,61,-,1,3,36,1
Ill.,-,0,2,10,26,-,0,2,12,-
Ind.,-,0,2,4,11,-,0,0,-,-
Mich.,-,0,2,6,7,-,0,1,6,1
Ohio,-,0,3,18,8,-,0,3,9,-
Wis.,-,0,2,13,9,-,0,2,9,-
W.N. CENTRAL,1,0,2,14,31,-,0,3,21,6
Iowa,-,0,0,-,-,-,0,0,-,-
Kans.,-,0,1,2,4,-,0,1,1,-
Minn.,-,0,2,-,16,-,0,3,-,5
Mo.,1,0,1,6,5,-,0,2,12,-
Nebr.,-,0,1,1,-,-,0,1,4,1
N. Dak.,-,0,1,2,2,-,0,0,-,-
S. Dak.,-,0,1,3,4,-,0,1,4,-
S. ATLANTIC,9,7,18,276,304,1,1,7,76,2
Del.,-,0,1,5,11,-,0,0,-,-
D.C.,-,0,1,-,2,-,0,1,5,-
Fla.,8,3,10,152,132,-,0,5,31,1
Ga.,-,0,2,18,23,-,0,0,-,-
Md.,-,1,3,31,54,-,0,2,10,1
N.C.,-,0,4,22,29,-,0,2,13,-
S.C.,-,0,4,15,18,1,0,2,9,-
Va.,1,0,5,33,35,-,0,2,8,-
W. Va.,-,0,1,-,-,-,0,0,-,-
E.S. CENTRAL,-,1,3,34,49,1,0,4,25,1
Ala.,-,0,2,13,25,-,0,1,3,-
Ky.,-,0,1,1,5,-,0,2,4,-
Miss.,-,0,2,12,7,-,0,0,-,-
Tenn.,-,0,2,8,12,1,0,4,18,1
W.S. CENTRAL,-,2,9,85,104,1,0,4,46,-
Ark.,-,0,1,1,2,-,0,0,-,-
La.,-,0,3,9,40,-,0,2,4,-
Okla.,-,0,2,3,1,1,0,1,3,-
Tex.,-,2,8,72,61,-,0,4,39,-
MOUNTAIN,1,1,4,37,44,2,0,3,30,1
Ariz.,-,0,1,7,16,2,0,1,9,-
Colo.,1,0,2,17,15,-,0,2,11,-
Idaho,-,0,0,-,-,-,0,0,-,-
Mont.,-,0,1,5,2,-,0,1,1,-
Nev.,-,0,1,2,2,-,0,0,-,1
N. Mex.,-,0,1,2,-,-,0,0,-,-
Utah,-,0,1,3,8,-,0,1,9,-
Wyo.,-,0,1,1,1,-,0,0,-,-
PACIFIC,4,3,63,202,158,-,0,3,21,2
Alaska,-,0,1,3,8,-,0,1,1,-
Calif.,-,2,12,91,113,-,0,0,-,-
Hawaii,-,0,3,33,18,-,0,0,-,1
Oreg.,-,0,3,16,19,-,0,2,13,1
Wash.,4,0,62,59,-,-,0,2,7,-
Amer. Samoa,-,0,0,-,-,-,0,0,-,-
C.N.M.I.,-,-,-,-,-,-,-,-,-,-
Guam,-,0,0,-,-,-,0,0,-,-
P.R.,-,0,0,-,-,-,0,0,-,-
V.I.,-,0,0,-,-,-,0,0,-,-
