0,1,2,3,4,5,6,7,8,9
Disease,,,,Total cases reported for previous years,Total cases reported for previous years,Total cases reported for previous years,Total cases reported for previous years,Total cases reported for previous years,
Disease,Current  week,Cum  2008,5-year  weekly  average  †,2007,2006,2005,2004,2003,States reporting cases  during current week (Count)
Anthrax,-,-,0,-,1,-,-,-,
Botulism:,,,,,,,,,
foodborne,-,1,0,22,20,19,16,20,
infant,-,7,2,84,97,85,87,76,
other(wound & unspecified),-,-,0,24,48,31,30,33,
Brucellosis,-,7,2,129,121,120,114,104,
Chancroid,-,8,0,31,33,17,30,54,
Cholera,-,-,-,7,9,8,6,2,
Cyclosporiasis §,1,11,3,99,137,543,160,75,FL (1 )
Diphtheria,-,-,-,-,-,-,-,1,
"Domestic arboviral diseases §, ¶ :",,,,,,,,,
California serogroup,-,-,0,44,67,80,112,108,
eastern equine,-,-,-,4,8,21,6,14,
Powassan,-,-,-,1,1,1,1,-,
St. Louis,-,-,-,7,10,13,12,41,
western equine,-,-,-,-,-,-,-,-,
"Ehrlichiosis/Anaplasmosis §,**:",,,,,,,,,
Ehrlichia chaffeensis,1,15,2,743,578,506,338,321,TN (1 )
Ehrlichia ewingii,-,1,-,-,-,-,-,-,
Anaplasma phagocytophilum,-,4,1,672,646,786,537,362,
undetermined,-,1,0,160,231,112,59,44,
"Haemophilus influenzae  ††,  invasive disease (age <5 yrs):",,,,,,,,,
serotype B,-,6,0,22,29,9,19,32,
nonserotype B,2,26,4,168,175,135,135,117,"OH (1 ), FL (1 )"
unknown serotype,5,49,4,194,179,217,177,227,"NY (1 ), MD (1 ), FL (1 ), AZ (1 ), UT (1 )"
Hansen disease §,1,11,1,70,66,87,105,95,CA (1 )
Hantavirus pulmonary syndrome §,-,-,0,32,40,26,24,26,
"Hemolytic uremic syndrome, post-diarrheal §",-,8,2,263,288,221,200,178,
"Hepatitis C viral, acute",8,94,16,788,766,652,720,1102,"ME (1 ), NY (2 ), OH (2 ), MO (1 ), MD (1 ), OK (1 )"
"HIV infection, pediatric (age <13 yrs) §§",-,-,5,-,-,380,436,504,
"Influenza-associated pediatric mortality §, ¶¶",8,41,2,76,43,45,-,N,"MA (1 ), ME (1 ), NJ (1 ), NM (1 ), PA (2 ), VA (1 ), WI (1 )"
Listeriosis,5,60,9,780,884,896,753,696,"PA (1 ), OH (2 ), FL (1 ), AZ (1 )"
Measles ***,-,1,1,40,55,66,37,56,
"Meningococcal disease, invasive ††† :",,,,,,,,,
"A,C,Y, and W-135",8,41,8,282,318,297,-,-,"MN (2 ), MO (2 ), TX (2 ), WA (2 )"
serogroup B,4,28,4,146,193,156,-,-,"MN (1 ), SC (1 ), TX (1 ), CO (1 )"
other serogroup,1,7,1,31,32,27,-,-,FL (1 )
unknown serogroup,15,100,20,605,651,765,-,-,"NY (1 ), PA (4 ), NE (1 ), MD (2 ), FL (1 ), TN (1 ), OR (1 ), CA (4 )"
Mumps,7,119,24,774,6584,314,258,231,"NY (1 ), PA (1 ), MI (1 ), MN (1 ), KS (1 ), CO (1 ), AZ (1 )"
Novel influenza A infection virus,-,-,-,4,N,N,N,N,
Plague,-,-,0,6,17,8,3,1,
"Poliomyelitis, paralytic",-,-,-,-,-,1,-,-,
"Poliovirus infection, nonparalytic §",-,-,-,-,N,N,N,N,
Psittacosis §,-,-,0,10,21,16,12,12,
"Q fever total §,§§§:",-,5,2,187,169,136,70,71,
acute,-,5,-,-,-,-,-,-,
chronic,-,-,-,-,-,-,-,-,
"Rabies, human",-,-,-,-,3,2,7,2,
Rubella ¶¶¶,-,-,0,12,11,11,10,7,
"Rubella, congenital syndrome",-,-,0,-,1,1,-,1,
"SARS CoV §, ****",-,-,0,-,-,-,-,8,
Smallpox §,-,-,-,-,-,-,-,-,
Streptococcal toxic-shock syndrome §,1,16,4,103,125,129,132,161,OH (1 )
"Syphilis, congenital (age <1 yr)",-,9,7,270,349,329,353,413,
Tetanus,-,-,0,23,41,27,34,20,
Toxic-shock syndrome (staphylococcal) §,-,6,2,82,101,90,95,133,
Trichinellosis,1,2,0,6,15,16,5,6,VA (1 )
Tularemia,-,2,0,114,95,154,134,129,
Typhoid fever,1,45,5,365,353,324,322,356,MD (1 )
Vancomycin-intermediate  Staphylococcus aureus  §,-,1,0,28,6,2,-,N,
Vancomycin-resistant  Staphylococcus aureus  §,-,-,-,-,1,3,1,N,
Vibriosis (non-cholera  Vibrio  species infections) §,-,17,1,379,N,N,N,N,
Yellow fever,-,-,-,-,-,-,-,-,
