0,1,2,3,4,5,6,7,8,9,10,11,12,13,14,15
Reporting  Area,Ehrlichiosis/Anaplasmosis  †,Ehrlichiosis/Anaplasmosis  †,Ehrlichiosis/Anaplasmosis  †,Ehrlichiosis/Anaplasmosis  †,Ehrlichiosis/Anaplasmosis  †,Ehrlichiosis/Anaplasmosis  †,Ehrlichiosis/Anaplasmosis  †,Ehrlichiosis/Anaplasmosis  †,Ehrlichiosis/Anaplasmosis  †,Ehrlichiosis/Anaplasmosis  †,Ehrlichiosis/Anaplasmosis  †,Ehrlichiosis/Anaplasmosis  †,Ehrlichiosis/Anaplasmosis  †,Ehrlichiosis/Anaplasmosis  †,Ehrlichiosis/Anaplasmosis  †
Reporting  Area,Ehrlichia chaffeensis,Ehrlichia chaffeensis,Ehrlichia chaffeensis,Ehrlichia chaffeensis,Ehrlichia chaffeensis,Anaplasma phagocytophilum,Anaplasma phagocytophilum,Anaplasma phagocytophilum,Anaplasma phagocytophilum,Anaplasma phagocytophilum,Undetermined,Undetermined,Undetermined,Undetermined,Undetermined
Reporting  Area,Current  week,Previous 52 weeks,Previous 52 weeks,Cum  2012,Cum  2011,Current  week,Previous 52 weeks,Previous 52 weeks,Cum  2012,Cum  2011,Current  week,Previous 52 weeks,Previous 52 weeks,Cum  2012,Cum  2011
Reporting  Area,Current  week,Med,Max,Cum  2012,Cum  2011,Current  week,Med,Max,Cum  2012,Cum  2011,Current  week,Med,Max,Cum  2012,Cum  2011
UNITED STATES,2,9,93,5,9,2,15,57,6,9,-,2,9,2,2
NEW ENGLAND,-,0,1,-,-,-,3,28,1,3,-,0,1,-,-
Conn.,-,0,0,-,-,-,0,0,-,-,-,0,0,-,-
Maine,-,0,1,-,-,-,0,3,1,1,-,0,0,-,-
Mass.,-,0,0,-,-,-,1,18,-,-,-,0,0,-,-
N.H.,-,0,1,-,-,-,0,4,-,-,-,0,1,-,-
R.I.,-,0,1,-,-,-,0,15,-,2,-,0,1,-,-
Vt.,-,0,0,-,-,-,0,1,-,-,-,0,0,-,-
MID. ATLANTIC,-,1,5,-,1,2,6,35,4,3,-,0,2,-,-
N.J.,-,0,0,-,-,-,0,0,-,-,-,0,0,-,-
N.Y. (Upstate),-,0,4,-,-,2,3,35,3,2,-,0,2,-,-
N.Y. City,-,0,2,-,1,-,1,5,1,1,-,0,0,-,-
Pa.,-,0,0,-,-,-,0,1,-,-,-,0,0,-,-
E.N. CENTRAL,-,0,5,-,1,-,0,2,-,1,-,0,6,-,2
Ill.,-,0,4,-,-,-,0,2,-,-,-,0,1,-,1
Ind.,-,0,0,-,-,-,0,0,-,-,-,0,4,-,1
Mich.,-,0,2,-,-,-,0,0,-,-,-,0,2,-,-
Ohio,-,0,1,-,1,-,0,1,-,-,-,0,1,-,-
Wis.,-,0,0,-,-,-,0,1,-,1,-,0,1,-,-
W.N. CENTRAL,-,1,19,1,-,-,0,8,-,-,-,0,7,-,-
Iowa,N,0,0,N,N,N,0,0,N,N,N,0,0,N,N
Kans.,-,0,2,-,-,-,0,1,-,-,-,0,1,-,-
Minn.,-,0,0,-,-,-,0,1,-,-,-,0,0,-,-
Mo.,-,1,19,1,-,-,0,7,-,-,-,0,7,-,-
Nebr.,-,0,1,-,-,-,0,1,-,-,-,0,0,-,-
N. Dak.,N,0,0,N,N,N,0,0,N,N,N,0,0,N,N
S. Dak.,-,0,1,-,-,-,0,1,-,-,-,0,0,-,-
S. ATLANTIC,2,3,33,4,7,-,1,8,1,2,-,0,2,2,-
Del.,-,0,2,-,1,-,0,1,-,-,-,0,0,-,-
D.C.,N,0,0,N,N,N,0,0,N,N,N,0,0,N,N
Fla.,-,0,3,-,1,-,0,3,-,-,-,0,0,-,-
Ga.,1,0,3,3,1,-,0,2,1,-,-,0,1,1,-
Md.,-,0,3,-,2,-,0,2,-,-,-,0,1,1,-
N.C.,1,0,17,1,2,-,0,6,-,2,-,0,0,-,-
S.C.,-,0,1,-,-,-,0,0,-,-,-,0,1,-,-
Va.,-,1,13,-,-,-,0,3,-,-,-,0,1,-,-
W. Va.,-,0,1,-,-,-,0,0,-,-,-,0,1,-,-
E.S. CENTRAL,-,1,8,-,-,-,0,2,-,-,-,0,3,-,-
Ala.,-,0,2,-,-,-,0,1,-,-,N,0,0,N,N
Ky.,-,0,3,-,-,-,0,0,-,-,-,0,0,-,-
Miss.,-,0,1,-,-,-,0,1,-,-,-,0,0,-,-
Tenn.,-,0,5,-,-,-,0,1,-,-,-,0,3,-,-
W.S. CENTRAL,-,0,30,-,-,-,0,3,-,-,-,0,0,-,-
Ark.,-,0,13,-,-,-,0,3,-,-,-,0,0,-,-
La.,-,0,0,-,-,-,0,0,-,-,-,0,0,-,-
Okla.,-,0,25,-,-,-,0,1,-,-,-,0,0,-,-
Tex.,-,0,1,-,-,-,0,1,-,-,-,0,0,-,-
MOUNTAIN,-,0,0,-,-,-,0,0,-,-,-,0,1,-,-
Ariz.,-,0,0,-,-,-,0,0,-,-,-,0,1,-,-
Colo.,N,0,0,N,N,N,0,0,N,N,N,0,0,N,N
Idaho,N,0,0,N,N,N,0,0,N,N,N,0,0,N,N
Mont.,N,0,0,N,N,N,0,0,N,N,N,0,0,N,N
Nev.,N,0,0,N,N,N,0,0,N,N,N,0,0,N,N
N. Mex.,N,0,0,N,N,N,0,0,N,N,N,0,0,N,N
Utah,-,0,0,-,-,-,0,0,-,-,-,0,1,-,-
Wyo.,-,0,0,-,-,-,0,0,-,-,-,0,0,-,-
PACIFIC,-,0,0,-,-,-,0,1,-,-,-,0,2,-,-
Alaska,N,0,0,N,N,N,0,0,N,N,N,0,0,N,N
Calif.,-,0,0,-,-,-,0,0,-,-,-,0,2,-,-
Hawaii,N,0,0,N,N,N,0,0,N,N,N,0,0,N,N
Oreg.,-,0,0,-,-,-,0,1,-,-,-,0,0,-,-
Wash.,-,0,0,-,-,-,0,0,-,-,-,0,0,-,-
Amer. Samoa,N,0,0,N,N,N,0,0,N,N,N,0,0,N,N
C.N.M.I.,-,-,-,-,-,-,-,-,-,-,-,-,-,-,-
Guam,N,0,0,N,N,N,0,0,N,N,N,0,0,N,N
P.R.,N,0,0,N,N,N,0,0,N,N,N,0,0,N,N
V.I.,-,0,0,-,-,-,0,0,-,-,-,0,0,-,-
