Reporting Area,Mumps,Mumps,Mumps,Mumps,Novel Influenza A virus infections §,Novel Influenza A virus infections §,Novel Influenza A virus infections §,Novel Influenza A virus infections §
Reporting Area,Current week,Previous 52 weeks Max †,Cum YTD 2020 †,Cum YTD 2019 †,Current week,Previous 52 weeks Max †,Cum YTD 2020 †,Cum YTD 2019 †
"U.S. Residents, excluding U.S. Territories",10,110,23,52,-,0,-,-
New England,1,8,3,9,-,0,-,-
Connecticut,-,5,2,-,-,0,-,-
Maine,-,1,-,-,-,0,-,-
Massachusetts,-,5,-,7,-,0,-,-
New Hampshire,-,0,-,-,-,0,-,-
Rhode Island,-,2,-,-,-,0,-,-
Vermont,1,1,1,2,-,0,-,-
Middle Atlantic,1,55,7,4,-,0,-,-
New Jersey,-,5,-,1,-,0,-,-
New York (excluding New York City),1,4,1,2,-,0,-,-
New York City,-,7,-,1,-,0,-,-
Pennsylvania,-,50,6,-,-,0,-,-
East North Central,-,17,1,8,-,0,-,-
Illinois,-,7,-,5,-,0,-,-
Indiana,-,13,-,1,-,0,-,-
Michigan,-,4,-,1,-,0,-,-
Ohio,-,9,1,1,-,0,-,-
Wisconsin,-,6,-,-,-,0,-,-
West North Central,4,23,7,8,-,0,-,-
Iowa,-,2,-,1,-,0,-,-
Kansas,-,2,-,-,-,0,-,-
Minnesota,-,6,-,1,-,0,-,-
Missouri,4,15,7,1,-,0,-,-
Nebraska,-,19,-,3,-,0,-,-
North Dakota,-,3,-,2,-,0,-,-
South Dakota,-,2,-,-,-,0,-,-
South Atlantic,2,28,2,1,-,0,-,-
Delaware,-,1,-,-,-,0,-,-
District of Columbia,-,1,-,-,-,0,-,-
Florida,2,21,2,-,-,0,-,-
Georgia,-,2,-,-,-,0,-,-
Maryland,-,3,-,-,-,0,-,-
North Carolina,-,18,-,-,-,0,-,-
South Carolina,-,19,-,1,-,0,-,-
Virginia,-,5,-,-,-,0,-,-
West Virginia,-,1,-,-,-,0,-,-
East South Central,-,21,-,-,-,0,-,-
Alabama,-,2,-,-,-,0,-,-
Kentucky,-,1,-,-,-,0,-,-
Mississippi,-,5,-,-,-,0,-,-
Tennessee,-,21,-,-,-,0,-,-
West South Central,-,57,-,15,-,0,-,-
Arkansas,-,13,-,-,-,0,-,-
Louisiana,-,19,-,7,-,0,-,-
Oklahoma,-,2,-,-,-,0,-,-
Texas,-,42,-,8,-,0,-,-
Mountain,2,13,2,3,-,0,-,-
Arizona,2,10,2,1,-,0,-,-
Colorado,-,6,-,-,-,0,-,-
Idaho,-,1,-,-,-,0,-,-
Montana,-,5,-,-,-,0,-,-
Nevada,-,1,-,1,-,0,-,-
New Mexico,-,8,-,-,-,0,-,-
Utah,-,4,-,1,-,0,-,-
Wyoming,-,0,-,-,-,0,-,-
Pacific,-,28,1,4,-,0,-,-
Alaska,-,1,-,-,-,0,-,-
California,-,23,1,4,-,0,-,-
Hawaii,-,1,-,-,-,0,-,-
Oregon,-,5,-,-,-,0,-,-
Washington,-,4,-,-,-,0,-,-
U.S. Territories,-,0,-,-,-,0,-,-
American Samoa,-,0,-,-,-,0,-,-
Commonwealth of Northern Mariana Islands,-,0,-,-,-,0,-,-
Guam,-,0,-,-,-,0,-,-
Puerto Rico,-,0,-,-,-,0,-,-
U.S. Virgin Islands,-,0,-,-,-,0,-,-
Non-U.S. Residents,-,0,-,-,-,0,-,-
Total,10,110,23,52,-,0,-,-
