0,1,2,3,4,5,6,7,8,9,10
Reporting  Area,Spotted Fever Rickettsiosis (including RMSF)  †,Spotted Fever Rickettsiosis (including RMSF)  †,Spotted Fever Rickettsiosis (including RMSF)  †,Spotted Fever Rickettsiosis (including RMSF)  †,Spotted Fever Rickettsiosis (including RMSF)  †,Spotted Fever Rickettsiosis (including RMSF)  †,Spotted Fever Rickettsiosis (including RMSF)  †,Spotted Fever Rickettsiosis (including RMSF)  †,Spotted Fever Rickettsiosis (including RMSF)  †,Spotted Fever Rickettsiosis (including RMSF)  †
Reporting  Area,Confirmed,Confirmed,Confirmed,Confirmed,Confirmed,Probable,Probable,Probable,Probable,Probable
Reporting  Area,Current  week,Previous 52 weeks,Previous 52 weeks,Cum  2010,Cum  2009,Current  week,Previous 52 weeks,Previous 52 weeks,Cum  2010,Cum  2009
Reporting  Area,Current  week,Med,Max,Cum  2010,Cum  2009,Current  week,Med,Max,Cum  2010,Cum  2009
UNITED STATES,1,2,12,153,141,7,23,421,1427,1214
NEW ENGLAND,-,0,0,-,2,-,0,1,3,10
Conn.,-,0,0,-,-,-,0,0,-,-
Maine,-,0,0,-,-,-,0,1,2,5
Mass.,-,0,0,-,1,-,0,1,-,5
N.H.,-,0,0,-,-,-,0,1,1,-
R.I.,-,0,0,-,-,-,0,0,-,-
Vt.,-,0,0,-,1,-,0,0,-,-
MID. ATLANTIC,-,0,2,16,12,-,1,4,57,92
N.J.,-,0,0,-,2,-,0,2,-,58
N.Y. (Upstate),-,0,1,2,-,-,0,3,17,14
N.Y. City,-,0,1,1,1,-,0,4,27,7
Pa.,-,0,2,13,9,-,0,1,13,13
E.N. CENTRAL,-,0,1,4,9,-,1,9,91,81
Ill.,-,0,1,2,1,-,0,5,33,48
Ind.,-,0,1,2,3,-,0,5,43,10
Mich.,-,0,0,-,4,-,0,1,1,1
Ohio,-,0,0,-,-,-,0,2,13,18
Wis.,-,0,0,-,1,-,0,1,1,4
W.N. CENTRAL,-,0,4,17,18,-,4,21,304,251
Iowa,-,0,0,-,1,-,0,1,4,4
Kans.,-,0,1,2,1,-,0,0,-,-
Minn.,-,0,1,-,1,-,0,1,-,1
Mo.,-,0,4,13,7,-,4,20,296,242
Nebr.,-,0,1,2,8,-,0,1,3,4
N. Dak.,-,0,0,-,-,-,0,1,1,-
S. Dak.,-,0,0,-,-,-,0,0,-,-
S. ATLANTIC,1,1,9,81,65,-,8,60,482,368
Del.,-,0,1,1,-,-,0,3,19,17
D.C.,-,0,1,1,-,-,0,1,-,-
Fla.,-,0,1,4,-,-,0,2,11,7
Ga.,1,1,6,56,51,-,0,0,-,-
Md.,-,0,1,3,3,-,1,4,52,36
N.C.,-,0,3,11,7,-,2,48,251,241
S.C.,-,0,1,1,3,-,0,2,18,15
Va.,-,0,2,4,1,-,2,12,131,50
W. Va.,-,0,0,-,-,-,0,0,-,2
E.S. CENTRAL,-,0,3,19,9,-,5,29,373,252
Ala.,-,0,1,5,3,-,1,8,74,61
Ky.,-,0,2,6,1,-,0,0,-,-
Miss.,-,0,0,-,-,-,0,2,12,9
Tenn.,-,0,2,8,5,-,4,20,287,182
W.S. CENTRAL,-,0,3,6,9,7,1,408,105,136
Ark.,-,0,2,2,-,6,0,110,58,68
La.,-,0,0,-,-,-,0,1,2,2
Okla.,-,0,3,3,7,1,0,287,26,46
Tex.,-,0,1,1,2,-,0,11,19,20
MOUNTAIN,-,0,1,2,16,-,0,2,12,24
Ariz.,-,0,1,-,10,-,0,1,2,12
Colo.,-,0,0,-,1,-,0,1,1,-
Idaho,-,0,0,-,-,-,0,1,5,1
Mont.,-,0,1,2,4,-,0,1,1,6
Nev.,-,0,0,-,-,-,0,0,-,1
N. Mex.,-,0,0,-,-,-,0,1,1,1
Utah,-,0,0,-,-,-,0,1,1,1
Wyo.,-,0,0,-,1,-,0,1,1,2
PACIFIC,-,0,2,8,1,-,0,0,-,-
Alaska,N,0,0,N,N,N,0,0,N,N
Calif.,-,0,2,7,1,-,0,0,-,-
Hawaii,N,0,0,N,N,N,0,0,N,N
Oreg.,-,0,1,1,-,-,0,0,-,-
Wash.,-,0,0,-,-,-,0,0,-,-
Amer. Samoa,N,0,0,N,N,N,0,0,N,N
C.N.M.I.,-,-,-,-,-,-,-,-,-,-
Guam,N,0,0,N,N,N,0,0,N,N
P.R.,N,0,0,N,N,N,0,0,N,N
V.I.,-,0,0,-,-,-,0,0,-,-
