Reporting Area,"Vibriosis (any species of the family  Vibrionaceae  , other than toxigenic  Vibrio  cholerae O1 or O139)","Vibriosis (any species of the family  Vibrionaceae  , other than toxigenic  Vibrio  cholerae O1 or O139)","Vibriosis (any species of the family  Vibrionaceae  , other than toxigenic  Vibrio  cholerae O1 or O139)","Vibriosis (any species of the family  Vibrionaceae  , other than toxigenic  Vibrio  cholerae O1 or O139)","Vibriosis (any species of the family  Vibrionaceae  , other than toxigenic  Vibrio  cholerae O1 or O139)","Vibriosis (any species of the family  Vibrionaceae  , other than toxigenic  Vibrio  cholerae O1 or O139)","Vibriosis (any species of the family  Vibrionaceae  , other than toxigenic  Vibrio  cholerae O1 or O139)","Vibriosis (any species of the family  Vibrionaceae  , other than toxigenic  Vibrio  cholerae O1 or O139)"
Reporting Area,Confirmed,Confirmed,Confirmed,Confirmed,Probable,Probable,Probable,Probable
Reporting Area,Current week,Previous 52 weeks Max †,Cum YTD 2020 †,Cum YTD 2019 †,Current week,Previous 52 weeks Max †,Cum YTD 2020 †,Cum YTD 2019 †
"U.S. Residents, excluding U.S. Territories",4,107,183,623,1,38,179,614
New England,2,15,15,45,-,5,15,17
Connecticut,-,5,5,17,-,2,5,9
Maine,2,1,3,2,-,2,2,-
Massachusetts,-,9,6,24,-,1,5,7
New Hampshire,-,1,-,-,-,1,-,1
Rhode Island,-,2,1,2,-,2,3,-
Vermont,-,1,-,-,-,0,-,-
Middle Atlantic,1,19,14,43,-,8,30,104
New Jersey,-,9,1,15,-,4,2,34
New York (excluding New York City),1,6,9,8,-,2,14,22
New York City,-,5,-,13,-,4,5,36
Pennsylvania,-,5,4,7,-,3,9,12
East North Central,-,8,13,54,-,7,18,77
Illinois,-,5,2,22,-,5,5,33
Indiana,-,0,-,-,-,0,-,-
Michigan,-,2,2,11,-,2,-,11
Ohio,-,3,8,13,-,3,11,19
Wisconsin,-,1,1,8,-,2,2,14
West North Central,-,6,3,26,1,4,6,46
Iowa,N,NC,N,N,N,NC,N,N
Kansas,-,0,-,2,1,0,1,5
Minnesota,-,3,-,15,-,4,-,24
Missouri,-,3,3,5,-,1,-,6
Nebraska,-,1,-,4,-,2,5,10
North Dakota,-,0,-,-,-,0,-,1
South Dakota,-,1,-,-,-,1,-,-
South Atlantic,1,28,79,176,-,10,42,106
Delaware,-,1,-,3,-,2,1,4
District of Columbia,-,1,-,3,-,1,1,3
Florida,-,12,54,91,-,4,12,44
Georgia,-,6,2,18,-,0,-,-
Maryland,1,5,6,11,-,4,15,14
North Carolina,-,4,4,21,-,3,2,19
South Carolina,-,4,7,11,-,1,7,8
Virginia,-,6,5,16,-,3,1,10
West Virginia,-,1,1,2,-,2,3,4
East South Central,-,4,6,25,-,3,9,39
Alabama,-,3,1,8,-,1,4,9
Kentucky,-,2,1,7,-,2,3,12
Mississippi,-,1,1,2,-,1,-,4
Tennessee,-,2,3,8,-,1,2,14
West South Central,-,11,10,69,-,7,23,111
Arkansas,-,1,1,1,-,1,1,1
Louisiana,-,5,6,26,-,2,10,25
Oklahoma,-,1,-,1,-,0,-,-
Texas,-,11,3,41,-,6,12,85
Mountain,-,8,7,32,-,4,16,42
Arizona,-,3,5,8,-,3,2,13
Colorado,-,4,2,19,-,2,8,22
Idaho,N,NC,N,N,N,NC,N,N
Montana,-,1,-,-,-,1,1,-
Nevada,-,1,-,-,-,1,2,1
New Mexico,-,0,-,1,-,1,1,1
Utah,-,2,-,3,-,1,2,4
Wyoming,-,1,-,1,-,0,-,1
Pacific,-,25,36,153,-,13,20,72
Alaska,-,1,-,2,-,0,-,-
California,-,12,20,65,-,11,8,43
Hawaii,-,3,9,18,-,1,2,-
Oregon,-,5,2,14,-,1,3,4
Washington,-,10,5,54,-,3,7,25
U.S. Territories,-,0,-,-,-,0,-,-
American Samoa,N,NC,N,N,N,NC,N,N
Commonwealth of Northern Mariana Islands,-,0,-,-,-,0,-,-
Guam,-,0,-,-,-,0,-,-
Puerto Rico,-,0,-,-,-,0,-,-
U.S. Virgin Islands,-,0,-,-,-,0,-,-
Non-U.S. Residents,-,0,-,-,-,1,-,-
Total,4,107,183,623,1,38,179,614
