Reporting Area,Cholera,Cholera,Cholera,Cholera,Coccidioidomycosis,Coccidioidomycosis,Coccidioidomycosis,Coccidioidomycosis
Reporting Area,Current week,Previous 52 weeks Max †,Cum YTD 2020 †,Cum YTD 2019 †,Current week,Previous 52 weeks Max †,Cum YTD 2020 †,Cum YTD 2019 †
"U.S. Residents, excluding U.S. Territories",-,1,-,-,291,478,768,909
New England,-,0,-,-,-,1,-,-
Connecticut,-,0,-,-,N,NC,N,N
Maine,-,0,-,-,N,NC,N,N
Massachusetts,-,0,-,-,N,NC,N,N
New Hampshire,-,0,-,-,-,1,-,-
Rhode Island,-,0,-,-,-,1,-,-
Vermont,-,0,-,-,N,NC,N,N
Middle Atlantic,-,1,-,-,-,0,-,-
New Jersey,-,1,-,-,N,NC,N,N
New York (excluding New York City),-,0,-,-,-,0,-,-
New York City,-,0,-,-,N,NC,N,N
Pennsylvania,-,0,-,-,N,NC,N,N
East North Central,-,1,-,-,-,5,2,2
Illinois,-,1,-,-,N,NC,N,N
Indiana,-,0,-,-,-,0,-,-
Michigan,-,1,-,-,-,3,-,2
Ohio,-,0,-,-,-,3,2,-
Wisconsin,-,0,-,-,-,2,-,-
West North Central,-,0,-,-,-,7,1,2
Iowa,-,0,-,-,N,NC,N,N
Kansas,-,0,-,-,-,0,-,-
Minnesota,-,0,-,-,-,5,-,-
Missouri,-,0,-,-,-,2,1,2
Nebraska,-,0,-,-,-,1,-,-
North Dakota,-,0,-,-,-,1,-,-
South Dakota,-,0,-,-,-,1,-,-
South Atlantic,-,1,-,-,-,1,-,1
Delaware,-,0,-,-,-,0,-,-
District of Columbia,-,0,-,-,N,NC,N,N
Florida,-,0,-,-,N,NC,N,N
Georgia,-,0,-,-,N,NC,N,N
Maryland,-,1,-,-,-,1,-,1
North Carolina,-,0,-,-,N,NC,N,N
South Carolina,-,0,-,-,N,NC,N,N
Virginia,-,0,-,-,N,NC,N,N
West Virginia,-,0,-,-,N,NC,N,N
East South Central,-,0,-,-,-,1,-,-
Alabama,-,0,-,-,N,NC,N,N
Kentucky,-,0,-,-,-,1,-,-
Mississippi,-,0,-,-,N,NC,N,N
Tennessee,-,0,-,-,N,NC,N,N
West South Central,-,0,-,-,-,3,1,-
Arkansas,-,0,-,-,-,1,-,-
Louisiana,-,0,-,-,-,3,1,-
Oklahoma,-,0,-,-,N,NC,N,N
Texas,-,0,-,-,N,NC,N,N
Mountain,-,1,-,-,280,381,728,463
Arizona,-,0,-,-,280,380,726,443
Colorado,-,0,-,-,N,NC,N,N
Idaho,-,0,-,-,N,NC,N,N
Montana,-,0,-,-,-,2,-,-
Nevada,-,1,-,-,-,7,2,7
New Mexico,-,0,-,-,-,9,-,7
Utah,-,0,-,-,-,4,-,6
Wyoming,-,0,-,-,-,1,-,-
Pacific,-,0,-,-,11,251,36,441
Alaska,-,0,-,-,N,NC,N,N
California,-,0,-,-,11,251,36,440
Hawaii,-,0,-,-,N,NC,N,N
Oregon,-,0,-,-,-,1,-,1
Washington,-,0,-,-,N,NC,N,N
U.S. Territories,-,0,-,-,-,0,-,-
American Samoa,-,0,-,-,N,NC,N,N
Commonwealth of Northern Mariana Islands,-,0,-,-,-,0,-,-
Guam,-,0,-,-,-,0,-,-
Puerto Rico,-,0,-,-,N,NC,N,N
U.S. Virgin Islands,-,0,-,-,-,0,-,-
Non-U.S. Residents,-,0,-,-,-,2,-,-
Total,-,1,-,-,291,478,768,909
