Reporting Area,Ehrlichiosis and Anaplasmosis,Ehrlichiosis and Anaplasmosis,Ehrlichiosis and Anaplasmosis,Ehrlichiosis and Anaplasmosis,Ehrlichiosis and Anaplasmosis,Ehrlichiosis and Anaplasmosis,Ehrlichiosis and Anaplasmosis,Ehrlichiosis and Anaplasmosis
Reporting Area,Anaplasma phagocytophilum  infection,Anaplasma phagocytophilum  infection,Anaplasma phagocytophilum  infection,Anaplasma phagocytophilum  infection,Ehrlichia chaffeensis  infection,Ehrlichia chaffeensis  infection,Ehrlichia chaffeensis  infection,Ehrlichia chaffeensis  infection
Reporting Area,Current  week,Previous 52  weeks Max †,Cum YTD  2019 †,Cum YTD  2018 †,Current  week,Previous 52  weeks Max †,Cum YTD  2019 †,Cum YTD  2018 †
"U.S. Residents, excluding U.S. Territories",29,380,3767,3308,16,129,1351,1470
New England,7,209,1996,1554,-,8,78,128
Connecticut,-,32,233,91,-,1,1,-
Maine,6,72,550,372,-,1,7,17
Massachusetts,-,65,548,574,-,5,20,17
New Hampshire,-,25,186,186,-,1,4,19
Rhode Island,-,14,67,129,-,4,18,63
Vermont,1,43,412,202,-,5,28,12
Middle Atlantic,21,145,1455,815,6,38,188,145
New Jersey,-,14,109,97,-,13,103,79
New York (excluding New York City),21,133,1280,582,6,38,76,45
New York City,-,10,64,51,-,2,8,14
Pennsylvania,-,5,2,85,-,1,1,7
East North Central,-,25,206,373,1,11,107,116
Illinois,-,1,7,14,-,9,44,38
Indiana,-,0,-,-,-,0,-,-
Michigan,-,3,6,11,-,2,4,5
Ohio,-,1,5,1,1,4,19,13
Wisconsin,-,24,188,347,-,4,40,60
West North Central,-,8,30,490,2,43,356,393
Iowa,-,3,12,6,-,3,14,11
Kansas,-,1,-,5,-,5,31,54
Minnesota,-,7,-,461,-,0,-,11
Missouri,-,2,9,14,2,36,303,309
Nebraska,-,1,1,-,-,1,7,3
North Dakota,-,3,8,3,-,1,1,2
South Dakota,-,0,-,1,-,0,-,3
South Atlantic,1,5,50,42,1,27,269,327
Delaware,1,1,6,12,1,6,41,21
District of Columbia,-,0,-,-,-,0,-,3
Florida,-,2,14,16,-,4,29,29
Georgia,-,0,-,-,-,0,-,-
Maryland,-,3,14,6,-,9,51,68
North Carolina,-,2,5,4,-,8,78,87
South Carolina,-,0,-,-,-,0,-,-
Virginia,-,2,10,4,-,13,68,115
West Virginia,-,1,1,-,-,1,2,4
East South Central,-,2,13,13,3,17,155,200
Alabama,-,1,7,4,-,4,24,13
Kentucky,-,0,-,1,1,4,15,68
Mississippi,-,0,-,4,-,2,7,10
Tennessee,-,1,6,4,2,15,109,109
West South Central,-,2,5,13,3,82,196,159
Arkansas,-,2,5,7,3,18,188,142
Louisiana,-,0,-,-,-,1,1,1
Oklahoma,-,2,-,2,-,81,6,8
Texas,-,1,-,4,-,1,1,8
Mountain,-,1,4,3,-,1,1,2
Arizona,-,1,4,-,-,0,-,1
Colorado,N,NC,N,N,N,NC,N,N
Idaho,N,NC,N,N,N,NC,N,N
Montana,-,0,-,1,-,0,-,-
Nevada,-,0,-,1,-,0,-,1
New Mexico,N,NC,N,N,N,NC,N,N
Utah,-,0,-,1,-,0,-,-
Wyoming,-,0,-,-,-,1,1,-
Pacific,-,1,8,5,-,1,1,-
Alaska,N,NC,N,N,N,NC,N,N
California,-,1,5,5,-,0,-,-
Hawaii,N,NC,N,N,N,NC,N,N
Oregon,-,1,2,-,-,0,-,-
Washington,-,1,1,-,-,1,1,-
U.S. Territories,-,0,-,-,-,0,-,-
American Samoa,N,NC,N,N,N,NC,N,N
Commonwealth of Northern Mariana Islands,-,0,-,-,-,0,-,-
Guam,N,NC,N,N,N,NC,N,N
Puerto Rico,N,NC,N,N,N,NC,N,N
U.S. Virgin Islands,-,0,-,-,-,0,-,-
Non-U.S. Residents,-,NC,-,NP,-,NC,-,NP
Total,29,380,3767,3308,16,129,1351,1470
