0,1,2,3,4,5,6,7,8,9,10,11,12,13,14,15
Reporting  Area,Spotted Fever Rickettsiosis (including RMSF)  †,Spotted Fever Rickettsiosis (including RMSF)  †,Spotted Fever Rickettsiosis (including RMSF)  †,Spotted Fever Rickettsiosis (including RMSF)  †,Spotted Fever Rickettsiosis (including RMSF)  †,Spotted Fever Rickettsiosis (including RMSF)  †,Spotted Fever Rickettsiosis (including RMSF)  †,Spotted Fever Rickettsiosis (including RMSF)  †,Spotted Fever Rickettsiosis (including RMSF)  †,Spotted Fever Rickettsiosis (including RMSF)  †,,,,,
Reporting  Area,Confirmed,Confirmed,Confirmed,Confirmed,Confirmed,Probable,Probable,Probable,Probable,Probable,"Syphilis, primary & secondary","Syphilis, primary & secondary","Syphilis, primary & secondary","Syphilis, primary & secondary","Syphilis, primary & secondary"
Reporting  Area,Current  week,Previous 52 weeks,Previous 52 weeks,Cum  2014,Cum  2013,Current  week,Previous 52 weeks,Previous 52 weeks,Cum  2014,Cum  2013,Current  week,Previous 52 weeks,Previous 52 weeks,Cum  2014,Cum  2013
Reporting  Area,Current  week,Med,Max,Cum  2014,Cum  2013,Current  week,Med,Max,Cum  2014,Cum  2013,Current  week,Med,Max,Cum  2014,Cum  2013
UNITED STATES,1,2,10,1,4,2,35,172,12,22,86,319,459,389,794
NEW ENGLAND,-,0,1,-,-,-,0,2,-,-,-,9,19,7,27
Conn.,-,0,0,-,-,-,0,0,-,-,-,1,6,1,7
Maine,-,0,0,-,-,-,0,1,-,-,-,0,1,-,-
Mass.,-,0,0,-,-,-,0,1,-,-,-,7,18,6,18
N.H.,-,0,1,-,-,-,0,1,-,-,-,0,3,-,2
R.I.,-,0,0,-,-,-,0,2,-,-,-,0,4,-,-
Vt.,-,0,0,-,-,-,0,0,-,-,-,0,2,-,-
MID. ATLANTIC,1,0,1,1,1,-,1,6,-,4,10,40,58,53,99
N.J.,-,0,1,-,-,-,0,4,-,2,-,4,9,-,13
N.Y. (Upstate),1,0,1,1,-,-,0,3,-,-,4,5,26,8,4
N.Y. City,-,0,1,-,-,-,0,1,-,-,2,21,35,28,57
Pa.,-,0,1,-,1,-,0,3,-,2,4,9,16,17,25
E.N. CENTRAL,-,0,2,-,-,1,2,14,2,5,-,36,56,13,93
Ill.,-,0,1,-,-,-,1,8,-,1,-,12,28,3,46
Ind.,-,0,1,-,-,-,1,4,-,3,-,4,10,1,6
Mich.,-,0,1,-,-,-,0,1,-,-,-,8,17,1,16
Ohio,-,0,1,-,-,1,0,2,2,1,-,8,14,7,19
Wis.,-,0,1,-,-,-,0,2,-,-,-,1,5,1,6
W.N. CENTRAL,-,0,1,-,-,-,3,26,-,-,-,12,25,9,32
Iowa,-,0,0,-,-,-,0,2,-,-,-,1,6,-,6
Kans.,-,0,0,-,-,-,0,0,-,-,-,1,4,-,2
Minn.,-,0,0,-,-,-,0,0,-,-,-,3,8,-,9
Mo.,-,0,1,-,-,-,3,25,-,-,-,5,10,6,11
Nebr.,-,0,1,-,-,-,0,2,-,-,-,0,3,-,2
N. Dak.,-,0,0,-,-,-,0,1,-,-,-,0,2,-,-
S. Dak.,-,0,1,-,-,-,0,1,-,-,-,0,3,3,2
S. ATLANTIC,-,2,5,-,3,-,5,55,4,4,34,75,149,132,147
Del.,-,0,0,-,-,-,0,2,2,-,2,0,9,3,2
D.C.,-,0,1,-,-,-,0,0,-,-,-,3,8,-,11
Fla.,-,0,2,-,-,-,0,4,2,-,4,27,43,44,71
Ga.,-,1,5,-,3,-,0,0,-,-,22,15,47,46,34
Md.,-,0,1,-,-,-,0,4,-,-,-,8,16,10,12
N.C.,-,0,2,-,-,-,1,47,-,-,-,7,31,13,3
S.C.,-,0,1,-,-,-,1,2,-,4,6,5,13,11,8
Va.,-,0,1,-,-,-,1,12,-,-,-,5,17,5,6
W. Va.,-,0,1,-,-,-,0,2,-,-,-,0,1,-,-
E.S. CENTRAL,-,0,3,-,-,1,11,49,6,8,6,11,18,25,25
Ala.,-,0,1,-,-,-,3,17,3,-,-,4,8,3,5
Ky.,-,0,1,-,-,-,1,6,2,2,5,2,8,7,1
Miss.,-,0,1,-,-,-,0,4,-,-,-,1,11,12,7
Tenn.,-,0,2,-,-,1,7,30,1,6,1,3,8,3,12
W.S. CENTRAL,-,0,4,-,-,-,6,104,-,-,2,40,64,36,129
Ark.,-,0,2,-,-,-,4,28,-,-,-,3,10,5,10
La.,-,0,0,-,-,-,0,1,-,-,2,7,18,3,20
Okla.,-,0,4,-,-,-,0,88,-,-,-,2,8,3,4
Tex.,-,0,1,-,-,-,1,4,-,-,-,29,40,25,95
MOUNTAIN,-,0,3,-,-,-,1,4,-,1,9,15,26,29,29
Ariz.,-,0,3,-,-,-,0,4,-,1,-,5,12,1,5
Colo.,-,0,0,-,-,-,0,0,-,-,-,3,9,1,11
Idaho,-,0,1,-,-,-,0,0,-,-,-,0,2,-,-
Mont.,-,0,0,-,-,-,0,1,-,-,-,0,1,-,-
Nev.,-,0,0,-,-,-,0,1,-,-,7,4,14,24,5
N. Mex.,-,0,0,-,-,-,0,1,-,-,1,1,4,2,3
Utah,-,0,0,-,-,-,0,1,-,-,1,1,5,1,5
Wyo.,-,0,0,-,-,-,0,1,-,-,-,0,1,-,-
PACIFIC,-,0,1,-,-,-,0,1,-,-,25,77,110,85,213
Alaska,N,0,0,N,N,N,0,0,N,N,-,0,3,-,1
Calif.,-,0,1,-,-,-,0,1,-,-,18,65,94,69,172
Hawaii,N,0,0,N,N,N,0,0,N,N,-,1,3,-,2
Oreg.,-,0,1,-,-,-,0,1,-,-,1,5,11,4,21
Wash.,-,0,0,-,-,-,0,0,-,-,6,5,14,12,17
Amer. Samoa,N,-,-,N,N,N,-,-,N,N,-,-,-,-,-
C.N.M.I.,-,-,-,-,-,-,-,-,-,-,-,-,-,-,-
Guam,N,0,0,N,N,N,0,0,N,N,-,0,0,-,-
P.R.,N,0,0,N,N,N,0,0,N,N,9,6,30,19,16
V.I.,N,0,0,N,N,N,0,0,N,N,-,0,1,-,-
