Reporting Area,"Hepatitis C, perinatal infection","Hepatitis C, perinatal infection","Hepatitis C, perinatal infection","Hepatitis C, perinatal infection",Influenza-associated pediatric mortality §,Influenza-associated pediatric mortality §,Influenza-associated pediatric mortality §,Influenza-associated pediatric mortality §
Reporting Area,Current week,Previous 52 weeks Max †,Cum YTD 2020 †,Cum YTD 2019 †,Current week,Previous 52 weeks Max †,Cum YTD 2020 †,Cum YTD 2019 †
"U.S. Residents, excluding U.S. Territories",-,10,25,53,5,18,115,61
New England,-,2,5,4,-,1,3,4
Connecticut,-,0,-,-,-,1,1,1
Maine,-,1,2,1,-,1,1,-
Massachusetts,-,2,3,3,-,1,1,2
New Hampshire,-,0,-,-,-,0,-,-
Rhode Island,-,0,-,-,-,0,-,-
Vermont,-,0,-,-,-,0,-,1
Middle Atlantic,-,4,-,3,-,5,11,9
New Jersey,-,2,-,2,-,1,1,4
New York (excluding New York City),-,0,-,-,-,2,6,2
New York City,-,1,-,-,-,2,3,1
Pennsylvania,-,2,-,1,-,1,1,2
East North Central,-,4,17,24,2,5,19,7
Illinois,-,2,1,3,1,2,8,2
Indiana,-,1,-,3,-,2,2,-
Michigan,-,1,2,6,-,2,4,-
Ohio,-,4,13,12,1,1,4,4
Wisconsin,-,1,1,-,-,1,1,1
West North Central,-,1,-,2,-,3,11,6
Iowa,-,0,-,-,-,1,1,1
Kansas,-,1,-,1,-,1,3,-
Minnesota,-,1,-,1,-,1,2,-
Missouri,-,0,-,-,-,1,2,1
Nebraska,-,0,-,-,-,1,2,3
North Dakota,-,0,-,-,-,0,-,-
South Dakota,-,1,-,-,-,1,1,1
South Atlantic,-,3,-,7,1,5,22,10
Delaware,-,0,-,-,-,0,-,-
District of Columbia,-,0,-,-,-,0,-,-
Florida,-,2,-,4,-,2,7,1
Georgia,-,1,-,-,-,2,2,2
Maryland,-,0,-,-,-,2,5,1
North Carolina,-,0,-,-,-,2,3,3
South Carolina,-,0,-,-,-,1,1,-
Virginia,-,1,-,3,1,1,3,3
West Virginia,-,0,-,-,-,1,1,-
East South Central,-,2,1,1,1,5,12,3
Alabama,-,0,-,-,-,1,-,1
Kentucky,-,0,-,-,-,1,3,1
Mississippi,-,0,-,-,-,0,-,-
Tennessee,-,2,1,1,1,4,9,1
West South Central,-,2,-,4,-,4,9,6
Arkansas,-,1,-,2,-,1,2,-
Louisiana,-,2,-,2,-,1,1,-
Oklahoma,-,0,-,-,-,1,1,1
Texas,-,0,-,-,-,4,5,5
Mountain,-,1,-,-,1,3,8,9
Arizona,-,0,-,-,1,1,2,-
Colorado,-,0,-,-,-,3,3,2
Idaho,-,0,-,-,-,1,1,-
Montana,-,0,-,-,-,0,-,-
Nevada,-,1,-,-,-,0,-,3
New Mexico,-,0,-,-,-,2,-,1
Utah,-,1,-,-,-,2,2,3
Wyoming,-,0,-,-,-,0,-,-
Pacific,-,3,2,8,-,4,20,7
Alaska,-,1,-,-,-,2,3,1
California,-,2,-,7,-,3,11,4
Hawaii,-,0,-,-,-,1,1,-
Oregon,-,0,-,-,-,1,1,1
Washington,-,2,2,1,-,1,4,1
U.S. Territories,-,0,-,-,-,0,-,-
American Samoa,-,0,-,-,-,0,-,-
Commonwealth of Northern Mariana Islands,-,0,-,-,-,0,-,-
Guam,-,0,-,-,-,0,-,-
Puerto Rico,-,0,-,-,-,0,-,-
U.S. Virgin Islands,-,0,-,-,-,0,-,-
Non-U.S. Residents,-,0,-,-,-,0,-,-
Total,-,10,25,53,5,18,115,61
