Reporting Area,Meningococcal disease,Meningococcal disease,Meningococcal disease,Meningococcal disease,Meningococcal disease,Meningococcal disease,Meningococcal disease,Meningococcal disease,Meningococcal disease,Meningococcal disease,Meningococcal disease,Meningococcal disease
Reporting Area,All serogroups,All serogroups,All serogroups,All serogroups,Serogroups ACWY,Serogroups ACWY,Serogroups ACWY,Serogroups ACWY,Serogroup B,Serogroup B,Serogroup B,Serogroup B
Reporting Area,Current week,Previous 52 weeks Max †,Cum YTD 2020 †,Cum YTD 2019 †,Current week,Previous 52 weeks Max †,Cum YTD 2020 †,Cum YTD 2019 †,Current week,Previous 52 weeks Max †,Cum YTD 2020 †,Cum YTD 2019 †
"U.S. Residents, excluding U.S. Territories",1,24,192,319,-,4,44,125,-,2,15,46
New England,-,2,14,26,-,2,9,15,-,1,3,3
Connecticut,-,1,2,2,-,0,-,1,-,1,2,1
Maine,-,1,2,5,-,1,1,2,-,0,-,1
Massachusetts,-,2,8,15,-,1,6,10,-,1,1,1
New Hampshire,-,0,-,1,-,0,-,1,-,0,-,-
Rhode Island,-,0,-,3,-,0,-,1,-,0,-,-
Vermont,-,1,2,-,-,1,2,-,-,0,-,-
Middle Atlantic,1,3,35,47,-,2,3,11,-,0,-,13
New Jersey,-,1,-,8,-,0,-,-,-,0,-,-
New York (excluding New York City),-,2,10,11,-,2,3,4,-,0,-,6
New York City,1,1,5,15,-,0,-,7,-,0,-,7
Pennsylvania,-,2,20,13,-,0,-,-,-,0,-,-
East North Central,-,2,22,44,-,1,7,21,-,2,4,16
Illinois,-,1,6,11,-,1,2,5,-,1,1,1
Indiana,-,1,4,10,-,0,-,5,-,0,-,4
Michigan,-,1,2,7,-,1,1,5,-,0,-,2
Ohio,-,1,9,12,-,1,4,5,-,1,2,6
Wisconsin,-,1,1,4,-,0,-,1,-,1,1,3
West North Central,-,4,11,25,-,1,1,2,-,1,-,1
Iowa,-,1,1,2,-,0,-,-,-,0,-,-
Kansas,-,1,1,5,-,0,-,-,-,0,-,-
Minnesota,-,1,1,4,-,0,-,-,-,0,-,-
Missouri,-,3,7,10,-,0,-,-,-,0,-,-
Nebraska,-,1,1,2,-,1,1,1,-,1,-,-
North Dakota,-,0,-,2,-,0,-,1,-,0,-,1
South Dakota,-,0,-,-,-,0,-,-,-,0,-,-
South Atlantic,-,6,39,61,-,2,11,31,-,1,2,3
Delaware,-,1,1,-,-,0,-,-,-,0,-,-
District of Columbia,-,0,-,3,-,0,-,-,-,0,-,-
Florida,-,4,14,19,-,0,-,7,-,0,-,2
Georgia,-,2,8,17,-,2,5,12,-,1,1,-
Maryland,-,2,5,3,-,1,1,2,-,0,-,-
North Carolina,-,1,6,9,-,1,4,6,-,1,1,1
South Carolina,-,0,-,2,-,0,-,-,-,0,-,-
Virginia,-,1,4,8,-,0,-,4,-,1,-,-
West Virginia,-,1,1,-,-,1,1,-,-,0,-,-
East South Central,-,2,13,20,-,1,4,9,-,2,3,1
Alabama,-,2,6,4,-,1,1,2,-,0,-,1
Kentucky,-,2,1,6,-,0,-,1,-,0,-,-
Mississippi,-,0,-,3,-,0,-,-,-,0,-,-
Tennessee,-,2,6,7,-,1,3,6,-,2,3,-
West South Central,-,5,22,32,-,2,7,14,-,1,-,4
Arkansas,-,2,4,5,-,0,-,1,-,0,-,1
Louisiana,-,1,3,2,-,1,2,1,-,0,-,-
Oklahoma,-,1,2,6,-,0,-,4,-,0,-,-
Texas,-,5,13,19,-,2,5,8,-,1,-,3
Mountain,-,2,9,20,-,1,2,10,-,1,2,4
Arizona,-,1,3,2,-,1,1,1,-,1,2,1
Colorado,-,2,4,5,-,1,-,4,-,0,-,1
Idaho,-,1,-,3,-,0,-,-,-,0,-,-
Montana,-,0,-,3,-,0,-,-,-,0,-,1
Nevada,-,1,1,3,-,0,-,3,-,0,-,-
New Mexico,-,0,-,1,-,0,-,-,-,0,-,-
Utah,-,1,1,3,-,1,1,2,-,0,-,1
Wyoming,-,0,-,-,-,0,-,-,-,0,-,-
Pacific,-,15,27,44,-,1,-,12,-,1,1,1
Alaska,-,1,1,2,-,0,-,2,-,1,1,-
California,-,3,19,30,-,0,-,-,-,0,-,-
Hawaii,-,0,-,1,-,0,-,-,-,0,-,-
Oregon,-,1,-,11,-,1,-,10,-,0,-,1
Washington,-,14,7,-,-,0,-,-,-,0,-,-
U.S. Territories,-,0,-,-,-,0,-,-,-,0,-,-
American Samoa,-,0,-,-,-,0,-,-,-,0,-,-
Commonwealth of Northern Mariana Islands,-,0,-,-,-,0,-,-,-,0,-,-
Guam,-,0,-,-,-,0,-,-,-,0,-,-
Puerto Rico,-,0,-,-,-,0,-,-,-,0,-,-
U.S. Virgin Islands,-,0,-,-,-,0,-,-,-,0,-,-
Non-U.S. Residents,-,0,-,-,-,0,-,-,-,0,-,-
Total,1,24,192,319,-,4,44,125,-,2,15,46
