Reporting Area,"Hepatitis C, perinatal infection","Hepatitis C, perinatal infection","Hepatitis C, perinatal infection","Hepatitis C, perinatal infection",Influenza-associated pediatric mortality §,Influenza-associated pediatric mortality §,Influenza-associated pediatric mortality §,Influenza-associated pediatric mortality §
Reporting Area,Current week,Previous 52 weeks Max †,Cum YTD 2020 †,Cum YTD 2019 †,Current week,Previous 52 weeks Max †,Cum YTD 2020 †,Cum YTD 2019 †
"U.S. Residents, excluding U.S. Territories",1,10,31,73,-,18,128,77
New England,-,2,5,6,-,1,3,6
Connecticut,-,0,-,-,-,1,1,1
Maine,-,1,2,1,-,1,1,1
Massachusetts,-,2,3,5,-,1,1,3
New Hampshire,-,0,-,-,-,0,-,-
Rhode Island,U,NC,U,U,-,0,-,-
Vermont,-,0,-,-,-,0,-,1
Middle Atlantic,-,4,-,7,-,5,14,11
New Jersey,-,2,-,2,-,1,1,4
New York (excluding New York City),-,0,-,-,-,2,8,3
New York City,-,1,-,-,-,2,4,2
Pennsylvania,-,2,-,5,-,1,1,2
East North Central,1,5,21,29,-,5,20,10
Illinois,-,2,1,4,-,2,8,4
Indiana,-,2,-,4,-,2,2,-
Michigan,-,2,4,7,-,2,4,-
Ohio,1,4,15,14,-,1,5,4
Wisconsin,-,1,1,-,-,1,1,2
West North Central,-,1,-,4,-,3,12,10
Iowa,-,0,-,-,-,1,1,1
Kansas,-,0,-,2,-,1,4,1
Minnesota,-,1,-,1,-,1,2,1
Missouri,-,0,-,-,-,1,2,3
Nebraska,-,0,-,-,-,1,2,3
North Dakota,-,0,-,-,-,0,-,-
South Dakota,-,1,-,1,-,1,1,1
South Atlantic,-,3,1,12,-,5,25,12
Delaware,-,0,-,-,-,0,-,-
District of Columbia,-,0,-,-,-,0,-,-
Florida,-,2,-,6,-,2,8,1
Georgia,-,1,-,-,-,2,2,2
Maryland,-,1,1,-,-,2,5,1
North Carolina,-,0,-,-,-,2,3,4
South Carolina,-,0,-,-,-,1,1,-
Virginia,-,1,-,6,-,1,5,4
West Virginia,-,0,-,-,-,1,1,-
East South Central,-,2,2,2,-,5,13,3
Alabama,-,0,-,-,-,1,-,1
Kentucky,-,0,-,-,-,1,4,1
Mississippi,-,0,-,-,-,0,-,-
Tennessee,-,2,2,2,-,4,9,1
West South Central,-,2,-,4,-,4,11,6
Arkansas,-,1,-,2,-,1,2,-
Louisiana,-,2,-,2,-,1,1,-
Oklahoma,-,0,-,-,-,1,2,1
Texas,-,0,-,-,-,4,6,5
Mountain,-,1,-,1,-,3,8,11
Arizona,-,0,-,-,-,1,2,-
Colorado,-,0,-,-,-,3,3,3
Idaho,-,0,-,-,-,1,1,-
Montana,-,0,-,-,-,0,-,-
Nevada,-,0,-,1,-,0,-,3
New Mexico,-,0,-,-,-,2,-,2
Utah,-,1,-,-,-,2,2,3
Wyoming,-,0,-,-,-,0,-,-
Pacific,-,2,2,8,-,4,22,8
Alaska,-,1,-,-,-,2,3,1
California,-,2,-,7,-,3,13,5
Hawaii,-,0,-,-,-,1,1,-
Oregon,-,0,-,-,-,1,1,1
Washington,-,2,2,1,-,1,4,1
U.S. Territories,-,0,-,-,-,0,-,-
American Samoa,-,0,-,-,-,0,-,-
Commonwealth of Northern Mariana Islands,-,0,-,-,-,0,-,-
Guam,-,0,-,-,-,0,-,-
Puerto Rico,-,0,-,-,-,0,-,-
U.S. Virgin Islands,-,0,-,-,-,0,-,-
Non-U.S. Residents,-,0,-,-,-,0,-,-
Total,1,10,31,73,-,18,128,77
