0,1,2,3,4,5,6,7,8,9
Disease,,,,Total cases reported for previous years,Total cases reported for previous years,Total cases reported for previous years,Total cases reported for previous years,Total cases reported for previous years,
Disease,Current  week,Cum  2011,5-year  weekly  average  †,2010,2009,2008,2007,2006,States reporting cases  during current week (Count)
Anthrax,-,-,-,-,1,-,1,1,
"Arboviral diseases §, ¶ :",,,,,,,,,
California serogroup virus disease,-,-,0,74,55,62,55,67,
Eastern equine encephalitis virus disease,-,-,-,10,4,4,4,8,
Powassan virus disease,-,-,-,8,6,2,7,1,
St. Louis encephalitis virus disease,-,-,0,10,12,13,9,10,
Western equine encephalitis virus disease,-,-,-,-,-,-,-,-,
Babesiosis,-,4,1,NN,NN,NN,NN,NN,
"Botulism, total",-,15,2,110,118,145,144,165,
foodborne,-,2,0,7,10,17,32,20,
infant,-,10,2,78,83,109,85,97,
other(wound & unspecified),-,3,0,25,25,19,27,48,
Brucellosis,1,8,2,129,115,80,131,121,CA (1 )
Chancroid,-,4,1,32,28,25,23,33,
Cholera,-,12,0,12,10,5,7,9,
Cyclosporiasis §,1,22,1,173,141,139,93,137,NY (1 )
Diphtheria,-,-,-,-,-,-,-,-,
"Haemophilus influenzae  **,  invasive disease (age <5 yrs):",,,,,,,,,
serotype b,-,1,1,23,35,30,22,29,
nonserotype b,-,14,5,187,236,244,199,175,
unknown serotype,6,58,3,228,178,163,180,179,"PA (2 ), OH (1 ), NE (1 ), NC (1 ), FL (1 )"
Hansen disease §,-,12,2,66,103,80,101,66,
Hantavirus pulmonary syndrome §,-,4,0,18,20,18,32,40,
"Hemolytic uremic syndrome, post-diarrheal §",2,9,2,234,242,330,292,288,NY (2 )
"Influenza-associated pediatric mortality §, ††",6,73,4,61,358,90,77,43,"CA (1 ), IL (1 ), ME (1 ), NY (1 ), TX (1 ), VT (1 )"
Listeriosis,2,74,11,775,851,759,808,884,CA (2 )
Measles §§,5,26,2,61,71,140,43,55,"NYC (2 ), TN (2 ), CA (1 )"
"Meningococcal disease, invasive ¶¶ :",,,,,,,,,
"A,C,Y, and W-135",1,33,10,260,301,330,325,318,TX (1 )
serogroup B,-,20,5,122,174,188,167,193,
other serogroup,-,1,1,10,23,38,35,32,
unknown serogroup,5,113,15,408,482,616,550,651,"OH (1 ), VA (2 ), OR (1 ), CA (1 )"
Novel influenza A infection virus ***,-,1,0,4,43774,2,4,NN,
Plague,-,-,0,2,8,3,7,17,
"Poliomyelitis, paralytic",-,-,-,-,1,-,-,-,
"Polio virus infection, nonparalytic §",-,-,-,-,-,-,-,NN,
Psittacosis §,-,1,0,4,9,8,12,21,
Q fever total §:,1,12,3,119,113,120,171,169,
acute,-,5,1,95,93,106,-,-,
chronic,1,7,0,24,20,14,-,-,VA (1 )
"Rabies, human",-,-,0,1,4,2,1,3,
Rubella †††,-,1,0,6,3,16,12,11,
"Rubella, congenital syndrome",-,-,-,-,2,-,-,1,
SARS CoV §,-,-,-,-,-,-,-,-,
Smallpox §,-,-,-,-,-,-,-,-,
Streptococcal toxic-shock syndrome §,-,25,5,172,161,157,132,125,
"Syphilis, congenital (age <1 yr) §§§",-,23,7,264,423,431,430,349,
Tetanus,-,-,0,11,18,19,28,41,
Toxic-shock syndrome (staphylococcal) §,1,15,2,77,74,71,92,101,MO (1 )
Trichinellosis,-,3,0,6,13,39,5,15,
Tularemia,-,2,0,113,93,123,137,95,
Typhoid fever,2,55,7,429,397,449,434,353,"GA (1 ), CA (1 )"
Vancomycin-intermediate  Staphylococcus aureus  §,2,13,1,100,78,63,37,6,"MO (1 ), VA (1 )"
Vancomycin-resistant  Staphylococcus aureus  §,-,-,0,1,1,-,2,1,
Vibriosis (non-cholera  Vibrio  species infections) §,2,33,3,798,789,588,549,NN,"MD (1 ), FL (1 )"
Viral Hemorrhagic Fever ¶¶¶,-,-,-,1,NN,NN,NN,NN,
Yellow fever,-,-,-,-,-,-,-,-,
