Reporting Area,Malaria,Malaria,Malaria,Malaria,Measles,Measles,Measles,Measles
Reporting Area,Current  week,Previous 52  weeks Max †,Cum YTD  2019 †,Cum YTD  2018 †,Current  week,Cum YTD  2019 †,Cum YTD  2018 †,Unnamed: 8_level_1
"U.S. Residents, excluding U.S. Territories",6,58,325,489,32,595,83,
New England,-,5,26,25,-,7,3,
Connecticut,-,1,-,3,-,3,3,
Maine,-,3,7,3,-,-,-,
Massachusetts,-,4,15,13,-,2,-,
New Hampshire,-,1,1,2,-,2,-,
Rhode Island,-,2,2,3,-,-,-,
Vermont,-,1,1,1,-,-,-,
Middle Atlantic,2,24,81,122,31,436,12,
New Jersey,-,6,12,27,-,13,2,
New York (excluding New York City),-,5,11,14,29,169,5,
New York City,2,11,40,45,-,246,3,
Pennsylvania,-,8,18,36,2,8,2,
East North Central,-,8,34,61,-,49,3,
Illinois,-,3,13,24,-,7,1,
Indiana,-,1,-,5,-,1,1,
Michigan,-,3,2,10,-,41,1,
Ohio,-,3,18,18,-,-,-,
Wisconsin,-,2,1,4,-,-,-,
West North Central,-,6,16,33,-,1,35,
Iowa,-,2,6,7,-,-,-,
Kansas,-,2,3,4,-,-,21,
Minnesota,-,5,-,15,-,-,-,
Missouri,-,3,3,3,-,1,14,
Nebraska,-,2,-,2,-,-,-,
North Dakota,-,1,3,2,-,-,-,
South Dakota,-,2,1,-,-,-,-,
South Atlantic,4,20,116,143,-,10,3,
Delaware,-,3,7,5,-,-,-,
District of Columbia,-,2,9,6,-,-,1,
Florida,-,3,9,17,-,2,2,
Georgia,-,6,10,20,-,4,-,
Maryland,2,9,43,62,-,4,-,
North Carolina,-,4,12,18,-,-,-,
South Carolina,-,0,-,-,-,-,-,
Virginia,2,5,26,12,-,-,-,
West Virginia,-,0,-,3,-,-,-,
East South Central,-,4,6,6,-,2,1,
Alabama,-,3,-,1,-,-,-,
Kentucky,-,2,-,3,-,2,-,
Mississippi,-,1,1,1,-,-,-,
Tennessee,-,2,5,1,-,-,1,
West South Central,-,8,2,37,1,13,9,
Arkansas,-,1,-,-,-,-,1,
Louisiana,-,1,1,6,-,-,-,
Oklahoma,-,1,-,-,1,1,2,
Texas,-,7,1,31,-,12,6,
Mountain,-,4,14,20,-,2,1,
Arizona,-,3,7,8,-,1,-,
Colorado,-,3,3,6,-,1,-,
Idaho,-,2,-,-,-,-,-,
Montana,-,2,-,-,-,-,-,
Nevada,-,2,1,1,-,-,1,
New Mexico,-,1,-,3,-,-,-,
Utah,-,1,3,2,-,-,-,
Wyoming,-,1,-,-,-,-,-,
Pacific,-,8,30,42,-,75,16,
Alaska,-,1,2,4,-,-,-,
California,-,5,19,25,-,45,14,
Hawaii,-,1,1,-,-,-,-,
Oregon,-,2,1,3,-,14,2,
Washington,-,3,7,10,-,16,-,
U.S. Territories,-,0,-,-,-,-,-,
American Samoa,-,0,-,-,-,-,-,
Commonwealth of Northern Mariana Islands,-,0,-,-,-,-,-,
Guam,-,0,-,-,-,-,-,
Puerto Rico,-,0,-,-,-,-,-,
U.S. Virgin Islands,-,0,-,-,-,-,-,
Non-U.S. Residents,-,NC,2,NP,-,-,NP,
Total,6,58,327,489,32,595,83,
