Reporting Area,"Hepatitis B, perinatal infection","Hepatitis B, perinatal infection","Hepatitis B, perinatal infection","Hepatitis B, perinatal infection","Hepatitis C, acute §","Hepatitis C, acute §","Hepatitis C, acute §","Hepatitis C, acute §","Hepatitis C, acute §","Hepatitis C, acute §","Hepatitis C, acute §","Hepatitis C, acute §"
Reporting Area,"Hepatitis B, perinatal infection","Hepatitis B, perinatal infection","Hepatitis B, perinatal infection","Hepatitis B, perinatal infection",Confirmed,Confirmed,Confirmed,Confirmed,Probable,Probable,Probable,Probable
Reporting Area,Current week,Previous 52 weeks Max †,Cum YTD 2021 †,Cum YTD 2020 †,Current week,Previous 52 weeks Max †,Cum YTD 2021 †,Cum YTD 2020 †,Current week,Previous 52 weeks Max †,Cum YTD 2021 †,Cum YTD 2020 †
"U.S. Residents, excluding U.S. Territories",-,2,-,1,6,81,81,520,6,28,70,138
New England,-,1,-,-,2,9,12,22,-,5,7,7
Connecticut,-,0,-,-,-,1,-,2,-,0,-,-
Maine,-,0,-,-,2,9,12,17,-,3,7,4
Massachusetts,-,1,-,-,-,0,-,2,-,0,-,-
New Hampshire,-,0,-,-,-,1,-,1,-,2,-,3
Rhode Island,U,NC,U,U,U,NC,U,U,U,NC,U,U
Vermont,-,0,-,-,-,1,-,-,-,0,-,-
Middle Atlantic,-,2,-,-,1,19,4,52,1,8,2,15
New Jersey,-,0,-,-,-,8,-,18,-,0,-,2
New York (excluding New York City),-,2,-,-,1,13,4,12,1,5,2,4
New York City,-,0,-,-,-,7,-,7,-,4,-,7
Pennsylvania,-,1,-,-,-,6,-,15,-,2,-,2
East North Central,-,0,-,1,-,16,8,121,-,5,5,22
Illinois,-,0,-,-,-,3,-,18,-,2,1,1
Indiana,-,0,-,-,-,7,-,26,-,2,-,4
Michigan,-,0,-,-,-,5,1,19,-,2,1,5
Ohio,-,0,-,1,-,10,6,49,-,3,3,12
Wisconsin,-,0,-,-,-,3,1,9,-,1,-,-
West North Central,-,0,-,-,-,7,-,17,-,2,-,3
Iowa,-,0,-,-,-,2,-,1,-,0,-,-
Kansas,-,0,-,-,-,1,-,2,-,1,-,1
Minnesota,-,0,-,-,-,3,-,9,-,0,-,1
Missouri,-,0,-,-,-,2,-,4,-,0,-,-
Nebraska,-,0,-,-,-,1,-,-,-,2,-,1
North Dakota,-,0,-,-,-,0,-,-,-,0,-,-
South Dakota,-,0,-,-,-,1,-,1,-,1,-,-
South Atlantic,-,1,-,-,-,29,-,192,-,13,1,62
Delaware,-,0,-,-,-,0,-,-,-,0,-,-
District of Columbia,U,NC,U,U,-,0,-,-,-,0,-,-
Florida,-,0,-,-,-,18,-,119,-,6,-,38
Georgia,-,1,-,-,-,6,-,21,-,4,-,8
Maryland,-,1,-,-,-,2,-,10,-,1,-,3
North Carolina,-,0,-,-,-,4,-,20,-,4,-,2
South Carolina,-,0,-,-,-,0,-,1,-,0,-,1
Virginia,-,0,-,-,-,3,-,4,-,3,1,1
West Virginia,-,0,-,-,-,9,-,17,-,5,-,9
East South Central,-,0,-,-,2,13,8,45,3,9,18,17
Alabama,-,0,-,-,-,1,-,2,-,1,-,-
Kentucky,-,0,-,-,2,10,8,12,2,6,8,9
Mississippi,-,0,-,-,-,3,-,11,1,3,10,2
Tennessee,-,0,-,-,-,7,-,20,-,5,-,6
West South Central,-,1,-,-,-,34,36,20,-,18,25,4
Arkansas,-,0,-,-,-,6,1,3,-,18,25,3
Louisiana,-,1,-,-,-,32,35,16,-,1,-,1
Oklahoma,-,0,-,-,-,5,-,-,-,2,-,-
Texas,-,1,-,-,-,3,-,1,-,2,-,-
Mountain,-,0,-,-,1,5,8,16,1,4,10,2
Arizona,-,0,-,-,-,0,-,-,-,0,-,-
Colorado,-,0,-,-,-,1,-,1,-,0,-,-
Idaho,-,0,-,-,-,1,-,1,-,1,-,-
Montana,-,0,-,-,-,3,-,-,-,0,-,1
Nevada,-,0,-,-,-,1,-,2,-,1,-,-
New Mexico,-,0,-,-,-,1,-,-,-,0,-,-
Utah,-,0,-,-,1,5,8,12,1,4,10,1
Wyoming,-,0,-,-,-,0,-,-,-,0,-,-
Pacific,-,1,-,-,-,6,5,35,1,3,2,6
Alaska,-,0,-,-,-,1,-,-,-,0,-,-
California,-,1,-,-,-,3,1,21,1,1,2,5
Hawaii,-,0,-,-,-,0,-,-,-,0,-,-
Oregon,-,0,-,-,-,4,2,7,-,1,-,-
Washington,-,0,-,-,-,3,2,7,-,1,-,1
U.S. Territories,-,0,-,-,-,0,-,-,-,0,-,-
American Samoa,-,0,-,-,-,0,-,-,-,0,-,-
Commonwealth of Northern Mariana Islands,-,0,-,-,-,0,-,-,-,0,-,-
Guam,-,0,-,-,-,0,-,-,-,0,-,-
Puerto Rico,-,0,-,-,-,0,-,-,-,0,-,-
U.S. Virgin Islands,-,0,-,-,-,0,-,-,-,0,-,-
Non-U.S. Residents,-,0,-,-,-,0,-,-,-,0,-,-
Total,-,2,-,1,6,81,81,520,6,28,70,138
