Reporting Area,Severe acute respiratory syndrome-associated coronavirus disease,Severe acute respiratory syndrome-associated coronavirus disease,Severe acute respiratory syndrome-associated coronavirus disease,Severe acute respiratory syndrome-associated coronavirus disease,Shiga toxin-producing  Escherichia coli  (STEC),Shiga toxin-producing  Escherichia coli  (STEC),Shiga toxin-producing  Escherichia coli  (STEC),Shiga toxin-producing  Escherichia coli  (STEC),Shigellosis,Shigellosis,Shigellosis,Shigellosis
Reporting Area,Current week,Previous 52 weeks Max †,Cum YTD 2020 †,Cum YTD 2019 †,Current week,Previous 52 weeks Max †,Cum YTD 2020 †,Cum YTD 2019 †,Current week,Previous 52 weeks Max †,Cum YTD 2020 †,Cum YTD 2019 †
"U.S. Residents, excluding U.S. Territories",-,2,-,-,70,489,3466,9143,47,590,4509,8833
New England,-,2,-,-,1,16,122,235,4,16,130,273
Connecticut,-,0,-,-,-,9,23,78,-,7,28,65
Maine,-,0,-,-,-,3,6,14,-,2,2,10
Massachusetts,-,2,-,-,-,6,48,70,4,11,77,133
New Hampshire,-,0,-,-,-,3,10,20,-,2,1,13
Rhode Island,-,0,-,-,-,4,10,29,-,4,15,48
Vermont,-,0,-,-,1,5,25,24,-,3,7,4
Middle Atlantic,-,0,-,-,30,64,467,933,13,76,569,1252
New Jersey,-,0,-,-,-,3,-,16,-,12,57,347
New York (excluding New York City),-,0,-,-,27,36,180,266,1,15,94,149
New York City,-,0,-,-,-,21,154,442,10,55,327,607
Pennsylvania,-,0,-,-,3,26,133,209,2,10,91,149
East North Central,-,0,-,-,15,84,495,1208,5,39,348,837
Illinois,-,0,-,-,-,23,124,318,-,15,132,262
Indiana,-,0,-,-,-,12,14,135,-,6,7,72
Michigan,-,0,-,-,-,12,24,164,-,12,47,122
Ohio,-,0,-,-,11,29,189,293,4,17,124,287
Wisconsin,-,0,-,-,4,31,144,298,1,7,38,94
West North Central,-,2,-,-,7,97,448,1391,4,25,117,354
Iowa,-,0,-,-,3,24,174,363,-,6,38,54
Kansas,-,0,-,-,-,9,77,144,-,5,9,26
Minnesota,-,0,-,-,-,29,-,398,-,13,-,166
Missouri,-,0,-,-,-,19,97,240,-,7,34,61
Nebraska,-,0,-,-,4,12,86,118,4,6,26,31
North Dakota,-,2,-,-,-,9,11,31,-,5,6,9
South Dakota,-,0,-,-,-,7,3,97,-,1,4,7
South Atlantic,-,0,-,-,4,71,556,1231,7,77,797,1666
Delaware,-,0,-,-,-,4,4,16,-,2,4,16
District of Columbia,-,0,-,-,-,2,3,7,-,4,13,42
Florida,-,0,-,-,-,29,207,472,-,42,297,867
Georgia,-,0,-,-,-,9,64,116,1,19,213,240
Maryland,-,0,-,-,-,10,54,131,3,8,64,118
North Carolina,-,0,-,-,-,20,69,208,-,16,92,184
South Carolina,-,0,-,-,1,7,40,65,-,15,39,59
Virginia,-,0,-,-,3,17,100,183,3,23,74,127
West Virginia,-,0,-,-,-,4,15,33,-,2,1,13
East South Central,-,0,-,-,-,29,164,604,-,44,320,399
Alabama,-,0,-,-,-,7,9,81,-,35,201,155
Kentucky,-,0,-,-,-,13,33,240,-,8,21,68
Mississippi,-,0,-,-,-,5,10,39,-,9,21,83
Tennessee,-,0,-,-,-,16,112,244,-,9,77,93
West South Central,-,0,-,-,5,94,218,866,2,360,950,1656
Arkansas,-,0,-,-,-,12,26,80,-,11,19,118
Louisiana,-,0,-,-,2,6,25,46,2,33,118,196
Oklahoma,-,0,-,-,3,43,59,79,-,11,102,50
Texas,-,0,-,-,-,87,108,661,-,343,711,1292
Mountain,-,0,-,-,3,52,371,770,6,39,331,474
Arizona,-,0,-,-,1,13,99,147,1,17,143,191
Colorado,-,0,-,-,2,19,134,281,5,13,110,150
Idaho,-,0,-,-,-,11,6,107,-,7,2,17
Montana,-,0,-,-,-,4,34,39,-,2,8,6
Nevada,-,0,-,-,-,3,11,27,-,6,12,41
New Mexico,-,0,-,-,-,4,11,59,-,13,35,38
Utah,-,0,-,-,-,15,74,84,-,4,21,31
Wyoming,-,0,-,-,-,6,2,26,-,1,-,-
Pacific,-,1,-,-,5,118,625,1905,6,106,947,1922
Alaska,-,0,-,-,-,1,-,4,-,0,-,5
California,-,0,-,-,1,97,477,1481,3,98,784,1578
Hawaii,-,0,-,-,-,2,4,2,-,4,22,54
Oregon,-,1,-,-,4,16,103,163,-,6,60,109
Washington,-,0,-,-,-,16,41,255,3,13,81,176
U.S. Territories,-,0,-,-,-,0,-,-,-,0,-,-
American Samoa,-,0,-,-,-,0,-,-,-,0,-,-
Commonwealth of Northern Mariana Islands,-,0,-,-,-,0,-,-,-,0,-,-
Guam,-,0,-,-,-,0,-,-,-,0,-,-
Puerto Rico,-,0,-,-,-,0,-,-,-,0,-,-
U.S. Virgin Islands,-,0,-,-,-,0,-,-,-,0,-,-
Non-U.S. Residents,-,0,-,-,-,1,-,4,-,2,3,2
Total,-,2,-,-,70,489,3466,9147,47,590,4512,8835
