0,1,2,3,4,5,6,7,8,9
Disease,,,,Total cases reported for previous years,Total cases reported for previous years,Total cases reported for previous years,Total cases reported for previous years,Total cases reported for previous years,
Disease,Current  week,Cum  2015,5-year  weekly  average  §,2014,2013,2012,2011,2010,States reporting cases  during current week (Count)
Anthrax,-,-,-,-,-,-,1,-,
"Arboviral diseases **,††:",,,,,,,,,
California serogroup virus disease,-,55,0,96,95,81,137,75,
Chikungunya virus disease ¶,NN,NN,-,NN,NN,NN,NN,NN,
Eastern equine encephalitis virus disease,-,2,-,8,8,15,4,10,
Powassan virus disease,-,4,0,8,12,7,16,8,
St. Louis encephalitis virus disease,-,19,0,10,1,3,6,10,
Western equine encephalitis virus disease,-,-,-,-,-,-,-,-,
"Botulism, total",1,163,3,161,152,168,153,112,
foodborne,-,40,0,15,4,27,24,7,
infant,1,106,2,127,136,123,97,80,WA (1 )
other(wound & unspecified),-,17,0,19,12,18,32,25,
Brucellosis,-,103,1,92,99,114,79,115,
Chancroid,-,15,0,6,-,15,8,24,
Cholera,-,1,0,5,14,17,40,13,
Cyclosporiasis ††,11,595,1,388,784,123,151,179,"NYC (10 ), VA (1 )"
Diphtheria,-,-,-,1,-,1,-,-,
"Haemophilus influenzae  ,  invasive disease (age <5 yrs) §§:",,,,,,,,,
serotype b,-,19,1,40,31,30,14,23,
nonserotype b,-,200,4,228,222,205,145,200,
unknown serotype,3,197,4,204,185,210,226,223,"FL (2 ), AR (1 )"
Hansen disease ††,-,55,1,88,81,82,82,98,
Hantavirus Infections ††:,,,,,,,,,
Hantavirus infection (non-HPS) ¶,NN,NN,-,NN,NN,NN,NN,NN,
Hantavirus pulmonary syndrome (HPS),-,12,0,32,21,30,23,20,
"Hemolytic uremic syndrome, post-diarrheal ††",2,206,5,250,329,274,290,266,"ID (1 ), NV (1 )"
"Hepatitis B, virus infection perinatal",-,24,1,47,48,40,NP,NP,
"Influenza-associated pediatric mortality ††,¶¶",-,125,1,141,160,52,118,61,
Leptospirosis ††,-,25,0,38,NN,NN,NN,NN,
Listeriosis,5,601,13,769,735,727,870,821,"NY (1 ), VA (3 ), ID (1 )"
Measles ***,-,188,1,667,187,55,220,63,
"Meningococcal disease, invasive †††:",,,,,,,,,
serogroup ACWY,1,69,3,123,142,161,257,280,MA (1 )
serogroup B,-,74,2,89,99,110,159,135,
other serogroup,-,18,0,25,17,20,20,12,
unknown serogroup,1,154,6,196,298,260,323,406,TX (1 )
Novel influenza A infection virus §§§,-,5,1,3,21,313,14,4,
Plague,-,9,0,10,4,4,3,2,
"Poliomyelitis, paralytic",-,-,-,-,1,-,-,-,
"Polio virus infection, nonparalytic ††",-,-,-,-,-,-,-,-,
Psittacosis ††,-,7,0,8,6,2,2,4,
Q fever total ††:,-,120,2,168,170,135,134,131,
acute,-,102,1,132,137,113,110,106,
chronic,-,18,0,36,33,22,24,25,
"Rabies, human",-,1,-,1,2,1,6,2,
SARS CoV ††,-,-,-,-,-,-,-,-,
Smallpox ††,-,-,-,-,-,-,-,-,
Streptococcal toxic-shock syndrome ††,1,219,4,259,224,194,168,142,VA (1 )
"Syphilis, congenital (age <1 yr) ††,¶¶¶",-,289,7,458,348,322,360,377,
Toxic-shock syndrome (staphylococcal) ††,-,96,1,59,71,65,78,82,
Trichinellosis ††,-,6,0,14,22,18,15,7,
Tularemia,-,235,2,180,203,149,166,124,
Typhoid fever,1,289,5,349,338,354,390,467,NYC (1 )
Vancomycin-intermediate  Staphylococcus aureus  ††,1,139,3,212,248,134,82,91,NYC (1 )
Vancomycin-resistant  Staphylococcus aureus  ††,-,1,-,-,-,2,-,2,
"Viral hemorrhagic Fevers ††,****:",,,,,,,,,
Crimean-Congo hemorrhagic fever,-,-,-,NP,NP,NP,NP,NP,
Ebola hemorrhagic fever,-,-,-,4,NP,NP,NP,NP,
Guanarito hemorrhagic fever,-,-,-,NP,NP,NP,NP,NP,
Junin hemorrhagic fever,-,-,-,NP,NP,NP,NP,NP,
Lassa fever,-,-,-,1,NP,NP,NP,NP,
Lujo virus,-,-,-,NP,NP,NP,NP,NP,
Machupo hemorrhagic fever,-,-,-,NP,NP,NP,NP,NP,
Marburg fever,-,-,-,NP,NP,NP,NP,NP,
Sabia-associated hemorrhagic fever,-,-,-,NP,NP,NP,NP,NP,
Yellow fever,-,-,-,-,-,-,-,-,
