0,1,2,3,4,5,6,7,8,9
Disease,,,,Total cases reported for previous years,Total cases reported for previous years,Total cases reported for previous years,Total cases reported for previous years,Total cases reported for previous years,
Disease,Current  week,Cum  2014,5-year  weekly  average  †,2013,2012,2011,2010,2009,States reporting cases  during current week (Count)
Anthrax,-,-,0,-,-,1,-,1,
"Arboviral diseases §, ¶ :",,,,,,,,,
California serogroup virus disease,-,34,3,95,81,137,75,55,
Eastern equine encephalitis virus disease,-,4,0,8,15,4,10,4,
Powassan virus disease,-,5,0,12,7,16,8,6,
St. Louis encephalitis virus disease,-,3,0,1,3,6,10,12,
Western equine encephalitis virus disease,-,-,-,-,-,-,-,-,
"Botulism, total",-,103,3,152,168,153,112,118,
foodborne,-,13,0,4,27,24,7,10,
infant,-,75,2,136,123,97,80,83,
other(wound & unspecified),-,15,0,12,18,32,25,25,
Brucellosis,2,55,2,99,114,79,115,115,"NYC (1 ), AZ (1 )"
Chancroid,-,15,0,10,15,8,24,28,
Cholera,-,-,0,14,17,40,13,10,
Cyclosporiasis §,2,338,3,784,123,151,179,141,"NYC (1 ), FL (1 )"
Diphtheria,-,1,-,-,1,-,-,-,
"Haemophilus influenzae  **,  invasive disease (age <5 yrs):",,,,,,,,,
serotype b,-,17,1,31,30,14,23,35,
nonserotype b,-,123,2,222,205,145,200,236,
unknown serotype,1,174,3,185,210,226,223,178,GA (1 )
Hansen disease §,-,42,2,81,82,82,98,103,
Hantavirus pulmonary syndrome §,-,18,0,21,30,23,20,20,
"Hemolytic uremic syndrome, post-diarrheal §",1,141,8,329,274,290,266,242,OK (1 )
"Hepatitis B, virus infection perinatal",-,26,1,48,40,U,U,U,
"Influenza-associated pediatric mortality §, ††",-,102,2,161,52,118,61,358,
Leptospirosis,-,9,0,NN,NN,NN,NN,NN,
Listeriosis,4,442,23,735,727,870,821,851,"PA (2 ), FL (1 ), WA (1 )"
Measles §§,-,598,1,187,55,220,63,71,
"Meningococcal disease, invasive ¶¶ :",,,,,,,,,
"A,C,Y, and W-135",-,77,3,142,161,257,280,301,
serogroup B,-,40,2,99,110,159,135,174,
other serogroup,-,19,0,17,20,20,12,23,
unknown serogroup,4,168,5,298,260,323,406,482,"FL (2 ), OK (1 ), OR (1 )"
Novel influenza A infection virus ***,-,2,292,21,313,14,4,43774,
Plague,-,4,0,4,4,3,2,8,
"Poliomyelitis, paralytic",-,-,-,1,-,-,-,1,
"Polio virus infection, nonparalytic §",-,-,-,-,-,-,-,-,
Psittacosis §,1,1,0,6,2,2,4,9,WA (1 )
Q fever total §:,-,98,3,170,135,134,131,113,
acute,-,77,2,137,113,110,106,93,
chronic,-,21,0,33,22,24,25,20,
"Rabies, human",-,-,0,2,1,6,2,4,
Rubella †††,-,7,0,9,9,4,5,3,
"Rubella, congenital syndrome",-,-,0,1,3,-,-,2,
SARS CoV §,-,-,-,-,-,-,-,-,
Smallpox §,-,-,-,-,-,-,-,-,
Streptococcal toxic-shock syndrome §,1,144,2,224,194,168,142,161,VT (1 )
"Syphilis, congenital (age <1 yr) §§§",-,189,7,348,322,360,377,423,
Tetanus,-,19,1,26,37,36,26,18,
Toxic-shock syndrome (staphylococcal) §,-,35,1,71,65,78,82,74,
Trichinellosis,-,11,0,22,18,15,7,13,
Tularemia,1,111,3,203,149,166,124,93,TN (1 )
Typhoid fever,1,225,8,338,354,390,467,397,VA (1 )
Vancomycin-intermediate  Staphylococcus aureus  §,5,130,3,248,134,82,91,78,"NY (1 ), NYC (2 ), MI (1 ), FL (1 )"
Vancomycin-resistant  Staphylococcus aureus  §,-,-,-,-,2,-,2,1,
Vibriosis (non-cholera  Vibrio  species infections) §,25,770,29,1299,1111,832,846,789,"NY (2 ), PA (2 ), MD (1 ), VA (1 ), FL (3 ), TN (1 ), TX (2 ), WA (13 )"
Viral Hemorrhagic Fever ¶¶¶,-,-,-,-,-,-,1,NN,
Yellow fever,-,-,-,-,-,-,-,-,
