Reporting Area,Rabies,Rabies,Rabies,Rabies,Rabies,Rabies,Rabies,Rabies
Reporting Area,Animal,Animal,Animal,Animal,Human,Human,Human,Human
Reporting Area,Current week,Previous 52 weeks Max †,Cum YTD 2020 †,Cum YTD 2019 †,Current week,Previous 52 weeks Max †,Cum YTD 2020 †,Cum YTD 2019 †
"U.S. Residents, excluding U.S. Territories",32,76,520,961,-,0,-,-
New England,-,9,31,46,-,0,-,-
Connecticut,-,0,-,8,-,0,-,-
Maine,-,6,27,26,-,0,-,-
Massachusetts,-,0,-,-,-,0,-,-
New Hampshire,-,3,4,7,-,0,-,-
Rhode Island,-,7,-,1,-,0,-,-
Vermont,-,2,-,4,-,0,-,-
Middle Atlantic,9,27,143,180,-,0,-,-
New Jersey,-,0,-,-,-,0,-,-
New York (excluding New York City),9,27,143,180,-,0,-,-
New York City,-,0,-,-,-,0,-,-
Pennsylvania,-,0,-,-,-,0,-,-
East North Central,-,13,8,16,-,0,-,-
Illinois,-,7,3,3,-,0,-,-
Indiana,-,0,-,-,-,0,-,-
Michigan,-,6,1,6,-,0,-,-
Ohio,-,4,4,7,-,0,-,-
Wisconsin,-,0,-,-,-,0,-,-
West North Central,-,7,2,28,-,0,-,-
Iowa,-,0,-,-,-,0,-,-
Kansas,-,3,-,20,-,0,-,-
Minnesota,-,0,-,-,-,0,-,-
Missouri,-,3,1,6,-,0,-,-
Nebraska,-,3,1,2,-,0,-,-
North Dakota,-,0,-,-,-,0,-,-
South Dakota,-,4,-,-,-,0,-,-
South Atlantic,5,31,118,352,-,0,-,-
Delaware,-,0,-,-,-,0,-,-
District of Columbia,-,0,-,-,-,0,-,-
Florida,-,21,22,120,-,0,-,-
Georgia,-,0,-,-,-,0,-,-
Maryland,-,6,-,105,-,0,-,-
North Carolina,5,15,92,103,-,0,-,-
South Carolina,N,NC,N,N,-,0,-,-
Virginia,-,0,-,-,-,0,-,-
West Virginia,-,4,4,24,-,0,-,-
East South Central,3,7,21,17,-,0,-,-
Alabama,3,4,17,14,-,0,-,-
Kentucky,-,5,3,2,-,0,-,-
Mississippi,-,1,1,1,-,0,-,-
Tennessee,-,0,-,-,-,0,-,-
West South Central,13,24,168,235,-,0,-,-
Arkansas,-,3,-,11,-,0,-,-
Louisiana,-,0,-,-,-,0,-,-
Oklahoma,-,6,2,8,-,0,-,-
Texas,13,23,166,216,-,0,-,-
Mountain,1,9,5,17,-,0,-,-
Arizona,N,NC,N,N,-,0,-,-
Colorado,-,0,-,-,-,0,-,-
Idaho,-,0,-,-,-,0,-,-
Montana,-,4,1,-,-,0,-,-
Nevada,-,1,-,-,-,0,-,-
New Mexico,1,2,4,9,-,0,-,-
Utah,-,3,-,-,-,0,-,-
Wyoming,-,4,-,8,-,0,-,-
Pacific,1,16,24,70,-,0,-,-
Alaska,-,0,-,7,-,0,-,-
California,1,16,24,63,-,0,-,-
Hawaii,-,0,-,-,-,0,-,-
Oregon,-,1,-,-,-,0,-,-
Washington,-,0,-,-,-,0,-,-
U.S. Territories,-,0,-,-,-,0,-,-
American Samoa,-,0,-,-,-,0,-,-
Commonwealth of Northern Mariana Islands,-,0,-,-,-,0,-,-
Guam,-,0,-,-,-,0,-,-
Puerto Rico,-,0,-,-,-,0,-,-
U.S. Virgin Islands,-,0,-,-,-,0,-,-
Non-U.S. Residents,-,0,-,-,-,0,-,-
Total,32,76,520,961,-,0,-,-
