Reporting  Area,Ehrlichiosis and Anaplasmosis,Ehrlichiosis and Anaplasmosis,Ehrlichiosis and Anaplasmosis,Ehrlichiosis and Anaplasmosis,Ehrlichiosis and Anaplasmosis,Ehrlichiosis and Anaplasmosis,Ehrlichiosis and Anaplasmosis,Ehrlichiosis and Anaplasmosis,Ehrlichiosis and Anaplasmosis,Ehrlichiosis and Anaplasmosis,Ehrlichiosis and Anaplasmosis,Ehrlichiosis and Anaplasmosis,Ehrlichiosis and Anaplasmosis,Ehrlichiosis and Anaplasmosis,Ehrlichiosis and Anaplasmosis
Reporting  Area,Ehrlichia ewingii  infection,Ehrlichia ewingii  infection,Ehrlichia ewingii  infection,Ehrlichia ewingii  infection,Ehrlichia ewingii  infection,Undetermined,Undetermined,Undetermined,Undetermined,Undetermined,Unnamed: 11_level_1,Unnamed: 12_level_1,Unnamed: 13_level_1,Unnamed: 14_level_1,Unnamed: 15_level_1
Reporting  Area,Current  week,Previous 52 weeks,Previous 52 weeks,Cum  2018,Cum  2017,Current  week,Previous 52 weeks,Previous 52 weeks,Cum  2018,Cum  2017,Unnamed: 11_level_2,Unnamed: 12_level_2,Unnamed: 13_level_2,Unnamed: 14_level_2,Unnamed: 15_level_2
Reporting  Area,Current  week,Med,Max,Cum  2018,Cum  2017,Current  week,Med,Max,Cum  2018,Cum  2017,Unnamed: 11_level_3,Unnamed: 12_level_3,Unnamed: 13_level_3,Unnamed: 14_level_3,Unnamed: 15_level_3
United States,1,0,4,25,43,1,3,19,144,227,,,,,
New England,-,0,0,-,1,1,0,2,10,17,,,,,
Connecticut,N,0,0,N,N,N,0,0,N,N,,,,,
Maine,-,0,0,-,-,1,0,1,3,7,,,,,
Massachusetts,-,0,0,-,-,-,0,1,2,1,,,,,
New Hampshire,-,0,0,-,1,-,0,1,-,4,,,,,
Rhode Island,-,0,0,-,-,-,0,0,-,-,,,,,
Vermont,-,0,0,-,-,-,0,1,5,5,,,,,
Middle Atlantic,-,0,0,-,2,-,0,3,13,24,,,,,
New Jersey,-,0,0,-,1,-,0,2,7,13,,,,,
New York (excluding New York City),-,0,0,-,-,-,0,3,6,4,,,,,
New York City,-,0,0,-,1,-,0,0,-,-,,,,,
Pennsylvania,-,0,0,-,-,-,0,1,-,7,,,,,
East North Central,-,0,1,2,2,-,1,14,91,111,,,,,
Illinois,-,0,1,2,1,-,0,0,-,1,,,,,
Indiana,-,0,0,-,-,-,0,11,61,38,,,,,
Michigan,-,0,0,-,-,-,0,1,-,1,,,,,
Ohio,-,0,0,-,-,-,0,0,-,-,,,,,
Wisconsin,-,0,0,-,1,-,0,4,30,71,,,,,
West North Central,-,0,3,12,23,-,0,3,16,49,,,,,
Iowa,-,0,1,1,-,-,0,1,6,2,,,,,
Kansas,-,0,1,2,2,-,0,0,-,1,,,,,
Minnesota,-,0,0,-,1,-,0,1,-,30,,,,,
Missouri,-,0,3,9,19,-,0,2,8,14,,,,,
Nebraska,-,0,0,-,1,-,0,0,-,-,,,,,
North Dakota,-,0,0,-,-,-,0,1,2,2,,,,,
South Dakota,-,0,0,-,-,-,0,0,-,-,,,,,
South Atlantic,1,0,1,5,2,-,0,1,9,10,,,,,
Delaware,-,0,1,1,1,-,0,0,-,-,,,,,
District of Columbia,-,0,0,-,-,-,0,0,-,-,,,,,
Florida,-,0,0,-,-,-,0,0,-,2,,,,,
Georgia,-,0,0,-,-,-,0,1,1,1,,,,,
Maryland,-,0,1,1,1,-,0,1,5,-,,,,,
North Carolina,-,0,0,-,-,-,0,0,-,-,,,,,
South Carolina,-,0,0,-,-,-,0,1,1,4,,,,,
Virginia,1,0,1,3,-,-,0,1,2,3,,,,,
West Virginia,-,0,0,-,-,-,0,1,-,-,,,,,
East South Central,-,0,1,3,4,-,0,1,3,13,,,,,
Alabama,-,0,0,-,-,-,0,1,3,-,,,,,
Kentucky,-,0,0,-,2,-,0,0,-,4,,,,,
Mississippi,-,0,1,1,-,-,0,0,-,4,,,,,
Tennessee,-,0,1,2,2,-,0,0,-,5,,,,,
West South Central,-,0,2,3,9,-,0,0,-,-,,,,,
Arkansas,-,0,2,3,9,-,0,0,-,-,,,,,
Louisiana,-,0,0,-,-,-,0,0,-,-,,,,,
Oklahoma,-,0,1,-,-,-,0,0,-,-,,,,,
Texas,-,0,0,-,-,-,0,0,-,-,,,,,
Mountain,-,0,0,-,-,-,0,0,-,-,,,,,
Arizona,-,0,0,-,-,-,0,0,-,-,,,,,
Colorado,N,0,0,N,N,N,0,0,N,N,,,,,
Idaho,N,0,0,N,N,N,0,0,N,N,,,,,
Montana,-,0,0,-,-,-,0,0,-,-,,,,,
Nevada,-,0,0,-,-,-,0,0,-,-,,,,,
New Mexico,N,0,0,N,N,N,0,0,N,N,,,,,
Utah,-,0,0,-,-,-,0,0,-,-,,,,,
Wyoming,-,0,0,-,-,-,0,0,-,-,,,,,
Pacific,-,0,0,-,-,-,0,1,2,3,,,,,
Alaska,N,0,0,N,N,N,0,0,N,N,,,,,
California,-,0,0,-,-,-,0,1,2,3,,,,,
Hawaii,N,0,0,N,N,N,0,0,N,N,,,,,
Oregon,-,0,0,-,-,-,0,0,-,-,,,,,
Washington,-,0,0,-,-,-,0,0,-,-,,,,,
Territories,,,,,,,,,,,,,,,
American Samoa,N,0,0,N,N,N,0,0,N,N,,,,,
Commonwealth of Northern Mariana Islands,-,-,-,-,-,-,-,-,-,-,,,,,
Guam,N,0,0,N,N,N,0,0,N,N,,,,,
Puerto Rico,N,0,0,N,N,N,0,0,N,N,,,,,
U.S. Virgin Islands,-,0,0,-,-,-,0,0,-,-,,,,,
