0,1,2,3,4,5,6,7,8,9,10,11,12,13,14,15
Reporting  Area,"Streptococcus pneumoniae  , invasive disease, drug resistant  †","Streptococcus pneumoniae  , invasive disease, drug resistant  †","Streptococcus pneumoniae  , invasive disease, drug resistant  †","Streptococcus pneumoniae  , invasive disease, drug resistant  †","Streptococcus pneumoniae  , invasive disease, drug resistant  †","Streptococcus pneumoniae  , invasive disease, drug resistant  †","Streptococcus pneumoniae  , invasive disease, drug resistant  †","Streptococcus pneumoniae  , invasive disease, drug resistant  †","Streptococcus pneumoniae  , invasive disease, drug resistant  †","Streptococcus pneumoniae  , invasive disease, drug resistant  †",,,,,
Reporting  Area,All ages,All ages,All ages,All ages,All ages,Age <5 years,Age <5 years,Age <5 years,Age <5 years,Age <5 years,"Syphilis, primary & secondary","Syphilis, primary & secondary","Syphilis, primary & secondary","Syphilis, primary & secondary","Syphilis, primary & secondary"
Reporting  Area,Current  week,Previous 52 weeks,Previous 52 weeks,Cum  2008,Cum  2007,Current  week,Previous 52 weeks,Previous 52 weeks,Cum  2008,Cum  2007,Current  week,Previous 52 weeks,Previous 52 weeks,Cum  2008,Cum  2007
Reporting  Area,Current  week,Med,Max,Cum  2008,Cum  2007,Current  week,Med,Max,Cum  2008,Cum  2007,Current  week,Med,Max,Cum  2008,Cum  2007
UNITED STATES,23,58,307,2024,2117,3,9,43,291,349,75,232,351,7549,7214
NEW ENGLAND,1,1,49,36,99,1,0,8,6,12,2,6,14,205,172
Conn.,-,0,44,-,55,-,0,7,-,4,-,0,6,20,24
Maine,1,0,2,15,10,1,0,1,2,1,-,0,2,8,5
Mass.,-,0,0,-,2,-,0,0,-,2,2,4,11,150,98
N.H.,-,0,0,-,-,-,0,0,-,-,-,0,2,11,21
R.I.,-,0,3,9,18,-,0,1,2,3,-,0,5,13,22
Vt.,-,0,2,12,14,-,0,1,2,2,-,0,5,3,2
MID. ATLANTIC,3,3,13,183,123,-,0,2,17,22,26,32,49,1137,1055
N.J.,-,0,0,-,-,-,0,0,-,-,2,4,10,143,138
N.Y. (Upstate),1,1,6,49,43,-,0,2,6,8,1,3,13,94,97
N.Y. City,-,0,5,54,-,-,0,0,-,-,23,17,37,722,642
Pa.,2,2,9,80,80,-,0,2,11,14,-,5,12,178,178
E.N. CENTRAL,5,14,64,538,547,1,2,14,76,81,6,18,32,627,587
Ill.,-,2,17,71,118,-,0,6,14,27,-,6,19,174,310
Ind.,1,3,39,160,117,-,0,11,18,17,1,2,9,93,34
Mich.,-,0,3,13,2,-,0,1,2,1,-,2,17,135,72
Ohio,4,8,17,294,310,1,1,4,42,36,5,5,13,192,127
Wis.,-,0,0,-,-,-,0,0,-,-,-,1,4,33,44
W.N. CENTRAL,-,4,115,125,144,-,0,9,8,27,5,8,15,254,234
Iowa,-,0,0,-,-,-,0,0,-,-,-,0,2,12,12
Kans.,-,1,5,57,69,-,0,1,3,6,1,0,5,23,14
Minn.,-,0,114,-,18,-,0,9,-,17,-,1,5,60,47
Mo.,-,1,8,65,44,-,0,1,2,-,4,5,10,151,151
Nebr.,-,0,0,-,2,-,0,0,-,-,-,0,2,8,4
N. Dak.,-,0,0,-,-,-,0,0,-,-,-,0,1,-,-
S. Dak.,-,0,2,3,11,-,0,1,3,4,-,0,1,-,6
S. ATLANTIC,14,22,53,855,930,1,4,10,134,165,21,49,215,1604,1597
Del.,-,0,1,3,8,-,0,0,-,2,-,0,4,10,8
D.C.,-,0,3,13,13,-,0,0,-,1,-,2,11,73,123
Fla.,12,13,30,506,517,1,2,6,91,88,20,20,34,631,522
Ga.,2,8,22,261,336,-,1,5,37,66,-,10,175,285,291
Md.,-,0,0,-,1,-,0,0,-,-,-,6,14,212,210
N.C.,N,0,0,N,N,N,0,0,N,N,1,5,18,170,228
S.C.,-,0,0,-,-,-,0,0,-,-,-,1,5,56,65
Va.,N,0,0,N,N,N,0,0,N,N,-,5,17,166,144
W. Va.,-,1,9,72,55,-,0,2,6,8,-,0,1,1,6
E.S. CENTRAL,-,6,15,201,167,-,1,4,33,23,15,20,31,713,577
Ala.,N,0,0,N,N,N,0,0,N,N,4,8,16,292,250
Ky.,-,1,6,56,19,-,0,2,9,2,-,1,7,56,38
Miss.,-,0,5,1,36,-,0,0,-,-,-,3,15,100,77
Tenn.,-,4,13,144,112,-,0,3,24,21,11,8,14,265,212
W.S. CENTRAL,-,2,7,60,62,-,0,2,12,7,-,41,61,1368,1178
Ark.,-,0,2,12,3,-,0,1,3,2,-,2,19,108,75
La.,-,1,7,48,59,-,0,2,9,5,-,11,22,301,312
Okla.,N,0,0,N,N,N,0,0,N,N,-,1,5,51,44
Tex.,-,0,0,-,-,-,0,0,-,-,-,26,48,908,747
MOUNTAIN,-,1,7,25,42,-,0,2,4,9,-,10,29,299,312
Ariz.,-,0,0,-,-,-,0,0,-,-,-,5,21,145,162
Colo.,-,0,0,-,-,-,0,0,-,-,-,2,7,73,33
Idaho,N,0,0,N,N,N,0,0,N,N,-,0,1,2,1
Mont.,-,0,0,-,-,-,0,0,-,-,-,0,3,-,1
Nev.,N,0,0,N,N,N,0,0,N,N,-,2,6,54,71
N. Mex.,-,0,1,1,-,-,0,0,-,-,-,1,3,23,30
Utah,-,1,7,22,28,-,0,2,4,8,-,0,2,-,11
Wyo.,-,0,1,2,14,-,0,1,-,1,-,0,1,2,3
PACIFIC,-,0,1,1,3,-,0,1,1,3,-,41,70,1342,1502
Alaska,N,0,0,N,N,N,0,0,N,N,-,0,1,1,6
Calif.,N,0,0,N,N,N,0,0,N,N,-,38,59,1193,1382
Hawaii,-,0,1,1,3,-,0,1,1,3,-,0,2,11,5
Oreg.,N,0,0,N,N,N,0,0,N,N,-,0,2,9,12
Wash.,N,0,0,N,N,N,0,0,N,N,-,3,15,128,97
Amer. Samoa,N,0,0,N,N,N,0,0,N,N,-,0,0,-,4
C.N.M.I.,-,-,-,-,-,-,-,-,-,-,-,-,-,-,-
Guam,-,0,0,-,-,-,0,0,-,-,-,0,0,-,-
P.R.,-,0,0,-,-,-,0,0,-,-,3,2,10,102,103
V.I.,-,0,0,-,-,-,0,0,-,-,-,0,0,-,-
