0,1,2,3,4,5,6,7,8,9
Disease,,,,Total cases reported for previous years,Total cases reported for previous years,Total cases reported for previous years,Total cases reported for previous years,Total cases reported for previous years,
Disease,Current  week,Cum  2013,5-year  weekly  average  †,2012,2011,2010,2009,2008,States reporting cases  during current week (Count)
Anthrax,-,-,0,-,1,-,1,-,
"Arboviral diseases §, ¶ :",,,,,,,,,
California serogroup virus disease,-,81,-,81,137,75,55,62,
Eastern equine encephalitis virus disease,-,6,-,15,4,10,4,4,
Powassan virus disease,-,8,0,7,16,8,6,2,
St. Louis encephalitis virus disease,-,-,0,3,6,10,12,13,
Western equine encephalitis virus disease,-,-,-,-,-,-,-,-,
Babesiosis,5,1255,6,937,1128,NN,NN,NN,"RI (2 ), NY (3 )"
"Botulism, total",-,115,3,168,153,112,118,145,
foodborne,-,3,0,27,24,7,10,17,
infant,-,103,2,123,97,80,83,109,
other(wound & unspecified),-,9,1,18,32,25,25,19,
Brucellosis,1,75,1,114,79,115,115,80,FL (1 )
Chancroid,-,12,1,15,8,24,28,25,
Cholera,-,1,0,17,40,13,10,5,
Cyclosporiasis §,-,660,1,123,151,179,141,139,
Diphtheria,-,-,-,1,-,-,-,-,
"Haemophilus influenzae  **,  invasive disease (age <5 yrs):",,,,,,,,,
serotype b,-,16,0,30,14,23,35,30,
nonserotype b,1,149,4,205,145,200,236,244,OH (1 )
unknown serotype,4,197,4,210,226,223,178,163,"MI (1 ), MO (1 ), MD (1 ), CO (1 )"
Hansen disease §,-,42,2,82,82,98,103,80,
Hantavirus pulmonary syndrome §,-,11,0,30,23,20,20,18,
"Hemolytic uremic syndrome, post-diarrheal §",2,201,4,274,290,266,242,330,"NY (1 ), OH (1 )"
"Influenza-associated pediatric mortality §, ††",1,156,4,52,118,61,358,90,AR (1 )
Listeriosis,3,560,14,727,870,821,851,759,"NY (1 ), PA (1 ), WA (1 )"
Measles §§,-,167,0,55,220,63,71,140,
"Meningococcal disease, invasive ¶¶ :",,,,,,,,,
"A,C,Y, and W-135",-,104,5,161,257,280,301,330,
serogroup B,-,64,3,110,159,135,174,188,
other serogroup,-,9,0,20,20,12,23,38,
unknown serogroup,1,286,7,260,323,406,482,616,NE (1 )
Novel influenza A infection virus ***,-,21,290,313,14,4,43774,2,
Plague,-,4,-,4,3,2,8,3,
"Poliomyelitis, paralytic",-,-,-,-,-,-,1,-,
"Polio virus infection, nonparalytic §",-,-,-,-,-,-,-,-,
Psittacosis §,-,4,0,2,2,4,9,8,
Q fever total §:,-,128,2,135,134,131,113,120,
acute,-,99,1,113,110,106,93,106,
chronic,-,29,0,22,24,25,20,14,
"Rabies, human",-,-,0,1,6,2,4,2,
Rubella †††,-,8,0,9,4,5,3,16,
"Rubella, congenital syndrome",-,-,-,3,-,-,2,-,
SARS CoV §,-,-,-,-,-,-,-,-,
Smallpox §,-,-,-,-,-,-,-,-,
Streptococcal toxic-shock syndrome §,-,128,3,194,168,142,161,157,
"Syphilis, congenital (age <1 yr) §§§",-,155,7,322,360,377,423,431,
Tetanus,1,18,1,37,36,26,18,19,FL (1 )
Toxic-shock syndrome (staphylococcal) §,1,56,1,65,78,82,74,71,TN (1 )
Trichinellosis,-,15,0,18,15,7,13,39,
Tularemia,1,185,1,149,166,124,93,123,MO (1 )
Typhoid fever,3,266,4,354,390,467,397,449,"MD (1 ), CA (2 )"
Vancomycin-intermediate  Staphylococcus aureus  §,2,162,2,134,82,91,78,63,"NY (1 ), MO (1 )"
Vancomycin-resistant  Staphylococcus aureus  §,-,-,-,2,-,2,1,-,
Vibriosis (non-cholera  Vibrio  species infections) §,4,932,11,1111,832,846,789,588,"FL (3 ), CA (1 )"
Viral Hemorrhagic Fever ¶¶¶,-,-,-,-,-,1,NN,NN,
Yellow fever,-,-,-,-,-,-,-,-,
