Reporting  Area,Carbapenemase-producing carbapenem-resistant  Enterobacteriaceae  †,Carbapenemase-producing carbapenem-resistant  Enterobacteriaceae  †,Carbapenemase-producing carbapenem-resistant  Enterobacteriaceae  †,Carbapenemase-producing carbapenem-resistant  Enterobacteriaceae  †,Carbapenemase-producing carbapenem-resistant  Enterobacteriaceae  †,Carbapenemase-producing carbapenem-resistant  Enterobacteriaceae  †,Carbapenemase-producing carbapenem-resistant  Enterobacteriaceae  †,Carbapenemase-producing carbapenem-resistant  Enterobacteriaceae  †,Carbapenemase-producing carbapenem-resistant  Enterobacteriaceae  †,Carbapenemase-producing carbapenem-resistant  Enterobacteriaceae  †,Carbapenemase-producing carbapenem-resistant  Enterobacteriaceae  †,Carbapenemase-producing carbapenem-resistant  Enterobacteriaceae  †,Carbapenemase-producing carbapenem-resistant  Enterobacteriaceae  †,Carbapenemase-producing carbapenem-resistant  Enterobacteriaceae  †,Carbapenemase-producing carbapenem-resistant  Enterobacteriaceae  †
Reporting  Area,Klebsiella  spp.,Klebsiella  spp.,Klebsiella  spp.,Klebsiella  spp.,Klebsiella  spp.,Escherichia coli,Escherichia coli,Escherichia coli,Escherichia coli,Escherichia coli,Enterobacter  spp.,Enterobacter  spp.,Enterobacter  spp.,Enterobacter  spp.,Enterobacter  spp.
Reporting  Area,Current  week,Previous 52 weeks,Previous 52 weeks,Cum  2018,Cum  2017,Current  week,Previous 52 weeks,Previous 52 weeks,Cum  2018,Cum  2017,Current  week,Previous 52 weeks,Previous 52 weeks,Cum  2018,Cum  2017
Reporting  Area,Current  week,Med,Max,Cum  2018,Cum  2017,Current  week,Med,Max,Cum  2018,Cum  2017,Current  week,Med,Max,Cum  2018,Cum  2017
United States,NN,0,0,NN,NN,NN,0,0,NN,NN,NN,0,0,NN,NN
New England,NN,0,0,NN,NN,NN,0,0,NN,NN,NN,0,0,NN,NN
Connecticut,NN,0,0,NN,NN,NN,0,0,NN,NN,NN,0,0,NN,NN
Maine,NN,0,0,NN,NN,NN,0,0,NN,NN,NN,0,0,NN,NN
Massachusetts,NN,0,0,NN,NN,NN,0,0,NN,NN,NN,0,0,NN,NN
New Hampshire,NN,0,0,NN,NN,NN,0,0,NN,NN,NN,0,0,NN,NN
Rhode Island,NN,0,0,NN,NN,NN,0,0,NN,NN,NN,0,0,NN,NN
Vermont,NN,0,0,NN,NN,NN,0,0,NN,NN,NN,0,0,NN,NN
Middle Atlantic,NN,0,0,NN,NN,NN,0,0,NN,NN,NN,0,0,NN,NN
New Jersey,NN,0,0,NN,NN,NN,0,0,NN,NN,NN,0,0,NN,NN
New York (excluding New York City),NN,0,0,NN,NN,NN,0,0,NN,NN,NN,0,0,NN,NN
New York City,NN,0,0,NN,NN,NN,0,0,NN,NN,NN,0,0,NN,NN
Pennsylvania,NN,0,0,NN,NN,NN,0,0,NN,NN,NN,0,0,NN,NN
East North Central,NN,0,0,NN,NN,NN,0,0,NN,NN,NN,0,0,NN,NN
Illinois,NN,0,0,NN,NN,NN,0,0,NN,NN,NN,0,0,NN,NN
Indiana,NN,0,0,NN,NN,NN,0,0,NN,NN,NN,0,0,NN,NN
Michigan,NN,0,0,NN,NN,NN,0,0,NN,NN,NN,0,0,NN,NN
Ohio,NN,0,0,NN,NN,NN,0,0,NN,NN,NN,0,0,NN,NN
Wisconsin,NN,0,0,NN,NN,NN,0,0,NN,NN,NN,0,0,NN,NN
West North Central,NN,0,0,NN,NN,NN,0,0,NN,NN,NN,0,0,NN,NN
Iowa,NN,0,0,NN,NN,NN,0,0,NN,NN,NN,0,0,NN,NN
Kansas,NN,0,0,NN,NN,NN,0,0,NN,NN,NN,0,0,NN,NN
Minnesota,NN,0,0,NN,NN,NN,0,0,NN,NN,NN,0,0,NN,NN
Missouri,NN,0,0,NN,NN,NN,0,0,NN,NN,NN,0,0,NN,NN
Nebraska,NN,0,0,NN,NN,NN,0,0,NN,NN,NN,0,0,NN,NN
North Dakota,NN,0,0,NN,NN,NN,0,0,NN,NN,NN,0,0,NN,NN
South Dakota,NN,0,0,NN,NN,NN,0,0,NN,NN,NN,0,0,NN,NN
South Atlantic,NN,0,0,NN,NN,NN,0,0,NN,NN,NN,0,0,NN,NN
Delaware,NN,0,0,NN,NN,NN,0,0,NN,NN,NN,0,0,NN,NN
District of Columbia,NN,0,0,NN,NN,NN,0,0,NN,NN,NN,0,0,NN,NN
Florida,NN,0,0,NN,NN,NN,0,0,NN,NN,NN,0,0,NN,NN
Georgia,NN,0,0,NN,NN,NN,0,0,NN,NN,NN,0,0,NN,NN
Maryland,NN,0,0,NN,NN,NN,0,0,NN,NN,NN,0,0,NN,NN
North Carolina,NN,0,0,NN,NN,NN,0,0,NN,NN,NN,0,0,NN,NN
South Carolina,NN,0,0,NN,NN,NN,0,0,NN,NN,NN,0,0,NN,NN
Virginia,NN,0,0,NN,NN,NN,0,0,NN,NN,NN,0,0,NN,NN
West Virginia,NN,0,0,NN,NN,NN,0,0,NN,NN,NN,0,0,NN,NN
East South Central,NN,0,0,NN,NN,NN,0,0,NN,NN,NN,0,0,NN,NN
Alabama,NN,0,0,NN,NN,NN,0,0,NN,NN,NN,0,0,NN,NN
Kentucky,NN,0,0,NN,NN,NN,0,0,NN,NN,NN,0,0,NN,NN
Mississippi,NN,0,0,NN,NN,NN,0,0,NN,NN,NN,0,0,NN,NN
Tennessee,NN,0,0,NN,NN,NN,0,0,NN,NN,NN,0,0,NN,NN
West South Central,NN,0,0,NN,NN,NN,0,0,NN,NN,NN,0,0,NN,NN
Arkansas,NN,0,0,NN,NN,NN,0,0,NN,NN,NN,0,0,NN,NN
Louisiana,NN,0,0,NN,NN,NN,0,0,NN,NN,NN,0,0,NN,NN
Oklahoma,NN,0,0,NN,NN,NN,0,0,NN,NN,NN,0,0,NN,NN
Texas,NN,0,0,NN,NN,NN,0,0,NN,NN,NN,0,0,NN,NN
Mountain,NN,0,0,NN,NN,NN,0,0,NN,NN,NN,0,0,NN,NN
Arizona,NN,0,0,NN,NN,NN,0,0,NN,NN,NN,0,0,NN,NN
Colorado,NN,0,0,NN,NN,NN,0,0,NN,NN,NN,0,0,NN,NN
Idaho,NN,0,0,NN,NN,NN,0,0,NN,NN,NN,0,0,NN,NN
Montana,NN,0,0,NN,NN,NN,0,0,NN,NN,NN,0,0,NN,NN
Nevada,NN,0,0,NN,NN,NN,0,0,NN,NN,NN,0,0,NN,NN
New Mexico,NN,0,0,NN,NN,NN,0,0,NN,NN,NN,0,0,NN,NN
Utah,NN,0,0,NN,NN,NN,0,0,NN,NN,NN,0,0,NN,NN
Wyoming,NN,0,0,NN,NN,NN,0,0,NN,NN,NN,0,0,NN,NN
Pacific,NN,0,0,NN,NN,NN,0,0,NN,NN,NN,0,0,NN,NN
Alaska,NN,0,0,NN,NN,NN,0,0,NN,NN,NN,0,0,NN,NN
California,NN,0,0,NN,NN,NN,0,0,NN,NN,NN,0,0,NN,NN
Hawaii,NN,0,0,NN,NN,NN,0,0,NN,NN,NN,0,0,NN,NN
Oregon,NN,0,0,NN,NN,NN,0,0,NN,NN,NN,0,0,NN,NN
Washington,NN,0,0,NN,NN,NN,0,0,NN,NN,NN,0,0,NN,NN
Territories,,,,,,,,,,,,,,,
American Samoa,NN,0,0,NN,NN,NN,0,0,NN,NN,NN,0,0,NN,NN
Commonwealth of Northern Mariana Islands,NN,-,-,NN,NN,NN,-,-,NN,NN,NN,-,-,NN,NN
Guam,NN,0,0,NN,NN,NN,0,0,NN,NN,NN,0,0,NN,NN
Puerto Rico,NN,0,0,NN,NN,NN,0,0,NN,NN,NN,0,0,NN,NN
U.S. Virgin Islands,NN,0,0,NN,NN,NN,0,0,NN,NN,NN,0,0,NN,NN
