Reporting Area,Tuberculosis †,Tuberculosis †,Tuberculosis †,Tuberculosis †,Tuberculosis †
Reporting Area,Current  quarter,Previous 4 quarters,Previous 4 quarters,Cum  2019,Cum  2018
Reporting Area,Current  quarter,Min,Max,Cum  2019,Cum  2018
United States,1182,1182.0,2568.0,1197,1256
New England,49,49.0,75.0,50,50
Connecticut,7,7.0,14.0,7,11
Maine,-,0.0,9.0,-,1
Massachusetts,36,36.0,52.0,36,31
New Hampshire,3,1.0,3.0,3,2
Rhode Island,3,2.0,5.0,3,3
Vermont,-,0.0,2.0,1,2
Middle Atlantic,259,259.0,321.0,269,179
New Jersey,78,64.0,78.0,83,16
New York (excluding New York City),37,37.0,60.0,37,38
New York City,114,114.0,147.0,119,97
Pennsylvania,30,30.0,64.0,30,28
East North Central,118,118.0,257.0,118,101
Illinois,48,48.0,92.0,48,53
Indiana,27,23.0,41.0,27,10
Michigan,13,13.0,37.0,13,19
Ohio,22,22.0,70.0,22,11
Wisconsin,8,5.0,18.0,8,8
West North Central,32,32.0,101.0,32,47
Iowa,-,0.0,15.0,-,6
Kansas,-,0.0,7.0,-,9
Minnesota,25,25.0,51.0,25,13
Missouri,-,0.0,22.0,-,11
Nebraska,2,1.0,10.0,2,2
North Dakota,2,2.0,3.0,2,5
South Dakota,3,1.0,5.0,3,1
South Atlantic,213,213.0,502.0,213,174
Delaware,-,0.0,12.0,-,-
District of Columbia,-,0.0,15.0,-,4
Florida,105,105.0,159.0,105,88
Georgia,48,48.0,79.0,48,20
Maryland,29,29.0,66.0,29,22
North Carolina,10,10.0,71.0,10,21
South Carolina,11,11.0,40.0,11,-
Virginia,10,10.0,88.0,10,19
West Virginia,-,0.0,3.0,-,-
East South Central,61,61.0,111.0,63,71
Alabama,15,15.0,29.0,15,15
Kentucky,14,13.0,22.0,14,7
Mississippi,6,6.0,29.0,6,16
Tennessee,26,26.0,36.0,28,33
West South Central,60,60.0,452.0,61,220
Arkansas,21,16.0,24.0,21,8
Louisiana,14,14.0,27.0,15,25
Oklahoma,16,13.0,22.0,16,18
Texas,9,9.0,386.0,9,169
Mountain,41,41.0,105.0,41,57
Arizona,13,13.0,47.0,13,37
Colorado,9,9.0,22.0,9,7
Idaho,1,1.0,4.0,1,2
Montana,-,0.0,1.0,-,1
Nevada,8,8.0,22.0,8,3
New Mexico,5,5.0,14.0,5,4
Utah,5,2.0,5.0,5,3
Wyoming,-,0.0,0.0,-,-
Pacific,349,349.0,687.0,350,357
Alaska,8,8.0,19.0,8,5
California,276,276.0,579.0,277,288
Hawaii,4,4.0,32.0,4,25
Oregon,10,10.0,24.0,10,11
Washington,51,40.0,55.0,51,28
U.S. Territories,,,,,
American Samoa,-,0.0,1.0,-,-
Commonwealth of Northern Mariana Islands,-,0.0,13.0,-,14
Guam,12,12.0,21.0,12,11
Puerto Rico,6,6.0,8.0,6,2
U.S. Virgin Islands,-,0.0,0.0,-,-
