Reporting Area,"Arboviral diseases, neuroinvasive and non-neuroinvasive (continued)","Arboviral diseases, neuroinvasive and non-neuroinvasive (continued)","Arboviral diseases, neuroinvasive and non-neuroinvasive (continued)","Arboviral diseases, neuroinvasive and non-neuroinvasive (continued)","Arboviral diseases, neuroinvasive and non-neuroinvasive (continued)","Arboviral diseases, neuroinvasive and non-neuroinvasive (continued)","Arboviral diseases, neuroinvasive and non-neuroinvasive (continued)","Arboviral diseases, neuroinvasive and non-neuroinvasive (continued)","Arboviral diseases, neuroinvasive and non-neuroinvasive (continued)","Arboviral diseases, neuroinvasive and non-neuroinvasive (continued)","Arboviral diseases, neuroinvasive and non-neuroinvasive (continued)","Arboviral diseases, neuroinvasive and non-neuroinvasive (continued)"
Reporting Area,Jamestown Canyon virus disease,Jamestown Canyon virus disease,Jamestown Canyon virus disease,Jamestown Canyon virus disease,La Crosse virus disease,La Crosse virus disease,La Crosse virus disease,La Crosse virus disease,Powassan virus disease,Powassan virus disease,Powassan virus disease,Powassan virus disease
Reporting Area,Current  week,Previous 52  weeks Max †,Cum YTD  2019 †,Cum YTD  2018 †,Current  week,Previous 52  weeks Max †,Cum YTD  2019 †,Cum YTD  2018 †,Current  week,Previous 52  weeks Max †,Cum YTD  2019 †,Cum YTD  2018 †
"U.S. Residents, excluding U.S. Territories",-,4,-,-,-,9,-,-,-,2,-,-
New England,-,1,-,-,-,1,-,-,-,2,-,-
Connecticut,-,1,-,-,-,0,-,-,-,2,-,-
Maine,-,1,-,-,-,0,-,-,-,0,-,-
Massachusetts,-,1,-,-,-,0,-,-,-,1,-,-
New Hampshire,-,0,-,-,-,0,-,-,-,0,-,-
Rhode Island,-,0,-,-,-,1,-,-,-,0,-,-
Vermont,-,0,-,-,-,0,-,-,-,0,-,-
Middle Atlantic,-,0,-,-,-,0,-,-,-,2,-,-
New Jersey,-,0,-,-,-,0,-,-,-,1,-,-
New York (excluding New York City),-,0,-,-,-,0,-,-,-,1,-,-
New York City,-,0,-,-,-,0,-,-,-,1,-,-
Pennsylvania,-,0,-,-,-,0,-,-,-,1,-,-
East North Central,-,4,-,-,-,5,-,-,-,1,-,-
Illinois,-,0,-,-,-,0,-,-,-,0,-,-
Indiana,-,0,-,-,-,0,-,-,-,0,-,-
Michigan,-,1,-,-,-,0,-,-,-,0,-,-
Ohio,-,0,-,-,-,5,-,-,-,0,-,-
Wisconsin,-,4,-,-,-,0,-,-,-,1,-,-
West North Central,-,1,-,-,-,0,-,-,-,1,-,-
Iowa,-,0,-,-,-,0,-,-,-,0,-,-
Kansas,-,0,-,-,-,0,-,-,-,0,-,-
Minnesota,-,1,-,-,-,0,-,-,-,1,-,-
Missouri,-,0,-,-,-,0,-,-,-,0,-,-
Nebraska,-,0,-,-,-,0,-,-,-,0,-,-
North Dakota,-,0,-,-,-,0,-,-,-,0,-,-
South Dakota,-,0,-,-,-,0,-,-,-,0,-,-
South Atlantic,-,1,-,-,-,4,-,-,-,0,-,-
Delaware,-,0,-,-,-,0,-,-,-,0,-,-
District of Columbia,-,0,-,-,-,0,-,-,-,0,-,-
Florida,-,0,-,-,-,0,-,-,-,0,-,-
Georgia,-,1,-,-,-,0,-,-,-,0,-,-
Maryland,-,0,-,-,-,0,-,-,-,0,-,-
North Carolina,-,0,-,-,-,4,-,-,-,0,-,-
South Carolina,-,0,-,-,-,0,-,-,-,0,-,-
Virginia,-,0,-,-,-,2,-,-,-,0,-,-
West Virginia,-,0,-,-,-,1,-,-,-,0,-,-
East South Central,-,1,-,-,-,2,-,-,-,0,-,-
Alabama,-,0,-,-,-,0,-,-,-,0,-,-
Kentucky,-,0,-,-,-,0,-,-,-,0,-,-
Mississippi,-,0,-,-,-,0,-,-,-,0,-,-
Tennessee,-,1,-,-,-,2,-,-,-,0,-,-
West South Central,-,0,-,-,-,1,-,-,-,0,-,-
Arkansas,-,0,-,-,-,0,-,-,-,0,-,-
Louisiana,-,0,-,-,-,0,-,-,-,0,-,-
Oklahoma,-,0,-,-,-,0,-,-,-,0,-,-
Texas,-,0,-,-,-,1,-,-,-,0,-,-
Mountain,-,0,-,-,-,0,-,-,-,0,-,-
Arizona,-,0,-,-,-,0,-,-,-,0,-,-
Colorado,-,0,-,-,-,0,-,-,-,0,-,-
Idaho,-,0,-,-,-,0,-,-,-,0,-,-
Montana,-,0,-,-,-,0,-,-,-,0,-,-
Nevada,-,0,-,-,-,0,-,-,-,0,-,-
New Mexico,-,0,-,-,-,0,-,-,-,0,-,-
Utah,-,0,-,-,-,0,-,-,-,0,-,-
Wyoming,-,0,-,-,-,0,-,-,-,0,-,-
Pacific,-,0,-,-,-,0,-,-,-,0,-,-
Alaska,-,0,-,-,-,0,-,-,-,0,-,-
California,-,0,-,-,-,0,-,-,-,0,-,-
Hawaii,-,0,-,-,-,0,-,-,-,0,-,-
Oregon,-,0,-,-,-,0,-,-,-,0,-,-
Washington,-,0,-,-,-,0,-,-,-,0,-,-
U.S. Territories,-,0,-,-,-,0,-,-,-,0,-,-
American Samoa,-,0,-,-,-,0,-,-,-,0,-,-
Commonwealth of Northern Mariana Islands,-,0,-,-,-,0,-,-,-,0,-,-
Guam,-,0,-,-,-,0,-,-,-,0,-,-
Puerto Rico,-,0,-,-,-,0,-,-,-,0,-,-
U.S. Virgin Islands,-,0,-,-,-,0,-,-,-,0,-,-
Non-U.S. Residents,-,NC,-,NP,-,NC,-,NP,-,NC,-,NP
Total,-,4,-,-,-,9,-,-,-,2,-,-
