Reporting Area,Cholera,Cholera,Cholera,Cholera,Coccidioidomycosis,Coccidioidomycosis,Coccidioidomycosis,Coccidioidomycosis
Reporting Area,Current week,Previous 52 weeks Max †,Cum YTD 2020 †,Cum YTD 2019 †,Current week,Previous 52 weeks Max †,Cum YTD 2020 †,Cum YTD 2019 †
"U.S. Residents, excluding U.S. Territories",-,2,-,-,206,480,1600,2034
New England,-,1,-,-,-,1,-,-
Connecticut,-,0,-,-,N,NC,N,N
Maine,-,0,-,-,N,NC,N,N
Massachusetts,-,1,-,-,N,NC,N,N
New Hampshire,-,0,-,-,-,1,-,-
Rhode Island,-,0,-,-,-,1,-,-
Vermont,-,0,-,-,N,NC,N,N
Middle Atlantic,-,1,-,-,-,0,-,-
New Jersey,-,1,-,-,N,NC,N,N
New York (excluding New York City),-,0,-,-,-,0,-,-
New York City,-,1,-,-,N,NC,N,N
Pennsylvania,-,0,-,-,N,NC,N,N
East North Central,-,1,-,-,-,5,5,3
Illinois,-,1,-,-,N,NC,N,N
Indiana,-,0,-,-,-,0,-,-
Michigan,-,1,-,-,-,3,3,2
Ohio,-,0,-,-,-,3,2,1
Wisconsin,-,0,-,-,-,2,-,-
West North Central,-,0,-,-,-,7,3,10
Iowa,-,0,-,-,N,NC,N,N
Kansas,-,0,-,-,-,0,-,-
Minnesota,-,0,-,-,-,5,-,4
Missouri,-,0,-,-,-,2,1,5
Nebraska,-,0,-,-,-,1,2,-
North Dakota,-,0,-,-,-,1,-,1
South Dakota,-,0,-,-,-,1,-,-
South Atlantic,-,1,-,-,-,1,-,1
Delaware,-,0,-,-,-,0,-,-
District of Columbia,-,0,-,-,N,NC,N,N
Florida,-,0,-,-,N,NC,N,N
Georgia,-,1,-,-,N,NC,N,N
Maryland,-,1,-,-,-,1,-,1
North Carolina,-,0,-,-,N,NC,N,N
South Carolina,-,0,-,-,N,NC,N,N
Virginia,-,0,-,-,N,NC,N,N
West Virginia,-,0,-,-,N,NC,N,N
East South Central,-,0,-,-,-,1,-,1
Alabama,-,0,-,-,N,NC,N,N
Kentucky,-,0,-,-,-,1,-,1
Mississippi,-,0,-,-,N,NC,N,N
Tennessee,-,0,-,-,N,NC,N,N
West South Central,-,0,-,-,-,3,1,1
Arkansas,-,0,-,-,-,1,-,-
Louisiana,-,0,-,-,-,3,1,1
Oklahoma,-,0,-,-,N,NC,N,N
Texas,-,0,-,-,N,NC,N,N
Mountain,-,1,-,-,194,323,1503,1049
Arizona,-,0,-,-,194,321,1500,1013
Colorado,-,0,-,-,N,NC,N,N
Idaho,-,0,-,-,N,NC,N,N
Montana,-,0,-,-,-,2,1,1
Nevada,-,1,-,-,-,7,2,10
New Mexico,-,0,-,-,-,9,-,15
Utah,-,0,-,-,-,4,-,10
Wyoming,-,0,-,-,-,1,-,-
Pacific,-,0,-,-,12,251,88,969
Alaska,-,0,-,-,N,NC,N,N
California,-,0,-,-,12,251,88,968
Hawaii,-,0,-,-,N,NC,N,N
Oregon,-,0,-,-,-,1,-,1
Washington,-,0,-,-,N,NC,N,N
U.S. Territories,-,0,-,-,-,0,-,-
American Samoa,-,0,-,-,N,NC,N,N
Commonwealth of Northern Mariana Islands,-,0,-,-,-,0,-,-
Guam,-,0,-,-,-,0,-,-
Puerto Rico,-,0,-,-,N,NC,N,N
U.S. Virgin Islands,-,0,-,-,-,0,-,-
Non-U.S. Residents,-,0,-,-,-,2,-,-
Total,-,2,-,-,206,480,1600,2034
