"State Code","County Code","Site Num","Parameter Code","POC","Latitude","Longitude","Datum","Parameter Name","Sample Duration","Pollutant Standard","Date Local","Units of Measure","Event Type","Observation Count","Observation Percent","Arithmetic Mean","1st Max Value","1st Max Hour","AQI","Method Code","Method Name","Local Site Name","Address","State Name","County Name","City Name","CBSA Name","Date of Last Change"
"41","051","0015","81102",1,45.521507,-122.67065099999999,"WGS84","PM10 Total 0-10um STP","24 HOUR","PM10 24-hour 2006","1982-12-13","Micrograms/cubic meter (25 C)","None",1,100.0,41,41,0,38,"001","LO-VOL-SA244E - GRAVIMETRIC","","CENTRAL FIRE STATION/55 SW ASH","Oregon","Multnomah","Portland","Portland-Vancouver-Hillsboro, OR-WA","2019-09-11"
"41","051","0015","81102",1,45.521507,-122.67065099999999,"WGS84","PM10 Total 0-10um STP","24 HOUR","PM10 24-hour 2006","1982-12-19","Micrograms/cubic meter (25 C)","None",1,100.0,22,22,0,20,"001","LO-VOL-SA244E - GRAVIMETRIC","","CENTRAL FIRE STATION/55 SW ASH","Oregon","Multnomah","Portland","Portland-Vancouver-Hillsboro, OR-WA","2019-09-11"
"41","051","0015","81102",1,45.521507,-122.67065099999999,"WGS84","PM10 Total 0-10um STP","24 HOUR","PM10 24-hour 2006","1982-12-25","Micrograms/cubic meter (25 C)","None",1,100.0,40,40,0,37,"001","LO-VOL-SA244E - GRAVIMETRIC","","CENTRAL FIRE STATION/55 SW ASH","Oregon","Multnomah","Portland","Portland-Vancouver-Hillsboro, OR-WA","2019-09-11"
"41","051","0015","81102",1,45.521507,-122.67065099999999,"WGS84","PM10 Total 0-10um STP","24 HOUR","PM10 24-hour 2006","1982-12-28","Micrograms/cubic meter (25 C)","None",1,100.0,29,29,0,27,"001","LO-VOL-SA244E - GRAVIMETRIC","","CENTRAL FIRE STATION/55 SW ASH","Oregon","Multnomah","Portland","Portland-Vancouver-Hillsboro, OR-WA","2019-09-11"
"45","019","0040","81102",1,32.833056,-79.95138899999999,"WGS84","PM10 Total 0-10um STP","24 HOUR","PM10 24-hour 2006","1982-08-21","Micrograms/cubic meter (25 C)","None",1,100.0,24,24,0,22,"052","HI-VOL-SA321A - GRAVIMETRIC","PITTSBURG AVE # 2","PITTSBURG AVE [# 2]","South Carolina","Charleston","North Charleston","Charleston-North Charleston, SC","2019-09-12"
"45","019","0040","81102",1,32.833056,-79.95138899999999,"WGS84","PM10 Total 0-10um STP","24 HOUR","PM10 24-hour 2006","1982-08-27","Micrograms/cubic meter (25 C)","None",1,100.0,31,31,0,29,"052","HI-VOL-SA321A - GRAVIMETRIC","PITTSBURG AVE # 2","PITTSBURG AVE [# 2]","South Carolina","Charleston","North Charleston","Charleston-North Charleston, SC","2019-09-12"
"45","019","0040","81102",1,32.833056,-79.95138899999999,"WGS84","PM10 Total 0-10um STP","24 HOUR","PM10 24-hour 2006","1982-09-02","Micrograms/cubic meter (25 C)","None",1,100.0,30,30,0,28,"052","HI-VOL-SA321A - GRAVIMETRIC","PITTSBURG AVE # 2","PITTSBURG AVE [# 2]","South Carolina","Charleston","North Charleston","Charleston-North Charleston, SC","2019-09-12"
"45","019","0040","81102",1,32.833056,-79.95138899999999,"WGS84","PM10 Total 0-10um STP","24 HOUR","PM10 24-hour 2006","1982-09-08","Micrograms/cubic meter (25 C)","None",1,100.0,28,28,0,26,"052","HI-VOL-SA321A - GRAVIMETRIC","PITTSBURG AVE # 2","PITTSBURG AVE [# 2]","South Carolina","Charleston","North Charleston","Charleston-North Charleston, SC","2019-09-12"
"45","019","0040","81102",1,32.833056,-79.95138899999999,"WGS84","PM10 Total 0-10um STP","24 HOUR","PM10 24-hour 2006","1982-09-20","Micrograms/cubic meter (25 C)","None",1,100.0,26,26,0,24,"052","HI-VOL-SA321A - GRAVIMETRIC","PITTSBURG AVE # 2","PITTSBURG AVE [# 2]","South Carolina","Charleston","North Charleston","Charleston-North Charleston, SC","2019-09-12"
"45","019","0040","81102",1,32.833056,-79.95138899999999,"WGS84","PM10 Total 0-10um STP","24 HOUR","PM10 24-hour 2006","1982-09-26","Micrograms/cubic meter (25 C)","None",1,100.0,16,16,0,15,"052","HI-VOL-SA321A - GRAVIMETRIC","PITTSBURG AVE # 2","PITTSBURG AVE [# 2]","South Carolina","Charleston","North Charleston","Charleston-North Charleston, SC","2019-09-12"
"45","019","0040","81102",1,32.833056,-79.95138899999999,"WGS84","PM10 Total 0-10um STP","24 HOUR","PM10 24-hour 2006","1982-10-02","Micrograms/cubic meter (25 C)","None",1,100.0,44,44,0,41,"052","HI-VOL-SA321A - GRAVIMETRIC","PITTSBURG AVE # 2","PITTSBURG AVE [# 2]","South Carolina","Charleston","North Charleston","Charleston-North Charleston, SC","2019-09-12"
"45","019","0040","81102",1,32.833056,-79.95138899999999,"WGS84","PM10 Total 0-10um STP","24 HOUR","PM10 24-hour 2006","1982-10-14","Micrograms/cubic meter (25 C)","None",1,100.0,24,24,0,22,"052","HI-VOL-SA321A - GRAVIMETRIC","PITTSBURG AVE # 2","PITTSBURG AVE [# 2]","South Carolina","Charleston","North Charleston","Charleston-North Charleston, SC","2019-09-12"
"45","019","0040","81102",1,32.833056,-79.95138899999999,"WGS84","PM10 Total 0-10um STP","24 HOUR","PM10 24-hour 2006","1982-10-20","Micrograms/cubic meter (25 C)","None",1,100.0,14,14,0,13,"052","HI-VOL-SA321A - GRAVIMETRIC","PITTSBURG AVE # 2","PITTSBURG AVE [# 2]","South Carolina","Charleston","North Charleston","Charleston-North Charleston, SC","2019-09-12"
"45","019","0040","81102",1,32.833056,-79.95138899999999,"WGS84","PM10 Total 0-10um STP","24 HOUR","PM10 24-hour 2006","1982-10-26","Micrograms/cubic meter (25 C)","None",1,100.0,43,43,0,40,"052","HI-VOL-SA321A - GRAVIMETRIC","PITTSBURG AVE # 2","PITTSBURG AVE [# 2]","South Carolina","Charleston","North Charleston","Charleston-North Charleston, SC","2019-09-12"
"45","019","0040","81102",1,32.833056,-79.95138899999999,"WGS84","PM10 Total 0-10um STP","24 HOUR","PM10 24-hour 2006","1982-11-01","Micrograms/cubic meter (25 C)","None",1,100.0,11,11,0,10,"052","HI-VOL-SA321A - GRAVIMETRIC","PITTSBURG AVE # 2","PITTSBURG AVE [# 2]","South Carolina","Charleston","North Charleston","Charleston-North Charleston, SC","2019-09-12"
"45","019","0040","81102",1,32.833056,-79.95138899999999,"WGS84","PM10 Total 0-10um STP","24 HOUR","PM10 24-hour 2006","1982-11-07","Micrograms/cubic meter (25 C)","None",1,100.0,28,28,0,26,"052","HI-VOL-SA321A - GRAVIMETRIC","PITTSBURG AVE # 2","PITTSBURG AVE [# 2]","South Carolina","Charleston","North Charleston","Charleston-North Charleston, SC","2019-09-12"
"45","019","0040","81102",1,32.833056,-79.95138899999999,"WGS84","PM10 Total 0-10um STP","24 HOUR","PM10 24-hour 2006","1982-11-13","Micrograms/cubic meter (25 C)","None",1,100.0,31,31,0,29,"052","HI-VOL-SA321A - GRAVIMETRIC","PITTSBURG AVE # 2","PITTSBURG AVE [# 2]","South Carolina","Charleston","North Charleston","Charleston-North Charleston, SC","2019-09-12"
"45","019","0040","81102",1,32.833056,-79.95138899999999,"WGS84","PM10 Total 0-10um STP","24 HOUR","PM10 24-hour 2006","1982-11-19","Micrograms/cubic meter (25 C)","None",1,100.0,34,34,0,31,"052","HI-VOL-SA321A - GRAVIMETRIC","PITTSBURG AVE # 2","PITTSBURG AVE [# 2]","South Carolina","Charleston","North Charleston","Charleston-North Charleston, SC","2019-09-12"
"45","019","0040","81102",1,32.833056,-79.95138899999999,"WGS84","PM10 Total 0-10um STP","24 HOUR","PM10 24-hour 2006","1982-11-25","Micrograms/cubic meter (25 C)","None",1,100.0,25,25,0,23,"052","HI-VOL-SA321A - GRAVIMETRIC","PITTSBURG AVE # 2","PITTSBURG AVE [# 2]","South Carolina","Charleston","North Charleston","Charleston-North Charleston, SC","2019-09-12"
"45","019","0040","81102",1,32.833056,-79.95138899999999,"WGS84","PM10 Total 0-10um STP","24 HOUR","PM10 24-hour 2006","1982-12-01","Micrograms/cubic meter (25 C)","None",1,100.0,17,17,0,16,"052","HI-VOL-SA321A - GRAVIMETRIC","PITTSBURG AVE # 2","PITTSBURG AVE [# 2]","South Carolina","Charleston","North Charleston","Charleston-North Charleston, SC","2019-09-12"
"45","019","0040","81102",1,32.833056,-79.95138899999999,"WGS84","PM10 Total 0-10um STP","24 HOUR","PM10 24-hour 2006","1982-12-07","Micrograms/cubic meter (25 C)","None",1,100.0,16,16,0,15,"052","HI-VOL-SA321A - GRAVIMETRIC","PITTSBURG AVE # 2","PITTSBURG AVE [# 2]","South Carolina","Charleston","North Charleston","Charleston-North Charleston, SC","2019-09-12"
"45","019","0040","81102",1,32.833056,-79.95138899999999,"WGS84","PM10 Total 0-10um STP","24 HOUR","PM10 24-hour 2006","1982-12-13","Micrograms/cubic meter (25 C)","None",1,100.0,66,66,0,56,"052","HI-VOL-SA321A - GRAVIMETRIC","PITTSBURG AVE # 2","PITTSBURG AVE [# 2]","South Carolina","Charleston","North Charleston","Charleston-North Charleston, SC","2019-09-12"
"45","019","0040","81102",1,32.833056,-79.95138899999999,"WGS84","PM10 Total 0-10um STP","24 HOUR","PM10 24-hour 2006","1982-12-19","Micrograms/cubic meter (25 C)","None",1,100.0,19,19,0,18,"052","HI-VOL-SA321A - GRAVIMETRIC","PITTSBURG AVE # 2","PITTSBURG AVE [# 2]","South Carolina","Charleston","North Charleston","Charleston-North Charleston, SC","2019-09-12"
"45","019","0040","81102",1,32.833056,-79.95138899999999,"WGS84","PM10 Total 0-10um STP","24 HOUR","PM10 24-hour 2006","1982-12-25","Micrograms/cubic meter (25 C)","None",1,100.0,5,5,0,5,"052","HI-VOL-SA321A - GRAVIMETRIC","PITTSBURG AVE # 2","PITTSBURG AVE [# 2]","South Carolina","Charleston","North Charleston","Charleston-North Charleston, SC","2019-09-12"
"45","019","0040","81102",1,32.833056,-79.95138899999999,"WGS84","PM10 Total 0-10um STP","24 HOUR","PM10 24-hour 2006","1982-12-31","Micrograms/cubic meter (25 C)","None",1,100.0,10,10,0,9,"052","HI-VOL-SA321A - GRAVIMETRIC","PITTSBURG AVE # 2","PITTSBURG AVE [# 2]","South Carolina","Charleston","North Charleston","Charleston-North Charleston, SC","2019-09-12"
"45","043","0001","81102",2,33.377165,-79.289464,"WGS84","PM10 Total 0-10um STP","24 HOUR","PM10 24-hour 2006","1982-08-27","Micrograms/cubic meter (25 C)","None",1,100.0,33,33,0,31,"052","HI-VOL-SA321A - GRAVIMETRIC","GEORGETOWN COUNTY HEALTH DEPT","303 HAZARD STREET [Georgetown County Health Department]","South Carolina","Georgetown","Georgetown","Georgetown, SC","2019-09-12"
"45","043","0001","81102",2,33.377165,-79.289464,"WGS84","PM10 Total 0-10um STP","24 HOUR","PM10 24-hour 2006","1982-09-02","Micrograms/cubic meter (25 C)","None",1,100.0,44,44,0,41,"052","HI-VOL-SA321A - GRAVIMETRIC","GEORGETOWN COUNTY HEALTH DEPT","303 HAZARD STREET [Georgetown County Health Department]","South Carolina","Georgetown","Georgetown","Georgetown, SC","2019-09-12"
"45","043","0001","81102",2,33.377165,-79.289464,"WGS84","PM10 Total 0-10um STP","24 HOUR","PM10 24-hour 2006","1982-09-14","Micrograms/cubic meter (25 C)","None",1,100.0,40,40,0,37,"052","HI-VOL-SA321A - GRAVIMETRIC","GEORGETOWN COUNTY HEALTH DEPT","303 HAZARD STREET [Georgetown County Health Department]","South Carolina","Georgetown","Georgetown","Georgetown, SC","2019-09-12"
"45","043","0001","81102",2,33.377165,-79.289464,"WGS84","PM10 Total 0-10um STP","24 HOUR","PM10 24-hour 2006","1982-09-20","Micrograms/cubic meter (25 C)","None",1,100.0,41,41,0,38,"052","HI-VOL-SA321A - GRAVIMETRIC","GEORGETOWN COUNTY HEALTH DEPT","303 HAZARD STREET [Georgetown County Health Department]","South Carolina","Georgetown","Georgetown","Georgetown, SC","2019-09-12"
"45","043","0001","81102",2,33.377165,-79.289464,"WGS84","PM10 Total 0-10um STP","24 HOUR","PM10 24-hour 2006","1982-09-26","Micrograms/cubic meter (25 C)","None",1,100.0,10,10,0,9,"052","HI-VOL-SA321A - GRAVIMETRIC","GEORGETOWN COUNTY HEALTH DEPT","303 HAZARD STREET [Georgetown County Health Department]","South Carolina","Georgetown","Georgetown","Georgetown, SC","2019-09-12"
"45","043","0001","81102",2,33.377165,-79.289464,"WGS84","PM10 Total 0-10um STP","24 HOUR","PM10 24-hour 2006","1982-10-02","Micrograms/cubic meter (25 C)","None",1,100.0,48,48,0,44,"052","HI-VOL-SA321A - GRAVIMETRIC","GEORGETOWN COUNTY HEALTH DEPT","303 HAZARD STREET [Georgetown County Health Department]","South Carolina","Georgetown","Georgetown","Georgetown, SC","2019-09-12"
"45","043","0001","81102",2,33.377165,-79.289464,"WGS84","PM10 Total 0-10um STP","24 HOUR","PM10 24-hour 2006","1982-10-14","Micrograms/cubic meter (25 C)","None",1,100.0,27,27,0,25,"052","HI-VOL-SA321A - GRAVIMETRIC","GEORGETOWN COUNTY HEALTH DEPT","303 HAZARD STREET [Georgetown County Health Department]","South Carolina","Georgetown","Georgetown","Georgetown, SC","2019-09-12"
"45","043","0001","81102",2,33.377165,-79.289464,"WGS84","PM10 Total 0-10um STP","24 HOUR","PM10 24-hour 2006","1982-10-20","Micrograms/cubic meter (25 C)","None",1,100.0,22,22,0,20,"052","HI-VOL-SA321A - GRAVIMETRIC","GEORGETOWN COUNTY HEALTH DEPT","303 HAZARD STREET [Georgetown County Health Department]","South Carolina","Georgetown","Georgetown","Georgetown, SC","2019-09-12"
"45","043","0001","81102",2,33.377165,-79.289464,"WGS84","PM10 Total 0-10um STP","24 HOUR","PM10 24-hour 2006","1982-10-26","Micrograms/cubic meter (25 C)","None",1,100.0,26,26,0,24,"052","HI-VOL-SA321A - GRAVIMETRIC","GEORGETOWN COUNTY HEALTH DEPT","303 HAZARD STREET [Georgetown County Health Department]","South Carolina","Georgetown","Georgetown","Georgetown, SC","2019-09-12"
"45","043","0001","81102",2,33.377165,-79.289464,"WGS84","PM10 Total 0-10um STP","24 HOUR","PM10 24-hour 2006","1982-11-01","Micrograms/cubic meter (25 C)","None",1,100.0,21,21,0,19,"052","HI-VOL-SA321A - GRAVIMETRIC","GEORGETOWN COUNTY HEALTH DEPT","303 HAZARD STREET [Georgetown County Health Department]","South Carolina","Georgetown","Georgetown","Georgetown, SC","2019-09-12"
"45","043","0001","81102",2,33.377165,-79.289464,"WGS84","PM10 Total 0-10um STP","24 HOUR","PM10 24-hour 2006","1982-11-07","Micrograms/cubic meter (25 C)","None",1,100.0,32,32,0,30,"052","HI-VOL-SA321A - GRAVIMETRIC","GEORGETOWN COUNTY HEALTH DEPT","303 HAZARD STREET [Georgetown County Health Department]","South Carolina","Georgetown","Georgetown","Georgetown, SC","2019-09-12"
"45","043","0001","81102",2,33.377165,-79.289464,"WGS84","PM10 Total 0-10um STP","24 HOUR","PM10 24-hour 2006","1982-11-13","Micrograms/cubic meter (25 C)","None",1,100.0,19,19,0,18,"052","HI-VOL-SA321A - GRAVIMETRIC","GEORGETOWN COUNTY HEALTH DEPT","303 HAZARD STREET [Georgetown County Health Department]","South Carolina","Georgetown","Georgetown","Georgetown, SC","2019-09-12"
"45","043","0001","81102",2,33.377165,-79.289464,"WGS84","PM10 Total 0-10um STP","24 HOUR","PM10 24-hour 2006","1982-11-25","Micrograms/cubic meter (25 C)","None",1,100.0,21,21,0,19,"052","HI-VOL-SA321A - GRAVIMETRIC","GEORGETOWN COUNTY HEALTH DEPT","303 HAZARD STREET [Georgetown County Health Department]","South Carolina","Georgetown","Georgetown","Georgetown, SC","2019-09-12"
"45","043","0001","81102",2,33.377165,-79.289464,"WGS84","PM10 Total 0-10um STP","24 HOUR","PM10 24-hour 2006","1982-12-01","Micrograms/cubic meter (25 C)","None",1,100.0,44,44,0,41,"052","HI-VOL-SA321A - GRAVIMETRIC","GEORGETOWN COUNTY HEALTH DEPT","303 HAZARD STREET [Georgetown County Health Department]","South Carolina","Georgetown","Georgetown","Georgetown, SC","2019-09-12"
"45","043","0001","81102",2,33.377165,-79.289464,"WGS84","PM10 Total 0-10um STP","24 HOUR","PM10 24-hour 2006","1982-12-13","Micrograms/cubic meter (25 C)","None",1,100.0,18,18,0,17,"052","HI-VOL-SA321A - GRAVIMETRIC","GEORGETOWN COUNTY HEALTH DEPT","303 HAZARD STREET [Georgetown County Health Department]","South Carolina","Georgetown","Georgetown","Georgetown, SC","2019-09-12"
"45","043","0001","81102",2,33.377165,-79.289464,"WGS84","PM10 Total 0-10um STP","24 HOUR","PM10 24-hour 2006","1982-12-19","Micrograms/cubic meter (25 C)","None",1,100.0,28,28,0,26,"052","HI-VOL-SA321A - GRAVIMETRIC","GEORGETOWN COUNTY HEALTH DEPT","303 HAZARD STREET [Georgetown County Health Department]","South Carolina","Georgetown","Georgetown","Georgetown, SC","2019-09-12"
"45","043","0001","81102",2,33.377165,-79.289464,"WGS84","PM10 Total 0-10um STP","24 HOUR","PM10 24-hour 2006","1982-12-25","Micrograms/cubic meter (25 C)","None",1,100.0,16,16,0,15,"052","HI-VOL-SA321A - GRAVIMETRIC","GEORGETOWN COUNTY HEALTH DEPT","303 HAZARD STREET [Georgetown County Health Department]","South Carolina","Georgetown","Georgetown","Georgetown, SC","2019-09-12"
"45","043","0001","81102",2,33.377165,-79.289464,"WGS84","PM10 Total 0-10um STP","24 HOUR","PM10 24-hour 2006","1982-12-31","Micrograms/cubic meter (25 C)","None",1,100.0,12,12,0,11,"052","HI-VOL-SA321A - GRAVIMETRIC","GEORGETOWN COUNTY HEALTH DEPT","303 HAZARD STREET [Georgetown County Health Department]","South Carolina","Georgetown","Georgetown","Georgetown, SC","2019-09-12"
