key,p1,v1,p2,v2,p3,v3,p4,v4,p5,v5,p6,v6,p7,v7
Region,observationAbout,{Data},,,,,,,,,,,,
,,,,,,,,,,,,,,
2009-01,observationDate,2009-01,value,{Number},populationType,MortalityEvent,measuredProperty,count,measurementDenominator,Count_BirthEvent_LiveBirth,ageGroupClassification,Infant,unit,Per1000LiveBirths
2009-02,observationDate,2009-02,value,{Number},populationType,MortalityEvent,measuredProperty,count,measurementDenominator,Count_BirthEvent_LiveBirth,ageGroupClassification,Infant,unit,Per1000LiveBirths
2009-03,observationDate,2009-03,value,{Number},populationType,MortalityEvent,measuredProperty,count,measurementDenominator,Count_BirthEvent_LiveBirth,ageGroupClassification,Infant,unit,Per1000LiveBirths
2009-04,observationDate,2009-04,value,{Number},populationType,MortalityEvent,measuredProperty,count,measurementDenominator,Count_BirthEvent_LiveBirth,ageGroupClassification,Infant,unit,Per1000LiveBirths
2009-05,observationDate,2009-05,value,{Number},populationType,MortalityEvent,measuredProperty,count,measurementDenominator,Count_BirthEvent_LiveBirth,ageGroupClassification,Infant,unit,Per1000LiveBirths
2009-06,observationDate,2009-06,value,{Number},populationType,MortalityEvent,measuredProperty,count,measurementDenominator,Count_BirthEvent_LiveBirth,ageGroupClassification,Infant,unit,Per1000LiveBirths
2009-07,observationDate,2009-07,value,{Number},populationType,MortalityEvent,measuredProperty,count,measurementDenominator,Count_BirthEvent_LiveBirth,ageGroupClassification,Infant,unit,Per1000LiveBirths
2009-08,observationDate,2009-08,value,{Number},populationType,MortalityEvent,measuredProperty,count,measurementDenominator,Count_BirthEvent_LiveBirth,ageGroupClassification,Infant,unit,Per1000LiveBirths
2009-09,observationDate,2009-09,value,{Number},populationType,MortalityEvent,measuredProperty,count,measurementDenominator,Count_BirthEvent_LiveBirth,ageGroupClassification,Infant,unit,Per1000LiveBirths
2009-10,observationDate,2009-10,value,{Number},populationType,MortalityEvent,measuredProperty,count,measurementDenominator,Count_BirthEvent_LiveBirth,ageGroupClassification,Infant,unit,Per1000LiveBirths
2009-11,observationDate,2009-11,value,{Number},populationType,MortalityEvent,measuredProperty,count,measurementDenominator,Count_BirthEvent_LiveBirth,ageGroupClassification,Infant,unit,Per1000LiveBirths
2009-12,observationDate,2009-12,value,{Number},populationType,MortalityEvent,measuredProperty,count,measurementDenominator,Count_BirthEvent_LiveBirth,ageGroupClassification,Infant,unit,Per1000LiveBirths
2010-01,observationDate,2010-01,value,{Number},populationType,MortalityEvent,measuredProperty,count,measurementDenominator,Count_BirthEvent_LiveBirth,ageGroupClassification,Infant,unit,Per1000LiveBirths
2010-02,observationDate,2010-02,value,{Number},populationType,MortalityEvent,measuredProperty,count,measurementDenominator,Count_BirthEvent_LiveBirth,ageGroupClassification,Infant,unit,Per1000LiveBirths
2010-03,observationDate,2010-03,value,{Number},populationType,MortalityEvent,measuredProperty,count,measurementDenominator,Count_BirthEvent_LiveBirth,ageGroupClassification,Infant,unit,Per1000LiveBirths
2010-04,observationDate,2010-04,value,{Number},populationType,MortalityEvent,measuredProperty,count,measurementDenominator,Count_BirthEvent_LiveBirth,ageGroupClassification,Infant,unit,Per1000LiveBirths
2010-05,observationDate,2010-05,value,{Number},populationType,MortalityEvent,measuredProperty,count,measurementDenominator,Count_BirthEvent_LiveBirth,ageGroupClassification,Infant,unit,Per1000LiveBirths
2010-06,observationDate,2010-06,value,{Number},populationType,MortalityEvent,measuredProperty,count,measurementDenominator,Count_BirthEvent_LiveBirth,ageGroupClassification,Infant,unit,Per1000LiveBirths
2010-07,observationDate,2010-07,value,{Number},populationType,MortalityEvent,measuredProperty,count,measurementDenominator,Count_BirthEvent_LiveBirth,ageGroupClassification,Infant,unit,Per1000LiveBirths
2010-08,observationDate,2010-08,value,{Number},populationType,MortalityEvent,measuredProperty,count,measurementDenominator,Count_BirthEvent_LiveBirth,ageGroupClassification,Infant,unit,Per1000LiveBirths
2010-09,observationDate,2010-09,value,{Number},populationType,MortalityEvent,measuredProperty,count,measurementDenominator,Count_BirthEvent_LiveBirth,ageGroupClassification,Infant,unit,Per1000LiveBirths
2010-10,observationDate,2010-10,value,{Number},populationType,MortalityEvent,measuredProperty,count,measurementDenominator,Count_BirthEvent_LiveBirth,ageGroupClassification,Infant,unit,Per1000LiveBirths
2010-11,observationDate,2010-11,value,{Number},populationType,MortalityEvent,measuredProperty,count,measurementDenominator,Count_BirthEvent_LiveBirth,ageGroupClassification,Infant,unit,Per1000LiveBirths
2010-12,observationDate,2010-12,value,{Number},populationType,MortalityEvent,measuredProperty,count,measurementDenominator,Count_BirthEvent_LiveBirth,ageGroupClassification,Infant,unit,Per1000LiveBirths
2011-01,observationDate,2011-01,value,{Number},populationType,MortalityEvent,measuredProperty,count,measurementDenominator,Count_BirthEvent_LiveBirth,ageGroupClassification,Infant,unit,Per1000LiveBirths
2011-02,observationDate,2011-02,value,{Number},populationType,MortalityEvent,measuredProperty,count,measurementDenominator,Count_BirthEvent_LiveBirth,ageGroupClassification,Infant,unit,Per1000LiveBirths
2011-03,observationDate,2011-03,value,{Number},populationType,MortalityEvent,measuredProperty,count,measurementDenominator,Count_BirthEvent_LiveBirth,ageGroupClassification,Infant,unit,Per1000LiveBirths
2011-04,observationDate,2011-04,value,{Number},populationType,MortalityEvent,measuredProperty,count,measurementDenominator,Count_BirthEvent_LiveBirth,ageGroupClassification,Infant,unit,Per1000LiveBirths
2011-05,observationDate,2011-05,value,{Number},populationType,MortalityEvent,measuredProperty,count,measurementDenominator,Count_BirthEvent_LiveBirth,ageGroupClassification,Infant,unit,Per1000LiveBirths
2011-06,observationDate,2011-06,value,{Number},populationType,MortalityEvent,measuredProperty,count,measurementDenominator,Count_BirthEvent_LiveBirth,ageGroupClassification,Infant,unit,Per1000LiveBirths
2011-07,observationDate,2011-07,value,{Number},populationType,MortalityEvent,measuredProperty,count,measurementDenominator,Count_BirthEvent_LiveBirth,ageGroupClassification,Infant,unit,Per1000LiveBirths
2011-08,observationDate,2011-08,value,{Number},populationType,MortalityEvent,measuredProperty,count,measurementDenominator,Count_BirthEvent_LiveBirth,ageGroupClassification,Infant,unit,Per1000LiveBirths
2011-09,observationDate,2011-09,value,{Number},populationType,MortalityEvent,measuredProperty,count,measurementDenominator,Count_BirthEvent_LiveBirth,ageGroupClassification,Infant,unit,Per1000LiveBirths
2011-10,observationDate,2011-10,value,{Number},populationType,MortalityEvent,measuredProperty,count,measurementDenominator,Count_BirthEvent_LiveBirth,ageGroupClassification,Infant,unit,Per1000LiveBirths
2011-11,observationDate,2011-11,value,{Number},populationType,MortalityEvent,measuredProperty,count,measurementDenominator,Count_BirthEvent_LiveBirth,ageGroupClassification,Infant,unit,Per1000LiveBirths
2011-12,observationDate,2011-12,value,{Number},populationType,MortalityEvent,measuredProperty,count,measurementDenominator,Count_BirthEvent_LiveBirth,ageGroupClassification,Infant,unit,Per1000LiveBirths
2012-01,observationDate,2012-01,value,{Number},populationType,MortalityEvent,measuredProperty,count,measurementDenominator,Count_BirthEvent_LiveBirth,ageGroupClassification,Infant,unit,Per1000LiveBirths
2012-02,observationDate,2012-02,value,{Number},populationType,MortalityEvent,measuredProperty,count,measurementDenominator,Count_BirthEvent_LiveBirth,ageGroupClassification,Infant,unit,Per1000LiveBirths
2012-03,observationDate,2012-03,value,{Number},populationType,MortalityEvent,measuredProperty,count,measurementDenominator,Count_BirthEvent_LiveBirth,ageGroupClassification,Infant,unit,Per1000LiveBirths
2012-04,observationDate,2012-04,value,{Number},populationType,MortalityEvent,measuredProperty,count,measurementDenominator,Count_BirthEvent_LiveBirth,ageGroupClassification,Infant,unit,Per1000LiveBirths
2012-05,observationDate,2012-05,value,{Number},populationType,MortalityEvent,measuredProperty,count,measurementDenominator,Count_BirthEvent_LiveBirth,ageGroupClassification,Infant,unit,Per1000LiveBirths
2012-06,observationDate,2012-06,value,{Number},populationType,MortalityEvent,measuredProperty,count,measurementDenominator,Count_BirthEvent_LiveBirth,ageGroupClassification,Infant,unit,Per1000LiveBirths
2012-07,observationDate,2012-07,value,{Number},populationType,MortalityEvent,measuredProperty,count,measurementDenominator,Count_BirthEvent_LiveBirth,ageGroupClassification,Infant,unit,Per1000LiveBirths
2012-08,observationDate,2012-08,value,{Number},populationType,MortalityEvent,measuredProperty,count,measurementDenominator,Count_BirthEvent_LiveBirth,ageGroupClassification,Infant,unit,Per1000LiveBirths
2012-09,observationDate,2012-09,value,{Number},populationType,MortalityEvent,measuredProperty,count,measurementDenominator,Count_BirthEvent_LiveBirth,ageGroupClassification,Infant,unit,Per1000LiveBirths
2012-10,observationDate,2012-10,value,{Number},populationType,MortalityEvent,measuredProperty,count,measurementDenominator,Count_BirthEvent_LiveBirth,ageGroupClassification,Infant,unit,Per1000LiveBirths
2012-11,observationDate,2012-11,value,{Number},populationType,MortalityEvent,measuredProperty,count,measurementDenominator,Count_BirthEvent_LiveBirth,ageGroupClassification,Infant,unit,Per1000LiveBirths
2012-12,observationDate,2012-12,value,{Number},populationType,MortalityEvent,measuredProperty,count,measurementDenominator,Count_BirthEvent_LiveBirth,ageGroupClassification,Infant,unit,Per1000LiveBirths
2013-01,observationDate,2013-01,value,{Number},populationType,MortalityEvent,measuredProperty,count,measurementDenominator,Count_BirthEvent_LiveBirth,ageGroupClassification,Infant,unit,Per1000LiveBirths
2013-02,observationDate,2013-02,value,{Number},populationType,MortalityEvent,measuredProperty,count,measurementDenominator,Count_BirthEvent_LiveBirth,ageGroupClassification,Infant,unit,Per1000LiveBirths
2013-03,observationDate,2013-03,value,{Number},populationType,MortalityEvent,measuredProperty,count,measurementDenominator,Count_BirthEvent_LiveBirth,ageGroupClassification,Infant,unit,Per1000LiveBirths
2013-04,observationDate,2013-04,value,{Number},populationType,MortalityEvent,measuredProperty,count,measurementDenominator,Count_BirthEvent_LiveBirth,ageGroupClassification,Infant,unit,Per1000LiveBirths
2013-05,observationDate,2013-05,value,{Number},populationType,MortalityEvent,measuredProperty,count,measurementDenominator,Count_BirthEvent_LiveBirth,ageGroupClassification,Infant,unit,Per1000LiveBirths
2013-06,observationDate,2013-06,value,{Number},populationType,MortalityEvent,measuredProperty,count,measurementDenominator,Count_BirthEvent_LiveBirth,ageGroupClassification,Infant,unit,Per1000LiveBirths
2013-07,observationDate,2013-07,value,{Number},populationType,MortalityEvent,measuredProperty,count,measurementDenominator,Count_BirthEvent_LiveBirth,ageGroupClassification,Infant,unit,Per1000LiveBirths
2013-08,observationDate,2013-08,value,{Number},populationType,MortalityEvent,measuredProperty,count,measurementDenominator,Count_BirthEvent_LiveBirth,ageGroupClassification,Infant,unit,Per1000LiveBirths
2013-09,observationDate,2013-09,value,{Number},populationType,MortalityEvent,measuredProperty,count,measurementDenominator,Count_BirthEvent_LiveBirth,ageGroupClassification,Infant,unit,Per1000LiveBirths
2013-10,observationDate,2013-10,value,{Number},populationType,MortalityEvent,measuredProperty,count,measurementDenominator,Count_BirthEvent_LiveBirth,ageGroupClassification,Infant,unit,Per1000LiveBirths
2013-11,observationDate,2013-11,value,{Number},populationType,MortalityEvent,measuredProperty,count,measurementDenominator,Count_BirthEvent_LiveBirth,ageGroupClassification,Infant,unit,Per1000LiveBirths
2013-12,observationDate,2013-12,value,{Number},populationType,MortalityEvent,measuredProperty,count,measurementDenominator,Count_BirthEvent_LiveBirth,ageGroupClassification,Infant,unit,Per1000LiveBirths
2014-01,observationDate,2014-01,value,{Number},populationType,MortalityEvent,measuredProperty,count,measurementDenominator,Count_BirthEvent_LiveBirth,ageGroupClassification,Infant,unit,Per1000LiveBirths
2014-02,observationDate,2014-02,value,{Number},populationType,MortalityEvent,measuredProperty,count,measurementDenominator,Count_BirthEvent_LiveBirth,ageGroupClassification,Infant,unit,Per1000LiveBirths
2014-03,observationDate,2014-03,value,{Number},populationType,MortalityEvent,measuredProperty,count,measurementDenominator,Count_BirthEvent_LiveBirth,ageGroupClassification,Infant,unit,Per1000LiveBirths
2014-04,observationDate,2014-04,value,{Number},populationType,MortalityEvent,measuredProperty,count,measurementDenominator,Count_BirthEvent_LiveBirth,ageGroupClassification,Infant,unit,Per1000LiveBirths
2014-05,observationDate,2014-05,value,{Number},populationType,MortalityEvent,measuredProperty,count,measurementDenominator,Count_BirthEvent_LiveBirth,ageGroupClassification,Infant,unit,Per1000LiveBirths
2014-06,observationDate,2014-06,value,{Number},populationType,MortalityEvent,measuredProperty,count,measurementDenominator,Count_BirthEvent_LiveBirth,ageGroupClassification,Infant,unit,Per1000LiveBirths
2014-07,observationDate,2014-07,value,{Number},populationType,MortalityEvent,measuredProperty,count,measurementDenominator,Count_BirthEvent_LiveBirth,ageGroupClassification,Infant,unit,Per1000LiveBirths
2014-08,observationDate,2014-08,value,{Number},populationType,MortalityEvent,measuredProperty,count,measurementDenominator,Count_BirthEvent_LiveBirth,ageGroupClassification,Infant,unit,Per1000LiveBirths
2014-09,observationDate,2014-09,value,{Number},populationType,MortalityEvent,measuredProperty,count,measurementDenominator,Count_BirthEvent_LiveBirth,ageGroupClassification,Infant,unit,Per1000LiveBirths
2014-10,observationDate,2014-10,value,{Number},populationType,MortalityEvent,measuredProperty,count,measurementDenominator,Count_BirthEvent_LiveBirth,ageGroupClassification,Infant,unit,Per1000LiveBirths
2014-11,observationDate,2014-11,value,{Number},populationType,MortalityEvent,measuredProperty,count,measurementDenominator,Count_BirthEvent_LiveBirth,ageGroupClassification,Infant,unit,Per1000LiveBirths
2014-12,observationDate,2014-12,value,{Number},populationType,MortalityEvent,measuredProperty,count,measurementDenominator,Count_BirthEvent_LiveBirth,ageGroupClassification,Infant,unit,Per1000LiveBirths
2015-01,observationDate,2015-01,value,{Number},populationType,MortalityEvent,measuredProperty,count,measurementDenominator,Count_BirthEvent_LiveBirth,ageGroupClassification,Infant,unit,Per1000LiveBirths
2015-02,observationDate,2015-02,value,{Number},populationType,MortalityEvent,measuredProperty,count,measurementDenominator,Count_BirthEvent_LiveBirth,ageGroupClassification,Infant,unit,Per1000LiveBirths
2015-03,observationDate,2015-03,value,{Number},populationType,MortalityEvent,measuredProperty,count,measurementDenominator,Count_BirthEvent_LiveBirth,ageGroupClassification,Infant,unit,Per1000LiveBirths
2015-04,observationDate,2015-04,value,{Number},populationType,MortalityEvent,measuredProperty,count,measurementDenominator,Count_BirthEvent_LiveBirth,ageGroupClassification,Infant,unit,Per1000LiveBirths
2015-05,observationDate,2015-05,value,{Number},populationType,MortalityEvent,measuredProperty,count,measurementDenominator,Count_BirthEvent_LiveBirth,ageGroupClassification,Infant,unit,Per1000LiveBirths
2015-06,observationDate,2015-06,value,{Number},populationType,MortalityEvent,measuredProperty,count,measurementDenominator,Count_BirthEvent_LiveBirth,ageGroupClassification,Infant,unit,Per1000LiveBirths
2015-07,observationDate,2015-07,value,{Number},populationType,MortalityEvent,measuredProperty,count,measurementDenominator,Count_BirthEvent_LiveBirth,ageGroupClassification,Infant,unit,Per1000LiveBirths
2015-08,observationDate,2015-08,value,{Number},populationType,MortalityEvent,measuredProperty,count,measurementDenominator,Count_BirthEvent_LiveBirth,ageGroupClassification,Infant,unit,Per1000LiveBirths
2015-09,observationDate,2015-09,value,{Number},populationType,MortalityEvent,measuredProperty,count,measurementDenominator,Count_BirthEvent_LiveBirth,ageGroupClassification,Infant,unit,Per1000LiveBirths
2015-10,observationDate,2015-10,value,{Number},populationType,MortalityEvent,measuredProperty,count,measurementDenominator,Count_BirthEvent_LiveBirth,ageGroupClassification,Infant,unit,Per1000LiveBirths
2015-11,observationDate,2015-11,value,{Number},populationType,MortalityEvent,measuredProperty,count,measurementDenominator,Count_BirthEvent_LiveBirth,ageGroupClassification,Infant,unit,Per1000LiveBirths
2015-12,observationDate,2015-12,value,{Number},populationType,MortalityEvent,measuredProperty,count,measurementDenominator,Count_BirthEvent_LiveBirth,ageGroupClassification,Infant,unit,Per1000LiveBirths
2016-01,observationDate,2016-01,value,{Number},populationType,MortalityEvent,measuredProperty,count,measurementDenominator,Count_BirthEvent_LiveBirth,ageGroupClassification,Infant,unit,Per1000LiveBirths
2016-02,observationDate,2016-02,value,{Number},populationType,MortalityEvent,measuredProperty,count,measurementDenominator,Count_BirthEvent_LiveBirth,ageGroupClassification,Infant,unit,Per1000LiveBirths
2016-03,observationDate,2016-03,value,{Number},populationType,MortalityEvent,measuredProperty,count,measurementDenominator,Count_BirthEvent_LiveBirth,ageGroupClassification,Infant,unit,Per1000LiveBirths
2016-04,observationDate,2016-04,value,{Number},populationType,MortalityEvent,measuredProperty,count,measurementDenominator,Count_BirthEvent_LiveBirth,ageGroupClassification,Infant,unit,Per1000LiveBirths
2016-05,observationDate,2016-05,value,{Number},populationType,MortalityEvent,measuredProperty,count,measurementDenominator,Count_BirthEvent_LiveBirth,ageGroupClassification,Infant,unit,Per1000LiveBirths
2016-06,observationDate,2016-06,value,{Number},populationType,MortalityEvent,measuredProperty,count,measurementDenominator,Count_BirthEvent_LiveBirth,ageGroupClassification,Infant,unit,Per1000LiveBirths
2016-07,observationDate,2016-07,value,{Number},populationType,MortalityEvent,measuredProperty,count,measurementDenominator,Count_BirthEvent_LiveBirth,ageGroupClassification,Infant,unit,Per1000LiveBirths
2016-08,observationDate,2016-08,value,{Number},populationType,MortalityEvent,measuredProperty,count,measurementDenominator,Count_BirthEvent_LiveBirth,ageGroupClassification,Infant,unit,Per1000LiveBirths
2016-09,observationDate,2016-09,value,{Number},populationType,MortalityEvent,measuredProperty,count,measurementDenominator,Count_BirthEvent_LiveBirth,ageGroupClassification,Infant,unit,Per1000LiveBirths
2016-10,observationDate,2016-10,value,{Number},populationType,MortalityEvent,measuredProperty,count,measurementDenominator,Count_BirthEvent_LiveBirth,ageGroupClassification,Infant,unit,Per1000LiveBirths
2016-11,observationDate,2016-11,value,{Number},populationType,MortalityEvent,measuredProperty,count,measurementDenominator,Count_BirthEvent_LiveBirth,ageGroupClassification,Infant,unit,Per1000LiveBirths
2016-12,observationDate,2016-12,value,{Number},populationType,MortalityEvent,measuredProperty,count,measurementDenominator,Count_BirthEvent_LiveBirth,ageGroupClassification,Infant,unit,Per1000LiveBirths
2017-01,observationDate,2017-01,value,{Number},populationType,MortalityEvent,measuredProperty,count,measurementDenominator,Count_BirthEvent_LiveBirth,ageGroupClassification,Infant,unit,Per1000LiveBirths
2017-02,observationDate,2017-02,value,{Number},populationType,MortalityEvent,measuredProperty,count,measurementDenominator,Count_BirthEvent_LiveBirth,ageGroupClassification,Infant,unit,Per1000LiveBirths
2017-03,observationDate,2017-03,value,{Number},populationType,MortalityEvent,measuredProperty,count,measurementDenominator,Count_BirthEvent_LiveBirth,ageGroupClassification,Infant,unit,Per1000LiveBirths
2017-04,observationDate,2017-04,value,{Number},populationType,MortalityEvent,measuredProperty,count,measurementDenominator,Count_BirthEvent_LiveBirth,ageGroupClassification,Infant,unit,Per1000LiveBirths
2017-05,observationDate,2017-05,value,{Number},populationType,MortalityEvent,measuredProperty,count,measurementDenominator,Count_BirthEvent_LiveBirth,ageGroupClassification,Infant,unit,Per1000LiveBirths
2017-06,observationDate,2017-06,value,{Number},populationType,MortalityEvent,measuredProperty,count,measurementDenominator,Count_BirthEvent_LiveBirth,ageGroupClassification,Infant,unit,Per1000LiveBirths
2017-07,observationDate,2017-07,value,{Number},populationType,MortalityEvent,measuredProperty,count,measurementDenominator,Count_BirthEvent_LiveBirth,ageGroupClassification,Infant,unit,Per1000LiveBirths
2017-08,observationDate,2017-08,value,{Number},populationType,MortalityEvent,measuredProperty,count,measurementDenominator,Count_BirthEvent_LiveBirth,ageGroupClassification,Infant,unit,Per1000LiveBirths
2017-09,observationDate,2017-09,value,{Number},populationType,MortalityEvent,measuredProperty,count,measurementDenominator,Count_BirthEvent_LiveBirth,ageGroupClassification,Infant,unit,Per1000LiveBirths
2017-10,observationDate,2017-10,value,{Number},populationType,MortalityEvent,measuredProperty,count,measurementDenominator,Count_BirthEvent_LiveBirth,ageGroupClassification,Infant,unit,Per1000LiveBirths
2017-11,observationDate,2017-11,value,{Number},populationType,MortalityEvent,measuredProperty,count,measurementDenominator,Count_BirthEvent_LiveBirth,ageGroupClassification,Infant,unit,Per1000LiveBirths
2017-12,observationDate,2017-12,value,{Number},populationType,MortalityEvent,measuredProperty,count,measurementDenominator,Count_BirthEvent_LiveBirth,ageGroupClassification,Infant,unit,Per1000LiveBirths
2018-01,observationDate,2018-01,value,{Number},populationType,MortalityEvent,measuredProperty,count,measurementDenominator,Count_BirthEvent_LiveBirth,ageGroupClassification,Infant,unit,Per1000LiveBirths
2018-02,observationDate,2018-02,value,{Number},populationType,MortalityEvent,measuredProperty,count,measurementDenominator,Count_BirthEvent_LiveBirth,ageGroupClassification,Infant,unit,Per1000LiveBirths
2018-03,observationDate,2018-03,value,{Number},populationType,MortalityEvent,measuredProperty,count,measurementDenominator,Count_BirthEvent_LiveBirth,ageGroupClassification,Infant,unit,Per1000LiveBirths
2018-04,observationDate,2018-04,value,{Number},populationType,MortalityEvent,measuredProperty,count,measurementDenominator,Count_BirthEvent_LiveBirth,ageGroupClassification,Infant,unit,Per1000LiveBirths
2018-05,observationDate,2018-05,value,{Number},populationType,MortalityEvent,measuredProperty,count,measurementDenominator,Count_BirthEvent_LiveBirth,ageGroupClassification,Infant,unit,Per1000LiveBirths
2018-06,observationDate,2018-06,value,{Number},populationType,MortalityEvent,measuredProperty,count,measurementDenominator,Count_BirthEvent_LiveBirth,ageGroupClassification,Infant,unit,Per1000LiveBirths
2018-07,observationDate,2018-07,value,{Number},populationType,MortalityEvent,measuredProperty,count,measurementDenominator,Count_BirthEvent_LiveBirth,ageGroupClassification,Infant,unit,Per1000LiveBirths
2018-08,observationDate,2018-08,value,{Number},populationType,MortalityEvent,measuredProperty,count,measurementDenominator,Count_BirthEvent_LiveBirth,ageGroupClassification,Infant,unit,Per1000LiveBirths
2018-09,observationDate,2018-09,value,{Number},populationType,MortalityEvent,measuredProperty,count,measurementDenominator,Count_BirthEvent_LiveBirth,ageGroupClassification,Infant,unit,Per1000LiveBirths
2018-10,observationDate,2018-10,value,{Number},populationType,MortalityEvent,measuredProperty,count,measurementDenominator,Count_BirthEvent_LiveBirth,ageGroupClassification,Infant,unit,Per1000LiveBirths
2018-11,observationDate,2018-11,value,{Number},populationType,MortalityEvent,measuredProperty,count,measurementDenominator,Count_BirthEvent_LiveBirth,ageGroupClassification,Infant,unit,Per1000LiveBirths
2018-12,observationDate,2018-12,value,{Number},populationType,MortalityEvent,measuredProperty,count,measurementDenominator,Count_BirthEvent_LiveBirth,ageGroupClassification,Infant,unit,Per1000LiveBirths
2019-01,observationDate,2019-01,value,{Number},populationType,MortalityEvent,measuredProperty,count,measurementDenominator,Count_BirthEvent_LiveBirth,ageGroupClassification,Infant,unit,Per1000LiveBirths
2019-02,observationDate,2019-02,value,{Number},populationType,MortalityEvent,measuredProperty,count,measurementDenominator,Count_BirthEvent_LiveBirth,ageGroupClassification,Infant,unit,Per1000LiveBirths
2019-03,observationDate,2019-03,value,{Number},populationType,MortalityEvent,measuredProperty,count,measurementDenominator,Count_BirthEvent_LiveBirth,ageGroupClassification,Infant,unit,Per1000LiveBirths
2019-04,observationDate,2019-04,value,{Number},populationType,MortalityEvent,measuredProperty,count,measurementDenominator,Count_BirthEvent_LiveBirth,ageGroupClassification,Infant,unit,Per1000LiveBirths
2019-05,observationDate,2019-05,value,{Number},populationType,MortalityEvent,measuredProperty,count,measurementDenominator,Count_BirthEvent_LiveBirth,ageGroupClassification,Infant,unit,Per1000LiveBirths
2019-06,observationDate,2019-06,value,{Number},populationType,MortalityEvent,measuredProperty,count,measurementDenominator,Count_BirthEvent_LiveBirth,ageGroupClassification,Infant,unit,Per1000LiveBirths
2019-07,observationDate,2019-07,value,{Number},populationType,MortalityEvent,measuredProperty,count,measurementDenominator,Count_BirthEvent_LiveBirth,ageGroupClassification,Infant,unit,Per1000LiveBirths
2019-08,observationDate,2019-08,value,{Number},populationType,MortalityEvent,measuredProperty,count,measurementDenominator,Count_BirthEvent_LiveBirth,ageGroupClassification,Infant,unit,Per1000LiveBirths
2019-09,observationDate,2019-09,value,{Number},populationType,MortalityEvent,measuredProperty,count,measurementDenominator,Count_BirthEvent_LiveBirth,ageGroupClassification,Infant,unit,Per1000LiveBirths
2019-10,observationDate,2019-10,value,{Number},populationType,MortalityEvent,measuredProperty,count,measurementDenominator,Count_BirthEvent_LiveBirth,ageGroupClassification,Infant,unit,Per1000LiveBirths
2019-11,observationDate,2019-11,value,{Number},populationType,MortalityEvent,measuredProperty,count,measurementDenominator,Count_BirthEvent_LiveBirth,ageGroupClassification,Infant,unit,Per1000LiveBirths
2019-12,observationDate,2019-12,value,{Number},populationType,MortalityEvent,measuredProperty,count,measurementDenominator,Count_BirthEvent_LiveBirth,ageGroupClassification,Infant,unit,Per1000LiveBirths
2020-01,observationDate,2020-01,value,{Number},populationType,MortalityEvent,measuredProperty,count,measurementDenominator,Count_BirthEvent_LiveBirth,ageGroupClassification,Infant,unit,Per1000LiveBirths
2020-02,observationDate,2020-02,value,{Number},populationType,MortalityEvent,measuredProperty,count,measurementDenominator,Count_BirthEvent_LiveBirth,ageGroupClassification,Infant,unit,Per1000LiveBirths
2020-03,observationDate,2020-03,value,{Number},populationType,MortalityEvent,measuredProperty,count,measurementDenominator,Count_BirthEvent_LiveBirth,ageGroupClassification,Infant,unit,Per1000LiveBirths
2020-04,observationDate,2020-04,value,{Number},populationType,MortalityEvent,measuredProperty,count,measurementDenominator,Count_BirthEvent_LiveBirth,ageGroupClassification,Infant,unit,Per1000LiveBirths
2020-05,observationDate,2020-05,value,{Number},populationType,MortalityEvent,measuredProperty,count,measurementDenominator,Count_BirthEvent_LiveBirth,ageGroupClassification,Infant,unit,Per1000LiveBirths
2020-06,observationDate,2020-06,value,{Number},populationType,MortalityEvent,measuredProperty,count,measurementDenominator,Count_BirthEvent_LiveBirth,ageGroupClassification,Infant,unit,Per1000LiveBirths
2020-07,observationDate,2020-07,value,{Number},populationType,MortalityEvent,measuredProperty,count,measurementDenominator,Count_BirthEvent_LiveBirth,ageGroupClassification,Infant,unit,Per1000LiveBirths
2020-08,observationDate,2020-08,value,{Number},populationType,MortalityEvent,measuredProperty,count,measurementDenominator,Count_BirthEvent_LiveBirth,ageGroupClassification,Infant,unit,Per1000LiveBirths
2020-09,observationDate,2020-09,value,{Number},populationType,MortalityEvent,measuredProperty,count,measurementDenominator,Count_BirthEvent_LiveBirth,ageGroupClassification,Infant,unit,Per1000LiveBirths
2020-10,observationDate,2020-10,value,{Number},populationType,MortalityEvent,measuredProperty,count,measurementDenominator,Count_BirthEvent_LiveBirth,ageGroupClassification,Infant,unit,Per1000LiveBirths
2020-11,observationDate,2020-11,value,{Number},populationType,MortalityEvent,measuredProperty,count,measurementDenominator,Count_BirthEvent_LiveBirth,ageGroupClassification,Infant,unit,Per1000LiveBirths
2020-12,observationDate,2020-12,value,{Number},populationType,MortalityEvent,measuredProperty,count,measurementDenominator,Count_BirthEvent_LiveBirth,ageGroupClassification,Infant,unit,Per1000LiveBirths
2021-01,observationDate,2021-01,value,{Number},populationType,MortalityEvent,measuredProperty,count,measurementDenominator,Count_BirthEvent_LiveBirth,ageGroupClassification,Infant,unit,Per1000LiveBirths
2021-02,observationDate,2021-02,value,{Number},populationType,MortalityEvent,measuredProperty,count,measurementDenominator,Count_BirthEvent_LiveBirth,ageGroupClassification,Infant,unit,Per1000LiveBirths
2021-03,observationDate,2021-03,value,{Number},populationType,MortalityEvent,measuredProperty,count,measurementDenominator,Count_BirthEvent_LiveBirth,ageGroupClassification,Infant,unit,Per1000LiveBirths
2021-04,observationDate,2021-04,value,{Number},populationType,MortalityEvent,measuredProperty,count,measurementDenominator,Count_BirthEvent_LiveBirth,ageGroupClassification,Infant,unit,Per1000LiveBirths
2021-05,observationDate,2021-05,value,{Number},populationType,MortalityEvent,measuredProperty,count,measurementDenominator,Count_BirthEvent_LiveBirth,ageGroupClassification,Infant,unit,Per1000LiveBirths
2021-06,observationDate,2021-06,value,{Number},populationType,MortalityEvent,measuredProperty,count,measurementDenominator,Count_BirthEvent_LiveBirth,ageGroupClassification,Infant,unit,Per1000LiveBirths
2021-07,observationDate,2021-07,value,{Number},populationType,MortalityEvent,measuredProperty,count,measurementDenominator,Count_BirthEvent_LiveBirth,ageGroupClassification,Infant,unit,Per1000LiveBirths
2021-08,observationDate,2021-08,value,{Number},populationType,MortalityEvent,measuredProperty,count,measurementDenominator,Count_BirthEvent_LiveBirth,ageGroupClassification,Infant,unit,Per1000LiveBirths
2021-09,observationDate,2021-09,value,{Number},populationType,MortalityEvent,measuredProperty,count,measurementDenominator,Count_BirthEvent_LiveBirth,ageGroupClassification,Infant,unit,Per1000LiveBirths
2021-10,observationDate,2021-10,value,{Number},populationType,MortalityEvent,measuredProperty,count,measurementDenominator,Count_BirthEvent_LiveBirth,ageGroupClassification,Infant,unit,Per1000LiveBirths
2021-11,observationDate,2021-11,value,{Number},populationType,MortalityEvent,measuredProperty,count,measurementDenominator,Count_BirthEvent_LiveBirth,ageGroupClassification,Infant,unit,Per1000LiveBirths
2021-12,observationDate,2021-12,value,{Number},populationType,MortalityEvent,measuredProperty,count,measurementDenominator,Count_BirthEvent_LiveBirth,ageGroupClassification,Infant,unit,Per1000LiveBirths
2022-01,observationDate,2022-01,value,{Number},populationType,MortalityEvent,measuredProperty,count,measurementDenominator,Count_BirthEvent_LiveBirth,ageGroupClassification,Infant,unit,Per1000LiveBirths
2022-02,observationDate,2022-02,value,{Number},populationType,MortalityEvent,measuredProperty,count,measurementDenominator,Count_BirthEvent_LiveBirth,ageGroupClassification,Infant,unit,Per1000LiveBirths
2022-03,observationDate,2022-03,value,{Number},populationType,MortalityEvent,measuredProperty,count,measurementDenominator,Count_BirthEvent_LiveBirth,ageGroupClassification,Infant,unit,Per1000LiveBirths
2022-04,observationDate,2022-04,value,{Number},populationType,MortalityEvent,measuredProperty,count,measurementDenominator,Count_BirthEvent_LiveBirth,ageGroupClassification,Infant,unit,Per1000LiveBirths
2022-05,observationDate,2022-05,value,{Number},populationType,MortalityEvent,measuredProperty,count,measurementDenominator,Count_BirthEvent_LiveBirth,ageGroupClassification,Infant,unit,Per1000LiveBirths
2022-06,observationDate,2022-06,value,{Number},populationType,MortalityEvent,measuredProperty,count,measurementDenominator,Count_BirthEvent_LiveBirth,ageGroupClassification,Infant,unit,Per1000LiveBirths
2022-07,observationDate,2022-07,value,{Number},populationType,MortalityEvent,measuredProperty,count,measurementDenominator,Count_BirthEvent_LiveBirth,ageGroupClassification,Infant,unit,Per1000LiveBirths
2022-08,observationDate,2022-08,value,{Number},populationType,MortalityEvent,measuredProperty,count,measurementDenominator,Count_BirthEvent_LiveBirth,ageGroupClassification,Infant,unit,Per1000LiveBirths
2022-09,observationDate,2022-09,value,{Number},populationType,MortalityEvent,measuredProperty,count,measurementDenominator,Count_BirthEvent_LiveBirth,ageGroupClassification,Infant,unit,Per1000LiveBirths
2022-10,observationDate,2022-10,value,{Number},populationType,MortalityEvent,measuredProperty,count,measurementDenominator,Count_BirthEvent_LiveBirth,ageGroupClassification,Infant,unit,Per1000LiveBirths
2022-11,observationDate,2022-11,value,{Number},populationType,MortalityEvent,measuredProperty,count,measurementDenominator,Count_BirthEvent_LiveBirth,ageGroupClassification,Infant,unit,Per1000LiveBirths
2022-12,observationDate,2022-12,value,{Number},populationType,MortalityEvent,measuredProperty,count,measurementDenominator,Count_BirthEvent_LiveBirth,ageGroupClassification,Infant,unit,Per1000LiveBirths
2023-01,observationDate,2023-01,value,{Number},populationType,MortalityEvent,measuredProperty,count,measurementDenominator,Count_BirthEvent_LiveBirth,ageGroupClassification,Infant,unit,Per1000LiveBirths
2023-02,observationDate,2023-02,value,{Number},populationType,MortalityEvent,measuredProperty,count,measurementDenominator,Count_BirthEvent_LiveBirth,ageGroupClassification,Infant,unit,Per1000LiveBirths
2023-03,observationDate,2023-03,value,{Number},populationType,MortalityEvent,measuredProperty,count,measurementDenominator,Count_BirthEvent_LiveBirth,ageGroupClassification,Infant,unit,Per1000LiveBirths
2023-04,observationDate,2023-04,value,{Number},populationType,MortalityEvent,measuredProperty,count,measurementDenominator,Count_BirthEvent_LiveBirth,ageGroupClassification,Infant,unit,Per1000LiveBirths
2023-05,observationDate,2023-05,value,{Number},populationType,MortalityEvent,measuredProperty,count,measurementDenominator,Count_BirthEvent_LiveBirth,ageGroupClassification,Infant,unit,Per1000LiveBirths
2023-06,observationDate,2023-06,value,{Number},populationType,MortalityEvent,measuredProperty,count,measurementDenominator,Count_BirthEvent_LiveBirth,ageGroupClassification,Infant,unit,Per1000LiveBirths
2023-07,observationDate,2023-07,value,{Number},populationType,MortalityEvent,measuredProperty,count,measurementDenominator,Count_BirthEvent_LiveBirth,ageGroupClassification,Infant,unit,Per1000LiveBirths
2023-08,observationDate,2023-08,value,{Number},populationType,MortalityEvent,measuredProperty,count,measurementDenominator,Count_BirthEvent_LiveBirth,ageGroupClassification,Infant,unit,Per1000LiveBirths
2023-09,observationDate,2023-09,value,{Number},populationType,MortalityEvent,measuredProperty,count,measurementDenominator,Count_BirthEvent_LiveBirth,ageGroupClassification,Infant,unit,Per1000LiveBirths
2023-10,observationDate,2023-10,value,{Number},populationType,MortalityEvent,measuredProperty,count,measurementDenominator,Count_BirthEvent_LiveBirth,ageGroupClassification,Infant,unit,Per1000LiveBirths
2023-11,observationDate,2023-11,value,{Number},populationType,MortalityEvent,measuredProperty,count,measurementDenominator,Count_BirthEvent_LiveBirth,ageGroupClassification,Infant,unit,Per1000LiveBirths
2023-12,observationDate,2023-12,value,{Number},populationType,MortalityEvent,measuredProperty,count,measurementDenominator,Count_BirthEvent_LiveBirth,ageGroupClassification,Infant,unit,Per1000LiveBirths
2024-01,observationDate,2024-01,value,{Number},populationType,MortalityEvent,measuredProperty,count,measurementDenominator,Count_BirthEvent_LiveBirth,ageGroupClassification,Infant,unit,Per1000LiveBirths
2024-02,observationDate,2024-02,value,{Number},populationType,MortalityEvent,measuredProperty,count,measurementDenominator,Count_BirthEvent_LiveBirth,ageGroupClassification,Infant,unit,Per1000LiveBirths
2024-03,observationDate,2024-03,value,{Number},populationType,MortalityEvent,measuredProperty,count,measurementDenominator,Count_BirthEvent_LiveBirth,ageGroupClassification,Infant,unit,Per1000LiveBirths
2024-04,observationDate,2024-04,value,{Number},populationType,MortalityEvent,measuredProperty,count,measurementDenominator,Count_BirthEvent_LiveBirth,ageGroupClassification,Infant,unit,Per1000LiveBirths
2024-05,observationDate,2024-05,value,{Number},populationType,MortalityEvent,measuredProperty,count,measurementDenominator,Count_BirthEvent_LiveBirth,ageGroupClassification,Infant,unit,Per1000LiveBirths
2024-06,observationDate,2024-06,value,{Number},populationType,MortalityEvent,measuredProperty,count,measurementDenominator,Count_BirthEvent_LiveBirth,ageGroupClassification,Infant,unit,Per1000LiveBirths
2024-07,observationDate,2024-07,value,{Number},populationType,MortalityEvent,measuredProperty,count,measurementDenominator,Count_BirthEvent_LiveBirth,ageGroupClassification,Infant,unit,Per1000LiveBirths
2024-08,observationDate,2024-08,value,{Number},populationType,MortalityEvent,measuredProperty,count,measurementDenominator,Count_BirthEvent_LiveBirth,ageGroupClassification,Infant,unit,Per1000LiveBirths
2024-09,observationDate,2024-09,value,{Number},populationType,MortalityEvent,measuredProperty,count,measurementDenominator,Count_BirthEvent_LiveBirth,ageGroupClassification,Infant,unit,Per1000LiveBirths
2024-10,observationDate,2024-10,value,{Number},populationType,MortalityEvent,measuredProperty,count,measurementDenominator,Count_BirthEvent_LiveBirth,ageGroupClassification,Infant,unit,Per1000LiveBirths
2024-11,observationDate,2024-11,value,{Number},populationType,MortalityEvent,measuredProperty,count,measurementDenominator,Count_BirthEvent_LiveBirth,ageGroupClassification,Infant,unit,Per1000LiveBirths
2024-12,observationDate,2024-12,value,{Number},populationType,MortalityEvent,measuredProperty,count,measurementDenominator,Count_BirthEvent_LiveBirth,ageGroupClassification,Infant,unit,Per1000LiveBirths
2025-01,observationDate,2025-01,value,{Number},populationType,MortalityEvent,measuredProperty,count,measurementDenominator,Count_BirthEvent_LiveBirth,ageGroupClassification,Infant,unit,Per1000LiveBirths
2025-02,observationDate,2025-02,value,{Number},populationType,MortalityEvent,measuredProperty,count,measurementDenominator,Count_BirthEvent_LiveBirth,ageGroupClassification,Infant,unit,Per1000LiveBirths
2025-03,observationDate,2025-03,value,{Number},populationType,MortalityEvent,measuredProperty,count,measurementDenominator,Count_BirthEvent_LiveBirth,ageGroupClassification,Infant,unit,Per1000LiveBirths
2025-04,observationDate,2025-04,value,{Number},populationType,MortalityEvent,measuredProperty,count,measurementDenominator,Count_BirthEvent_LiveBirth,ageGroupClassification,Infant,unit,Per1000LiveBirths
2025-05,observationDate,2025-05,value,{Number},populationType,MortalityEvent,measuredProperty,count,measurementDenominator,Count_BirthEvent_LiveBirth,ageGroupClassification,Infant,unit,Per1000LiveBirths
2025-06,observationDate,2025-06,value,{Number},populationType,MortalityEvent,measuredProperty,count,measurementDenominator,Count_BirthEvent_LiveBirth,ageGroupClassification,Infant,unit,Per1000LiveBirths
2025-07,observationDate,2025-07,value,{Number},populationType,MortalityEvent,measuredProperty,count,measurementDenominator,Count_BirthEvent_LiveBirth,ageGroupClassification,Infant,unit,Per1000LiveBirths
2025-08,observationDate,2025-08,value,{Number},populationType,MortalityEvent,measuredProperty,count,measurementDenominator,Count_BirthEvent_LiveBirth,ageGroupClassification,Infant,unit,Per1000LiveBirths
2025-09,observationDate,2025-09,value,{Number},populationType,MortalityEvent,measuredProperty,count,measurementDenominator,Count_BirthEvent_LiveBirth,ageGroupClassification,Infant,unit,Per1000LiveBirths
2025-10,observationDate,2025-10,value,{Number},populationType,MortalityEvent,measuredProperty,count,measurementDenominator,Count_BirthEvent_LiveBirth,ageGroupClassification,Infant,unit,Per1000LiveBirths
2025-11,observationDate,2025-11,value,{Number},populationType,MortalityEvent,measuredProperty,count,measurementDenominator,Count_BirthEvent_LiveBirth,ageGroupClassification,Infant,unit,Per1000LiveBirths
2025-12,observationDate,2025-12,value,{Number},populationType,MortalityEvent,measuredProperty,count,measurementDenominator,Count_BirthEvent_LiveBirth,ageGroupClassification,Infant,unit,Per1000LiveBirths
2026-01,observationDate,2026-01,value,{Number},populationType,MortalityEvent,measuredProperty,count,measurementDenominator,Count_BirthEvent_LiveBirth,ageGroupClassification,Infant,unit,Per1000LiveBirths
2026-02,observationDate,2026-02,value,{Number},populationType,MortalityEvent,measuredProperty,count,measurementDenominator,Count_BirthEvent_LiveBirth,ageGroupClassification,Infant,unit,Per1000LiveBirths
2026-03,observationDate,2026-03,value,{Number},populationType,MortalityEvent,measuredProperty,count,measurementDenominator,Count_BirthEvent_LiveBirth,ageGroupClassification,Infant,unit,Per1000LiveBirths
2026-04,observationDate,2026-04,value,{Number},populationType,MortalityEvent,measuredProperty,count,measurementDenominator,Count_BirthEvent_LiveBirth,ageGroupClassification,Infant,unit,Per1000LiveBirths
2026-05,observationDate,2026-05,value,{Number},populationType,MortalityEvent,measuredProperty,count,measurementDenominator,Count_BirthEvent_LiveBirth,ageGroupClassification,Infant,unit,Per1000LiveBirths
2026-06,observationDate,2026-06,value,{Number},populationType,MortalityEvent,measuredProperty,count,measurementDenominator,Count_BirthEvent_LiveBirth,ageGroupClassification,Infant,unit,Per1000LiveBirths
2026-07,observationDate,2026-07,value,{Number},populationType,MortalityEvent,measuredProperty,count,measurementDenominator,Count_BirthEvent_LiveBirth,ageGroupClassification,Infant,unit,Per1000LiveBirths
2026-08,observationDate,2026-08,value,{Number},populationType,MortalityEvent,measuredProperty,count,measurementDenominator,Count_BirthEvent_LiveBirth,ageGroupClassification,Infant,unit,Per1000LiveBirths
2026-09,observationDate,2026-09,value,{Number},populationType,MortalityEvent,measuredProperty,count,measurementDenominator,Count_BirthEvent_LiveBirth,ageGroupClassification,Infant,unit,Per1000LiveBirths
2026-10,observationDate,2026-10,value,{Number},populationType,MortalityEvent,measuredProperty,count,measurementDenominator,Count_BirthEvent_LiveBirth,ageGroupClassification,Infant,unit,Per1000LiveBirths
2026-11,observationDate,2026-11,value,{Number},populationType,MortalityEvent,measuredProperty,count,measurementDenominator,Count_BirthEvent_LiveBirth,ageGroupClassification,Infant,unit,Per1000LiveBirths
2026-12,observationDate,2026-12,value,{Number},populationType,MortalityEvent,measuredProperty,count,measurementDenominator,Count_BirthEvent_LiveBirth,ageGroupClassification,Infant,unit,Per1000LiveBirths
2027-01,observationDate,2027-01,value,{Number},populationType,MortalityEvent,measuredProperty,count,measurementDenominator,Count_BirthEvent_LiveBirth,ageGroupClassification,Infant,unit,Per1000LiveBirths
2027-02,observationDate,2027-02,value,{Number},populationType,MortalityEvent,measuredProperty,count,measurementDenominator,Count_BirthEvent_LiveBirth,ageGroupClassification,Infant,unit,Per1000LiveBirths
2027-03,observationDate,2027-03,value,{Number},populationType,MortalityEvent,measuredProperty,count,measurementDenominator,Count_BirthEvent_LiveBirth,ageGroupClassification,Infant,unit,Per1000LiveBirths
2027-04,observationDate,2027-04,value,{Number},populationType,MortalityEvent,measuredProperty,count,measurementDenominator,Count_BirthEvent_LiveBirth,ageGroupClassification,Infant,unit,Per1000LiveBirths
2027-05,observationDate,2027-05,value,{Number},populationType,MortalityEvent,measuredProperty,count,measurementDenominator,Count_BirthEvent_LiveBirth,ageGroupClassification,Infant,unit,Per1000LiveBirths
2027-06,observationDate,2027-06,value,{Number},populationType,MortalityEvent,measuredProperty,count,measurementDenominator,Count_BirthEvent_LiveBirth,ageGroupClassification,Infant,unit,Per1000LiveBirths
2027-07,observationDate,2027-07,value,{Number},populationType,MortalityEvent,measuredProperty,count,measurementDenominator,Count_BirthEvent_LiveBirth,ageGroupClassification,Infant,unit,Per1000LiveBirths
2027-08,observationDate,2027-08,value,{Number},populationType,MortalityEvent,measuredProperty,count,measurementDenominator,Count_BirthEvent_LiveBirth,ageGroupClassification,Infant,unit,Per1000LiveBirths
2027-09,observationDate,2027-09,value,{Number},populationType,MortalityEvent,measuredProperty,count,measurementDenominator,Count_BirthEvent_LiveBirth,ageGroupClassification,Infant,unit,Per1000LiveBirths
2027-10,observationDate,2027-10,value,{Number},populationType,MortalityEvent,measuredProperty,count,measurementDenominator,Count_BirthEvent_LiveBirth,ageGroupClassification,Infant,unit,Per1000LiveBirths
2027-11,observationDate,2027-11,value,{Number},populationType,MortalityEvent,measuredProperty,count,measurementDenominator,Count_BirthEvent_LiveBirth,ageGroupClassification,Infant,unit,Per1000LiveBirths
2027-12,observationDate,2027-12,value,{Number},populationType,MortalityEvent,measuredProperty,count,measurementDenominator,Count_BirthEvent_LiveBirth,ageGroupClassification,Infant,unit,Per1000LiveBirths
2028-01,observationDate,2028-01,value,{Number},populationType,MortalityEvent,measuredProperty,count,measurementDenominator,Count_BirthEvent_LiveBirth,ageGroupClassification,Infant,unit,Per1000LiveBirths
2028-02,observationDate,2028-02,value,{Number},populationType,MortalityEvent,measuredProperty,count,measurementDenominator,Count_BirthEvent_LiveBirth,ageGroupClassification,Infant,unit,Per1000LiveBirths
2028-03,observationDate,2028-03,value,{Number},populationType,MortalityEvent,measuredProperty,count,measurementDenominator,Count_BirthEvent_LiveBirth,ageGroupClassification,Infant,unit,Per1000LiveBirths
2028-04,observationDate,2028-04,value,{Number},populationType,MortalityEvent,measuredProperty,count,measurementDenominator,Count_BirthEvent_LiveBirth,ageGroupClassification,Infant,unit,Per1000LiveBirths
2028-05,observationDate,2028-05,value,{Number},populationType,MortalityEvent,measuredProperty,count,measurementDenominator,Count_BirthEvent_LiveBirth,ageGroupClassification,Infant,unit,Per1000LiveBirths
2028-06,observationDate,2028-06,value,{Number},populationType,MortalityEvent,measuredProperty,count,measurementDenominator,Count_BirthEvent_LiveBirth,ageGroupClassification,Infant,unit,Per1000LiveBirths
2028-07,observationDate,2028-07,value,{Number},populationType,MortalityEvent,measuredProperty,count,measurementDenominator,Count_BirthEvent_LiveBirth,ageGroupClassification,Infant,unit,Per1000LiveBirths
2028-08,observationDate,2028-08,value,{Number},populationType,MortalityEvent,measuredProperty,count,measurementDenominator,Count_BirthEvent_LiveBirth,ageGroupClassification,Infant,unit,Per1000LiveBirths
2028-09,observationDate,2028-09,value,{Number},populationType,MortalityEvent,measuredProperty,count,measurementDenominator,Count_BirthEvent_LiveBirth,ageGroupClassification,Infant,unit,Per1000LiveBirths
2028-10,observationDate,2028-10,value,{Number},populationType,MortalityEvent,measuredProperty,count,measurementDenominator,Count_BirthEvent_LiveBirth,ageGroupClassification,Infant,unit,Per1000LiveBirths
2028-11,observationDate,2028-11,value,{Number},populationType,MortalityEvent,measuredProperty,count,measurementDenominator,Count_BirthEvent_LiveBirth,ageGroupClassification,Infant,unit,Per1000LiveBirths
2028-12,observationDate,2028-12,value,{Number},populationType,MortalityEvent,measuredProperty,count,measurementDenominator,Count_BirthEvent_LiveBirth,ageGroupClassification,Infant,unit,Per1000LiveBirths
2029-01,observationDate,2029-01,value,{Number},populationType,MortalityEvent,measuredProperty,count,measurementDenominator,Count_BirthEvent_LiveBirth,ageGroupClassification,Infant,unit,Per1000LiveBirths
2029-02,observationDate,2029-02,value,{Number},populationType,MortalityEvent,measuredProperty,count,measurementDenominator,Count_BirthEvent_LiveBirth,ageGroupClassification,Infant,unit,Per1000LiveBirths
2029-03,observationDate,2029-03,value,{Number},populationType,MortalityEvent,measuredProperty,count,measurementDenominator,Count_BirthEvent_LiveBirth,ageGroupClassification,Infant,unit,Per1000LiveBirths
2029-04,observationDate,2029-04,value,{Number},populationType,MortalityEvent,measuredProperty,count,measurementDenominator,Count_BirthEvent_LiveBirth,ageGroupClassification,Infant,unit,Per1000LiveBirths
2029-05,observationDate,2029-05,value,{Number},populationType,MortalityEvent,measuredProperty,count,measurementDenominator,Count_BirthEvent_LiveBirth,ageGroupClassification,Infant,unit,Per1000LiveBirths
2029-06,observationDate,2029-06,value,{Number},populationType,MortalityEvent,measuredProperty,count,measurementDenominator,Count_BirthEvent_LiveBirth,ageGroupClassification,Infant,unit,Per1000LiveBirths
2029-07,observationDate,2029-07,value,{Number},populationType,MortalityEvent,measuredProperty,count,measurementDenominator,Count_BirthEvent_LiveBirth,ageGroupClassification,Infant,unit,Per1000LiveBirths
2029-08,observationDate,2029-08,value,{Number},populationType,MortalityEvent,measuredProperty,count,measurementDenominator,Count_BirthEvent_LiveBirth,ageGroupClassification,Infant,unit,Per1000LiveBirths
2029-09,observationDate,2029-09,value,{Number},populationType,MortalityEvent,measuredProperty,count,measurementDenominator,Count_BirthEvent_LiveBirth,ageGroupClassification,Infant,unit,Per1000LiveBirths
2029-10,observationDate,2029-10,value,{Number},populationType,MortalityEvent,measuredProperty,count,measurementDenominator,Count_BirthEvent_LiveBirth,ageGroupClassification,Infant,unit,Per1000LiveBirths
2029-11,observationDate,2029-11,value,{Number},populationType,MortalityEvent,measuredProperty,count,measurementDenominator,Count_BirthEvent_LiveBirth,ageGroupClassification,Infant,unit,Per1000LiveBirths
2029-12,observationDate,2029-12,value,{Number},populationType,MortalityEvent,measuredProperty,count,measurementDenominator,Count_BirthEvent_LiveBirth,ageGroupClassification,Infant,unit,Per1000LiveBirths
2030-01,observationDate,2030-01,value,{Number},populationType,MortalityEvent,measuredProperty,count,measurementDenominator,Count_BirthEvent_LiveBirth,ageGroupClassification,Infant,unit,Per1000LiveBirths
2030-02,observationDate,2030-02,value,{Number},populationType,MortalityEvent,measuredProperty,count,measurementDenominator,Count_BirthEvent_LiveBirth,ageGroupClassification,Infant,unit,Per1000LiveBirths
2030-03,observationDate,2030-03,value,{Number},populationType,MortalityEvent,measuredProperty,count,measurementDenominator,Count_BirthEvent_LiveBirth,ageGroupClassification,Infant,unit,Per1000LiveBirths
2030-04,observationDate,2030-04,value,{Number},populationType,MortalityEvent,measuredProperty,count,measurementDenominator,Count_BirthEvent_LiveBirth,ageGroupClassification,Infant,unit,Per1000LiveBirths
2030-05,observationDate,2030-05,value,{Number},populationType,MortalityEvent,measuredProperty,count,measurementDenominator,Count_BirthEvent_LiveBirth,ageGroupClassification,Infant,unit,Per1000LiveBirths
2030-06,observationDate,2030-06,value,{Number},populationType,MortalityEvent,measuredProperty,count,measurementDenominator,Count_BirthEvent_LiveBirth,ageGroupClassification,Infant,unit,Per1000LiveBirths
2030-07,observationDate,2030-07,value,{Number},populationType,MortalityEvent,measuredProperty,count,measurementDenominator,Count_BirthEvent_LiveBirth,ageGroupClassification,Infant,unit,Per1000LiveBirths
2030-08,observationDate,2030-08,value,{Number},populationType,MortalityEvent,measuredProperty,count,measurementDenominator,Count_BirthEvent_LiveBirth,ageGroupClassification,Infant,unit,Per1000LiveBirths
2030-09,observationDate,2030-09,value,{Number},populationType,MortalityEvent,measuredProperty,count,measurementDenominator,Count_BirthEvent_LiveBirth,ageGroupClassification,Infant,unit,Per1000LiveBirths
2030-10,observationDate,2030-10,value,{Number},populationType,MortalityEvent,measuredProperty,count,measurementDenominator,Count_BirthEvent_LiveBirth,ageGroupClassification,Infant,unit,Per1000LiveBirths
2030-11,observationDate,2030-11,value,{Number},populationType,MortalityEvent,measuredProperty,count,measurementDenominator,Count_BirthEvent_LiveBirth,ageGroupClassification,Infant,unit,Per1000LiveBirths
2030-12,observationDate,2030-12,value,{Number},populationType,MortalityEvent,measuredProperty,count,measurementDenominator,Count_BirthEvent_LiveBirth,ageGroupClassification,Infant,unit,Per1000LiveBirths
2031-01,observationDate,2031-01,value,{Number},populationType,MortalityEvent,measuredProperty,count,measurementDenominator,Count_BirthEvent_LiveBirth,ageGroupClassification,Infant,unit,Per1000LiveBirths
2031-02,observationDate,2031-02,value,{Number},populationType,MortalityEvent,measuredProperty,count,measurementDenominator,Count_BirthEvent_LiveBirth,ageGroupClassification,Infant,unit,Per1000LiveBirths
2031-03,observationDate,2031-03,value,{Number},populationType,MortalityEvent,measuredProperty,count,measurementDenominator,Count_BirthEvent_LiveBirth,ageGroupClassification,Infant,unit,Per1000LiveBirths
2031-04,observationDate,2031-04,value,{Number},populationType,MortalityEvent,measuredProperty,count,measurementDenominator,Count_BirthEvent_LiveBirth,ageGroupClassification,Infant,unit,Per1000LiveBirths
2031-05,observationDate,2031-05,value,{Number},populationType,MortalityEvent,measuredProperty,count,measurementDenominator,Count_BirthEvent_LiveBirth,ageGroupClassification,Infant,unit,Per1000LiveBirths
2031-06,observationDate,2031-06,value,{Number},populationType,MortalityEvent,measuredProperty,count,measurementDenominator,Count_BirthEvent_LiveBirth,ageGroupClassification,Infant,unit,Per1000LiveBirths
2031-07,observationDate,2031-07,value,{Number},populationType,MortalityEvent,measuredProperty,count,measurementDenominator,Count_BirthEvent_LiveBirth,ageGroupClassification,Infant,unit,Per1000LiveBirths
2031-08,observationDate,2031-08,value,{Number},populationType,MortalityEvent,measuredProperty,count,measurementDenominator,Count_BirthEvent_LiveBirth,ageGroupClassification,Infant,unit,Per1000LiveBirths
2031-09,observationDate,2031-09,value,{Number},populationType,MortalityEvent,measuredProperty,count,measurementDenominator,Count_BirthEvent_LiveBirth,ageGroupClassification,Infant,unit,Per1000LiveBirths
2031-10,observationDate,2031-10,value,{Number},populationType,MortalityEvent,measuredProperty,count,measurementDenominator,Count_BirthEvent_LiveBirth,ageGroupClassification,Infant,unit,Per1000LiveBirths
2031-11,observationDate,2031-11,value,{Number},populationType,MortalityEvent,measuredProperty,count,measurementDenominator,Count_BirthEvent_LiveBirth,ageGroupClassification,Infant,unit,Per1000LiveBirths
2031-12,observationDate,2031-12,value,{Number},populationType,MortalityEvent,measuredProperty,count,measurementDenominator,Count_BirthEvent_LiveBirth,ageGroupClassification,Infant,unit,Per1000LiveBirths
2032-01,observationDate,2032-01,value,{Number},populationType,MortalityEvent,measuredProperty,count,measurementDenominator,Count_BirthEvent_LiveBirth,ageGroupClassification,Infant,unit,Per1000LiveBirths
2032-02,observationDate,2032-02,value,{Number},populationType,MortalityEvent,measuredProperty,count,measurementDenominator,Count_BirthEvent_LiveBirth,ageGroupClassification,Infant,unit,Per1000LiveBirths
2032-03,observationDate,2032-03,value,{Number},populationType,MortalityEvent,measuredProperty,count,measurementDenominator,Count_BirthEvent_LiveBirth,ageGroupClassification,Infant,unit,Per1000LiveBirths
2032-04,observationDate,2032-04,value,{Number},populationType,MortalityEvent,measuredProperty,count,measurementDenominator,Count_BirthEvent_LiveBirth,ageGroupClassification,Infant,unit,Per1000LiveBirths
2032-05,observationDate,2032-05,value,{Number},populationType,MortalityEvent,measuredProperty,count,measurementDenominator,Count_BirthEvent_LiveBirth,ageGroupClassification,Infant,unit,Per1000LiveBirths
2032-06,observationDate,2032-06,value,{Number},populationType,MortalityEvent,measuredProperty,count,measurementDenominator,Count_BirthEvent_LiveBirth,ageGroupClassification,Infant,unit,Per1000LiveBirths
2032-07,observationDate,2032-07,value,{Number},populationType,MortalityEvent,measuredProperty,count,measurementDenominator,Count_BirthEvent_LiveBirth,ageGroupClassification,Infant,unit,Per1000LiveBirths
2032-08,observationDate,2032-08,value,{Number},populationType,MortalityEvent,measuredProperty,count,measurementDenominator,Count_BirthEvent_LiveBirth,ageGroupClassification,Infant,unit,Per1000LiveBirths
2032-09,observationDate,2032-09,value,{Number},populationType,MortalityEvent,measuredProperty,count,measurementDenominator,Count_BirthEvent_LiveBirth,ageGroupClassification,Infant,unit,Per1000LiveBirths
2032-10,observationDate,2032-10,value,{Number},populationType,MortalityEvent,measuredProperty,count,measurementDenominator,Count_BirthEvent_LiveBirth,ageGroupClassification,Infant,unit,Per1000LiveBirths
2032-11,observationDate,2032-11,value,{Number},populationType,MortalityEvent,measuredProperty,count,measurementDenominator,Count_BirthEvent_LiveBirth,ageGroupClassification,Infant,unit,Per1000LiveBirths
2032-12,observationDate,2032-12,value,{Number},populationType,MortalityEvent,measuredProperty,count,measurementDenominator,Count_BirthEvent_LiveBirth,ageGroupClassification,Infant,unit,Per1000LiveBirths