"GEO_ID","id"
"NAME","Geographic Area Name"
"S1301_C01_001E","Estimate!!Total!!Women 15 to 50 years"
"S1301_C01_001M","Margin of Error!!Total MOE!!Women 15 to 50 years"
"S1301_C01_002E","Estimate!!Total!!Women 15 to 50 years!!15 to 19 years"
"S1301_C01_002M","Margin of Error!!Total MOE!!Women 15 to 50 years!!15 to 19 years"
"S1301_C01_003E","Estimate!!Total!!Women 15 to 50 years!!20 to 34 years"
"S1301_C01_003M","Margin of Error!!Total MOE!!Women 15 to 50 years!!20 to 34 years"
"S1301_C01_004E","Estimate!!Total!!Women 15 to 50 years!!35 to 50 years"
"S1301_C01_004M","Margin of Error!!Total MOE!!Women 15 to 50 years!!35 to 50 years"
"S1301_C01_005E","Estimate!!Total!!Women 15 to 50 years!!RACE AND HISPANIC OR LATINO ORIGIN!!One race"
"S1301_C01_005M","Margin of Error!!Total MOE!!Women 15 to 50 years!!RACE AND HISPANIC OR LATINO ORIGIN!!One race"
"S1301_C01_006E","Estimate!!Total!!Women 15 to 50 years!!RACE AND HISPANIC OR LATINO ORIGIN!!One race!!White"
"S1301_C01_006M","Margin of Error!!Total MOE!!Women 15 to 50 years!!RACE AND HISPANIC OR LATINO ORIGIN!!One race!!White"
"S1301_C01_007E","Estimate!!Total!!Women 15 to 50 years!!RACE AND HISPANIC OR LATINO ORIGIN!!One race!!Black or African American"
"S1301_C01_007M","Margin of Error!!Total MOE!!Women 15 to 50 years!!RACE AND HISPANIC OR LATINO ORIGIN!!One race!!Black or African American"
"S1301_C01_008E","Estimate!!Total!!Women 15 to 50 years!!RACE AND HISPANIC OR LATINO ORIGIN!!One race!!American Indian and Alaska Native"
"S1301_C01_008M","Margin of Error!!Total MOE!!Women 15 to 50 years!!RACE AND HISPANIC OR LATINO ORIGIN!!One race!!American Indian and Alaska Native"
"S1301_C01_009E","Estimate!!Total!!Women 15 to 50 years!!RACE AND HISPANIC OR LATINO ORIGIN!!One race!!Asian"
"S1301_C01_009M","Margin of Error!!Total MOE!!Women 15 to 50 years!!RACE AND HISPANIC OR LATINO ORIGIN!!One race!!Asian"
"S1301_C01_010E","Estimate!!Total!!Women 15 to 50 years!!RACE AND HISPANIC OR LATINO ORIGIN!!One race!!Native Hawaiian and Other Pacific Islander"
"S1301_C01_010M","Margin of Error!!Total MOE!!Women 15 to 50 years!!RACE AND HISPANIC OR LATINO ORIGIN!!One race!!Native Hawaiian and Other Pacific Islander"
"S1301_C01_011E","Estimate!!Total!!Women 15 to 50 years!!RACE AND HISPANIC OR LATINO ORIGIN!!One race!!Some other race"
"S1301_C01_011M","Margin of Error!!Total MOE!!Women 15 to 50 years!!RACE AND HISPANIC OR LATINO ORIGIN!!One race!!Some other race"
"S1301_C01_012E","Estimate!!Total!!Women 15 to 50 years!!RACE AND HISPANIC OR LATINO ORIGIN!!Two or more races"
"S1301_C01_012M","Margin of Error!!Total MOE!!Women 15 to 50 years!!RACE AND HISPANIC OR LATINO ORIGIN!!Two or more races"
"S1301_C01_013E","Estimate!!Total!!Women 15 to 50 years!!RACE AND HISPANIC OR LATINO ORIGIN!!Hispanic or Latino origin (of any race)"
"S1301_C01_013M","Margin of Error!!Total MOE!!Women 15 to 50 years!!RACE AND HISPANIC OR LATINO ORIGIN!!Hispanic or Latino origin (of any race)"
"S1301_C01_014E","Estimate!!Total!!Women 15 to 50 years!!RACE AND HISPANIC OR LATINO ORIGIN!!White alone, not Hispanic or Latino"
"S1301_C01_014M","Margin of Error!!Total MOE!!Women 15 to 50 years!!RACE AND HISPANIC OR LATINO ORIGIN!!White alone, not Hispanic or Latino"
"S1301_C01_015E","Estimate!!Total!!Women 15 to 50 years!!NATIVITY!!Native"
"S1301_C01_015M","Margin of Error!!Total MOE!!Women 15 to 50 years!!NATIVITY!!Native"
"S1301_C01_016E","Estimate!!Total!!Women 15 to 50 years!!NATIVITY!!Foreign born"
"S1301_C01_016M","Margin of Error!!Total MOE!!Women 15 to 50 years!!NATIVITY!!Foreign born"
"S1301_C01_017E","Estimate!!Total!!Women 15 to 50 years!!EDUCATIONAL ATTAINMENT!!Less than high school graduate"
"S1301_C01_017M","Margin of Error!!Total MOE!!Women 15 to 50 years!!EDUCATIONAL ATTAINMENT!!Less than high school graduate"
"S1301_C01_018E","Estimate!!Total!!Women 15 to 50 years!!EDUCATIONAL ATTAINMENT!!High school graduate (includes equivalency)"
"S1301_C01_018M","Margin of Error!!Total MOE!!Women 15 to 50 years!!EDUCATIONAL ATTAINMENT!!High school graduate (includes equivalency)"
"S1301_C01_019E","Estimate!!Total!!Women 15 to 50 years!!EDUCATIONAL ATTAINMENT!!Some college or associate's degree"
"S1301_C01_019M","Margin of Error!!Total MOE!!Women 15 to 50 years!!EDUCATIONAL ATTAINMENT!!Some college or associate's degree"
"S1301_C01_020E","Estimate!!Total!!Women 15 to 50 years!!EDUCATIONAL ATTAINMENT!!Bachelor's degree"
"S1301_C01_020M","Margin of Error!!Total MOE!!Women 15 to 50 years!!EDUCATIONAL ATTAINMENT!!Bachelor's degree"
"S1301_C01_021E","Estimate!!Total!!Women 15 to 50 years!!EDUCATIONAL ATTAINMENT!!Graduate or professional degree"
"S1301_C01_021M","Margin of Error!!Total MOE!!Women 15 to 50 years!!EDUCATIONAL ATTAINMENT!!Graduate or professional degree"
"S1301_C01_022E","Estimate!!Total!!POVERTY STATUS IN THE PAST 12 MONTHS!!Women 15 to 50 years for whom poverty status is determined"
"S1301_C01_022M","Margin of Error!!Total MOE!!POVERTY STATUS IN THE PAST 12 MONTHS!!Women 15 to 50 years for whom poverty status is determined"
"S1301_C01_023E","Estimate!!Total!!POVERTY STATUS IN THE PAST 12 MONTHS!!Women 15 to 50 years for whom poverty status is determined!!Below 100 percent of poverty level"
"S1301_C01_023M","Margin of Error!!Total MOE!!POVERTY STATUS IN THE PAST 12 MONTHS!!Women 15 to 50 years for whom poverty status is determined!!Below 100 percent of poverty level"
"S1301_C01_024E","Estimate!!Total!!POVERTY STATUS IN THE PAST 12 MONTHS!!Women 15 to 50 years for whom poverty status is determined!!100 to 199 percent of poverty level"
"S1301_C01_024M","Margin of Error!!Total MOE!!POVERTY STATUS IN THE PAST 12 MONTHS!!Women 15 to 50 years for whom poverty status is determined!!100 to 199 percent of poverty level"
"S1301_C01_025E","Estimate!!Total!!POVERTY STATUS IN THE PAST 12 MONTHS!!Women 15 to 50 years for whom poverty status is determined!!200 percent or more above poverty level"
"S1301_C01_025M","Margin of Error!!Total MOE!!POVERTY STATUS IN THE PAST 12 MONTHS!!Women 15 to 50 years for whom poverty status is determined!!200 percent or more above poverty level"
"S1301_C01_026E","Estimate!!Total!!LABOR FORCE STATUS!!Women 16 to 50 years"
"S1301_C01_026M","Margin of Error!!Total MOE!!LABOR FORCE STATUS!!Women 16 to 50 years"
"S1301_C01_027E","Estimate!!Total!!LABOR FORCE STATUS!!Women 16 to 50 years!!In labor force"
"S1301_C01_027M","Margin of Error!!Total MOE!!LABOR FORCE STATUS!!Women 16 to 50 years!!In labor force"
"S1301_C01_028E","Estimate!!Total!!PUBLIC ASSISTANCE INCOME IN THE PAST 12 MONTHS!!Women 15 to 50 years"
"S1301_C01_028M","Margin of Error!!Total MOE!!PUBLIC ASSISTANCE INCOME IN THE PAST 12 MONTHS!!Women 15 to 50 years"
"S1301_C01_029E","Estimate!!Total!!PUBLIC ASSISTANCE INCOME IN THE PAST 12 MONTHS!!Women 15 to 50 years!!Received public assistance income"
"S1301_C01_029M","Margin of Error!!Total MOE!!PUBLIC ASSISTANCE INCOME IN THE PAST 12 MONTHS!!Women 15 to 50 years!!Received public assistance income"
"S1301_C01_030E","Estimate!!Total!!PUBLIC ASSISTANCE INCOME IN THE PAST 12 MONTHS!!Women 15 to 50 years!!Did not receive public assistance income"
"S1301_C01_030M","Margin of Error!!Total MOE!!PUBLIC ASSISTANCE INCOME IN THE PAST 12 MONTHS!!Women 15 to 50 years!!Did not receive public assistance income"
"S1301_C01_031E","Estimate!!Total!!PERCENT ALLOCATED!!Marital status"
"S1301_C01_031M","Margin of Error!!Total MOE!!PERCENT ALLOCATED!!Marital status"
"S1301_C01_032E","Estimate!!Total!!PERCENT ALLOCATED!!Fertility"
"S1301_C01_032M","Margin of Error!!Total MOE!!PERCENT ALLOCATED!!Fertility"
"S1301_C02_001E","Estimate!!Women with births in the past 12 months!!Number!!Women 15 to 50 years"
"S1301_C02_001M","Margin of Error!!Women with births in the past 12 months!!Number MOE!!Women 15 to 50 years"
"S1301_C02_002E","Estimate!!Women with births in the past 12 months!!Number!!Women 15 to 50 years!!15 to 19 years"
"S1301_C02_002M","Margin of Error!!Women with births in the past 12 months!!Number MOE!!Women 15 to 50 years!!15 to 19 years"
"S1301_C02_003E","Estimate!!Women with births in the past 12 months!!Number!!Women 15 to 50 years!!20 to 34 years"
"S1301_C02_003M","Margin of Error!!Women with births in the past 12 months!!Number MOE!!Women 15 to 50 years!!20 to 34 years"
"S1301_C02_004E","Estimate!!Women with births in the past 12 months!!Number!!Women 15 to 50 years!!35 to 50 years"
"S1301_C02_004M","Margin of Error!!Women with births in the past 12 months!!Number MOE!!Women 15 to 50 years!!35 to 50 years"
"S1301_C02_005E","Estimate!!Women with births in the past 12 months!!Number!!Women 15 to 50 years!!RACE AND HISPANIC OR LATINO ORIGIN!!One race"
"S1301_C02_005M","Margin of Error!!Women with births in the past 12 months!!Number MOE!!Women 15 to 50 years!!RACE AND HISPANIC OR LATINO ORIGIN!!One race"
"S1301_C02_006E","Estimate!!Women with births in the past 12 months!!Number!!Women 15 to 50 years!!RACE AND HISPANIC OR LATINO ORIGIN!!One race!!White"
"S1301_C02_006M","Margin of Error!!Women with births in the past 12 months!!Number MOE!!Women 15 to 50 years!!RACE AND HISPANIC OR LATINO ORIGIN!!One race!!White"
"S1301_C02_007E","Estimate!!Women with births in the past 12 months!!Number!!Women 15 to 50 years!!RACE AND HISPANIC OR LATINO ORIGIN!!One race!!Black or African American"
"S1301_C02_007M","Margin of Error!!Women with births in the past 12 months!!Number MOE!!Women 15 to 50 years!!RACE AND HISPANIC OR LATINO ORIGIN!!One race!!Black or African American"
"S1301_C02_008E","Estimate!!Women with births in the past 12 months!!Number!!Women 15 to 50 years!!RACE AND HISPANIC OR LATINO ORIGIN!!One race!!American Indian and Alaska Native"
"S1301_C02_008M","Margin of Error!!Women with births in the past 12 months!!Number MOE!!Women 15 to 50 years!!RACE AND HISPANIC OR LATINO ORIGIN!!One race!!American Indian and Alaska Native"
"S1301_C02_009E","Estimate!!Women with births in the past 12 months!!Number!!Women 15 to 50 years!!RACE AND HISPANIC OR LATINO ORIGIN!!One race!!Asian"
"S1301_C02_009M","Margin of Error!!Women with births in the past 12 months!!Number MOE!!Women 15 to 50 years!!RACE AND HISPANIC OR LATINO ORIGIN!!One race!!Asian"
"S1301_C02_010E","Estimate!!Women with births in the past 12 months!!Number!!Women 15 to 50 years!!RACE AND HISPANIC OR LATINO ORIGIN!!One race!!Native Hawaiian and Other Pacific Islander"
"S1301_C02_010M","Margin of Error!!Women with births in the past 12 months!!Number MOE!!Women 15 to 50 years!!RACE AND HISPANIC OR LATINO ORIGIN!!One race!!Native Hawaiian and Other Pacific Islander"
"S1301_C02_011E","Estimate!!Women with births in the past 12 months!!Number!!Women 15 to 50 years!!RACE AND HISPANIC OR LATINO ORIGIN!!One race!!Some other race"
"S1301_C02_011M","Margin of Error!!Women with births in the past 12 months!!Number MOE!!Women 15 to 50 years!!RACE AND HISPANIC OR LATINO ORIGIN!!One race!!Some other race"
"S1301_C02_012E","Estimate!!Women with births in the past 12 months!!Number!!Women 15 to 50 years!!RACE AND HISPANIC OR LATINO ORIGIN!!Two or more races"
"S1301_C02_012M","Margin of Error!!Women with births in the past 12 months!!Number MOE!!Women 15 to 50 years!!RACE AND HISPANIC OR LATINO ORIGIN!!Two or more races"
"S1301_C02_013E","Estimate!!Women with births in the past 12 months!!Number!!Women 15 to 50 years!!RACE AND HISPANIC OR LATINO ORIGIN!!Hispanic or Latino origin (of any race)"
"S1301_C02_013M","Margin of Error!!Women with births in the past 12 months!!Number MOE!!Women 15 to 50 years!!RACE AND HISPANIC OR LATINO ORIGIN!!Hispanic or Latino origin (of any race)"
"S1301_C02_014E","Estimate!!Women with births in the past 12 months!!Number!!Women 15 to 50 years!!RACE AND HISPANIC OR LATINO ORIGIN!!White alone, not Hispanic or Latino"
"S1301_C02_014M","Margin of Error!!Women with births in the past 12 months!!Number MOE!!Women 15 to 50 years!!RACE AND HISPANIC OR LATINO ORIGIN!!White alone, not Hispanic or Latino"
"S1301_C02_015E","Estimate!!Women with births in the past 12 months!!Number!!Women 15 to 50 years!!NATIVITY!!Native"
"S1301_C02_015M","Margin of Error!!Women with births in the past 12 months!!Number MOE!!Women 15 to 50 years!!NATIVITY!!Native"
"S1301_C02_016E","Estimate!!Women with births in the past 12 months!!Number!!Women 15 to 50 years!!NATIVITY!!Foreign born"
"S1301_C02_016M","Margin of Error!!Women with births in the past 12 months!!Number MOE!!Women 15 to 50 years!!NATIVITY!!Foreign born"
"S1301_C02_017E","Estimate!!Women with births in the past 12 months!!Number!!Women 15 to 50 years!!EDUCATIONAL ATTAINMENT!!Less than high school graduate"
"S1301_C02_017M","Margin of Error!!Women with births in the past 12 months!!Number MOE!!Women 15 to 50 years!!EDUCATIONAL ATTAINMENT!!Less than high school graduate"
"S1301_C02_018E","Estimate!!Women with births in the past 12 months!!Number!!Women 15 to 50 years!!EDUCATIONAL ATTAINMENT!!High school graduate (includes equivalency)"
"S1301_C02_018M","Margin of Error!!Women with births in the past 12 months!!Number MOE!!Women 15 to 50 years!!EDUCATIONAL ATTAINMENT!!High school graduate (includes equivalency)"
"S1301_C02_019E","Estimate!!Women with births in the past 12 months!!Number!!Women 15 to 50 years!!EDUCATIONAL ATTAINMENT!!Some college or associate's degree"
"S1301_C02_019M","Margin of Error!!Women with births in the past 12 months!!Number MOE!!Women 15 to 50 years!!EDUCATIONAL ATTAINMENT!!Some college or associate's degree"
"S1301_C02_020E","Estimate!!Women with births in the past 12 months!!Number!!Women 15 to 50 years!!EDUCATIONAL ATTAINMENT!!Bachelor's degree"
"S1301_C02_020M","Margin of Error!!Women with births in the past 12 months!!Number MOE!!Women 15 to 50 years!!EDUCATIONAL ATTAINMENT!!Bachelor's degree"
"S1301_C02_021E","Estimate!!Women with births in the past 12 months!!Number!!Women 15 to 50 years!!EDUCATIONAL ATTAINMENT!!Graduate or professional degree"
"S1301_C02_021M","Margin of Error!!Women with births in the past 12 months!!Number MOE!!Women 15 to 50 years!!EDUCATIONAL ATTAINMENT!!Graduate or professional degree"
"S1301_C02_022E","Estimate!!Women with births in the past 12 months!!Number!!POVERTY STATUS IN THE PAST 12 MONTHS!!Women 15 to 50 years for whom poverty status is determined"
"S1301_C02_022M","Margin of Error!!Women with births in the past 12 months!!Number MOE!!POVERTY STATUS IN THE PAST 12 MONTHS!!Women 15 to 50 years for whom poverty status is determined"
"S1301_C02_023E","Estimate!!Women with births in the past 12 months!!Number!!POVERTY STATUS IN THE PAST 12 MONTHS!!Women 15 to 50 years for whom poverty status is determined!!Below 100 percent of poverty level"
"S1301_C02_023M","Margin of Error!!Women with births in the past 12 months!!Number MOE!!POVERTY STATUS IN THE PAST 12 MONTHS!!Women 15 to 50 years for whom poverty status is determined!!Below 100 percent of poverty level"
"S1301_C02_024E","Estimate!!Women with births in the past 12 months!!Number!!POVERTY STATUS IN THE PAST 12 MONTHS!!Women 15 to 50 years for whom poverty status is determined!!100 to 199 percent of poverty level"
"S1301_C02_024M","Margin of Error!!Women with births in the past 12 months!!Number MOE!!POVERTY STATUS IN THE PAST 12 MONTHS!!Women 15 to 50 years for whom poverty status is determined!!100 to 199 percent of poverty level"
"S1301_C02_025E","Estimate!!Women with births in the past 12 months!!Number!!POVERTY STATUS IN THE PAST 12 MONTHS!!Women 15 to 50 years for whom poverty status is determined!!200 percent or more above poverty level"
"S1301_C02_025M","Margin of Error!!Women with births in the past 12 months!!Number MOE!!POVERTY STATUS IN THE PAST 12 MONTHS!!Women 15 to 50 years for whom poverty status is determined!!200 percent or more above poverty level"
"S1301_C02_026E","Estimate!!Women with births in the past 12 months!!Number!!LABOR FORCE STATUS!!Women 16 to 50 years"
"S1301_C02_026M","Margin of Error!!Women with births in the past 12 months!!Number MOE!!LABOR FORCE STATUS!!Women 16 to 50 years"
"S1301_C02_027E","Estimate!!Women with births in the past 12 months!!Number!!LABOR FORCE STATUS!!Women 16 to 50 years!!In labor force"
"S1301_C02_027M","Margin of Error!!Women with births in the past 12 months!!Number MOE!!LABOR FORCE STATUS!!Women 16 to 50 years!!In labor force"
"S1301_C02_028E","Estimate!!Women with births in the past 12 months!!Number!!PUBLIC ASSISTANCE INCOME IN THE PAST 12 MONTHS!!Women 15 to 50 years"
"S1301_C02_028M","Margin of Error!!Women with births in the past 12 months!!Number MOE!!PUBLIC ASSISTANCE INCOME IN THE PAST 12 MONTHS!!Women 15 to 50 years"
"S1301_C02_029E","Estimate!!Women with births in the past 12 months!!Number!!PUBLIC ASSISTANCE INCOME IN THE PAST 12 MONTHS!!Women 15 to 50 years!!Received public assistance income"
"S1301_C02_029M","Margin of Error!!Women with births in the past 12 months!!Number MOE!!PUBLIC ASSISTANCE INCOME IN THE PAST 12 MONTHS!!Women 15 to 50 years!!Received public assistance income"
"S1301_C02_030E","Estimate!!Women with births in the past 12 months!!Number!!PUBLIC ASSISTANCE INCOME IN THE PAST 12 MONTHS!!Women 15 to 50 years!!Did not receive public assistance income"
"S1301_C02_030M","Margin of Error!!Women with births in the past 12 months!!Number MOE!!PUBLIC ASSISTANCE INCOME IN THE PAST 12 MONTHS!!Women 15 to 50 years!!Did not receive public assistance income"
"S1301_C02_031E","Estimate!!Women with births in the past 12 months!!Number!!PERCENT ALLOCATED!!Marital status"
"S1301_C02_031M","Margin of Error!!Women with births in the past 12 months!!Number MOE!!PERCENT ALLOCATED!!Marital status"
"S1301_C02_032E","Estimate!!Women with births in the past 12 months!!Number!!PERCENT ALLOCATED!!Fertility"
"S1301_C02_032M","Margin of Error!!Women with births in the past 12 months!!Number MOE!!PERCENT ALLOCATED!!Fertility"
"S1301_C03_001E","Estimate!!Women with births in the past 12 months!!Percent Distribution!!Women 15 to 50 years"
"S1301_C03_001M","Margin of Error!!Women with births in the past 12 months!!Percent Distribution MOE!!Women 15 to 50 years"
"S1301_C03_002E","Estimate!!Women with births in the past 12 months!!Percent Distribution!!Women 15 to 50 years!!15 to 19 years"
"S1301_C03_002M","Margin of Error!!Women with births in the past 12 months!!Percent Distribution MOE!!Women 15 to 50 years!!15 to 19 years"
"S1301_C03_003E","Estimate!!Women with births in the past 12 months!!Percent Distribution!!Women 15 to 50 years!!20 to 34 years"
"S1301_C03_003M","Margin of Error!!Women with births in the past 12 months!!Percent Distribution MOE!!Women 15 to 50 years!!20 to 34 years"
"S1301_C03_004E","Estimate!!Women with births in the past 12 months!!Percent Distribution!!Women 15 to 50 years!!35 to 50 years"
"S1301_C03_004M","Margin of Error!!Women with births in the past 12 months!!Percent Distribution MOE!!Women 15 to 50 years!!35 to 50 years"
"S1301_C03_005E","Estimate!!Women with births in the past 12 months!!Percent Distribution!!Women 15 to 50 years!!RACE AND HISPANIC OR LATINO ORIGIN!!One race"
"S1301_C03_005M","Margin of Error!!Women with births in the past 12 months!!Percent Distribution MOE!!Women 15 to 50 years!!RACE AND HISPANIC OR LATINO ORIGIN!!One race"
"S1301_C03_006E","Estimate!!Women with births in the past 12 months!!Percent Distribution!!Women 15 to 50 years!!RACE AND HISPANIC OR LATINO ORIGIN!!One race!!White"
"S1301_C03_006M","Margin of Error!!Women with births in the past 12 months!!Percent Distribution MOE!!Women 15 to 50 years!!RACE AND HISPANIC OR LATINO ORIGIN!!One race!!White"
"S1301_C03_007E","Estimate!!Women with births in the past 12 months!!Percent Distribution!!Women 15 to 50 years!!RACE AND HISPANIC OR LATINO ORIGIN!!One race!!Black or African American"
"S1301_C03_007M","Margin of Error!!Women with births in the past 12 months!!Percent Distribution MOE!!Women 15 to 50 years!!RACE AND HISPANIC OR LATINO ORIGIN!!One race!!Black or African American"
"S1301_C03_008E","Estimate!!Women with births in the past 12 months!!Percent Distribution!!Women 15 to 50 years!!RACE AND HISPANIC OR LATINO ORIGIN!!One race!!American Indian and Alaska Native"
"S1301_C03_008M","Margin of Error!!Women with births in the past 12 months!!Percent Distribution MOE!!Women 15 to 50 years!!RACE AND HISPANIC OR LATINO ORIGIN!!One race!!American Indian and Alaska Native"
"S1301_C03_009E","Estimate!!Women with births in the past 12 months!!Percent Distribution!!Women 15 to 50 years!!RACE AND HISPANIC OR LATINO ORIGIN!!One race!!Asian"
"S1301_C03_009M","Margin of Error!!Women with births in the past 12 months!!Percent Distribution MOE!!Women 15 to 50 years!!RACE AND HISPANIC OR LATINO ORIGIN!!One race!!Asian"
"S1301_C03_010E","Estimate!!Women with births in the past 12 months!!Percent Distribution!!Women 15 to 50 years!!RACE AND HISPANIC OR LATINO ORIGIN!!One race!!Native Hawaiian and Other Pacific Islander"
"S1301_C03_010M","Margin of Error!!Women with births in the past 12 months!!Percent Distribution MOE!!Women 15 to 50 years!!RACE AND HISPANIC OR LATINO ORIGIN!!One race!!Native Hawaiian and Other Pacific Islander"
"S1301_C03_011E","Estimate!!Women with births in the past 12 months!!Percent Distribution!!Women 15 to 50 years!!RACE AND HISPANIC OR LATINO ORIGIN!!One race!!Some other race"
"S1301_C03_011M","Margin of Error!!Women with births in the past 12 months!!Percent Distribution MOE!!Women 15 to 50 years!!RACE AND HISPANIC OR LATINO ORIGIN!!One race!!Some other race"
"S1301_C03_012E","Estimate!!Women with births in the past 12 months!!Percent Distribution!!Women 15 to 50 years!!RACE AND HISPANIC OR LATINO ORIGIN!!Two or more races"
"S1301_C03_012M","Margin of Error!!Women with births in the past 12 months!!Percent Distribution MOE!!Women 15 to 50 years!!RACE AND HISPANIC OR LATINO ORIGIN!!Two or more races"
"S1301_C03_013E","Estimate!!Women with births in the past 12 months!!Percent Distribution!!Women 15 to 50 years!!RACE AND HISPANIC OR LATINO ORIGIN!!Hispanic or Latino origin (of any race)"
"S1301_C03_013M","Margin of Error!!Women with births in the past 12 months!!Percent Distribution MOE!!Women 15 to 50 years!!RACE AND HISPANIC OR LATINO ORIGIN!!Hispanic or Latino origin (of any race)"
"S1301_C03_014E","Estimate!!Women with births in the past 12 months!!Percent Distribution!!Women 15 to 50 years!!RACE AND HISPANIC OR LATINO ORIGIN!!White alone, not Hispanic or Latino"
"S1301_C03_014M","Margin of Error!!Women with births in the past 12 months!!Percent Distribution MOE!!Women 15 to 50 years!!RACE AND HISPANIC OR LATINO ORIGIN!!White alone, not Hispanic or Latino"
"S1301_C03_015E","Estimate!!Women with births in the past 12 months!!Percent Distribution!!Women 15 to 50 years!!NATIVITY!!Native"
"S1301_C03_015M","Margin of Error!!Women with births in the past 12 months!!Percent Distribution MOE!!Women 15 to 50 years!!NATIVITY!!Native"
"S1301_C03_016E","Estimate!!Women with births in the past 12 months!!Percent Distribution!!Women 15 to 50 years!!NATIVITY!!Foreign born"
"S1301_C03_016M","Margin of Error!!Women with births in the past 12 months!!Percent Distribution MOE!!Women 15 to 50 years!!NATIVITY!!Foreign born"
"S1301_C03_017E","Estimate!!Women with births in the past 12 months!!Percent Distribution!!Women 15 to 50 years!!EDUCATIONAL ATTAINMENT!!Less than high school graduate"
"S1301_C03_017M","Margin of Error!!Women with births in the past 12 months!!Percent Distribution MOE!!Women 15 to 50 years!!EDUCATIONAL ATTAINMENT!!Less than high school graduate"
"S1301_C03_018E","Estimate!!Women with births in the past 12 months!!Percent Distribution!!Women 15 to 50 years!!EDUCATIONAL ATTAINMENT!!High school graduate (includes equivalency)"
"S1301_C03_018M","Margin of Error!!Women with births in the past 12 months!!Percent Distribution MOE!!Women 15 to 50 years!!EDUCATIONAL ATTAINMENT!!High school graduate (includes equivalency)"
"S1301_C03_019E","Estimate!!Women with births in the past 12 months!!Percent Distribution!!Women 15 to 50 years!!EDUCATIONAL ATTAINMENT!!Some college or associate's degree"
"S1301_C03_019M","Margin of Error!!Women with births in the past 12 months!!Percent Distribution MOE!!Women 15 to 50 years!!EDUCATIONAL ATTAINMENT!!Some college or associate's degree"
"S1301_C03_020E","Estimate!!Women with births in the past 12 months!!Percent Distribution!!Women 15 to 50 years!!EDUCATIONAL ATTAINMENT!!Bachelor's degree"
"S1301_C03_020M","Margin of Error!!Women with births in the past 12 months!!Percent Distribution MOE!!Women 15 to 50 years!!EDUCATIONAL ATTAINMENT!!Bachelor's degree"
"S1301_C03_021E","Estimate!!Women with births in the past 12 months!!Percent Distribution!!Women 15 to 50 years!!EDUCATIONAL ATTAINMENT!!Graduate or professional degree"
"S1301_C03_021M","Margin of Error!!Women with births in the past 12 months!!Percent Distribution MOE!!Women 15 to 50 years!!EDUCATIONAL ATTAINMENT!!Graduate or professional degree"
"S1301_C03_022E","Estimate!!Women with births in the past 12 months!!Percent Distribution!!POVERTY STATUS IN THE PAST 12 MONTHS!!Women 15 to 50 years for whom poverty status is determined"
"S1301_C03_022M","Margin of Error!!Women with births in the past 12 months!!Percent Distribution MOE!!POVERTY STATUS IN THE PAST 12 MONTHS!!Women 15 to 50 years for whom poverty status is determined"
"S1301_C03_023E","Estimate!!Women with births in the past 12 months!!Percent Distribution!!POVERTY STATUS IN THE PAST 12 MONTHS!!Women 15 to 50 years for whom poverty status is determined!!Below 100 percent of poverty level"
"S1301_C03_023M","Margin of Error!!Women with births in the past 12 months!!Percent Distribution MOE!!POVERTY STATUS IN THE PAST 12 MONTHS!!Women 15 to 50 years for whom poverty status is determined!!Below 100 percent of poverty level"
"S1301_C03_024E","Estimate!!Women with births in the past 12 months!!Percent Distribution!!POVERTY STATUS IN THE PAST 12 MONTHS!!Women 15 to 50 years for whom poverty status is determined!!100 to 199 percent of poverty level"
"S1301_C03_024M","Margin of Error!!Women with births in the past 12 months!!Percent Distribution MOE!!POVERTY STATUS IN THE PAST 12 MONTHS!!Women 15 to 50 years for whom poverty status is determined!!100 to 199 percent of poverty level"
"S1301_C03_025E","Estimate!!Women with births in the past 12 months!!Percent Distribution!!POVERTY STATUS IN THE PAST 12 MONTHS!!Women 15 to 50 years for whom poverty status is determined!!200 percent or more above poverty level"
"S1301_C03_025M","Margin of Error!!Women with births in the past 12 months!!Percent Distribution MOE!!POVERTY STATUS IN THE PAST 12 MONTHS!!Women 15 to 50 years for whom poverty status is determined!!200 percent or more above poverty level"
"S1301_C03_026E","Estimate!!Women with births in the past 12 months!!Percent Distribution!!LABOR FORCE STATUS!!Women 16 to 50 years"
"S1301_C03_026M","Margin of Error!!Women with births in the past 12 months!!Percent Distribution MOE!!LABOR FORCE STATUS!!Women 16 to 50 years"
"S1301_C03_027E","Estimate!!Women with births in the past 12 months!!Percent Distribution!!LABOR FORCE STATUS!!Women 16 to 50 years!!In labor force"
"S1301_C03_027M","Margin of Error!!Women with births in the past 12 months!!Percent Distribution MOE!!LABOR FORCE STATUS!!Women 16 to 50 years!!In labor force"
"S1301_C03_028E","Estimate!!Women with births in the past 12 months!!Percent Distribution!!PUBLIC ASSISTANCE INCOME IN THE PAST 12 MONTHS!!Women 15 to 50 years"
"S1301_C03_028M","Margin of Error!!Women with births in the past 12 months!!Percent Distribution MOE!!PUBLIC ASSISTANCE INCOME IN THE PAST 12 MONTHS!!Women 15 to 50 years"
"S1301_C03_029E","Estimate!!Women with births in the past 12 months!!Percent Distribution!!PUBLIC ASSISTANCE INCOME IN THE PAST 12 MONTHS!!Women 15 to 50 years!!Received public assistance income"
"S1301_C03_029M","Margin of Error!!Women with births in the past 12 months!!Percent Distribution MOE!!PUBLIC ASSISTANCE INCOME IN THE PAST 12 MONTHS!!Women 15 to 50 years!!Received public assistance income"
"S1301_C03_030E","Estimate!!Women with births in the past 12 months!!Percent Distribution!!PUBLIC ASSISTANCE INCOME IN THE PAST 12 MONTHS!!Women 15 to 50 years!!Did not receive public assistance income"
"S1301_C03_030M","Margin of Error!!Women with births in the past 12 months!!Percent Distribution MOE!!PUBLIC ASSISTANCE INCOME IN THE PAST 12 MONTHS!!Women 15 to 50 years!!Did not receive public assistance income"
"S1301_C03_031E","Estimate!!Women with births in the past 12 months!!Percent Distribution!!PERCENT ALLOCATED!!Marital status"
"S1301_C03_031M","Margin of Error!!Women with births in the past 12 months!!Percent Distribution MOE!!PERCENT ALLOCATED!!Marital status"
"S1301_C03_032E","Estimate!!Women with births in the past 12 months!!Percent Distribution!!PERCENT ALLOCATED!!Fertility"
"S1301_C03_032M","Margin of Error!!Women with births in the past 12 months!!Percent Distribution MOE!!PERCENT ALLOCATED!!Fertility"
"S1301_C04_001E","Estimate!!Women with births in the past 12 months!!Rate per 1,000 women!!Women 15 to 50 years"
"S1301_C04_001M","Margin of Error!!Women with births in the past 12 months!!Rate per 1,000 women MOE!!Women 15 to 50 years"
"S1301_C04_002E","Estimate!!Women with births in the past 12 months!!Rate per 1,000 women!!Women 15 to 50 years!!15 to 19 years"
"S1301_C04_002M","Margin of Error!!Women with births in the past 12 months!!Rate per 1,000 women MOE!!Women 15 to 50 years!!15 to 19 years"
"S1301_C04_003E","Estimate!!Women with births in the past 12 months!!Rate per 1,000 women!!Women 15 to 50 years!!20 to 34 years"
"S1301_C04_003M","Margin of Error!!Women with births in the past 12 months!!Rate per 1,000 women MOE!!Women 15 to 50 years!!20 to 34 years"
"S1301_C04_004E","Estimate!!Women with births in the past 12 months!!Rate per 1,000 women!!Women 15 to 50 years!!35 to 50 years"
"S1301_C04_004M","Margin of Error!!Women with births in the past 12 months!!Rate per 1,000 women MOE!!Women 15 to 50 years!!35 to 50 years"
"S1301_C04_005E","Estimate!!Women with births in the past 12 months!!Rate per 1,000 women!!Women 15 to 50 years!!RACE AND HISPANIC OR LATINO ORIGIN!!One race"
"S1301_C04_005M","Margin of Error!!Women with births in the past 12 months!!Rate per 1,000 women MOE!!Women 15 to 50 years!!RACE AND HISPANIC OR LATINO ORIGIN!!One race"
"S1301_C04_006E","Estimate!!Women with births in the past 12 months!!Rate per 1,000 women!!Women 15 to 50 years!!RACE AND HISPANIC OR LATINO ORIGIN!!One race!!White"
"S1301_C04_006M","Margin of Error!!Women with births in the past 12 months!!Rate per 1,000 women MOE!!Women 15 to 50 years!!RACE AND HISPANIC OR LATINO ORIGIN!!One race!!White"
"S1301_C04_007E","Estimate!!Women with births in the past 12 months!!Rate per 1,000 women!!Women 15 to 50 years!!RACE AND HISPANIC OR LATINO ORIGIN!!One race!!Black or African American"
"S1301_C04_007M","Margin of Error!!Women with births in the past 12 months!!Rate per 1,000 women MOE!!Women 15 to 50 years!!RACE AND HISPANIC OR LATINO ORIGIN!!One race!!Black or African American"
"S1301_C04_008E","Estimate!!Women with births in the past 12 months!!Rate per 1,000 women!!Women 15 to 50 years!!RACE AND HISPANIC OR LATINO ORIGIN!!One race!!American Indian and Alaska Native"
"S1301_C04_008M","Margin of Error!!Women with births in the past 12 months!!Rate per 1,000 women MOE!!Women 15 to 50 years!!RACE AND HISPANIC OR LATINO ORIGIN!!One race!!American Indian and Alaska Native"
"S1301_C04_009E","Estimate!!Women with births in the past 12 months!!Rate per 1,000 women!!Women 15 to 50 years!!RACE AND HISPANIC OR LATINO ORIGIN!!One race!!Asian"
"S1301_C04_009M","Margin of Error!!Women with births in the past 12 months!!Rate per 1,000 women MOE!!Women 15 to 50 years!!RACE AND HISPANIC OR LATINO ORIGIN!!One race!!Asian"
"S1301_C04_010E","Estimate!!Women with births in the past 12 months!!Rate per 1,000 women!!Women 15 to 50 years!!RACE AND HISPANIC OR LATINO ORIGIN!!One race!!Native Hawaiian and Other Pacific Islander"
"S1301_C04_010M","Margin of Error!!Women with births in the past 12 months!!Rate per 1,000 women MOE!!Women 15 to 50 years!!RACE AND HISPANIC OR LATINO ORIGIN!!One race!!Native Hawaiian and Other Pacific Islander"
"S1301_C04_011E","Estimate!!Women with births in the past 12 months!!Rate per 1,000 women!!Women 15 to 50 years!!RACE AND HISPANIC OR LATINO ORIGIN!!One race!!Some other race"
"S1301_C04_011M","Margin of Error!!Women with births in the past 12 months!!Rate per 1,000 women MOE!!Women 15 to 50 years!!RACE AND HISPANIC OR LATINO ORIGIN!!One race!!Some other race"
"S1301_C04_012E","Estimate!!Women with births in the past 12 months!!Rate per 1,000 women!!Women 15 to 50 years!!RACE AND HISPANIC OR LATINO ORIGIN!!Two or more races"
"S1301_C04_012M","Margin of Error!!Women with births in the past 12 months!!Rate per 1,000 women MOE!!Women 15 to 50 years!!RACE AND HISPANIC OR LATINO ORIGIN!!Two or more races"
"S1301_C04_013E","Estimate!!Women with births in the past 12 months!!Rate per 1,000 women!!Women 15 to 50 years!!RACE AND HISPANIC OR LATINO ORIGIN!!Hispanic or Latino origin (of any race)"
"S1301_C04_013M","Margin of Error!!Women with births in the past 12 months!!Rate per 1,000 women MOE!!Women 15 to 50 years!!RACE AND HISPANIC OR LATINO ORIGIN!!Hispanic or Latino origin (of any race)"
"S1301_C04_014E","Estimate!!Women with births in the past 12 months!!Rate per 1,000 women!!Women 15 to 50 years!!RACE AND HISPANIC OR LATINO ORIGIN!!White alone, not Hispanic or Latino"
"S1301_C04_014M","Margin of Error!!Women with births in the past 12 months!!Rate per 1,000 women MOE!!Women 15 to 50 years!!RACE AND HISPANIC OR LATINO ORIGIN!!White alone, not Hispanic or Latino"
"S1301_C04_015E","Estimate!!Women with births in the past 12 months!!Rate per 1,000 women!!Women 15 to 50 years!!NATIVITY!!Native"
"S1301_C04_015M","Margin of Error!!Women with births in the past 12 months!!Rate per 1,000 women MOE!!Women 15 to 50 years!!NATIVITY!!Native"
"S1301_C04_016E","Estimate!!Women with births in the past 12 months!!Rate per 1,000 women!!Women 15 to 50 years!!NATIVITY!!Foreign born"
"S1301_C04_016M","Margin of Error!!Women with births in the past 12 months!!Rate per 1,000 women MOE!!Women 15 to 50 years!!NATIVITY!!Foreign born"
"S1301_C04_017E","Estimate!!Women with births in the past 12 months!!Rate per 1,000 women!!Women 15 to 50 years!!EDUCATIONAL ATTAINMENT!!Less than high school graduate"
"S1301_C04_017M","Margin of Error!!Women with births in the past 12 months!!Rate per 1,000 women MOE!!Women 15 to 50 years!!EDUCATIONAL ATTAINMENT!!Less than high school graduate"
"S1301_C04_018E","Estimate!!Women with births in the past 12 months!!Rate per 1,000 women!!Women 15 to 50 years!!EDUCATIONAL ATTAINMENT!!High school graduate (includes equivalency)"
"S1301_C04_018M","Margin of Error!!Women with births in the past 12 months!!Rate per 1,000 women MOE!!Women 15 to 50 years!!EDUCATIONAL ATTAINMENT!!High school graduate (includes equivalency)"
"S1301_C04_019E","Estimate!!Women with births in the past 12 months!!Rate per 1,000 women!!Women 15 to 50 years!!EDUCATIONAL ATTAINMENT!!Some college or associate's degree"
"S1301_C04_019M","Margin of Error!!Women with births in the past 12 months!!Rate per 1,000 women MOE!!Women 15 to 50 years!!EDUCATIONAL ATTAINMENT!!Some college or associate's degree"
"S1301_C04_020E","Estimate!!Women with births in the past 12 months!!Rate per 1,000 women!!Women 15 to 50 years!!EDUCATIONAL ATTAINMENT!!Bachelor's degree"
"S1301_C04_020M","Margin of Error!!Women with births in the past 12 months!!Rate per 1,000 women MOE!!Women 15 to 50 years!!EDUCATIONAL ATTAINMENT!!Bachelor's degree"
"S1301_C04_021E","Estimate!!Women with births in the past 12 months!!Rate per 1,000 women!!Women 15 to 50 years!!EDUCATIONAL ATTAINMENT!!Graduate or professional degree"
"S1301_C04_021M","Margin of Error!!Women with births in the past 12 months!!Rate per 1,000 women MOE!!Women 15 to 50 years!!EDUCATIONAL ATTAINMENT!!Graduate or professional degree"
"S1301_C04_022E","Estimate!!Women with births in the past 12 months!!Rate per 1,000 women!!POVERTY STATUS IN THE PAST 12 MONTHS!!Women 15 to 50 years for whom poverty status is determined"
"S1301_C04_022M","Margin of Error!!Women with births in the past 12 months!!Rate per 1,000 women MOE!!POVERTY STATUS IN THE PAST 12 MONTHS!!Women 15 to 50 years for whom poverty status is determined"
"S1301_C04_023E","Estimate!!Women with births in the past 12 months!!Rate per 1,000 women!!POVERTY STATUS IN THE PAST 12 MONTHS!!Women 15 to 50 years for whom poverty status is determined!!Below 100 percent of poverty level"
"S1301_C04_023M","Margin of Error!!Women with births in the past 12 months!!Rate per 1,000 women MOE!!POVERTY STATUS IN THE PAST 12 MONTHS!!Women 15 to 50 years for whom poverty status is determined!!Below 100 percent of poverty level"
"S1301_C04_024E","Estimate!!Women with births in the past 12 months!!Rate per 1,000 women!!POVERTY STATUS IN THE PAST 12 MONTHS!!Women 15 to 50 years for whom poverty status is determined!!100 to 199 percent of poverty level"
"S1301_C04_024M","Margin of Error!!Women with births in the past 12 months!!Rate per 1,000 women MOE!!POVERTY STATUS IN THE PAST 12 MONTHS!!Women 15 to 50 years for whom poverty status is determined!!100 to 199 percent of poverty level"
"S1301_C04_025E","Estimate!!Women with births in the past 12 months!!Rate per 1,000 women!!POVERTY STATUS IN THE PAST 12 MONTHS!!Women 15 to 50 years for whom poverty status is determined!!200 percent or more above poverty level"
"S1301_C04_025M","Margin of Error!!Women with births in the past 12 months!!Rate per 1,000 women MOE!!POVERTY STATUS IN THE PAST 12 MONTHS!!Women 15 to 50 years for whom poverty status is determined!!200 percent or more above poverty level"
"S1301_C04_026E","Estimate!!Women with births in the past 12 months!!Rate per 1,000 women!!LABOR FORCE STATUS!!Women 16 to 50 years"
"S1301_C04_026M","Margin of Error!!Women with births in the past 12 months!!Rate per 1,000 women MOE!!LABOR FORCE STATUS!!Women 16 to 50 years"
"S1301_C04_027E","Estimate!!Women with births in the past 12 months!!Rate per 1,000 women!!LABOR FORCE STATUS!!Women 16 to 50 years!!In labor force"
"S1301_C04_027M","Margin of Error!!Women with births in the past 12 months!!Rate per 1,000 women MOE!!LABOR FORCE STATUS!!Women 16 to 50 years!!In labor force"
"S1301_C04_028E","Estimate!!Women with births in the past 12 months!!Rate per 1,000 women!!PUBLIC ASSISTANCE INCOME IN THE PAST 12 MONTHS!!Women 15 to 50 years"
"S1301_C04_028M","Margin of Error!!Women with births in the past 12 months!!Rate per 1,000 women MOE!!PUBLIC ASSISTANCE INCOME IN THE PAST 12 MONTHS!!Women 15 to 50 years"
"S1301_C04_029E","Estimate!!Women with births in the past 12 months!!Rate per 1,000 women!!PUBLIC ASSISTANCE INCOME IN THE PAST 12 MONTHS!!Women 15 to 50 years!!Received public assistance income"
"S1301_C04_029M","Margin of Error!!Women with births in the past 12 months!!Rate per 1,000 women MOE!!PUBLIC ASSISTANCE INCOME IN THE PAST 12 MONTHS!!Women 15 to 50 years!!Received public assistance income"
"S1301_C04_030E","Estimate!!Women with births in the past 12 months!!Rate per 1,000 women!!PUBLIC ASSISTANCE INCOME IN THE PAST 12 MONTHS!!Women 15 to 50 years!!Did not receive public assistance income"
"S1301_C04_030M","Margin of Error!!Women with births in the past 12 months!!Rate per 1,000 women MOE!!PUBLIC ASSISTANCE INCOME IN THE PAST 12 MONTHS!!Women 15 to 50 years!!Did not receive public assistance income"
"S1301_C04_031E","Estimate!!Women with births in the past 12 months!!Rate per 1,000 women!!PERCENT ALLOCATED!!Marital status"
"S1301_C04_031M","Margin of Error!!Women with births in the past 12 months!!Rate per 1,000 women MOE!!PERCENT ALLOCATED!!Marital status"
"S1301_C04_032E","Estimate!!Women with births in the past 12 months!!Rate per 1,000 women!!PERCENT ALLOCATED!!Fertility"
"S1301_C04_032M","Margin of Error!!Women with births in the past 12 months!!Rate per 1,000 women MOE!!PERCENT ALLOCATED!!Fertility"
"S1301_C05_001E","Estimate!!Percent of women who had a birth in the past 12 months who were unmarried!!Women 15 to 50 years"
"S1301_C05_001M","Margin of Error!!Percent of women who had a birth in the past 12 months who were unmarried MOE!!Women 15 to 50 years"
"S1301_C05_002E","Estimate!!Percent of women who had a birth in the past 12 months who were unmarried!!Women 15 to 50 years!!15 to 19 years"
"S1301_C05_002M","Margin of Error!!Percent of women who had a birth in the past 12 months who were unmarried MOE!!Women 15 to 50 years!!15 to 19 years"
"S1301_C05_003E","Estimate!!Percent of women who had a birth in the past 12 months who were unmarried!!Women 15 to 50 years!!20 to 34 years"
"S1301_C05_003M","Margin of Error!!Percent of women who had a birth in the past 12 months who were unmarried MOE!!Women 15 to 50 years!!20 to 34 years"
"S1301_C05_004E","Estimate!!Percent of women who had a birth in the past 12 months who were unmarried!!Women 15 to 50 years!!35 to 50 years"
"S1301_C05_004M","Margin of Error!!Percent of women who had a birth in the past 12 months who were unmarried MOE!!Women 15 to 50 years!!35 to 50 years"
"S1301_C05_005E","Estimate!!Percent of women who had a birth in the past 12 months who were unmarried!!Women 15 to 50 years!!RACE AND HISPANIC OR LATINO ORIGIN!!One race"
"S1301_C05_005M","Margin of Error!!Percent of women who had a birth in the past 12 months who were unmarried MOE!!Women 15 to 50 years!!RACE AND HISPANIC OR LATINO ORIGIN!!One race"
"S1301_C05_006E","Estimate!!Percent of women who had a birth in the past 12 months who were unmarried!!Women 15 to 50 years!!RACE AND HISPANIC OR LATINO ORIGIN!!One race!!White"
"S1301_C05_006M","Margin of Error!!Percent of women who had a birth in the past 12 months who were unmarried MOE!!Women 15 to 50 years!!RACE AND HISPANIC OR LATINO ORIGIN!!One race!!White"
"S1301_C05_007E","Estimate!!Percent of women who had a birth in the past 12 months who were unmarried!!Women 15 to 50 years!!RACE AND HISPANIC OR LATINO ORIGIN!!One race!!Black or African American"
"S1301_C05_007M","Margin of Error!!Percent of women who had a birth in the past 12 months who were unmarried MOE!!Women 15 to 50 years!!RACE AND HISPANIC OR LATINO ORIGIN!!One race!!Black or African American"
"S1301_C05_008E","Estimate!!Percent of women who had a birth in the past 12 months who were unmarried!!Women 15 to 50 years!!RACE AND HISPANIC OR LATINO ORIGIN!!One race!!American Indian and Alaska Native"
"S1301_C05_008M","Margin of Error!!Percent of women who had a birth in the past 12 months who were unmarried MOE!!Women 15 to 50 years!!RACE AND HISPANIC OR LATINO ORIGIN!!One race!!American Indian and Alaska Native"
"S1301_C05_009E","Estimate!!Percent of women who had a birth in the past 12 months who were unmarried!!Women 15 to 50 years!!RACE AND HISPANIC OR LATINO ORIGIN!!One race!!Asian"
"S1301_C05_009M","Margin of Error!!Percent of women who had a birth in the past 12 months who were unmarried MOE!!Women 15 to 50 years!!RACE AND HISPANIC OR LATINO ORIGIN!!One race!!Asian"
"S1301_C05_010E","Estimate!!Percent of women who had a birth in the past 12 months who were unmarried!!Women 15 to 50 years!!RACE AND HISPANIC OR LATINO ORIGIN!!One race!!Native Hawaiian and Other Pacific Islander"
"S1301_C05_010M","Margin of Error!!Percent of women who had a birth in the past 12 months who were unmarried MOE!!Women 15 to 50 years!!RACE AND HISPANIC OR LATINO ORIGIN!!One race!!Native Hawaiian and Other Pacific Islander"
"S1301_C05_011E","Estimate!!Percent of women who had a birth in the past 12 months who were unmarried!!Women 15 to 50 years!!RACE AND HISPANIC OR LATINO ORIGIN!!One race!!Some other race"
"S1301_C05_011M","Margin of Error!!Percent of women who had a birth in the past 12 months who were unmarried MOE!!Women 15 to 50 years!!RACE AND HISPANIC OR LATINO ORIGIN!!One race!!Some other race"
"S1301_C05_012E","Estimate!!Percent of women who had a birth in the past 12 months who were unmarried!!Women 15 to 50 years!!RACE AND HISPANIC OR LATINO ORIGIN!!Two or more races"
"S1301_C05_012M","Margin of Error!!Percent of women who had a birth in the past 12 months who were unmarried MOE!!Women 15 to 50 years!!RACE AND HISPANIC OR LATINO ORIGIN!!Two or more races"
"S1301_C05_013E","Estimate!!Percent of women who had a birth in the past 12 months who were unmarried!!Women 15 to 50 years!!RACE AND HISPANIC OR LATINO ORIGIN!!Hispanic or Latino origin (of any race)"
"S1301_C05_013M","Margin of Error!!Percent of women who had a birth in the past 12 months who were unmarried MOE!!Women 15 to 50 years!!RACE AND HISPANIC OR LATINO ORIGIN!!Hispanic or Latino origin (of any race)"
"S1301_C05_014E","Estimate!!Percent of women who had a birth in the past 12 months who were unmarried!!Women 15 to 50 years!!RACE AND HISPANIC OR LATINO ORIGIN!!White alone, not Hispanic or Latino"
"S1301_C05_014M","Margin of Error!!Percent of women who had a birth in the past 12 months who were unmarried MOE!!Women 15 to 50 years!!RACE AND HISPANIC OR LATINO ORIGIN!!White alone, not Hispanic or Latino"
"S1301_C05_015E","Estimate!!Percent of women who had a birth in the past 12 months who were unmarried!!Women 15 to 50 years!!NATIVITY!!Native"
"S1301_C05_015M","Margin of Error!!Percent of women who had a birth in the past 12 months who were unmarried MOE!!Women 15 to 50 years!!NATIVITY!!Native"
"S1301_C05_016E","Estimate!!Percent of women who had a birth in the past 12 months who were unmarried!!Women 15 to 50 years!!NATIVITY!!Foreign born"
"S1301_C05_016M","Margin of Error!!Percent of women who had a birth in the past 12 months who were unmarried MOE!!Women 15 to 50 years!!NATIVITY!!Foreign born"
"S1301_C05_017E","Estimate!!Percent of women who had a birth in the past 12 months who were unmarried!!Women 15 to 50 years!!EDUCATIONAL ATTAINMENT!!Less than high school graduate"
"S1301_C05_017M","Margin of Error!!Percent of women who had a birth in the past 12 months who were unmarried MOE!!Women 15 to 50 years!!EDUCATIONAL ATTAINMENT!!Less than high school graduate"
"S1301_C05_018E","Estimate!!Percent of women who had a birth in the past 12 months who were unmarried!!Women 15 to 50 years!!EDUCATIONAL ATTAINMENT!!High school graduate (includes equivalency)"
"S1301_C05_018M","Margin of Error!!Percent of women who had a birth in the past 12 months who were unmarried MOE!!Women 15 to 50 years!!EDUCATIONAL ATTAINMENT!!High school graduate (includes equivalency)"
"S1301_C05_019E","Estimate!!Percent of women who had a birth in the past 12 months who were unmarried!!Women 15 to 50 years!!EDUCATIONAL ATTAINMENT!!Some college or associate's degree"
"S1301_C05_019M","Margin of Error!!Percent of women who had a birth in the past 12 months who were unmarried MOE!!Women 15 to 50 years!!EDUCATIONAL ATTAINMENT!!Some college or associate's degree"
"S1301_C05_020E","Estimate!!Percent of women who had a birth in the past 12 months who were unmarried!!Women 15 to 50 years!!EDUCATIONAL ATTAINMENT!!Bachelor's degree"
"S1301_C05_020M","Margin of Error!!Percent of women who had a birth in the past 12 months who were unmarried MOE!!Women 15 to 50 years!!EDUCATIONAL ATTAINMENT!!Bachelor's degree"
"S1301_C05_021E","Estimate!!Percent of women who had a birth in the past 12 months who were unmarried!!Women 15 to 50 years!!EDUCATIONAL ATTAINMENT!!Graduate or professional degree"
"S1301_C05_021M","Margin of Error!!Percent of women who had a birth in the past 12 months who were unmarried MOE!!Women 15 to 50 years!!EDUCATIONAL ATTAINMENT!!Graduate or professional degree"
"S1301_C05_022E","Estimate!!Percent of women who had a birth in the past 12 months who were unmarried!!POVERTY STATUS IN THE PAST 12 MONTHS!!Women 15 to 50 years for whom poverty status is determined"
"S1301_C05_022M","Margin of Error!!Percent of women who had a birth in the past 12 months who were unmarried MOE!!POVERTY STATUS IN THE PAST 12 MONTHS!!Women 15 to 50 years for whom poverty status is determined"
"S1301_C05_023E","Estimate!!Percent of women who had a birth in the past 12 months who were unmarried!!POVERTY STATUS IN THE PAST 12 MONTHS!!Women 15 to 50 years for whom poverty status is determined!!Below 100 percent of poverty level"
"S1301_C05_023M","Margin of Error!!Percent of women who had a birth in the past 12 months who were unmarried MOE!!POVERTY STATUS IN THE PAST 12 MONTHS!!Women 15 to 50 years for whom poverty status is determined!!Below 100 percent of poverty level"
"S1301_C05_024E","Estimate!!Percent of women who had a birth in the past 12 months who were unmarried!!POVERTY STATUS IN THE PAST 12 MONTHS!!Women 15 to 50 years for whom poverty status is determined!!100 to 199 percent of poverty level"
"S1301_C05_024M","Margin of Error!!Percent of women who had a birth in the past 12 months who were unmarried MOE!!POVERTY STATUS IN THE PAST 12 MONTHS!!Women 15 to 50 years for whom poverty status is determined!!100 to 199 percent of poverty level"
"S1301_C05_025E","Estimate!!Percent of women who had a birth in the past 12 months who were unmarried!!POVERTY STATUS IN THE PAST 12 MONTHS!!Women 15 to 50 years for whom poverty status is determined!!200 percent or more above poverty level"
"S1301_C05_025M","Margin of Error!!Percent of women who had a birth in the past 12 months who were unmarried MOE!!POVERTY STATUS IN THE PAST 12 MONTHS!!Women 15 to 50 years for whom poverty status is determined!!200 percent or more above poverty level"
"S1301_C05_026E","Estimate!!Percent of women who had a birth in the past 12 months who were unmarried!!LABOR FORCE STATUS!!Women 16 to 50 years"
"S1301_C05_026M","Margin of Error!!Percent of women who had a birth in the past 12 months who were unmarried MOE!!LABOR FORCE STATUS!!Women 16 to 50 years"
"S1301_C05_027E","Estimate!!Percent of women who had a birth in the past 12 months who were unmarried!!LABOR FORCE STATUS!!Women 16 to 50 years!!In labor force"
"S1301_C05_027M","Margin of Error!!Percent of women who had a birth in the past 12 months who were unmarried MOE!!LABOR FORCE STATUS!!Women 16 to 50 years!!In labor force"
"S1301_C05_028E","Estimate!!Percent of women who had a birth in the past 12 months who were unmarried!!PUBLIC ASSISTANCE INCOME IN THE PAST 12 MONTHS!!Women 15 to 50 years"
"S1301_C05_028M","Margin of Error!!Percent of women who had a birth in the past 12 months who were unmarried MOE!!PUBLIC ASSISTANCE INCOME IN THE PAST 12 MONTHS!!Women 15 to 50 years"
"S1301_C05_029E","Estimate!!Percent of women who had a birth in the past 12 months who were unmarried!!PUBLIC ASSISTANCE INCOME IN THE PAST 12 MONTHS!!Women 15 to 50 years!!Received public assistance income"
"S1301_C05_029M","Margin of Error!!Percent of women who had a birth in the past 12 months who were unmarried MOE!!PUBLIC ASSISTANCE INCOME IN THE PAST 12 MONTHS!!Women 15 to 50 years!!Received public assistance income"
"S1301_C05_030E","Estimate!!Percent of women who had a birth in the past 12 months who were unmarried!!PUBLIC ASSISTANCE INCOME IN THE PAST 12 MONTHS!!Women 15 to 50 years!!Did not receive public assistance income"
"S1301_C05_030M","Margin of Error!!Percent of women who had a birth in the past 12 months who were unmarried MOE!!PUBLIC ASSISTANCE INCOME IN THE PAST 12 MONTHS!!Women 15 to 50 years!!Did not receive public assistance income"
"S1301_C05_031E","Estimate!!Percent of women who had a birth in the past 12 months who were unmarried!!PERCENT ALLOCATED!!Marital status"
"S1301_C05_031M","Margin of Error!!Percent of women who had a birth in the past 12 months who were unmarried MOE!!PERCENT ALLOCATED!!Marital status"
"S1301_C05_032E","Estimate!!Percent of women who had a birth in the past 12 months who were unmarried!!PERCENT ALLOCATED!!Fertility"
"S1301_C05_032M","Margin of Error!!Percent of women who had a birth in the past 12 months who were unmarried MOE!!PERCENT ALLOCATED!!Fertility"
