"GEO_ID","id"
"NAME","Geographic Area Name"
"S1301_C01_001E","Total!!Estimate!!Women 15 to 50 years"
"S1301_C01_001M","Total!!Margin of Error!!Women 15 to 50 years"
"S1301_C01_002E","Total!!Estimate!!15 to 19 years"
"S1301_C01_002M","Total!!Margin of Error!!15 to 19 years"
"S1301_C01_003E","Total!!Estimate!!20 to 34 years"
"S1301_C01_003M","Total!!Margin of Error!!20 to 34 years"
"S1301_C01_004E","Total!!Estimate!!35 to 50 years"
"S1301_C01_004M","Total!!Margin of Error!!35 to 50 years"
"S1301_C01_005E","Total!!Estimate!!RACE AND HISPANIC OR LATINO ORIGIN!!One race"
"S1301_C01_005M","Total!!Margin of Error!!RACE AND HISPANIC OR LATINO ORIGIN!!One race"
"S1301_C01_006E","Total!!Estimate!!RACE AND HISPANIC OR LATINO ORIGIN!!One race!!White"
"S1301_C01_006M","Total!!Margin of Error!!RACE AND HISPANIC OR LATINO ORIGIN!!One race!!White"
"S1301_C01_007E","Total!!Estimate!!RACE AND HISPANIC OR LATINO ORIGIN!!One race!!Black or African American"
"S1301_C01_007M","Total!!Margin of Error!!RACE AND HISPANIC OR LATINO ORIGIN!!One race!!Black or African American"
"S1301_C01_008E","Total!!Estimate!!RACE AND HISPANIC OR LATINO ORIGIN!!One race!!American Indian and Alaska Native"
"S1301_C01_008M","Total!!Margin of Error!!RACE AND HISPANIC OR LATINO ORIGIN!!One race!!American Indian and Alaska Native"
"S1301_C01_009E","Total!!Estimate!!RACE AND HISPANIC OR LATINO ORIGIN!!One race!!Asian"
"S1301_C01_009M","Total!!Margin of Error!!RACE AND HISPANIC OR LATINO ORIGIN!!One race!!Asian"
"S1301_C01_010E","Total!!Estimate!!RACE AND HISPANIC OR LATINO ORIGIN!!One race!!Native Hawaiian and Other Pacific Islander"
"S1301_C01_010M","Total!!Margin of Error!!RACE AND HISPANIC OR LATINO ORIGIN!!One race!!Native Hawaiian and Other Pacific Islander"
"S1301_C01_011E","Total!!Estimate!!RACE AND HISPANIC OR LATINO ORIGIN!!One race!!Some other race"
"S1301_C01_011M","Total!!Margin of Error!!RACE AND HISPANIC OR LATINO ORIGIN!!One race!!Some other race"
"S1301_C01_012E","Total!!Estimate!!RACE AND HISPANIC OR LATINO ORIGIN!!Two or more races"
"S1301_C01_012M","Total!!Margin of Error!!RACE AND HISPANIC OR LATINO ORIGIN!!Two or more races"
"S1301_C01_013E","Total!!Estimate!!Hispanic or Latino origin (of any race)"
"S1301_C01_013M","Total!!Margin of Error!!Hispanic or Latino origin (of any race)"
"S1301_C01_014E","Total!!Estimate!!White alone, not Hispanic or Latino"
"S1301_C01_014M","Total!!Margin of Error!!White alone, not Hispanic or Latino"
"S1301_C01_015E","Total!!Estimate!!NATIVITY!!Native"
"S1301_C01_015M","Total!!Margin of Error!!NATIVITY!!Native"
"S1301_C01_016E","Total!!Estimate!!NATIVITY!!Foreign born"
"S1301_C01_016M","Total!!Margin of Error!!NATIVITY!!Foreign born"
"S1301_C01_017E","Total!!Estimate!!EDUCATIONAL ATTAINMENT!!Less than high school graduate"
"S1301_C01_017M","Total!!Margin of Error!!EDUCATIONAL ATTAINMENT!!Less than high school graduate"
"S1301_C01_018E","Total!!Estimate!!EDUCATIONAL ATTAINMENT!!High school graduate (includes equivalency)"
"S1301_C01_018M","Total!!Margin of Error!!EDUCATIONAL ATTAINMENT!!High school graduate (includes equivalency)"
"S1301_C01_019E","Total!!Estimate!!EDUCATIONAL ATTAINMENT!!Some college or associate's degree"
"S1301_C01_019M","Total!!Margin of Error!!EDUCATIONAL ATTAINMENT!!Some college or associate's degree"
"S1301_C01_020E","Total!!Estimate!!EDUCATIONAL ATTAINMENT!!Bachelor's degree"
"S1301_C01_020M","Total!!Margin of Error!!EDUCATIONAL ATTAINMENT!!Bachelor's degree"
"S1301_C01_021E","Total!!Estimate!!EDUCATIONAL ATTAINMENT!!Graduate or professional degree"
"S1301_C01_021M","Total!!Margin of Error!!EDUCATIONAL ATTAINMENT!!Graduate or professional degree"
"S1301_C01_022E","Total!!Estimate!!POVERTY STATUS IN THE PAST 12 MONTHS!!Women 15 to 50 years for whom poverty status is determined"
"S1301_C01_022M","Total!!Margin of Error!!POVERTY STATUS IN THE PAST 12 MONTHS!!Women 15 to 50 years for whom poverty status is determined"
"S1301_C01_023E","Total!!Estimate!!POVERTY STATUS IN THE PAST 12 MONTHS!!Below 100 percent of poverty level"
"S1301_C01_023M","Total!!Margin of Error!!POVERTY STATUS IN THE PAST 12 MONTHS!!Below 100 percent of poverty level"
"S1301_C01_024E","Total!!Estimate!!POVERTY STATUS IN THE PAST 12 MONTHS!!100 to 199 percent of poverty level"
"S1301_C01_024M","Total!!Margin of Error!!POVERTY STATUS IN THE PAST 12 MONTHS!!100 to 199 percent of poverty level"
"S1301_C01_025E","Total!!Estimate!!POVERTY STATUS IN THE PAST 12 MONTHS!!200 percent or more above poverty level"
"S1301_C01_025M","Total!!Margin of Error!!POVERTY STATUS IN THE PAST 12 MONTHS!!200 percent or more above poverty level"
"S1301_C01_026E","Total!!Estimate!!LABOR FORCE STATUS!!Women 16 to 50 years"
"S1301_C01_026M","Total!!Margin of Error!!LABOR FORCE STATUS!!Women 16 to 50 years"
"S1301_C01_027E","Total!!Estimate!!LABOR FORCE STATUS!!In labor force"
"S1301_C01_027M","Total!!Margin of Error!!LABOR FORCE STATUS!!In labor force"
"S1301_C01_028E","Total!!Estimate!!PUBLIC ASSISTANCE INCOME IN THE PAST 12 MONTHS!!Women 15 to 50 years"
"S1301_C01_028M","Total!!Margin of Error!!PUBLIC ASSISTANCE INCOME IN THE PAST 12 MONTHS!!Women 15 to 50 years"
"S1301_C01_029E","Total!!Estimate!!PUBLIC ASSISTANCE INCOME IN THE PAST 12 MONTHS!!Received public assistance income"
"S1301_C01_029M","Total!!Margin of Error!!PUBLIC ASSISTANCE INCOME IN THE PAST 12 MONTHS!!Received public assistance income"
"S1301_C01_030E","Total!!Estimate!!PUBLIC ASSISTANCE INCOME IN THE PAST 12 MONTHS!!Did not receive public assistance income"
"S1301_C01_030M","Total!!Margin of Error!!PUBLIC ASSISTANCE INCOME IN THE PAST 12 MONTHS!!Did not receive public assistance income"
"S1301_C01_031E","Total!!Estimate!!PERCENT IMPUTED!!Marital status"
"S1301_C01_031M","Total!!Margin of Error!!PERCENT IMPUTED!!Marital status"
"S1301_C01_032E","Total!!Estimate!!PERCENT IMPUTED!!Fertility"
"S1301_C01_032M","Total!!Margin of Error!!PERCENT IMPUTED!!Fertility"
"S1301_C02_001E","Women with births in the past 12 months!!Number!!Estimate!!Women 15 to 50 years"
"S1301_C02_001M","Women with births in the past 12 months!!Number!!Margin of Error!!Women 15 to 50 years"
"S1301_C02_002E","Women with births in the past 12 months!!Number!!Estimate!!15 to 19 years"
"S1301_C02_002M","Women with births in the past 12 months!!Number!!Margin of Error!!15 to 19 years"
"S1301_C02_003E","Women with births in the past 12 months!!Number!!Estimate!!20 to 34 years"
"S1301_C02_003M","Women with births in the past 12 months!!Number!!Margin of Error!!20 to 34 years"
"S1301_C02_004E","Women with births in the past 12 months!!Number!!Estimate!!35 to 50 years"
"S1301_C02_004M","Women with births in the past 12 months!!Number!!Margin of Error!!35 to 50 years"
"S1301_C02_005E","Women with births in the past 12 months!!Number!!Estimate!!RACE AND HISPANIC OR LATINO ORIGIN!!One race"
"S1301_C02_005M","Women with births in the past 12 months!!Number!!Margin of Error!!RACE AND HISPANIC OR LATINO ORIGIN!!One race"
"S1301_C02_006E","Women with births in the past 12 months!!Number!!Estimate!!RACE AND HISPANIC OR LATINO ORIGIN!!One race!!White"
"S1301_C02_006M","Women with births in the past 12 months!!Number!!Margin of Error!!RACE AND HISPANIC OR LATINO ORIGIN!!One race!!White"
"S1301_C02_007E","Women with births in the past 12 months!!Number!!Estimate!!RACE AND HISPANIC OR LATINO ORIGIN!!One race!!Black or African American"
"S1301_C02_007M","Women with births in the past 12 months!!Number!!Margin of Error!!RACE AND HISPANIC OR LATINO ORIGIN!!One race!!Black or African American"
"S1301_C02_008E","Women with births in the past 12 months!!Number!!Estimate!!RACE AND HISPANIC OR LATINO ORIGIN!!One race!!American Indian and Alaska Native"
"S1301_C02_008M","Women with births in the past 12 months!!Number!!Margin of Error!!RACE AND HISPANIC OR LATINO ORIGIN!!One race!!American Indian and Alaska Native"
"S1301_C02_009E","Women with births in the past 12 months!!Number!!Estimate!!RACE AND HISPANIC OR LATINO ORIGIN!!One race!!Asian"
"S1301_C02_009M","Women with births in the past 12 months!!Number!!Margin of Error!!RACE AND HISPANIC OR LATINO ORIGIN!!One race!!Asian"
"S1301_C02_010E","Women with births in the past 12 months!!Number!!Estimate!!RACE AND HISPANIC OR LATINO ORIGIN!!One race!!Native Hawaiian and Other Pacific Islander"
"S1301_C02_010M","Women with births in the past 12 months!!Number!!Margin of Error!!RACE AND HISPANIC OR LATINO ORIGIN!!One race!!Native Hawaiian and Other Pacific Islander"
"S1301_C02_011E","Women with births in the past 12 months!!Number!!Estimate!!RACE AND HISPANIC OR LATINO ORIGIN!!One race!!Some other race"
"S1301_C02_011M","Women with births in the past 12 months!!Number!!Margin of Error!!RACE AND HISPANIC OR LATINO ORIGIN!!One race!!Some other race"
"S1301_C02_012E","Women with births in the past 12 months!!Number!!Estimate!!RACE AND HISPANIC OR LATINO ORIGIN!!Two or more races"
"S1301_C02_012M","Women with births in the past 12 months!!Number!!Margin of Error!!RACE AND HISPANIC OR LATINO ORIGIN!!Two or more races"
"S1301_C02_013E","Women with births in the past 12 months!!Number!!Estimate!!Hispanic or Latino origin (of any race)"
"S1301_C02_013M","Women with births in the past 12 months!!Number!!Margin of Error!!Hispanic or Latino origin (of any race)"
"S1301_C02_014E","Women with births in the past 12 months!!Number!!Estimate!!White alone, not Hispanic or Latino"
"S1301_C02_014M","Women with births in the past 12 months!!Number!!Margin of Error!!White alone, not Hispanic or Latino"
"S1301_C02_015E","Women with births in the past 12 months!!Number!!Estimate!!NATIVITY!!Native"
"S1301_C02_015M","Women with births in the past 12 months!!Number!!Margin of Error!!NATIVITY!!Native"
"S1301_C02_016E","Women with births in the past 12 months!!Number!!Estimate!!NATIVITY!!Foreign born"
"S1301_C02_016M","Women with births in the past 12 months!!Number!!Margin of Error!!NATIVITY!!Foreign born"
"S1301_C02_017E","Women with births in the past 12 months!!Number!!Estimate!!EDUCATIONAL ATTAINMENT!!Less than high school graduate"
"S1301_C02_017M","Women with births in the past 12 months!!Number!!Margin of Error!!EDUCATIONAL ATTAINMENT!!Less than high school graduate"
"S1301_C02_018E","Women with births in the past 12 months!!Number!!Estimate!!EDUCATIONAL ATTAINMENT!!High school graduate (includes equivalency)"
"S1301_C02_018M","Women with births in the past 12 months!!Number!!Margin of Error!!EDUCATIONAL ATTAINMENT!!High school graduate (includes equivalency)"
"S1301_C02_019E","Women with births in the past 12 months!!Number!!Estimate!!EDUCATIONAL ATTAINMENT!!Some college or associate's degree"
"S1301_C02_019M","Women with births in the past 12 months!!Number!!Margin of Error!!EDUCATIONAL ATTAINMENT!!Some college or associate's degree"
"S1301_C02_020E","Women with births in the past 12 months!!Number!!Estimate!!EDUCATIONAL ATTAINMENT!!Bachelor's degree"
"S1301_C02_020M","Women with births in the past 12 months!!Number!!Margin of Error!!EDUCATIONAL ATTAINMENT!!Bachelor's degree"
"S1301_C02_021E","Women with births in the past 12 months!!Number!!Estimate!!EDUCATIONAL ATTAINMENT!!Graduate or professional degree"
"S1301_C02_021M","Women with births in the past 12 months!!Number!!Margin of Error!!EDUCATIONAL ATTAINMENT!!Graduate or professional degree"
"S1301_C02_022E","Women with births in the past 12 months!!Number!!Estimate!!POVERTY STATUS IN THE PAST 12 MONTHS!!Women 15 to 50 years for whom poverty status is determined"
"S1301_C02_022M","Women with births in the past 12 months!!Number!!Margin of Error!!POVERTY STATUS IN THE PAST 12 MONTHS!!Women 15 to 50 years for whom poverty status is determined"
"S1301_C02_023E","Women with births in the past 12 months!!Number!!Estimate!!POVERTY STATUS IN THE PAST 12 MONTHS!!Below 100 percent of poverty level"
"S1301_C02_023M","Women with births in the past 12 months!!Number!!Margin of Error!!POVERTY STATUS IN THE PAST 12 MONTHS!!Below 100 percent of poverty level"
"S1301_C02_024E","Women with births in the past 12 months!!Number!!Estimate!!POVERTY STATUS IN THE PAST 12 MONTHS!!100 to 199 percent of poverty level"
"S1301_C02_024M","Women with births in the past 12 months!!Number!!Margin of Error!!POVERTY STATUS IN THE PAST 12 MONTHS!!100 to 199 percent of poverty level"
"S1301_C02_025E","Women with births in the past 12 months!!Number!!Estimate!!POVERTY STATUS IN THE PAST 12 MONTHS!!200 percent or more above poverty level"
"S1301_C02_025M","Women with births in the past 12 months!!Number!!Margin of Error!!POVERTY STATUS IN THE PAST 12 MONTHS!!200 percent or more above poverty level"
"S1301_C02_026E","Women with births in the past 12 months!!Number!!Estimate!!LABOR FORCE STATUS!!Women 16 to 50 years"
"S1301_C02_026M","Women with births in the past 12 months!!Number!!Margin of Error!!LABOR FORCE STATUS!!Women 16 to 50 years"
"S1301_C02_027E","Women with births in the past 12 months!!Number!!Estimate!!LABOR FORCE STATUS!!In labor force"
"S1301_C02_027M","Women with births in the past 12 months!!Number!!Margin of Error!!LABOR FORCE STATUS!!In labor force"
"S1301_C02_028E","Women with births in the past 12 months!!Number!!Estimate!!PUBLIC ASSISTANCE INCOME IN THE PAST 12 MONTHS!!Women 15 to 50 years"
"S1301_C02_028M","Women with births in the past 12 months!!Number!!Margin of Error!!PUBLIC ASSISTANCE INCOME IN THE PAST 12 MONTHS!!Women 15 to 50 years"
"S1301_C02_029E","Women with births in the past 12 months!!Number!!Estimate!!PUBLIC ASSISTANCE INCOME IN THE PAST 12 MONTHS!!Received public assistance income"
"S1301_C02_029M","Women with births in the past 12 months!!Number!!Margin of Error!!PUBLIC ASSISTANCE INCOME IN THE PAST 12 MONTHS!!Received public assistance income"
"S1301_C02_030E","Women with births in the past 12 months!!Number!!Estimate!!PUBLIC ASSISTANCE INCOME IN THE PAST 12 MONTHS!!Did not receive public assistance income"
"S1301_C02_030M","Women with births in the past 12 months!!Number!!Margin of Error!!PUBLIC ASSISTANCE INCOME IN THE PAST 12 MONTHS!!Did not receive public assistance income"
"S1301_C02_031E","Women with births in the past 12 months!!Number!!Estimate!!PERCENT IMPUTED!!Marital status"
"S1301_C02_031M","Women with births in the past 12 months!!Number!!Margin of Error!!PERCENT IMPUTED!!Marital status"
"S1301_C02_032E","Women with births in the past 12 months!!Number!!Estimate!!PERCENT IMPUTED!!Fertility"
"S1301_C02_032M","Women with births in the past 12 months!!Number!!Margin of Error!!PERCENT IMPUTED!!Fertility"
"S1301_C03_001E","Women with births in the past 12 months!!Percent Distribution!!Estimate!!Women 15 to 50 years"
"S1301_C03_001M","Women with births in the past 12 months!!Percent Distribution!!Margin of Error!!Women 15 to 50 years"
"S1301_C03_002E","Women with births in the past 12 months!!Percent Distribution!!Estimate!!15 to 19 years"
"S1301_C03_002M","Women with births in the past 12 months!!Percent Distribution!!Margin of Error!!15 to 19 years"
"S1301_C03_003E","Women with births in the past 12 months!!Percent Distribution!!Estimate!!20 to 34 years"
"S1301_C03_003M","Women with births in the past 12 months!!Percent Distribution!!Margin of Error!!20 to 34 years"
"S1301_C03_004E","Women with births in the past 12 months!!Percent Distribution!!Estimate!!35 to 50 years"
"S1301_C03_004M","Women with births in the past 12 months!!Percent Distribution!!Margin of Error!!35 to 50 years"
"S1301_C03_005E","Women with births in the past 12 months!!Percent Distribution!!Estimate!!RACE AND HISPANIC OR LATINO ORIGIN!!One race"
"S1301_C03_005M","Women with births in the past 12 months!!Percent Distribution!!Margin of Error!!RACE AND HISPANIC OR LATINO ORIGIN!!One race"
"S1301_C03_006E","Women with births in the past 12 months!!Percent Distribution!!Estimate!!RACE AND HISPANIC OR LATINO ORIGIN!!One race!!White"
"S1301_C03_006M","Women with births in the past 12 months!!Percent Distribution!!Margin of Error!!RACE AND HISPANIC OR LATINO ORIGIN!!One race!!White"
"S1301_C03_007E","Women with births in the past 12 months!!Percent Distribution!!Estimate!!RACE AND HISPANIC OR LATINO ORIGIN!!One race!!Black or African American"
"S1301_C03_007M","Women with births in the past 12 months!!Percent Distribution!!Margin of Error!!RACE AND HISPANIC OR LATINO ORIGIN!!One race!!Black or African American"
"S1301_C03_008E","Women with births in the past 12 months!!Percent Distribution!!Estimate!!RACE AND HISPANIC OR LATINO ORIGIN!!One race!!American Indian and Alaska Native"
"S1301_C03_008M","Women with births in the past 12 months!!Percent Distribution!!Margin of Error!!RACE AND HISPANIC OR LATINO ORIGIN!!One race!!American Indian and Alaska Native"
"S1301_C03_009E","Women with births in the past 12 months!!Percent Distribution!!Estimate!!RACE AND HISPANIC OR LATINO ORIGIN!!One race!!Asian"
"S1301_C03_009M","Women with births in the past 12 months!!Percent Distribution!!Margin of Error!!RACE AND HISPANIC OR LATINO ORIGIN!!One race!!Asian"
"S1301_C03_010E","Women with births in the past 12 months!!Percent Distribution!!Estimate!!RACE AND HISPANIC OR LATINO ORIGIN!!One race!!Native Hawaiian and Other Pacific Islander"
"S1301_C03_010M","Women with births in the past 12 months!!Percent Distribution!!Margin of Error!!RACE AND HISPANIC OR LATINO ORIGIN!!One race!!Native Hawaiian and Other Pacific Islander"
"S1301_C03_011E","Women with births in the past 12 months!!Percent Distribution!!Estimate!!RACE AND HISPANIC OR LATINO ORIGIN!!One race!!Some other race"
"S1301_C03_011M","Women with births in the past 12 months!!Percent Distribution!!Margin of Error!!RACE AND HISPANIC OR LATINO ORIGIN!!One race!!Some other race"
"S1301_C03_012E","Women with births in the past 12 months!!Percent Distribution!!Estimate!!RACE AND HISPANIC OR LATINO ORIGIN!!Two or more races"
"S1301_C03_012M","Women with births in the past 12 months!!Percent Distribution!!Margin of Error!!RACE AND HISPANIC OR LATINO ORIGIN!!Two or more races"
"S1301_C03_013E","Women with births in the past 12 months!!Percent Distribution!!Estimate!!Hispanic or Latino origin (of any race)"
"S1301_C03_013M","Women with births in the past 12 months!!Percent Distribution!!Margin of Error!!Hispanic or Latino origin (of any race)"
"S1301_C03_014E","Women with births in the past 12 months!!Percent Distribution!!Estimate!!White alone, not Hispanic or Latino"
"S1301_C03_014M","Women with births in the past 12 months!!Percent Distribution!!Margin of Error!!White alone, not Hispanic or Latino"
"S1301_C03_015E","Women with births in the past 12 months!!Percent Distribution!!Estimate!!NATIVITY!!Native"
"S1301_C03_015M","Women with births in the past 12 months!!Percent Distribution!!Margin of Error!!NATIVITY!!Native"
"S1301_C03_016E","Women with births in the past 12 months!!Percent Distribution!!Estimate!!NATIVITY!!Foreign born"
"S1301_C03_016M","Women with births in the past 12 months!!Percent Distribution!!Margin of Error!!NATIVITY!!Foreign born"
"S1301_C03_017E","Women with births in the past 12 months!!Percent Distribution!!Estimate!!EDUCATIONAL ATTAINMENT!!Less than high school graduate"
"S1301_C03_017M","Women with births in the past 12 months!!Percent Distribution!!Margin of Error!!EDUCATIONAL ATTAINMENT!!Less than high school graduate"
"S1301_C03_018E","Women with births in the past 12 months!!Percent Distribution!!Estimate!!EDUCATIONAL ATTAINMENT!!High school graduate (includes equivalency)"
"S1301_C03_018M","Women with births in the past 12 months!!Percent Distribution!!Margin of Error!!EDUCATIONAL ATTAINMENT!!High school graduate (includes equivalency)"
"S1301_C03_019E","Women with births in the past 12 months!!Percent Distribution!!Estimate!!EDUCATIONAL ATTAINMENT!!Some college or associate's degree"
"S1301_C03_019M","Women with births in the past 12 months!!Percent Distribution!!Margin of Error!!EDUCATIONAL ATTAINMENT!!Some college or associate's degree"
"S1301_C03_020E","Women with births in the past 12 months!!Percent Distribution!!Estimate!!EDUCATIONAL ATTAINMENT!!Bachelor's degree"
"S1301_C03_020M","Women with births in the past 12 months!!Percent Distribution!!Margin of Error!!EDUCATIONAL ATTAINMENT!!Bachelor's degree"
"S1301_C03_021E","Women with births in the past 12 months!!Percent Distribution!!Estimate!!EDUCATIONAL ATTAINMENT!!Graduate or professional degree"
"S1301_C03_021M","Women with births in the past 12 months!!Percent Distribution!!Margin of Error!!EDUCATIONAL ATTAINMENT!!Graduate or professional degree"
"S1301_C03_022E","Women with births in the past 12 months!!Percent Distribution!!Estimate!!POVERTY STATUS IN THE PAST 12 MONTHS!!Women 15 to 50 years for whom poverty status is determined"
"S1301_C03_022M","Women with births in the past 12 months!!Percent Distribution!!Margin of Error!!POVERTY STATUS IN THE PAST 12 MONTHS!!Women 15 to 50 years for whom poverty status is determined"
"S1301_C03_023E","Women with births in the past 12 months!!Percent Distribution!!Estimate!!POVERTY STATUS IN THE PAST 12 MONTHS!!Below 100 percent of poverty level"
"S1301_C03_023M","Women with births in the past 12 months!!Percent Distribution!!Margin of Error!!POVERTY STATUS IN THE PAST 12 MONTHS!!Below 100 percent of poverty level"
"S1301_C03_024E","Women with births in the past 12 months!!Percent Distribution!!Estimate!!POVERTY STATUS IN THE PAST 12 MONTHS!!100 to 199 percent of poverty level"
"S1301_C03_024M","Women with births in the past 12 months!!Percent Distribution!!Margin of Error!!POVERTY STATUS IN THE PAST 12 MONTHS!!100 to 199 percent of poverty level"
"S1301_C03_025E","Women with births in the past 12 months!!Percent Distribution!!Estimate!!POVERTY STATUS IN THE PAST 12 MONTHS!!200 percent or more above poverty level"
"S1301_C03_025M","Women with births in the past 12 months!!Percent Distribution!!Margin of Error!!POVERTY STATUS IN THE PAST 12 MONTHS!!200 percent or more above poverty level"
"S1301_C03_026E","Women with births in the past 12 months!!Percent Distribution!!Estimate!!LABOR FORCE STATUS!!Women 16 to 50 years"
"S1301_C03_026M","Women with births in the past 12 months!!Percent Distribution!!Margin of Error!!LABOR FORCE STATUS!!Women 16 to 50 years"
"S1301_C03_027E","Women with births in the past 12 months!!Percent Distribution!!Estimate!!LABOR FORCE STATUS!!In labor force"
"S1301_C03_027M","Women with births in the past 12 months!!Percent Distribution!!Margin of Error!!LABOR FORCE STATUS!!In labor force"
"S1301_C03_028E","Women with births in the past 12 months!!Percent Distribution!!Estimate!!PUBLIC ASSISTANCE INCOME IN THE PAST 12 MONTHS!!Women 15 to 50 years"
"S1301_C03_028M","Women with births in the past 12 months!!Percent Distribution!!Margin of Error!!PUBLIC ASSISTANCE INCOME IN THE PAST 12 MONTHS!!Women 15 to 50 years"
"S1301_C03_029E","Women with births in the past 12 months!!Percent Distribution!!Estimate!!PUBLIC ASSISTANCE INCOME IN THE PAST 12 MONTHS!!Received public assistance income"
"S1301_C03_029M","Women with births in the past 12 months!!Percent Distribution!!Margin of Error!!PUBLIC ASSISTANCE INCOME IN THE PAST 12 MONTHS!!Received public assistance income"
"S1301_C03_030E","Women with births in the past 12 months!!Percent Distribution!!Estimate!!PUBLIC ASSISTANCE INCOME IN THE PAST 12 MONTHS!!Did not receive public assistance income"
"S1301_C03_030M","Women with births in the past 12 months!!Percent Distribution!!Margin of Error!!PUBLIC ASSISTANCE INCOME IN THE PAST 12 MONTHS!!Did not receive public assistance income"
"S1301_C03_031E","Women with births in the past 12 months!!Percent Distribution!!Estimate!!PERCENT IMPUTED!!Marital status"
"S1301_C03_031M","Women with births in the past 12 months!!Percent Distribution!!Margin of Error!!PERCENT IMPUTED!!Marital status"
"S1301_C03_032E","Women with births in the past 12 months!!Percent Distribution!!Estimate!!PERCENT IMPUTED!!Fertility"
"S1301_C03_032M","Women with births in the past 12 months!!Percent Distribution!!Margin of Error!!PERCENT IMPUTED!!Fertility"
"S1301_C04_001E","Women with births in the past 12 months!!Rate per 1,000 women!!Estimate!!Women 15 to 50 years"
"S1301_C04_001M","Women with births in the past 12 months!!Rate per 1,000 women!!Margin of Error!!Women 15 to 50 years"
"S1301_C04_002E","Women with births in the past 12 months!!Rate per 1,000 women!!Estimate!!15 to 19 years"
"S1301_C04_002M","Women with births in the past 12 months!!Rate per 1,000 women!!Margin of Error!!15 to 19 years"
"S1301_C04_003E","Women with births in the past 12 months!!Rate per 1,000 women!!Estimate!!20 to 34 years"
"S1301_C04_003M","Women with births in the past 12 months!!Rate per 1,000 women!!Margin of Error!!20 to 34 years"
"S1301_C04_004E","Women with births in the past 12 months!!Rate per 1,000 women!!Estimate!!35 to 50 years"
"S1301_C04_004M","Women with births in the past 12 months!!Rate per 1,000 women!!Margin of Error!!35 to 50 years"
"S1301_C04_005E","Women with births in the past 12 months!!Rate per 1,000 women!!Estimate!!RACE AND HISPANIC OR LATINO ORIGIN!!One race"
"S1301_C04_005M","Women with births in the past 12 months!!Rate per 1,000 women!!Margin of Error!!RACE AND HISPANIC OR LATINO ORIGIN!!One race"
"S1301_C04_006E","Women with births in the past 12 months!!Rate per 1,000 women!!Estimate!!RACE AND HISPANIC OR LATINO ORIGIN!!One race!!White"
"S1301_C04_006M","Women with births in the past 12 months!!Rate per 1,000 women!!Margin of Error!!RACE AND HISPANIC OR LATINO ORIGIN!!One race!!White"
"S1301_C04_007E","Women with births in the past 12 months!!Rate per 1,000 women!!Estimate!!RACE AND HISPANIC OR LATINO ORIGIN!!One race!!Black or African American"
"S1301_C04_007M","Women with births in the past 12 months!!Rate per 1,000 women!!Margin of Error!!RACE AND HISPANIC OR LATINO ORIGIN!!One race!!Black or African American"
"S1301_C04_008E","Women with births in the past 12 months!!Rate per 1,000 women!!Estimate!!RACE AND HISPANIC OR LATINO ORIGIN!!One race!!American Indian and Alaska Native"
"S1301_C04_008M","Women with births in the past 12 months!!Rate per 1,000 women!!Margin of Error!!RACE AND HISPANIC OR LATINO ORIGIN!!One race!!American Indian and Alaska Native"
"S1301_C04_009E","Women with births in the past 12 months!!Rate per 1,000 women!!Estimate!!RACE AND HISPANIC OR LATINO ORIGIN!!One race!!Asian"
"S1301_C04_009M","Women with births in the past 12 months!!Rate per 1,000 women!!Margin of Error!!RACE AND HISPANIC OR LATINO ORIGIN!!One race!!Asian"
"S1301_C04_010E","Women with births in the past 12 months!!Rate per 1,000 women!!Estimate!!RACE AND HISPANIC OR LATINO ORIGIN!!One race!!Native Hawaiian and Other Pacific Islander"
"S1301_C04_010M","Women with births in the past 12 months!!Rate per 1,000 women!!Margin of Error!!RACE AND HISPANIC OR LATINO ORIGIN!!One race!!Native Hawaiian and Other Pacific Islander"
"S1301_C04_011E","Women with births in the past 12 months!!Rate per 1,000 women!!Estimate!!RACE AND HISPANIC OR LATINO ORIGIN!!One race!!Some other race"
"S1301_C04_011M","Women with births in the past 12 months!!Rate per 1,000 women!!Margin of Error!!RACE AND HISPANIC OR LATINO ORIGIN!!One race!!Some other race"
"S1301_C04_012E","Women with births in the past 12 months!!Rate per 1,000 women!!Estimate!!RACE AND HISPANIC OR LATINO ORIGIN!!Two or more races"
"S1301_C04_012M","Women with births in the past 12 months!!Rate per 1,000 women!!Margin of Error!!RACE AND HISPANIC OR LATINO ORIGIN!!Two or more races"
"S1301_C04_013E","Women with births in the past 12 months!!Rate per 1,000 women!!Estimate!!Hispanic or Latino origin (of any race)"
"S1301_C04_013M","Women with births in the past 12 months!!Rate per 1,000 women!!Margin of Error!!Hispanic or Latino origin (of any race)"
"S1301_C04_014E","Women with births in the past 12 months!!Rate per 1,000 women!!Estimate!!White alone, not Hispanic or Latino"
"S1301_C04_014M","Women with births in the past 12 months!!Rate per 1,000 women!!Margin of Error!!White alone, not Hispanic or Latino"
"S1301_C04_015E","Women with births in the past 12 months!!Rate per 1,000 women!!Estimate!!NATIVITY!!Native"
"S1301_C04_015M","Women with births in the past 12 months!!Rate per 1,000 women!!Margin of Error!!NATIVITY!!Native"
"S1301_C04_016E","Women with births in the past 12 months!!Rate per 1,000 women!!Estimate!!NATIVITY!!Foreign born"
"S1301_C04_016M","Women with births in the past 12 months!!Rate per 1,000 women!!Margin of Error!!NATIVITY!!Foreign born"
"S1301_C04_017E","Women with births in the past 12 months!!Rate per 1,000 women!!Estimate!!EDUCATIONAL ATTAINMENT!!Less than high school graduate"
"S1301_C04_017M","Women with births in the past 12 months!!Rate per 1,000 women!!Margin of Error!!EDUCATIONAL ATTAINMENT!!Less than high school graduate"
"S1301_C04_018E","Women with births in the past 12 months!!Rate per 1,000 women!!Estimate!!EDUCATIONAL ATTAINMENT!!High school graduate (includes equivalency)"
"S1301_C04_018M","Women with births in the past 12 months!!Rate per 1,000 women!!Margin of Error!!EDUCATIONAL ATTAINMENT!!High school graduate (includes equivalency)"
"S1301_C04_019E","Women with births in the past 12 months!!Rate per 1,000 women!!Estimate!!EDUCATIONAL ATTAINMENT!!Some college or associate's degree"
"S1301_C04_019M","Women with births in the past 12 months!!Rate per 1,000 women!!Margin of Error!!EDUCATIONAL ATTAINMENT!!Some college or associate's degree"
"S1301_C04_020E","Women with births in the past 12 months!!Rate per 1,000 women!!Estimate!!EDUCATIONAL ATTAINMENT!!Bachelor's degree"
"S1301_C04_020M","Women with births in the past 12 months!!Rate per 1,000 women!!Margin of Error!!EDUCATIONAL ATTAINMENT!!Bachelor's degree"
"S1301_C04_021E","Women with births in the past 12 months!!Rate per 1,000 women!!Estimate!!EDUCATIONAL ATTAINMENT!!Graduate or professional degree"
"S1301_C04_021M","Women with births in the past 12 months!!Rate per 1,000 women!!Margin of Error!!EDUCATIONAL ATTAINMENT!!Graduate or professional degree"
"S1301_C04_022E","Women with births in the past 12 months!!Rate per 1,000 women!!Estimate!!POVERTY STATUS IN THE PAST 12 MONTHS!!Women 15 to 50 years for whom poverty status is determined"
"S1301_C04_022M","Women with births in the past 12 months!!Rate per 1,000 women!!Margin of Error!!POVERTY STATUS IN THE PAST 12 MONTHS!!Women 15 to 50 years for whom poverty status is determined"
"S1301_C04_023E","Women with births in the past 12 months!!Rate per 1,000 women!!Estimate!!POVERTY STATUS IN THE PAST 12 MONTHS!!Below 100 percent of poverty level"
"S1301_C04_023M","Women with births in the past 12 months!!Rate per 1,000 women!!Margin of Error!!POVERTY STATUS IN THE PAST 12 MONTHS!!Below 100 percent of poverty level"
"S1301_C04_024E","Women with births in the past 12 months!!Rate per 1,000 women!!Estimate!!POVERTY STATUS IN THE PAST 12 MONTHS!!100 to 199 percent of poverty level"
"S1301_C04_024M","Women with births in the past 12 months!!Rate per 1,000 women!!Margin of Error!!POVERTY STATUS IN THE PAST 12 MONTHS!!100 to 199 percent of poverty level"
"S1301_C04_025E","Women with births in the past 12 months!!Rate per 1,000 women!!Estimate!!POVERTY STATUS IN THE PAST 12 MONTHS!!200 percent or more above poverty level"
"S1301_C04_025M","Women with births in the past 12 months!!Rate per 1,000 women!!Margin of Error!!POVERTY STATUS IN THE PAST 12 MONTHS!!200 percent or more above poverty level"
"S1301_C04_026E","Women with births in the past 12 months!!Rate per 1,000 women!!Estimate!!LABOR FORCE STATUS!!Women 16 to 50 years"
"S1301_C04_026M","Women with births in the past 12 months!!Rate per 1,000 women!!Margin of Error!!LABOR FORCE STATUS!!Women 16 to 50 years"
"S1301_C04_027E","Women with births in the past 12 months!!Rate per 1,000 women!!Estimate!!LABOR FORCE STATUS!!In labor force"
"S1301_C04_027M","Women with births in the past 12 months!!Rate per 1,000 women!!Margin of Error!!LABOR FORCE STATUS!!In labor force"
"S1301_C04_028E","Women with births in the past 12 months!!Rate per 1,000 women!!Estimate!!PUBLIC ASSISTANCE INCOME IN THE PAST 12 MONTHS!!Women 15 to 50 years"
"S1301_C04_028M","Women with births in the past 12 months!!Rate per 1,000 women!!Margin of Error!!PUBLIC ASSISTANCE INCOME IN THE PAST 12 MONTHS!!Women 15 to 50 years"
"S1301_C04_029E","Women with births in the past 12 months!!Rate per 1,000 women!!Estimate!!PUBLIC ASSISTANCE INCOME IN THE PAST 12 MONTHS!!Received public assistance income"
"S1301_C04_029M","Women with births in the past 12 months!!Rate per 1,000 women!!Margin of Error!!PUBLIC ASSISTANCE INCOME IN THE PAST 12 MONTHS!!Received public assistance income"
"S1301_C04_030E","Women with births in the past 12 months!!Rate per 1,000 women!!Estimate!!PUBLIC ASSISTANCE INCOME IN THE PAST 12 MONTHS!!Did not receive public assistance income"
"S1301_C04_030M","Women with births in the past 12 months!!Rate per 1,000 women!!Margin of Error!!PUBLIC ASSISTANCE INCOME IN THE PAST 12 MONTHS!!Did not receive public assistance income"
"S1301_C04_031E","Women with births in the past 12 months!!Rate per 1,000 women!!Estimate!!PERCENT IMPUTED!!Marital status"
"S1301_C04_031M","Women with births in the past 12 months!!Rate per 1,000 women!!Margin of Error!!PERCENT IMPUTED!!Marital status"
"S1301_C04_032E","Women with births in the past 12 months!!Rate per 1,000 women!!Estimate!!PERCENT IMPUTED!!Fertility"
"S1301_C04_032M","Women with births in the past 12 months!!Rate per 1,000 women!!Margin of Error!!PERCENT IMPUTED!!Fertility"
"S1301_C05_001E","Percent of women who had a birth in the past 12 months who were unmarried!!Estimate!!Women 15 to 50 years"
"S1301_C05_001M","Percent of women who had a birth in the past 12 months who were unmarried!!Margin of Error!!Women 15 to 50 years"
"S1301_C05_002E","Percent of women who had a birth in the past 12 months who were unmarried!!Estimate!!15 to 19 years"
"S1301_C05_002M","Percent of women who had a birth in the past 12 months who were unmarried!!Margin of Error!!15 to 19 years"
"S1301_C05_003E","Percent of women who had a birth in the past 12 months who were unmarried!!Estimate!!20 to 34 years"
"S1301_C05_003M","Percent of women who had a birth in the past 12 months who were unmarried!!Margin of Error!!20 to 34 years"
"S1301_C05_004E","Percent of women who had a birth in the past 12 months who were unmarried!!Estimate!!35 to 50 years"
"S1301_C05_004M","Percent of women who had a birth in the past 12 months who were unmarried!!Margin of Error!!35 to 50 years"
"S1301_C05_005E","Percent of women who had a birth in the past 12 months who were unmarried!!Estimate!!RACE AND HISPANIC OR LATINO ORIGIN!!One race"
"S1301_C05_005M","Percent of women who had a birth in the past 12 months who were unmarried!!Margin of Error!!RACE AND HISPANIC OR LATINO ORIGIN!!One race"
"S1301_C05_006E","Percent of women who had a birth in the past 12 months who were unmarried!!Estimate!!RACE AND HISPANIC OR LATINO ORIGIN!!One race!!White"
"S1301_C05_006M","Percent of women who had a birth in the past 12 months who were unmarried!!Margin of Error!!RACE AND HISPANIC OR LATINO ORIGIN!!One race!!White"
"S1301_C05_007E","Percent of women who had a birth in the past 12 months who were unmarried!!Estimate!!RACE AND HISPANIC OR LATINO ORIGIN!!One race!!Black or African American"
"S1301_C05_007M","Percent of women who had a birth in the past 12 months who were unmarried!!Margin of Error!!RACE AND HISPANIC OR LATINO ORIGIN!!One race!!Black or African American"
"S1301_C05_008E","Percent of women who had a birth in the past 12 months who were unmarried!!Estimate!!RACE AND HISPANIC OR LATINO ORIGIN!!One race!!American Indian and Alaska Native"
"S1301_C05_008M","Percent of women who had a birth in the past 12 months who were unmarried!!Margin of Error!!RACE AND HISPANIC OR LATINO ORIGIN!!One race!!American Indian and Alaska Native"
"S1301_C05_009E","Percent of women who had a birth in the past 12 months who were unmarried!!Estimate!!RACE AND HISPANIC OR LATINO ORIGIN!!One race!!Asian"
"S1301_C05_009M","Percent of women who had a birth in the past 12 months who were unmarried!!Margin of Error!!RACE AND HISPANIC OR LATINO ORIGIN!!One race!!Asian"
"S1301_C05_010E","Percent of women who had a birth in the past 12 months who were unmarried!!Estimate!!RACE AND HISPANIC OR LATINO ORIGIN!!One race!!Native Hawaiian and Other Pacific Islander"
"S1301_C05_010M","Percent of women who had a birth in the past 12 months who were unmarried!!Margin of Error!!RACE AND HISPANIC OR LATINO ORIGIN!!One race!!Native Hawaiian and Other Pacific Islander"
"S1301_C05_011E","Percent of women who had a birth in the past 12 months who were unmarried!!Estimate!!RACE AND HISPANIC OR LATINO ORIGIN!!One race!!Some other race"
"S1301_C05_011M","Percent of women who had a birth in the past 12 months who were unmarried!!Margin of Error!!RACE AND HISPANIC OR LATINO ORIGIN!!One race!!Some other race"
"S1301_C05_012E","Percent of women who had a birth in the past 12 months who were unmarried!!Estimate!!RACE AND HISPANIC OR LATINO ORIGIN!!Two or more races"
"S1301_C05_012M","Percent of women who had a birth in the past 12 months who were unmarried!!Margin of Error!!RACE AND HISPANIC OR LATINO ORIGIN!!Two or more races"
"S1301_C05_013E","Percent of women who had a birth in the past 12 months who were unmarried!!Estimate!!Hispanic or Latino origin (of any race)"
"S1301_C05_013M","Percent of women who had a birth in the past 12 months who were unmarried!!Margin of Error!!Hispanic or Latino origin (of any race)"
"S1301_C05_014E","Percent of women who had a birth in the past 12 months who were unmarried!!Estimate!!White alone, not Hispanic or Latino"
"S1301_C05_014M","Percent of women who had a birth in the past 12 months who were unmarried!!Margin of Error!!White alone, not Hispanic or Latino"
"S1301_C05_015E","Percent of women who had a birth in the past 12 months who were unmarried!!Estimate!!NATIVITY!!Native"
"S1301_C05_015M","Percent of women who had a birth in the past 12 months who were unmarried!!Margin of Error!!NATIVITY!!Native"
"S1301_C05_016E","Percent of women who had a birth in the past 12 months who were unmarried!!Estimate!!NATIVITY!!Foreign born"
"S1301_C05_016M","Percent of women who had a birth in the past 12 months who were unmarried!!Margin of Error!!NATIVITY!!Foreign born"
"S1301_C05_017E","Percent of women who had a birth in the past 12 months who were unmarried!!Estimate!!EDUCATIONAL ATTAINMENT!!Less than high school graduate"
"S1301_C05_017M","Percent of women who had a birth in the past 12 months who were unmarried!!Margin of Error!!EDUCATIONAL ATTAINMENT!!Less than high school graduate"
"S1301_C05_018E","Percent of women who had a birth in the past 12 months who were unmarried!!Estimate!!EDUCATIONAL ATTAINMENT!!High school graduate (includes equivalency)"
"S1301_C05_018M","Percent of women who had a birth in the past 12 months who were unmarried!!Margin of Error!!EDUCATIONAL ATTAINMENT!!High school graduate (includes equivalency)"
"S1301_C05_019E","Percent of women who had a birth in the past 12 months who were unmarried!!Estimate!!EDUCATIONAL ATTAINMENT!!Some college or associate's degree"
"S1301_C05_019M","Percent of women who had a birth in the past 12 months who were unmarried!!Margin of Error!!EDUCATIONAL ATTAINMENT!!Some college or associate's degree"
"S1301_C05_020E","Percent of women who had a birth in the past 12 months who were unmarried!!Estimate!!EDUCATIONAL ATTAINMENT!!Bachelor's degree"
"S1301_C05_020M","Percent of women who had a birth in the past 12 months who were unmarried!!Margin of Error!!EDUCATIONAL ATTAINMENT!!Bachelor's degree"
"S1301_C05_021E","Percent of women who had a birth in the past 12 months who were unmarried!!Estimate!!EDUCATIONAL ATTAINMENT!!Graduate or professional degree"
"S1301_C05_021M","Percent of women who had a birth in the past 12 months who were unmarried!!Margin of Error!!EDUCATIONAL ATTAINMENT!!Graduate or professional degree"
"S1301_C05_022E","Percent of women who had a birth in the past 12 months who were unmarried!!Estimate!!POVERTY STATUS IN THE PAST 12 MONTHS!!Women 15 to 50 years for whom poverty status is determined"
"S1301_C05_022M","Percent of women who had a birth in the past 12 months who were unmarried!!Margin of Error!!POVERTY STATUS IN THE PAST 12 MONTHS!!Women 15 to 50 years for whom poverty status is determined"
"S1301_C05_023E","Percent of women who had a birth in the past 12 months who were unmarried!!Estimate!!POVERTY STATUS IN THE PAST 12 MONTHS!!Below 100 percent of poverty level"
"S1301_C05_023M","Percent of women who had a birth in the past 12 months who were unmarried!!Margin of Error!!POVERTY STATUS IN THE PAST 12 MONTHS!!Below 100 percent of poverty level"
"S1301_C05_024E","Percent of women who had a birth in the past 12 months who were unmarried!!Estimate!!POVERTY STATUS IN THE PAST 12 MONTHS!!100 to 199 percent of poverty level"
"S1301_C05_024M","Percent of women who had a birth in the past 12 months who were unmarried!!Margin of Error!!POVERTY STATUS IN THE PAST 12 MONTHS!!100 to 199 percent of poverty level"
"S1301_C05_025E","Percent of women who had a birth in the past 12 months who were unmarried!!Estimate!!POVERTY STATUS IN THE PAST 12 MONTHS!!200 percent or more above poverty level"
"S1301_C05_025M","Percent of women who had a birth in the past 12 months who were unmarried!!Margin of Error!!POVERTY STATUS IN THE PAST 12 MONTHS!!200 percent or more above poverty level"
"S1301_C05_026E","Percent of women who had a birth in the past 12 months who were unmarried!!Estimate!!LABOR FORCE STATUS!!Women 16 to 50 years"
"S1301_C05_026M","Percent of women who had a birth in the past 12 months who were unmarried!!Margin of Error!!LABOR FORCE STATUS!!Women 16 to 50 years"
"S1301_C05_027E","Percent of women who had a birth in the past 12 months who were unmarried!!Estimate!!LABOR FORCE STATUS!!In labor force"
"S1301_C05_027M","Percent of women who had a birth in the past 12 months who were unmarried!!Margin of Error!!LABOR FORCE STATUS!!In labor force"
"S1301_C05_028E","Percent of women who had a birth in the past 12 months who were unmarried!!Estimate!!PUBLIC ASSISTANCE INCOME IN THE PAST 12 MONTHS!!Women 15 to 50 years"
"S1301_C05_028M","Percent of women who had a birth in the past 12 months who were unmarried!!Margin of Error!!PUBLIC ASSISTANCE INCOME IN THE PAST 12 MONTHS!!Women 15 to 50 years"
"S1301_C05_029E","Percent of women who had a birth in the past 12 months who were unmarried!!Estimate!!PUBLIC ASSISTANCE INCOME IN THE PAST 12 MONTHS!!Received public assistance income"
"S1301_C05_029M","Percent of women who had a birth in the past 12 months who were unmarried!!Margin of Error!!PUBLIC ASSISTANCE INCOME IN THE PAST 12 MONTHS!!Received public assistance income"
"S1301_C05_030E","Percent of women who had a birth in the past 12 months who were unmarried!!Estimate!!PUBLIC ASSISTANCE INCOME IN THE PAST 12 MONTHS!!Did not receive public assistance income"
"S1301_C05_030M","Percent of women who had a birth in the past 12 months who were unmarried!!Margin of Error!!PUBLIC ASSISTANCE INCOME IN THE PAST 12 MONTHS!!Did not receive public assistance income"
"S1301_C05_031E","Percent of women who had a birth in the past 12 months who were unmarried!!Estimate!!PERCENT IMPUTED!!Marital status"
"S1301_C05_031M","Percent of women who had a birth in the past 12 months who were unmarried!!Margin of Error!!PERCENT IMPUTED!!Marital status"
"S1301_C05_032E","Percent of women who had a birth in the past 12 months who were unmarried!!Estimate!!PERCENT IMPUTED!!Fertility"
"S1301_C05_032M","Percent of women who had a birth in the past 12 months who were unmarried!!Margin of Error!!PERCENT IMPUTED!!Fertility"
